Using pre-set license
Built from '2022.3/staging' branch; Version is '2022.3.50f1 (c3db7f8bf9b1) revision 12835711'; Using compiler version '192829333'; Build Type 'Release'
OS: 'Windows 11  (10.0.26100) 64bit CoreCountrySpecific' Language: 'zh' Physical Memory: 16123 MB
BatchMode: 1, IsHumanControllingUs: 0, StartBugReporterOnCrash: 0, Is64bit: 1, IsPro: 1

COMMAND LINE ARGUMENTS:
D:\Unity Hub\editor\2022.3.50f1\Editor\Unity.exe
-adb2
-batchMode
-noUpm
-name
AssetImportWorker4
-projectPath
D:/Unity_project/VR_HW3
-logFile
Logs/AssetImportWorker4.log
-srvPort
63247
Successfully changed project path to: D:/Unity_project/VR_HW3
D:/Unity_project/VR_HW3
[UnityMemory] Configuration Parameters - Can be set up in boot.config
    "memorysetup-bucket-allocator-granularity=16"
    "memorysetup-bucket-allocator-bucket-count=8"
    "memorysetup-bucket-allocator-block-size=33554432"
    "memorysetup-bucket-allocator-block-count=8"
    "memorysetup-main-allocator-block-size=16777216"
    "memorysetup-thread-allocator-block-size=16777216"
    "memorysetup-gfx-main-allocator-block-size=16777216"
    "memorysetup-gfx-thread-allocator-block-size=16777216"
    "memorysetup-cache-allocator-block-size=4194304"
    "memorysetup-typetree-allocator-block-size=2097152"
    "memorysetup-profiler-bucket-allocator-granularity=16"
    "memorysetup-profiler-bucket-allocator-bucket-count=8"
    "memorysetup-profiler-bucket-allocator-block-size=33554432"
    "memorysetup-profiler-bucket-allocator-block-count=8"
    "memorysetup-profiler-allocator-block-size=16777216"
    "memorysetup-profiler-editor-allocator-block-size=1048576"
    "memorysetup-temp-allocator-size-main=16777216"
    "memorysetup-job-temp-allocator-block-size=2097152"
    "memorysetup-job-temp-allocator-block-size-background=1048576"
    "memorysetup-job-temp-allocator-reduction-small-platforms=262144"
    "memorysetup-allocator-temp-initial-block-size-main=262144"
    "memorysetup-allocator-temp-initial-block-size-worker=262144"
    "memorysetup-temp-allocator-size-background-worker=32768"
    "memorysetup-temp-allocator-size-job-worker=262144"
    "memorysetup-temp-allocator-size-preload-manager=33554432"
    "memorysetup-temp-allocator-size-nav-mesh-worker=65536"
    "memorysetup-temp-allocator-size-audio-worker=65536"
    "memorysetup-temp-allocator-size-cloud-worker=32768"
    "memorysetup-temp-allocator-size-gi-baking-worker=262144"
    "memorysetup-temp-allocator-size-gfx=262144"
Player connection [43292]  Target information:

Player connection [43292]  * "[IP] 26.181.25.47 [Port] 0 [Flags] 2 [Guid] 4170367857 [EditorId] 4170367857 [Version] 1048832 [Id] WindowsEditor(7,lenovo) [Debug] 1 [PackageName] WindowsEditor [ProjectName] Editor" 

Player connection [43292]  * "[IP] 172.17.192.1 [Port] 0 [Flags] 2 [Guid] 4170367857 [EditorId] 4170367857 [Version] 1048832 [Id] WindowsEditor(7,lenovo) [Debug] 1 [PackageName] WindowsEditor [ProjectName] Editor" 

Player connection [43292]  * "[IP] 183.173.211.123 [Port] 0 [Flags] 2 [Guid] 4170367857 [EditorId] 4170367857 [Version] 1048832 [Id] WindowsEditor(7,lenovo) [Debug] 1 [PackageName] WindowsEditor [ProjectName] Editor" 

Player connection [43292] Host joined multi-casting on [225.0.0.222:54997]...
Player connection [43292] Host joined alternative multi-casting on [225.0.0.222:34997]...
[PhysX] Initialized MultithreadedTaskDispatcher with 32 workers.
Refreshing native plugins compatible for Editor in 46.96 ms, found 8 plugins.
Preloading 2 native plugins for Editor in 4.26 ms.
Initialize engine version: 2022.3.50f1 (c3db7f8bf9b1)
[Subsystems] Discovering subsystems at path D:/Unity Hub/editor/2022.3.50f1/Editor/Data/Resources/UnitySubsystems
[Subsystems] Discovering subsystems at path D:/Unity_project/VR_HW3/Assets
GfxDevice: creating device client; threaded=0; jobified=0
Direct3D:
    Version:  Direct3D 11.0 [level 11.1]
    Renderer: NVIDIA GeForce RTX 4050 Laptop GPU (ID=0x28e1)
    Vendor:   NVIDIA
    VRAM:     5921 MB
    Driver:   32.0.15.6094
Shader 'Oculus/OVRMRCameraFrameLit': fallback shader 'Alpha-Diffuse' not found
Initialize mono
Mono path[0] = 'D:/Unity Hub/editor/2022.3.50f1/Editor/Data/Managed'
Mono path[1] = 'D:/Unity Hub/editor/2022.3.50f1/Editor/Data/MonoBleedingEdge/lib/mono/unityjit-win32'
Mono config path = 'D:/Unity Hub/editor/2022.3.50f1/Editor/Data/MonoBleedingEdge/etc'
Using monoOptions --debugger-agent=transport=dt_socket,embedding=1,server=y,suspend=n,address=127.0.0.1:56192
Begin MonoManager ReloadAssembly
Registering precompiled unity dll's ...
Register platform support module: D:/Unity Hub/editor/2022.3.50f1/Editor/Data/PlaybackEngines/WebGLSupport/UnityEditor.WebGL.Extensions.dll
Register platform support module: D:/Unity Hub/editor/2022.3.50f1/Editor/Data/PlaybackEngines/WindowsStandaloneSupport/UnityEditor.WindowsStandalone.Extensions.dll
Registered in 0.030913 seconds.
- Loaded All Assemblies, in  0.756 seconds
Native extension for WindowsStandalone target not found
Native extension for WebGL target not found
Mono: successfully reloaded assembly
- Finished resetting the current domain, in  0.224 seconds
Domain Reload Profiling: 973ms
	BeginReloadAssembly (443ms)
		ExecutionOrderSort (0ms)
		DisableScriptedObjects (0ms)
		BackupInstance (0ms)
		ReleaseScriptingObjects (0ms)
		CreateAndSetChildDomain (1ms)
	RebuildCommonClasses (33ms)
	RebuildNativeTypeToScriptingClass (8ms)
	initialDomainReloadingComplete (128ms)
	LoadAllAssembliesAndSetupDomain (137ms)
		LoadAssemblies (409ms)
		RebuildTransferFunctionScriptingTraits (0ms)
		AnalyzeDomain (132ms)
			TypeCache.Refresh (131ms)
				TypeCache.ScanAssembly (118ms)
			ScanForSourceGeneratedMonoScriptInfo (0ms)
			ResolveRequiredComponents (0ms)
	FinalizeReload (224ms)
		ReleaseScriptCaches (0ms)
		RebuildScriptCaches (0ms)
		SetupLoadedEditorAssemblies (186ms)
			LogAssemblyErrors (0ms)
			InitializePlatformSupportModulesInManaged (17ms)
			SetLoadedEditorAssemblies (5ms)
			RefreshPlugins (0ms)
			BeforeProcessingInitializeOnLoad (2ms)
			ProcessInitializeOnLoadAttributes (121ms)
			ProcessInitializeOnLoadMethodAttributes (43ms)
			AfterProcessingInitializeOnLoad (0ms)
			EditorAssembliesLoaded (0ms)
		ExecutionOrderSort2 (0ms)
		AwakeInstancesAfterBackupRestoration (0ms)
========================================================================
Worker process is ready to serve import requests
Caller must complete domain reload
Begin MonoManager ReloadAssembly
- Loaded All Assemblies, in  1.664 seconds
Native extension for WindowsStandalone target not found
Native extension for WebGL target not found
Mono: successfully reloaded assembly
- Finished resetting the current domain, in  1.446 seconds
Domain Reload Profiling: 3078ms
	BeginReloadAssembly (524ms)
		ExecutionOrderSort (0ms)
		DisableScriptedObjects (4ms)
		BackupInstance (0ms)
		ReleaseScriptingObjects (0ms)
		CreateAndSetChildDomain (17ms)
	RebuildCommonClasses (46ms)
	RebuildNativeTypeToScriptingClass (8ms)
	initialDomainReloadingComplete (98ms)
	LoadAllAssembliesAndSetupDomain (954ms)
		LoadAssemblies (1120ms)
		RebuildTransferFunctionScriptingTraits (0ms)
		AnalyzeDomain (255ms)
			TypeCache.Refresh (216ms)
				TypeCache.ScanAssembly (196ms)
			ScanForSourceGeneratedMonoScriptInfo (26ms)
			ResolveRequiredComponents (12ms)
	FinalizeReload (1447ms)
		ReleaseScriptCaches (0ms)
		RebuildScriptCaches (0ms)
		SetupLoadedEditorAssemblies (1259ms)
			LogAssemblyErrors (0ms)
			InitializePlatformSupportModulesInManaged (25ms)
			SetLoadedEditorAssemblies (5ms)
			RefreshPlugins (0ms)
			BeforeProcessingInitializeOnLoad (198ms)
			ProcessInitializeOnLoadAttributes (948ms)
			ProcessInitializeOnLoadMethodAttributes (31ms)
			AfterProcessingInitializeOnLoad (51ms)
			EditorAssembliesLoaded (0ms)
		ExecutionOrderSort2 (0ms)
		AwakeInstancesAfterBackupRestoration (12ms)
Shader 'Oculus/OVRMRCameraFrameLit': fallback shader 'Alpha-Diffuse' not found
Launched and connected shader compiler UnityShaderCompiler.exe after 0.11 seconds
Refreshing native plugins compatible for Editor in 61.19 ms, found 8 plugins.
Preloading 2 native plugins for Editor in 0.36 ms.
Unloading 4998 Unused Serialized files (Serialized files now loaded: 0)
Unloading 21 unused Assets / (137.8 KB). Loaded Objects now: 5468.
Memory consumption went from 186.8 MB to 186.7 MB.
Total: 5.576000 ms (FindLiveObjects: 0.480500 ms CreateObjectMapping: 0.279500 ms MarkObjects: 4.651800 ms  DeleteObjects: 0.163400 ms)

AssetImportParameters requested are different than current active one (requested -> active):
  custom:scripting/monoscript/fileName/WitIntent.cs: b16c53bcdd4b02694d33f5fcb8acdf19 -> 
  custom:scripting/monoscript/fileName/GrabPointsPoseFinder.cs: 2ce4e7dd89758cfe15cc84bbdaa5d275 -> 
  custom:scripting/monoscript/fileName/CylinderProximityFieldEditor.cs: 3e379a0d9898211fdf7bd80a30343891 -> 
  custom:scripting/monoscript/fileName/CanvasMeshPointable.cs: c479bafc80e05db87d89b0e734294af3 -> 
  custom:scripting/monoscript/fileName/CylinderEditor.cs: b3e556284986a11c8d6bd82a7d7bef7e -> 
  custom:scripting/monoscript/fileName/GrabPoint.cs: a19e23b452c1156c6e2d489a5b9f5977 -> 
  custom:container-demuxer-ogg: 62fdf1f143b41e24485cea50d1cbac27 -> 
  custom:scripting/monoscript/fileName/OneHandRotateTransformer.cs: b4ad4fec7dbc0022b27ef2f1444e1086 -> 
  custom:scripting/monoscript/fileName/WitTraitValue.cs: c4fc68c99e4126ea4ce1abd10ab830cf -> 
  custom:scripting/monoscript/fileName/IMonoBehaviourFilter.cs: 9cedc3648a1ac103150b8378e75e48c4 -> 
  custom:scripting/monoscript/fileName/BezierSurfaceEditor.cs: 3bfdf637db9318a14fc832066acdc19a -> 
  custom:scripting/monoscript/fileName/SnapSurfaceHelper.cs: 7310cd667c1f6f32da3156d4956a11cb -> 
  custom:scripting/monoscript/fileName/InputDataProviderUpdateTriggerOVR.cs: c642c70bc2d53e104962e39be79e0283 -> 
  custom:scripting/monoscript/fileName/ITween.cs: d765ab2d93516afd5cff5e65cdb523ff -> 
  custom:scripting/monoscript/fileName/DropZoneInteractable.cs: da4c91e5f510c5633065c5ee349670e0 -> 
  custom:scripting/monoscript/fileName/InteractorGroup.cs: 075c37967371ab7213a5d5cca24ff1fc -> 60fe7361e8ecd7ffeba4477da21c55fe
  custom:scripting/monoscript/fileName/WitHttp.cs: 65528eef0357ac8698cea4e277f16a7c -> 
  custom:scripting/monoscript/fileName/BoxProximityField.cs: 8381476084cb2eebc09f6205ab260a5f -> 
  custom:scripting/monoscript/fileName/ProcessStep.cs: c70de6d5eef34fc1abe9451b4eb02d17 -> 
  custom:video-codec-MediaFoundation-h265: 746d11721c4dcdbdad8f713fa42b33f4 -> 
  custom:scripting/monoscript/fileName/WitTrainingUtterance.cs: a06d2df3896850626c28c2eee2f3361f -> 
  custom:scripting/monoscript/fileName/IInteractorComparer.cs: 134007cf487fdfbaee924b7d31a3e8ab -> 
  custom:scripting/monoscript/fileName/ITeleportArc.cs: 1ea6eacef0fbe7453ebeaaedd85bf98c -> 
  custom:scripting/monoscript/fileName/CylinderSurface.cs: 06b7f3fe576c2b562f08ad1445def42f -> 5bee5d43e279f1a3b524f87759982fd3
  custom:scripting/monoscript/fileName/TagMonoBehaviourFilter.cs: 899569d8afa40a8d293811b71b3f0a56 -> 
  custom:scripting/monoscript/fileName/SphereSurface.cs: 6d8b2477044e484ea8579f6f1f45e3a8 -> 
  custom:scripting/monoscript/fileName/LastKnownGoodDataModifier.cs: 0b2c17c40fb2875f055e57a3080d7c9d -> 
  custom:video-decoder-ogg-theora: a1e56fd34408186e4bbccfd4996cb3dc -> 
  custom:scripting/monoscript/fileName/WitEntityRole.cs: 8b2af296196ddab171c9825f773f77da -> 
  custom:scripting/monoscript/fileName/PointableCylinder.cs: 9a62d083874bdd860515054a450ac594 -> 
  custom:scripting/monoscript/fileName/AudioEncoding.cs: f84b3952f084caac261984fbd264acec -> 7f68c8ddbd6875f735f3280c1aa36e92
  custom:scripting/monoscript/fileName/InteractorDriver.cs: 285df5cb75aa79644c75f1cfa1d96ee4 -> 
  custom:framework-win-MediaFoundation: 216162199b28c13a410421893ffa2e32 -> 
  custom:scripting/monoscript/fileName/ISnapPoseProvider.cs: 3ec1f733df4df3213c9abc4abfa84cf1 -> 
  custom:scripting/monoscript/fileName/IDropZoneSlotsProvider.cs: fc82a4709de8cea85e0be7e46ba6942f -> 
  custom:scripting/monoscript/fileName/IAudioInputSource.cs: 9cedc902c969604d8ecab3d4c3d431d7 -> 938d3583ac997fe47e013c96006b1b9d
  custom:scripting/monoscript/fileName/BoxProximityFieldEditor.cs: 3ca172dc25f45b576b1261d9f0fc6a13 -> 
  custom:scripting/monoscript/fileName/ArcRangeModifier.cs: df4e86005874fa14c26dde0e58fe01b3 -> 
  custom:scripting/monoscript/fileName/TrainUtterances.cs: fad5269aa3542e54bceac07b82fa9fb2 -> 
  custom:scripting/monoscript/fileName/OVRSkeletonDataProviders.cs: c9301a8aea506ae86c85f3531883f294 -> 
  custom:scripting/monoscript/fileName/BoxEditor.cs: 6cb10ba4aeba036613100827e384c6dd -> 
  custom:scripting/monoscript/fileName/BoxSurface.cs: 64c4f1d5c8f509e2ebfbbe8cc0454ae3 -> 
  custom:scripting/monoscript/fileName/HandPoseRecordable.cs: be9aebb9e35f1a89cf251d5ebe16b65e -> 
  custom:scripting/monoscript/fileName/TwoHandFreeTransformer.cs: 5484f45a8b713e7524e309309f536d2e -> 
  custom:scripting/monoscript/fileName/InteractorDriverGroup.cs: 25a18cbb0a76e7a8f37930efac2dc5e3 -> 
  custom:scripting/monoscript/fileName/InteractableTransformableConnection.cs: aa199f160bbadaf2d2b7430adb4b19a9 -> 
  custom:scripting/monoscript/fileName/JointLocking.cs: 04ef49fdef9b40429c44bd8bb4f83933 -> 
  custom:scripting/monoscript/fileName/OneHandTranslateTransformer.cs: e5593db0756115f769defd5b1bc42e7e -> 
  custom:CustomObjectIndexerAttribute: 9a22284fe3817be447336de3de66b15e -> 
  custom:scripting/monoscript/fileName/WitResponse.cs: 85febed2f7a25f57ec48693bd452c142 -> 
  custom:scripting/monoscript/fileName/OneEuroFilterRotationHand.cs: b7c0c166a2ca9babc479709621d65436 -> 
  custom:scripting/monoscript/fileName/TagInteractableFilter.cs: 6c02bfd80ff65fe2d5965298b17e0457 -> 
  custom:scripting/monoscript/fileName/PointableCylinderEditor.cs: 6340733d6723a340786b526e9320784f -> 
  custom:container-demuxer-webm: 4f35f7cbe854078d1ac9338744f61a02 -> 
  custom:scripting/monoscript/fileName/PointProximityField.cs: 0f95fb408e97956db7a3762247f8adc0 -> 
  custom:scripting/monoscript/fileName/SnapAddress.cs: c2a235d307f5033a6468630481616552 -> 
  custom:scripting/monoscript/fileName/InteractorGroupMulti.cs: 6bc778766dfc2f0ec0ad2013ae6c3d21 -> 
  custom:scripting/monoscript/fileName/MicBase.cs: 1ee5e56060961d5fcfcdfe4529504890 -> 47b01f48927768722a8422b4ac545006
  custom:scripting/monoscript/fileName/DropZoneSequentialSlotsProvider.cs: 7cdedd3fff635f926ee01eb94826964d -> 
  custom:scripting/monoscript/fileName/SnapPoint.cs: 75b9e5a0f94c20895cbed2ad0cae1535 -> 
  custom:scripting/monoscript/fileName/WitTrait.cs: 3139215512626b390a96d2cb63ff9eda -> 
  custom:scripting/monoscript/fileName/ITransformable.cs: 215a3f4eeb91cb88c54863506271ef62 -> 
  custom:scripting/monoscript/fileName/CoroutineUtility.cs: fab89599511ae356a01c13a28fda4240 -> 821d19c5ac6a7e6baf82a95f7b4d30bf
  custom:scripting/monoscript/fileName/TeleportTurningGate.cs: 575c2ab79bdb37717f3efb10cff4d8ea -> 
  custom:scripting/monoscript/fileName/InputDataProviderUpdateTriggerOVREditor.cs: 296ebd2207288873d91d6a862e3b5272 -> 
  custom:scripting/monoscript/fileName/ColliderSurface.cs: b1cd8447e0ce952dcc7d7b666e8fca92 -> fc86642c94a9542e787a844561e4e4f2
  custom:scripting/monoscript/fileName/IInteractableRegistry.cs: 90647cc400823b41df847a6cbfc29026 -> 
  custom:scripting/monoscript/fileName/OneEuroFilterPositionHand.cs: 39d5de62c6b9f655efb66d407ad08fff -> 
  custom:scripting/monoscript/fileName/TTSStreamToggle.cs: 386098d9b6e67cd0a4ee56f3a7972a48 -> 0132d2e4cd28c22eddc3810c7daa80a8
  custom:scripting/monoscript/fileName/HandGrabInteractorVisual.cs: 4e78a3e45d86e390b096cc34598495d6 -> 
  custom:scripting/monoscript/fileName/WitRole.cs: d05ae217608bc7de182f2476f0c8e04d -> 
  custom:scripting/monoscript/fileName/WitIncomingEntity.cs: 78d455e2834b5f65d08838e068a6b637 -> 
  custom:scripting/monoscript/fileName/CylinderProximityField.cs: d46f096ca0f256553da6db049bd8e1f0 -> 
  custom:scripting/monoscript/fileName/OneEuroFilterRotationDataModifier.cs: bbc3acc82de59e5fbec702d8f8197eed -> 
  custom:scripting/monoscript/fileName/WitEntity.cs: f3634f6b005d657d9256924b6ee7724f -> 
  custom:container-muxer-webm: aa71ff27fc2769a1b78a27578f13a17b -> 
  custom:video-decoder-webm-vp8: 9c59270c3fd7afecdb556c50c9e8de78 -> 
  custom:scripting/monoscript/fileName/Payload.cs: 20bf3ab20e64bae704c38145b44c13ac -> 
  custom:scripting/monoscript/fileName/EnsureWitIntentsStep.cs: b136f8e7ef96058daebe6e4670855769 -> 
  custom:scripting/monoscript/fileName/HandGrabPointEditor.cs: 1de61d722aec3955a0ced3ddd1649237 -> 
  custom:scripting/monoscript/fileName/AimingStabilizedOrigin.cs: 8e9de4ec8ed1eca16b6b5ccdd53afdc0 -> 
  custom:scripting/monoscript/fileName/WitConfigurationData.cs: 1b59f7289bf740e9ef9f2be93d10f3d4 -> 
  custom:scripting/monoscript/fileName/VoiceUnityRequest.cs: e67404959cad22b5a8fdd8bc15940a60 -> 
  custom:scripting/monoscript/fileName/SyncWitEntitiesStep.cs: 2ad573a8b9afd7f1740d493d07a4c0da -> 
  custom:scripting/monoscript/fileName/PointableDelegate.cs: 90647cc400823b41df847a6cbfc29026 -> 
  custom:SearchIndexIgnoredProperties: e643bd26f0fe6173181afceb89e7c659 -> 
  custom:scripting/monoscript/fileName/PointablePlane.cs: 0c63873222e6ee1c4bb906924cab90d1 -> 
  custom:AudioImporter_EditorPlatform: d09bf68614088b80899f8185d706f6e7 -> 
  custom:scripting/monoscript/fileName/SphereEditor.cs: 276cafd8aae7e32d736a0c4daa10ab21 -> 
  custom:scripting/monoscript/fileName/CircleProximityField.cs: 3470d85e5a68b53f46ca8356f6863551 -> 
  custom:scripting/monoscript/fileName/Transformable.cs: 5a246a64658742dc20c886d79003f704 -> 
  custom:scripting/monoscript/fileName/InteractionOVRCameraRig.cs: 19e5e98fb10016c5e6956c7b291d0f17 -> 
  custom:scripting/monoscript/fileName/ObtainIdmData.cs: 93689dcf59e4155113dc068b963c769d -> 
  custom:scripting/monoscript/fileName/HandGrabPoint.cs: f8f9a4aeaae4341c0efe8cc3e2aa5fd8 -> 
  custom:scripting/monoscript/fileName/PointableGroup.cs: aea7bf2c731b6179d62dad93c7f1a961 -> 
  custom:scripting/monoscript/fileName/TransformableUnityEventWrapper.cs: aa0309b765937680c8aa9e4e094215f7 -> 
  custom:scripting/monoscript/fileName/MicDebug.cs: 0703043cca43f55a99276c84b88d73fb -> 75d2f3a208b34ca2e9e43f6d5775eb91
  custom:scripting/monoscript/fileName/OneHandPhysicsJointTransformer.cs: e946e3b4b5cd8cde3f541291179028e9 -> 
  custom:scripting/monoscript/fileName/WitApplication.cs: 19806fe5aebcf74124ed49d589a7e43e -> 
  custom:scripting/monoscript/fileName/IInteractorDriver.cs: fc0a89f4490fc0584b64c6fc827ee895 -> 
  custom:scripting/monoscript/fileName/GrabbableUnityEventWrapper.cs: 33df70b122ad7f22db2cbfaa0b81510a -> 
  custom:scripting/monoscript/fileName/BezierSurface.cs: da0b185221f59d400e85940f5ce71c91 -> 
  custom:scripting/monoscript/fileName/InteractorComparer.cs: 90647cc400823b41df847a6cbfc29026 -> 
  custom:scripting/monoscript/fileName/HandPoseRecorder.cs: d6ebfdaa7663426067642c12a6222914 -> 
  custom:scripting/monoscript/fileName/CanvasRenderTextureMesh.cs: ba9623d0f846f302f4c58ca374ea8422 -> 
  custom:scripting/monoscript/fileName/IProximityField.cs: 1b8f3ef3bb8397988a6923ea34f554a3 -> 
  custom:scripting/monoscript/fileName/HandGrabInteractionUtilities.cs: 5e1b87f0c932124d19544f2653fcf382 -> 
  custom:scripting/monoscript/fileName/OneHandFreeTransformer.cs: 80b454bb7a7e54382c3e5a83c645a9b0 -> 
  custom:scripting/monoscript/fileName/TwoHandPlaneTransformer.cs: 82508aadcccc9aaae16a3d02dab1f1dd -> 
  custom:scripting/monoscript/fileName/IWitHttp.cs: 91506f2edcd3bae61fa15b5c8c35b6d5 -> 
  custom:scripting/monoscript/fileName/JointRotationHistoryModifier.cs: b84eeaa16ce785ca3e0b5335f31473cc -> 
  custom:scripting/monoscript/fileName/TTSWitVoiceData.cs: 879b5b5a667decd113f2ef27fec58193 -> 
  custom:video-encoder-webm-vp8: eb34c28f22e8b96e1ab97ce403110664 -> 
  custom:scripting/monoscript/fileName/FingerGrabAPI.cs: f38129e37b49d6e3a171bd504092712b -> 
  custom:scripting/monoscript/fileName/DummyDataModifier.cs: ebbb5589f565d8685d37bb183b4c3ff4 -> 
  custom:scripting/monoscript/fileName/IDistanceInteractable.cs: c2d2949b74e1e24067c043dc8ee82c5a -> 
  custom:audio-decoder-ogg-vorbis: bf7c407c2cedff20999df2af8eb42d56 -> 
  custom:scripting/monoscript/fileName/SyntheticHandModifier.cs: 873320c031209152e80a3521b7c6e3f2 -> 
  custom:scripting/monoscript/fileName/ISnapSurface.cs: e613c1039942a8c6f8524e6d36ccbc1b -> 
  custom:scripting/monoscript/fileName/HandGrab.cs: 50288240abd576346d83074011541b5b -> 
  custom:scripting/monoscript/fileName/TTSSpeakerInput.cs: 827d47b543f4663c13881e200e539afd -> 9224de466064073281bc72c5b8b2748c
  custom:scripting/monoscript/fileName/OneEuroFilterPositionDataModifier.cs: da29522a4b6eb1cb5f6511bdbdd27a95 -> 
  custom:scripting/monoscript/fileName/WitTrainingEntity.cs: f6d2096c03af45821ae473c66af255f2 -> 
  custom:scripting/monoscript/fileName/WitEntityKeyword.cs: b5b67313fa30a40635477940a31ddbde -> 
  custom:scripting/monoscript/fileName/PointableGrabbableConnection.cs: 35ac7dedcc44186f6f6c7bf3730e6343 -> 
  custom:scripting/monoscript/fileName/FixedScaleDataModifier.cs: 89e1be89d924ac28373337b3361e61dd -> 
  custom:scripting/monoscript/fileName/PointablePlaneEditor.cs: 37a91ecc3d62d378d68629c686a51361 -> 
  custom:scripting/monoscript/fileName/WitTrainer.cs: 5fb3c95ba24e9cf857cd9b4cee94291b -> 
  custom:scripting/monoscript/fileName/IInteractableFilter.cs: 81259a32cb7c13def6a0b70f08c66048 -> 
  custom:scripting/monoscript/fileName/TTSStatusLabel.cs: 17147acb333fe55f1217dee5b341ea9e -> 
  custom:scripting/monoscript/fileName/DropZoneInteractor.cs: 76b4b17e6eac72d8f5a16e87fd0e63b5 -> 
  custom:scripting/monoscript/fileName/IAspectProvider.cs: 9859c5919d893814fee2cdd590f4f949 -> 
  custom:scripting/monoscript/fileName/OnConduitFailedParameterResolutionAttribute.cs: 60901a81960a7c5a81c752381f8034ab -> 
  custom:scripting/monoscript/fileName/Mic.cs: 525051591b471bdbfa16530d37dcb655 -> 5fc48121bdfa6f25d9345006a81f8860
  custom:scripting/monoscript/fileName/TTSCacheToggle.cs: fef530a103c6b74722a7b6f18941e54c -> 410df47b336bde136543845320d773f8
  custom:scripting/monoscript/fileName/MicPermissionsManager.cs: 81a336319435a61331b696a347e78b9e -> f25de0368c3638f9a3bd7e7f63f0755a
  custom:scripting/monoscript/fileName/StepRunner.cs: 6ab640738f608e4b47206553c39b2c58 -> 
  custom:scripting/monoscript/fileName/WitUnityRequest.cs: 2bd88b304dddeb742392b5d5568e7bf7 -> 156bc76d85c310a98e115eec74a771cd
  custom:audio-encoder-webm-vorbis: bf7c407c2cedff20999df2af8eb42d56 -> 
  custom:scripting/monoscript/fileName/CircleProximityFieldEditor.cs: 55b157de94575afe7fdac58cd51e3b1c -> 
  custom:scripting/monoscript/fileName/TTSErrorText.cs: f03cdbc7b1d745067e8f357414e703b1 -> 21a4d51c9f7822c5dae2e2c7e2605044
  custom:scripting/monoscript/fileName/FingerPinchAPI.cs: 478ca37299a2b7ce3d309683ce89043a -> 
  custom:scripting/monoscript/fileName/IPointableSurface.cs: d7a8e441db2730be64c585bb12bf4db1 -> 
  custom:scripting/monoscript/fileName/PhysicsTransformable.cs: 5811faf37734ce7ec9b28418c4758de1 -> 
  custom:scripting/monoscript/fileName/PitchRemap.cs: 5b7277eeb0a8effc4822cb897b70f197 -> 
  custom:scripting/monoscript/fileName/WitOutgoingEntity.cs: c7126ba0b7fa09ef7a925f4dc186e5b7 -> 
  custom:scripting/monoscript/fileName/LocomotionGateVisual.cs: e25bbb39051f52b97c3e93bb37ab390d -> 
  custom:scripting/monoscript/fileName/TTSWitVoiceUtility.cs: eee5b9af7f1fc7fc0da148c8bdf0ad4f -> 
  custom:scripting/monoscript/fileName/HandleEntityResolutionFailureAttribute.cs: c6e2d1dd1bcaba0322547519e0e12ac7 -> 
========================================================================
Received Import Request.
  Time since last request: 287518.421951 seconds.
  path: Assets/Oculus/Platform/Scripts/AdvancedAbuseReportOptions.cs
  artifactKey: Guid(7ac3d6e4baf52604f9120a266f7e5c5b) Importer(2089858483,0ecaa5967403d082aa24f35e1b516d23)
Start importing Assets/Oculus/Platform/Scripts/AdvancedAbuseReportOptions.cs using Guid(7ac3d6e4baf52604f9120a266f7e5c5b) Importer(2089858483,0ecaa5967403d082aa24f35e1b516d23) [PhysX] Initialized MultithreadedTaskDispatcher with 32 workers.
 -> (artifact id: '7bdca1ae832c74478f71036a4a2e2065') in 0.118171 seconds
Number of updated asset objects reloaded before import = 0
Number of asset objects unloaded after import = 1
========================================================================
Received Import Request.
  Time since last request: 0.000034 seconds.
  path: Assets/Oculus/Platform/Scripts/ApplicationOptions.cs
  artifactKey: Guid(d089d8a70f920a5469fca1917d5e5122) Importer(2089858483,0ecaa5967403d082aa24f35e1b516d23)
Start importing Assets/Oculus/Platform/Scripts/ApplicationOptions.cs using Guid(d089d8a70f920a5469fca1917d5e5122) Importer(2089858483,0ecaa5967403d082aa24f35e1b516d23) [PhysX] Initialized MultithreadedTaskDispatcher with 32 workers.
 -> (artifact id: '5c81acc557fad5de6d82a4f8d4f3343d') in 0.010609 seconds
Number of updated asset objects reloaded before import = 0
Number of asset objects unloaded after import = 1
========================================================================
Received Import Request.
  Time since last request: 0.000149 seconds.
  path: Assets/Oculus/LipSync/Scenes/LipSync_Demo.unity
  artifactKey: Guid(0a5206cd53b21be4588ef635952929e9) Importer(2089858483,0ecaa5967403d082aa24f35e1b516d23)
Start importing Assets/Oculus/LipSync/Scenes/LipSync_Demo.unity using Guid(0a5206cd53b21be4588ef635952929e9) Importer(2089858483,0ecaa5967403d082aa24f35e1b516d23) [PhysX] Initialized MultithreadedTaskDispatcher with 32 workers.
 -> (artifact id: 'e05f9bbe30500070c6ab6dad5a3c88e7') in 0.011891 seconds
Number of updated asset objects reloaded before import = 0
Number of asset objects unloaded after import = 1
========================================================================
Received Import Request.
  Time since last request: 0.000059 seconds.
  path: Assets/Oculus/LipSync/Scripts/OVRLipSyncContextMorphTarget.cs
  artifactKey: Guid(b0b97b38f2f1fd24185315141a6c6a56) Importer(2089858483,0ecaa5967403d082aa24f35e1b516d23)
Start importing Assets/Oculus/LipSync/Scripts/OVRLipSyncContextMorphTarget.cs using Guid(b0b97b38f2f1fd24185315141a6c6a56) Importer(2089858483,0ecaa5967403d082aa24f35e1b516d23) [PhysX] Initialized MultithreadedTaskDispatcher with 32 workers.
 -> (artifact id: '7a20f1c2f318bbbc47a61b5b2314c964') in 0.009459 seconds
Number of updated asset objects reloaded before import = 0
Number of asset objects unloaded after import = 1
========================================================================
Received Import Request.
  Time since last request: 0.000209 seconds.
  path: Assets/Oculus/Platform/Scripts/LeaderboardFilterType.cs
  artifactKey: Guid(cb882419e00a3424b83ba7ff72a0d3fd) Importer(2089858483,0ecaa5967403d082aa24f35e1b516d23)
Start importing Assets/Oculus/Platform/Scripts/LeaderboardFilterType.cs using Guid(cb882419e00a3424b83ba7ff72a0d3fd) Importer(2089858483,0ecaa5967403d082aa24f35e1b516d23) [PhysX] Initialized MultithreadedTaskDispatcher with 32 workers.
 -> (artifact id: '2f09ae64694b9eda9135df044fa16cf4') in 0.008588 seconds
Number of updated asset objects reloaded before import = 0
Number of asset objects unloaded after import = 1
========================================================================
Received Import Request.
  Time since last request: 0.000065 seconds.
  path: Assets/Oculus/Interaction/Samples/Oculus.Interaction.Samples.asmdef
  artifactKey: Guid(aad0989a2d3885f4e8846b6f0609300c) Importer(2089858483,0ecaa5967403d082aa24f35e1b516d23)
Start importing Assets/Oculus/Interaction/Samples/Oculus.Interaction.Samples.asmdef using Guid(aad0989a2d3885f4e8846b6f0609300c) Importer(2089858483,0ecaa5967403d082aa24f35e1b516d23) [PhysX] Initialized MultithreadedTaskDispatcher with 32 workers.
 -> (artifact id: 'c9eaa3f50b9da4b382fc330584ebbc4d') in 0.012953 seconds
Number of updated asset objects reloaded before import = 0
Number of asset objects unloaded after import = 1
========================================================================
Received Import Request.
  Time since last request: 0.000029 seconds.
  path: Assets/Oculus/Platform/Scripts/LaunchResult.cs
  artifactKey: Guid(13b9c038c8c7b5947a3e1b4498bc62a1) Importer(2089858483,0ecaa5967403d082aa24f35e1b516d23)
Start importing Assets/Oculus/Platform/Scripts/LaunchResult.cs using Guid(13b9c038c8c7b5947a3e1b4498bc62a1) Importer(2089858483,0ecaa5967403d082aa24f35e1b516d23) [PhysX] Initialized MultithreadedTaskDispatcher with 32 workers.
 -> (artifact id: 'b5708c867e40cccf9c717920b0b0725b') in 0.009676 seconds
Number of updated asset objects reloaded before import = 0
Number of asset objects unloaded after import = 1
========================================================================
Received Import Request.
  Time since last request: 0.000128 seconds.
  path: Assets/Oculus/LipSync/Prefabs/LipSyncTextureFlipTarget_Robot.prefab
  artifactKey: Guid(8dc55266323c0ad439967b2975af7840) Importer(2089858483,0ecaa5967403d082aa24f35e1b516d23)
Start importing Assets/Oculus/LipSync/Prefabs/LipSyncTextureFlipTarget_Robot.prefab using Guid(8dc55266323c0ad439967b2975af7840) Importer(2089858483,0ecaa5967403d082aa24f35e1b516d23) [PhysX] Initialized MultithreadedTaskDispatcher with 32 workers.
 -> (artifact id: 'f8f88967c96917eea30acb4dc3884ece') in 0.116690 seconds
Number of updated asset objects reloaded before import = 0
Number of asset objects unloaded after import = 71
========================================================================
Received Import Request.
  Time since last request: 0.000027 seconds.
  path: Assets/Oculus/Platform/Editor/HorizonProfileTokenResponse.cs
  artifactKey: Guid(a5d72bd083f10704dac9cdfb0ede72c4) Importer(2089858483,0ecaa5967403d082aa24f35e1b516d23)
Start importing Assets/Oculus/Platform/Editor/HorizonProfileTokenResponse.cs using Guid(a5d72bd083f10704dac9cdfb0ede72c4) Importer(2089858483,0ecaa5967403d082aa24f35e1b516d23) [PhysX] Initialized MultithreadedTaskDispatcher with 32 workers.
 -> (artifact id: '16b4220cc8a6e35d9eb6f0d65c4b78d9') in 0.010474 seconds
Number of updated asset objects reloaded before import = 0
Number of asset objects unloaded after import = 1
========================================================================
Received Import Request.
  Time since last request: 0.000025 seconds.
  path: Assets/Oculus/Platform/Scripts/LivestreamingAudience.cs
  artifactKey: Guid(73f525341669b334cb7179690b1545fd) Importer(2089858483,0ecaa5967403d082aa24f35e1b516d23)
Start importing Assets/Oculus/Platform/Scripts/LivestreamingAudience.cs using Guid(73f525341669b334cb7179690b1545fd) Importer(2089858483,0ecaa5967403d082aa24f35e1b516d23) [PhysX] Initialized MultithreadedTaskDispatcher with 32 workers.
 -> (artifact id: '9e5a6746afd46cd8ccfb4c60d3be71f0') in 0.010870 seconds
Number of updated asset objects reloaded before import = 0
Number of asset objects unloaded after import = 1
========================================================================
Received Import Request.
  Time since last request: 0.000031 seconds.
  path: Assets/Oculus/Interaction/Runtime/Oculus.Interaction.asmdef
  artifactKey: Guid(2a230cb87a1d3ba4a98bdc0ddae76e6c) Importer(2089858483,0ecaa5967403d082aa24f35e1b516d23)
Start importing Assets/Oculus/Interaction/Runtime/Oculus.Interaction.asmdef using Guid(2a230cb87a1d3ba4a98bdc0ddae76e6c) Importer(2089858483,0ecaa5967403d082aa24f35e1b516d23) [PhysX] Initialized MultithreadedTaskDispatcher with 32 workers.
 -> (artifact id: '9863adfe54041132ec432999348b24f1') in 0.014406 seconds
Number of updated asset objects reloaded before import = 0
Number of asset objects unloaded after import = 1
========================================================================
Received Import Request.
  Time since last request: 0.000143 seconds.
  path: Assets/Oculus/LipSync/Audio/vox_lp_01.wav
  artifactKey: Guid(e21cea670b0f32c428ee862e590a7108) Importer(2089858483,0ecaa5967403d082aa24f35e1b516d23)
Start importing Assets/Oculus/LipSync/Audio/vox_lp_01.wav using Guid(e21cea670b0f32c428ee862e590a7108) Importer(2089858483,0ecaa5967403d082aa24f35e1b516d23) [PhysX] Initialized MultithreadedTaskDispatcher with 32 workers.
 -> (artifact id: '5511487600fa95b15357b12d6ddd63b9') in 0.077284 seconds
Number of updated asset objects reloaded before import = 0
Number of asset objects unloaded after import = 1
========================================================================
Received Import Request.
  Time since last request: 0.408295 seconds.
  path: Assets/Oculus/OculusProjectConfig.asset
  artifactKey: Guid(bcc7a7c3b0caf6843851b71dac78c61c) Importer(815301076,1909f56bfc062723c751e8b465ee728b)
Start importing Assets/Oculus/OculusProjectConfig.asset using Guid(bcc7a7c3b0caf6843851b71dac78c61c) Importer(815301076,1909f56bfc062723c751e8b465ee728b) [PhysX] Initialized MultithreadedTaskDispatcher with 32 workers.
 -> (artifact id: 'ff769149d86318cc39ae8a7fb106daff') in 0.012150 seconds
Number of updated asset objects reloaded before import = 0
Number of asset objects unloaded after import = 1
========================================================================
Received Import Request.
  Time since last request: 1.620440 seconds.
  path: Assets/Oculus/Platform/Scripts/NetSyncConnectionStatus.cs
  artifactKey: Guid(27d4dbfc1835999489d439cd526bcc30) Importer(2089858483,0ecaa5967403d082aa24f35e1b516d23)
Start importing Assets/Oculus/Platform/Scripts/NetSyncConnectionStatus.cs using Guid(27d4dbfc1835999489d439cd526bcc30) Importer(2089858483,0ecaa5967403d082aa24f35e1b516d23) [PhysX] Initialized MultithreadedTaskDispatcher with 32 workers.
 -> (artifact id: '4bb7dcef34c0aa459797317890fcdd30') in 0.018170 seconds
Number of updated asset objects reloaded before import = 0
Number of asset objects unloaded after import = 1
========================================================================
Received Import Request.
  Time since last request: 0.000143 seconds.
  path: Assets/Oculus/Platform/Scripts/SendPolicy.cs
  artifactKey: Guid(ad94dee2a9fba1340966fcd9546e88d3) Importer(2089858483,0ecaa5967403d082aa24f35e1b516d23)
Start importing Assets/Oculus/Platform/Scripts/SendPolicy.cs using Guid(ad94dee2a9fba1340966fcd9546e88d3) Importer(2089858483,0ecaa5967403d082aa24f35e1b516d23) [PhysX] Initialized MultithreadedTaskDispatcher with 32 workers.
 -> (artifact id: 'b70c673400820e1b4b85a23c2cbd4fce') in 0.009875 seconds
Number of updated asset objects reloaded before import = 0
Number of asset objects unloaded after import = 1
========================================================================
Received Import Request.
  Time since last request: 0.000247 seconds.
  path: Assets/Oculus/SampleFramework/Usage/CustomHands.unity
  artifactKey: Guid(a4f984fcee593d2418cc61f4a993d46d) Importer(2089858483,0ecaa5967403d082aa24f35e1b516d23)
Start importing Assets/Oculus/SampleFramework/Usage/CustomHands.unity using Guid(a4f984fcee593d2418cc61f4a993d46d) Importer(2089858483,0ecaa5967403d082aa24f35e1b516d23) [PhysX] Initialized MultithreadedTaskDispatcher with 32 workers.
 -> (artifact id: '7f95627dc7bab5e8020005509b408327') in 0.038716 seconds
Number of updated asset objects reloaded before import = 0
Number of asset objects unloaded after import = 1
========================================================================
Received Import Request.
  Time since last request: 0.000440 seconds.
  path: Assets/Oculus/Spatializer/editor/ONSPPropagationGeometryEditor.cs
  artifactKey: Guid(914f2bea7a48eba40885dfc3262f12e4) Importer(2089858483,0ecaa5967403d082aa24f35e1b516d23)
Start importing Assets/Oculus/Spatializer/editor/ONSPPropagationGeometryEditor.cs using Guid(914f2bea7a48eba40885dfc3262f12e4) Importer(2089858483,0ecaa5967403d082aa24f35e1b516d23) [PhysX] Initialized MultithreadedTaskDispatcher with 32 workers.
 -> (artifact id: 'a5c7bb63e78663619ac8a03bcbd8bda7') in 0.015634 seconds
Number of updated asset objects reloaded before import = 0
Number of asset objects unloaded after import = 1
========================================================================
Received Import Request.
  Time since last request: 0.000140 seconds.
  path: Assets/Oculus/Platform/Scripts/PermissionGrantStatus.cs
  artifactKey: Guid(6ffd2b886b53fde48943449fa2c36140) Importer(2089858483,0ecaa5967403d082aa24f35e1b516d23)
Start importing Assets/Oculus/Platform/Scripts/PermissionGrantStatus.cs using Guid(6ffd2b886b53fde48943449fa2c36140) Importer(2089858483,0ecaa5967403d082aa24f35e1b516d23) [PhysX] Initialized MultithreadedTaskDispatcher with 32 workers.
 -> (artifact id: '676a71c8fc2da426ade43ca3b33c15b1') in 0.022092 seconds
Number of updated asset objects reloaded before import = 0
Number of asset objects unloaded after import = 1
========================================================================
Received Import Request.
  Time since last request: 0.000183 seconds.
  path: Assets/Oculus/Platform/Scripts/TimeWindow.cs
  artifactKey: Guid(676a14e7240dad94eabb75f82b511b74) Importer(2089858483,0ecaa5967403d082aa24f35e1b516d23)
Start importing Assets/Oculus/Platform/Scripts/TimeWindow.cs using Guid(676a14e7240dad94eabb75f82b511b74) Importer(2089858483,0ecaa5967403d082aa24f35e1b516d23) [PhysX] Initialized MultithreadedTaskDispatcher with 32 workers.
 -> (artifact id: 'a21b18703a6b893389521c7743a88b6b') in 0.012817 seconds
Number of updated asset objects reloaded before import = 0
Number of asset objects unloaded after import = 1
========================================================================
Received Import Request.
  Time since last request: 0.000024 seconds.
  path: Assets/Oculus/Platform/Scripts/RoomMembershipLockStatus.cs
  artifactKey: Guid(a4eb5746a05c2f646802f2dda6ed47b9) Importer(2089858483,0ecaa5967403d082aa24f35e1b516d23)
Start importing Assets/Oculus/Platform/Scripts/RoomMembershipLockStatus.cs using Guid(a4eb5746a05c2f646802f2dda6ed47b9) Importer(2089858483,0ecaa5967403d082aa24f35e1b516d23) [PhysX] Initialized MultithreadedTaskDispatcher with 32 workers.
 -> (artifact id: '5011138547dd509c32abf5a0d5b4f228') in 0.016823 seconds
Number of updated asset objects reloaded before import = 0
Number of asset objects unloaded after import = 1
========================================================================
Received Import Request.
  Time since last request: 0.000079 seconds.
  path: Assets/Oculus/Platform/Scripts/PlatformSettings.cs
  artifactKey: Guid(b3d881e962d099f4a8eb492ef7e9a8c0) Importer(2089858483,0ecaa5967403d082aa24f35e1b516d23)
Start importing Assets/Oculus/Platform/Scripts/PlatformSettings.cs using Guid(b3d881e962d099f4a8eb492ef7e9a8c0) Importer(2089858483,0ecaa5967403d082aa24f35e1b516d23) [PhysX] Initialized MultithreadedTaskDispatcher with 32 workers.
 -> (artifact id: '216a117abde474e3b95441d705770ea2') in 0.019250 seconds
Number of updated asset objects reloaded before import = 0
Number of asset objects unloaded after import = 1
========================================================================
Received Import Request.
  Time since last request: 0.000137 seconds.
  path: Assets/Oculus/Platform/Scripts/VoipDtxState.cs
  artifactKey: Guid(e3f0df97a35282540a46cd1c97d9311b) Importer(2089858483,0ecaa5967403d082aa24f35e1b516d23)
Start importing Assets/Oculus/Platform/Scripts/VoipDtxState.cs using Guid(e3f0df97a35282540a46cd1c97d9311b) Importer(2089858483,0ecaa5967403d082aa24f35e1b516d23) [PhysX] Initialized MultithreadedTaskDispatcher with 32 workers.
 -> (artifact id: '45ce05fdbf362bd1d2aa593e61cc5d7c') in 0.053620 seconds
Number of updated asset objects reloaded before import = 0
Number of asset objects unloaded after import = 1
========================================================================
Received Import Request.
  Time since last request: 0.000282 seconds.
  path: Assets/Oculus/Platform/Scripts/VoipAudioSource.cs
  artifactKey: Guid(d7c40db1e91886345b8e1866120f6c49) Importer(2089858483,0ecaa5967403d082aa24f35e1b516d23)
Start importing Assets/Oculus/Platform/Scripts/VoipAudioSource.cs using Guid(d7c40db1e91886345b8e1866120f6c49) Importer(2089858483,0ecaa5967403d082aa24f35e1b516d23) [PhysX] Initialized MultithreadedTaskDispatcher with 32 workers.
 -> (artifact id: 'a658c0f89da61d44dfc6a18c5f8a3fa7') in 0.007766 seconds
Number of updated asset objects reloaded before import = 0
Number of asset objects unloaded after import = 1
========================================================================
Received Import Request.
  Time since last request: 0.000197 seconds.
  path: Assets/Oculus/SampleFramework/Usage/DebugUI.unity
  artifactKey: Guid(34004346bd7dcbf4fbfd78d2f12e4451) Importer(2089858483,0ecaa5967403d082aa24f35e1b516d23)
Start importing Assets/Oculus/SampleFramework/Usage/DebugUI.unity using Guid(34004346bd7dcbf4fbfd78d2f12e4451) Importer(2089858483,0ecaa5967403d082aa24f35e1b516d23) [PhysX] Initialized MultithreadedTaskDispatcher with 32 workers.
 -> (artifact id: 'f33798cc238516646425ad4401a6b22d') in 0.007863 seconds
Number of updated asset objects reloaded before import = 0
Number of asset objects unloaded after import = 1
========================================================================
Received Import Request.
  Time since last request: 0.000333 seconds.
  path: Assets/Oculus/Spatializer/scripts/ONSPPropagationMaterial.cs
  artifactKey: Guid(45fef2cb49a5b4b46a3d1cbeaec4c932) Importer(2089858483,0ecaa5967403d082aa24f35e1b516d23)
Start importing Assets/Oculus/Spatializer/scripts/ONSPPropagationMaterial.cs using Guid(45fef2cb49a5b4b46a3d1cbeaec4c932) Importer(2089858483,0ecaa5967403d082aa24f35e1b516d23) [PhysX] Initialized MultithreadedTaskDispatcher with 32 workers.
 -> (artifact id: 'b9a8bd4575d8108018b4d81bfe181b7d') in 0.189844 seconds
Number of updated asset objects reloaded before import = 0
Number of asset objects unloaded after import = 1
========================================================================
Received Import Request.
  Time since last request: 0.000207 seconds.
  path: Assets/Oculus/Spatializer/scenes/YellowBall.unity
  artifactKey: Guid(c8a4434d7a298684fae176a7751d45a7) Importer(2089858483,0ecaa5967403d082aa24f35e1b516d23)
Start importing Assets/Oculus/Spatializer/scenes/YellowBall.unity using Guid(c8a4434d7a298684fae176a7751d45a7) Importer(2089858483,0ecaa5967403d082aa24f35e1b516d23) [PhysX] Initialized MultithreadedTaskDispatcher with 32 workers.
 -> (artifact id: '1a68870e26fa8a8e5ed4f1efd0131f91') in 0.016180 seconds
Number of updated asset objects reloaded before import = 0
Number of asset objects unloaded after import = 1
========================================================================
Received Import Request.
  Time since last request: 0.000100 seconds.
  path: Assets/Oculus/Voice/Plugins/voicesdk_unity.jar
  artifactKey: Guid(c617d331c64f964418bb25f21fd90ef1) Importer(2089858483,0ecaa5967403d082aa24f35e1b516d23)
Start importing Assets/Oculus/Voice/Plugins/voicesdk_unity.jar using Guid(c617d331c64f964418bb25f21fd90ef1) Importer(2089858483,0ecaa5967403d082aa24f35e1b516d23) [PhysX] Initialized MultithreadedTaskDispatcher with 32 workers.
 -> (artifact id: '3c5e5603e0907e097c96eff488b63095') in 0.013206 seconds
Number of updated asset objects reloaded before import = 0
Number of asset objects unloaded after import = 1
========================================================================
Received Import Request.
  Time since last request: 0.000162 seconds.
  path: Assets/Oculus/Platform/Scripts/VoipMuteState.cs
  artifactKey: Guid(fdd1475ee285f7a48ae1a5d306ae268e) Importer(2089858483,0ecaa5967403d082aa24f35e1b516d23)
Start importing Assets/Oculus/Platform/Scripts/VoipMuteState.cs using Guid(fdd1475ee285f7a48ae1a5d306ae268e) Importer(2089858483,0ecaa5967403d082aa24f35e1b516d23) [PhysX] Initialized MultithreadedTaskDispatcher with 32 workers.
 -> (artifact id: '42f5eca6acf1073e004b2fcf8325330a') in 0.014634 seconds
Number of updated asset objects reloaded before import = 0
Number of asset objects unloaded after import = 1
========================================================================
Received Import Request.
  Time since last request: 0.000026 seconds.
  path: Assets/Oculus/Platform/Scripts/SystemVoipStatus.cs
  artifactKey: Guid(5626c6e6cba5cb846943182cc89dc859) Importer(2089858483,0ecaa5967403d082aa24f35e1b516d23)
Start importing Assets/Oculus/Platform/Scripts/SystemVoipStatus.cs using Guid(5626c6e6cba5cb846943182cc89dc859) Importer(2089858483,0ecaa5967403d082aa24f35e1b516d23) [PhysX] Initialized MultithreadedTaskDispatcher with 32 workers.
 -> (artifact id: '4871c158fba102cb9329a7a138eab222') in 0.013360 seconds
Number of updated asset objects reloaded before import = 0
Number of asset objects unloaded after import = 1
========================================================================
Received Import Request.
  Time since last request: 0.000091 seconds.
  path: Assets/Oculus/Spatializer/scripts/ONSPSettings.cs
  artifactKey: Guid(ad074644ff568a14187a3690cfbd7534) Importer(2089858483,0ecaa5967403d082aa24f35e1b516d23)
Start importing Assets/Oculus/Spatializer/scripts/ONSPSettings.cs using Guid(ad074644ff568a14187a3690cfbd7534) Importer(2089858483,0ecaa5967403d082aa24f35e1b516d23) [PhysX] Initialized MultithreadedTaskDispatcher with 32 workers.
 -> (artifact id: '5f327c161286cbbcfd394c885674aa07') in 0.013343 seconds
Number of updated asset objects reloaded before import = 0
Number of asset objects unloaded after import = 1
========================================================================
Received Import Request.
  Time since last request: 0.000285 seconds.
  path: Assets/Oculus/Platform/Scripts/WindowsPlatform.cs
  artifactKey: Guid(6a01db7a8e710d340903a49acb6b023e) Importer(2089858483,0ecaa5967403d082aa24f35e1b516d23)
Start importing Assets/Oculus/Platform/Scripts/WindowsPlatform.cs using Guid(6a01db7a8e710d340903a49acb6b023e) Importer(2089858483,0ecaa5967403d082aa24f35e1b516d23) [PhysX] Initialized MultithreadedTaskDispatcher with 32 workers.
 -> (artifact id: '875e4d80635da3c1f3b43277120ce476') in 0.014492 seconds
Number of updated asset objects reloaded before import = 0
Number of asset objects unloaded after import = 1
========================================================================
Received Import Request.
  Time since last request: 0.000092 seconds.
  path: Assets/Oculus/SampleFramework/Usage/StartScene.unity
  artifactKey: Guid(071fba5195bd4b04eab8668985aa1683) Importer(2089858483,0ecaa5967403d082aa24f35e1b516d23)
Start importing Assets/Oculus/SampleFramework/Usage/StartScene.unity using Guid(071fba5195bd4b04eab8668985aa1683) Importer(2089858483,0ecaa5967403d082aa24f35e1b516d23) [PhysX] Initialized MultithreadedTaskDispatcher with 32 workers.
 -> (artifact id: '1218d612b08e76b10c973b21c2a38cbf') in 0.074520 seconds
Number of updated asset objects reloaded before import = 0
Number of asset objects unloaded after import = 1
========================================================================
Received Import Request.
  Time since last request: 2.373538 seconds.
  path: Assets/Oculus/VR/Editor/OVRDeviceSelector.cs
  artifactKey: Guid(157dce969e882084080e0a2c39efe398) Importer(2089858483,0ecaa5967403d082aa24f35e1b516d23)
Start importing Assets/Oculus/VR/Editor/OVRDeviceSelector.cs using Guid(157dce969e882084080e0a2c39efe398) Importer(2089858483,0ecaa5967403d082aa24f35e1b516d23) [PhysX] Initialized MultithreadedTaskDispatcher with 32 workers.
 -> (artifact id: '3a38090fdfc7f9c5f34dd7e2fed550c9') in 0.019901 seconds
Number of updated asset objects reloaded before import = 0
Number of asset objects unloaded after import = 1
========================================================================
Received Import Request.
  Time since last request: 0.000210 seconds.
  path: Assets/Oculus/VR/Scenes/HandTest_Custom.unity
  artifactKey: Guid(c884d076d6398b54492bcc64bbe30bf5) Importer(2089858483,0ecaa5967403d082aa24f35e1b516d23)
Start importing Assets/Oculus/VR/Scenes/HandTest_Custom.unity using Guid(c884d076d6398b54492bcc64bbe30bf5) Importer(2089858483,0ecaa5967403d082aa24f35e1b516d23) [PhysX] Initialized MultithreadedTaskDispatcher with 32 workers.
 -> (artifact id: 'f9dac8e52cdb2fe60a2d0e0104140324') in 0.015477 seconds
Number of updated asset objects reloaded before import = 0
Number of asset objects unloaded after import = 1
========================================================================
Received Import Request.
  Time since last request: 0.000273 seconds.
  path: Assets/Oculus/AudioManager/Audio/TestSounds/metal_sliding_door_open_01.wav
  artifactKey: Guid(7000b4d67a1320940b363f3cf891dfff) Importer(2089858483,0ecaa5967403d082aa24f35e1b516d23)
Start importing Assets/Oculus/AudioManager/Audio/TestSounds/metal_sliding_door_open_01.wav using Guid(7000b4d67a1320940b363f3cf891dfff) Importer(2089858483,0ecaa5967403d082aa24f35e1b516d23) [PhysX] Initialized MultithreadedTaskDispatcher with 32 workers.
 -> (artifact id: '1eb0063d13315541efc079b88345fc6c') in 0.030598 seconds
Number of updated asset objects reloaded before import = 0
Number of asset objects unloaded after import = 1
========================================================================
Received Import Request.
  Time since last request: 0.000065 seconds.
  path: Assets/Oculus/VR/Scripts/OVRMultimodalHandsAndControllersSample.cs
  artifactKey: Guid(7af648af067289c4ebfbfa5de84ca27d) Importer(2089858483,0ecaa5967403d082aa24f35e1b516d23)
Start importing Assets/Oculus/VR/Scripts/OVRMultimodalHandsAndControllersSample.cs using Guid(7af648af067289c4ebfbfa5de84ca27d) Importer(2089858483,0ecaa5967403d082aa24f35e1b516d23) [PhysX] Initialized MultithreadedTaskDispatcher with 32 workers.
 -> (artifact id: 'e0df173656d1227496dbf5b40844c622') in 0.010551 seconds
Number of updated asset objects reloaded before import = 0
Number of asset objects unloaded after import = 1
========================================================================
Received Import Request.
  Time since last request: 0.000358 seconds.
  path: Assets/Oculus/VR/Prefabs/OVRSceneManager.prefab
  artifactKey: Guid(c813208e672e3074bbe118e1a9ee94fd) Importer(2089858483,0ecaa5967403d082aa24f35e1b516d23)
Start importing Assets/Oculus/VR/Prefabs/OVRSceneManager.prefab using Guid(c813208e672e3074bbe118e1a9ee94fd) Importer(2089858483,0ecaa5967403d082aa24f35e1b516d23) [PhysX] Initialized MultithreadedTaskDispatcher with 32 workers.
 -> (artifact id: '3b243fee13bdf7086d8c03b6d9931514') in 0.035075 seconds
Number of updated asset objects reloaded before import = 0
Number of asset objects unloaded after import = 6
========================================================================
Received Import Request.
  Time since last request: 0.000091 seconds.
  path: Assets/Oculus/VR/Scripts/OVRManager.cs
  artifactKey: Guid(7e933e81d3c20c74ea6fdc708a67e3a5) Importer(2089858483,0ecaa5967403d082aa24f35e1b516d23)
Start importing Assets/Oculus/VR/Scripts/OVRManager.cs using Guid(7e933e81d3c20c74ea6fdc708a67e3a5) Importer(2089858483,0ecaa5967403d082aa24f35e1b516d23) [PhysX] Initialized MultithreadedTaskDispatcher with 32 workers.
 -> (artifact id: 'fe9521a59fca62e6deda61f92899b84c') in 0.013320 seconds
Number of updated asset objects reloaded before import = 0
Number of asset objects unloaded after import = 1
========================================================================
Received Import Request.
  Time since last request: 0.000256 seconds.
  path: Assets/Oculus/VR/Scripts/OVROnCompleteListener.cs
  artifactKey: Guid(8730118d7f00f9b47b09be73f7e91d2b) Importer(2089858483,0ecaa5967403d082aa24f35e1b516d23)
Start importing Assets/Oculus/VR/Scripts/OVROnCompleteListener.cs using Guid(8730118d7f00f9b47b09be73f7e91d2b) Importer(2089858483,0ecaa5967403d082aa24f35e1b516d23) [PhysX] Initialized MultithreadedTaskDispatcher with 32 workers.
 -> (artifact id: '8286b4619881a2cd3e4d0496b4e1deef') in 0.018283 seconds
Number of updated asset objects reloaded before import = 0
Number of asset objects unloaded after import = 1
========================================================================
Received Import Request.
  Time since last request: 0.000023 seconds.
  path: Assets/Oculus/VR/Editor/OVRScenePlaneEditor.cs
  artifactKey: Guid(c4285a4f3278cac429d023fa9e25209f) Importer(2089858483,0ecaa5967403d082aa24f35e1b516d23)
Start importing Assets/Oculus/VR/Editor/OVRScenePlaneEditor.cs using Guid(c4285a4f3278cac429d023fa9e25209f) Importer(2089858483,0ecaa5967403d082aa24f35e1b516d23) [PhysX] Initialized MultithreadedTaskDispatcher with 32 workers.
 -> (artifact id: '2fa374205e4a166b31eb26394c2b939e') in 0.013878 seconds
Number of updated asset objects reloaded before import = 0
Number of asset objects unloaded after import = 1
========================================================================
Received Import Request.
  Time since last request: 0.000210 seconds.
  path: Assets/Oculus/VR/Editor/OVRPlatformTool.cs
  artifactKey: Guid(f6d58d9d4ff0e8f4ca5f73c5ec106551) Importer(2089858483,0ecaa5967403d082aa24f35e1b516d23)
Start importing Assets/Oculus/VR/Editor/OVRPlatformTool.cs using Guid(f6d58d9d4ff0e8f4ca5f73c5ec106551) Importer(2089858483,0ecaa5967403d082aa24f35e1b516d23) [PhysX] Initialized MultithreadedTaskDispatcher with 32 workers.
 -> (artifact id: '31eae39ad2bc75d911e9b880740ae8f9') in 0.018904 seconds
Number of updated asset objects reloaded before import = 0
Number of asset objects unloaded after import = 1
========================================================================
Received Import Request.
  Time since last request: 0.000024 seconds.
  path: Assets/Oculus/VR/Scenes/Trivial.unity
  artifactKey: Guid(d8d21f2460d13554780e4af04a9e0d6e) Importer(2089858483,0ecaa5967403d082aa24f35e1b516d23)
Start importing Assets/Oculus/VR/Scenes/Trivial.unity using Guid(d8d21f2460d13554780e4af04a9e0d6e) Importer(2089858483,0ecaa5967403d082aa24f35e1b516d23) [PhysX] Initialized MultithreadedTaskDispatcher with 32 workers.
 -> (artifact id: '45cd289b63de6e7fba82b2dc5972f583') in 0.009999 seconds
Number of updated asset objects reloaded before import = 0
Number of asset objects unloaded after import = 1
========================================================================
Received Import Request.
  Time since last request: 0.000119 seconds.
  path: Assets/Oculus/VR/Scenes/MultimodalHandsAndControllers.unity
  artifactKey: Guid(52478c233ce9df34087cc379c060a2d3) Importer(2089858483,0ecaa5967403d082aa24f35e1b516d23)
Start importing Assets/Oculus/VR/Scenes/MultimodalHandsAndControllers.unity using Guid(52478c233ce9df34087cc379c060a2d3) Importer(2089858483,0ecaa5967403d082aa24f35e1b516d23) [PhysX] Initialized MultithreadedTaskDispatcher with 32 workers.
 -> (artifact id: 'cc1c74b41b7cc8c1edfea8916d38fd77') in 0.008783 seconds
Number of updated asset objects reloaded before import = 0
Number of asset objects unloaded after import = 1
========================================================================
Received Import Request.
  Time since last request: 0.000188 seconds.
  path: Assets/Oculus/VR/Scripts/OVRGLTFAnimationNodeMorphTargetHandler.cs
  artifactKey: Guid(355eb2d1c97649fe850fe0a351a91833) Importer(2089858483,0ecaa5967403d082aa24f35e1b516d23)
Start importing Assets/Oculus/VR/Scripts/OVRGLTFAnimationNodeMorphTargetHandler.cs using Guid(355eb2d1c97649fe850fe0a351a91833) Importer(2089858483,0ecaa5967403d082aa24f35e1b516d23) [PhysX] Initialized MultithreadedTaskDispatcher with 32 workers.
 -> (artifact id: 'fbba6d72fb6204166f4f404e6da9e35c') in 0.016015 seconds
Number of updated asset objects reloaded before import = 0
Number of asset objects unloaded after import = 1
========================================================================
Received Import Request.
  Time since last request: 0.000022 seconds.
  path: Assets/Oculus/VR/Scripts/OVRTracker.cs
  artifactKey: Guid(7cb3c9d4cb0970e448c655096649e814) Importer(2089858483,0ecaa5967403d082aa24f35e1b516d23)
Start importing Assets/Oculus/VR/Scripts/OVRTracker.cs using Guid(7cb3c9d4cb0970e448c655096649e814) Importer(2089858483,0ecaa5967403d082aa24f35e1b516d23) [PhysX] Initialized MultithreadedTaskDispatcher with 32 workers.
 -> (artifact id: 'cfdd400b7a002bca2282d129e47cabb1') in 0.012202 seconds
Number of updated asset objects reloaded before import = 0
Number of asset objects unloaded after import = 1
========================================================================
Received Import Request.
  Time since last request: 0.000100 seconds.
  path: Assets/Oculus/VR/Scripts/OVRControllerDrivenHandPosesSample.cs
  artifactKey: Guid(cbda8bf3da21c8c439de0e9e7422103d) Importer(2089858483,0ecaa5967403d082aa24f35e1b516d23)
Start importing Assets/Oculus/VR/Scripts/OVRControllerDrivenHandPosesSample.cs using Guid(cbda8bf3da21c8c439de0e9e7422103d) Importer(2089858483,0ecaa5967403d082aa24f35e1b516d23) [PhysX] Initialized MultithreadedTaskDispatcher with 32 workers.
 -> (artifact id: '5fb52c8c0f43a39a628e963687d4c53b') in 0.010152 seconds
Number of updated asset objects reloaded before import = 0
Number of asset objects unloaded after import = 1
========================================================================
Received Import Request.
  Time since last request: 0.000258 seconds.
  path: Assets/Oculus/VR/Scripts/OVRPermissionsRequester.cs
  artifactKey: Guid(3a2b0192f05a52649b807c8a62a90416) Importer(2089858483,0ecaa5967403d082aa24f35e1b516d23)
Start importing Assets/Oculus/VR/Scripts/OVRPermissionsRequester.cs using Guid(3a2b0192f05a52649b807c8a62a90416) Importer(2089858483,0ecaa5967403d082aa24f35e1b516d23) [PhysX] Initialized MultithreadedTaskDispatcher with 32 workers.
 -> (artifact id: '0f79c682540d2cccb0ffa5b83691f535') in 0.011578 seconds
Number of updated asset objects reloaded before import = 0
Number of asset objects unloaded after import = 1
========================================================================
Received Import Request.
  Time since last request: 0.000092 seconds.
  path: Assets/Oculus/VR/Scripts/OVRResources.cs
  artifactKey: Guid(17584d04fbb571344a3aa2b6593287c1) Importer(2089858483,0ecaa5967403d082aa24f35e1b516d23)
Start importing Assets/Oculus/VR/Scripts/OVRResources.cs using Guid(17584d04fbb571344a3aa2b6593287c1) Importer(2089858483,0ecaa5967403d082aa24f35e1b516d23) [PhysX] Initialized MultithreadedTaskDispatcher with 32 workers.
 -> (artifact id: '32db19585187fca884e65e5e5d4dbdf9') in 0.012849 seconds
Number of updated asset objects reloaded before import = 0
Number of asset objects unloaded after import = 1
========================================================================
Received Import Request.
  Time since last request: 0.000126 seconds.
  path: Assets/Oculus/VR/Scenes/Room.unity
  artifactKey: Guid(54445976c1dbf1c49bb38ba7eba558e8) Importer(2089858483,0ecaa5967403d082aa24f35e1b516d23)
Start importing Assets/Oculus/VR/Scenes/Room.unity using Guid(54445976c1dbf1c49bb38ba7eba558e8) Importer(2089858483,0ecaa5967403d082aa24f35e1b516d23) [PhysX] Initialized MultithreadedTaskDispatcher with 32 workers.
 -> (artifact id: '993c80fe5034413ecf6fac696f0e3f4e') in 0.010837 seconds
Number of updated asset objects reloaded before import = 0
Number of asset objects unloaded after import = 1
========================================================================
Received Import Request.
  Time since last request: 0.000123 seconds.
  path: Assets/Oculus/VR/Materials/Arrow.mat
  artifactKey: Guid(669025377795b574da66d9bb2472fcab) Importer(2089858483,0ecaa5967403d082aa24f35e1b516d23)
Start importing Assets/Oculus/VR/Materials/Arrow.mat using Guid(669025377795b574da66d9bb2472fcab) Importer(2089858483,0ecaa5967403d082aa24f35e1b516d23) [PhysX] Initialized MultithreadedTaskDispatcher with 32 workers.
 -> (artifact id: '3769f32a08b765cc3eaa6332f6ce7280') in 0.023283 seconds
Number of updated asset objects reloaded before import = 0
Number of asset objects unloaded after import = 1
========================================================================
Received Import Request.
  Time since last request: 0.000023 seconds.
  path: Assets/Oculus/VR/Editor/OVRProjectConfig.cs
  artifactKey: Guid(05d394ae2a81edd4cbc3c51917e766e3) Importer(2089858483,0ecaa5967403d082aa24f35e1b516d23)
Start importing Assets/Oculus/VR/Editor/OVRProjectConfig.cs using Guid(05d394ae2a81edd4cbc3c51917e766e3) Importer(2089858483,0ecaa5967403d082aa24f35e1b516d23) [PhysX] Initialized MultithreadedTaskDispatcher with 32 workers.
 -> (artifact id: '645c9774d4d8430d6e67a7a09288b7d8') in 0.012363 seconds
Number of updated asset objects reloaded before import = 0
Number of asset objects unloaded after import = 1
========================================================================
Received Import Request.
  Time since last request: 0.000153 seconds.
  path: Assets/Oculus/VR/Scripts/OVRUnityHumanoidSkeletonRetargeter.cs
  artifactKey: Guid(c9f451663ada6d64983a58b6870c7ff4) Importer(2089858483,0ecaa5967403d082aa24f35e1b516d23)
Start importing Assets/Oculus/VR/Scripts/OVRUnityHumanoidSkeletonRetargeter.cs using Guid(c9f451663ada6d64983a58b6870c7ff4) Importer(2089858483,0ecaa5967403d082aa24f35e1b516d23) [PhysX] Initialized MultithreadedTaskDispatcher with 32 workers.
 -> (artifact id: 'f3f11a7215d459890ee8fb0ea0ad4826') in 0.015327 seconds
Number of updated asset objects reloaded before import = 0
Number of asset objects unloaded after import = 1
========================================================================
Received Import Request.
  Time since last request: 0.000156 seconds.
  path: Assets/Oculus/VR/Editor/PathHelper.cs
  artifactKey: Guid(e97d8d54c1d1f16468e12a2079fdd060) Importer(2089858483,0ecaa5967403d082aa24f35e1b516d23)
Start importing Assets/Oculus/VR/Editor/PathHelper.cs using Guid(e97d8d54c1d1f16468e12a2079fdd060) Importer(2089858483,0ecaa5967403d082aa24f35e1b516d23) [PhysX] Initialized MultithreadedTaskDispatcher with 32 workers.
 -> (artifact id: 'f5d96f878ad569b0d4c60baed8b4e994') in 0.014965 seconds
Number of updated asset objects reloaded before import = 0
Number of asset objects unloaded after import = 1
========================================================================
Received Import Request.
  Time since last request: 0.000017 seconds.
  path: Assets/Oculus/VR/Materials/cursor_timer_material.mat
  artifactKey: Guid(9531aa878fd5c4749b288b72024e8d2f) Importer(2089858483,0ecaa5967403d082aa24f35e1b516d23)
Start importing Assets/Oculus/VR/Materials/cursor_timer_material.mat using Guid(9531aa878fd5c4749b288b72024e8d2f) Importer(2089858483,0ecaa5967403d082aa24f35e1b516d23) [PhysX] Initialized MultithreadedTaskDispatcher with 32 workers.
 -> (artifact id: 'f49da57dfbb509cc367d0764610fa7e2') in 0.015905 seconds
Number of updated asset objects reloaded before import = 0
Number of asset objects unloaded after import = 3
========================================================================
Received Import Request.
  Time since last request: 0.000017 seconds.
  path: Assets/Oculus/VR/Scenes/VirtualKeyboard.unity
  artifactKey: Guid(c9684441ee1da1244a223118fdaa5d13) Importer(2089858483,0ecaa5967403d082aa24f35e1b516d23)
Start importing Assets/Oculus/VR/Scenes/VirtualKeyboard.unity using Guid(c9684441ee1da1244a223118fdaa5d13) Importer(2089858483,0ecaa5967403d082aa24f35e1b516d23) [PhysX] Initialized MultithreadedTaskDispatcher with 32 workers.
 -> (artifact id: '8873c2bad8546795ca1e1f6652d63f0e') in 0.008805 seconds
Number of updated asset objects reloaded before import = 0
Number of asset objects unloaded after import = 1
========================================================================
Received Import Request.
  Time since last request: 2.598127 seconds.
  path: Assets/Oculus/AudioManager/Scripts/Audio/AudioManager_Sound.cs
  artifactKey: Guid(41cb0f893e9a44e83b09a66c55bd7856) Importer(2089858483,0ecaa5967403d082aa24f35e1b516d23)
Start importing Assets/Oculus/AudioManager/Scripts/Audio/AudioManager_Sound.cs using Guid(41cb0f893e9a44e83b09a66c55bd7856) Importer(2089858483,0ecaa5967403d082aa24f35e1b516d23) [PhysX] Initialized MultithreadedTaskDispatcher with 32 workers.
 -> (artifact id: '715c5710ab66619392160b0862485d58') in 0.029485 seconds
Number of updated asset objects reloaded before import = 0
Number of asset objects unloaded after import = 1
========================================================================
Received Import Request.
  Time since last request: 0.000646 seconds.
  path: Assets/Oculus/Interaction/Runtime/Materials/OculusHandWire.mat
  artifactKey: Guid(697d9a99ae3c7784bbef700ed300a1ca) Importer(2089858483,0ecaa5967403d082aa24f35e1b516d23)
Start importing Assets/Oculus/Interaction/Runtime/Materials/OculusHandWire.mat using Guid(697d9a99ae3c7784bbef700ed300a1ca) Importer(2089858483,0ecaa5967403d082aa24f35e1b516d23) [PhysX] Initialized MultithreadedTaskDispatcher with 32 workers.
 -> (artifact id: '1393f62e2d30239c769dea0f682d7929') in 0.029711 seconds
Number of updated asset objects reloaded before import = 0
Number of asset objects unloaded after import = 2
========================================================================
Received Import Request.
  Time since last request: 0.000021 seconds.
  path: Assets/Oculus/Interaction/Runtime/Materials/DotGridUnlit.mat
  artifactKey: Guid(c8abc1d05afcf524eb9f7657ed06700d) Importer(2089858483,0ecaa5967403d082aa24f35e1b516d23)
Start importing Assets/Oculus/Interaction/Runtime/Materials/DotGridUnlit.mat using Guid(c8abc1d05afcf524eb9f7657ed06700d) Importer(2089858483,0ecaa5967403d082aa24f35e1b516d23) [PhysX] Initialized MultithreadedTaskDispatcher with 32 workers.
 -> (artifact id: '058be79fecbfe9e524afa60caea40c82') in 0.024047 seconds
Number of updated asset objects reloaded before import = 0
Number of asset objects unloaded after import = 1
========================================================================
Received Import Request.
  Time since last request: 0.000022 seconds.
  path: Assets/Oculus/Interaction/Editor/Utils/HandGrabPoseWizard.cs
  artifactKey: Guid(998bdfaa2de43034b9c84c40a602b122) Importer(2089858483,0ecaa5967403d082aa24f35e1b516d23)
Start importing Assets/Oculus/Interaction/Editor/Utils/HandGrabPoseWizard.cs using Guid(998bdfaa2de43034b9c84c40a602b122) Importer(2089858483,0ecaa5967403d082aa24f35e1b516d23) [PhysX] Initialized MultithreadedTaskDispatcher with 32 workers.
 -> (artifact id: 'a383869f3c01fe8a6b2d7cc3f33ff9a0') in 0.016244 seconds
Number of updated asset objects reloaded before import = 0
Number of asset objects unloaded after import = 1
========================================================================
Received Import Request.
  Time since last request: 0.000107 seconds.
  path: Assets/Oculus/Interaction/Samples/Lighting/DefaultLightingSettings.lighting
  artifactKey: Guid(71d50a177eaca9844972b921bc78d580) Importer(2089858483,0ecaa5967403d082aa24f35e1b516d23)
Start importing Assets/Oculus/Interaction/Samples/Lighting/DefaultLightingSettings.lighting using Guid(71d50a177eaca9844972b921bc78d580) Importer(2089858483,0ecaa5967403d082aa24f35e1b516d23) [PhysX] Initialized MultithreadedTaskDispatcher with 32 workers.
 -> (artifact id: '0c3c8c18c25c8f69626000bd7ed445fc') in 0.018957 seconds
Number of updated asset objects reloaded before import = 0
Number of asset objects unloaded after import = 1
========================================================================
Received Import Request.
  Time since last request: 0.000092 seconds.
  path: Assets/Oculus/Interaction/Samples/Fonts/Roboto-Regular SDF.asset
  artifactKey: Guid(fc41d5815b9a5bb48be4c84a746c4ff6) Importer(2089858483,0ecaa5967403d082aa24f35e1b516d23)
Start importing Assets/Oculus/Interaction/Samples/Fonts/Roboto-Regular SDF.asset using Guid(fc41d5815b9a5bb48be4c84a746c4ff6) Importer(2089858483,0ecaa5967403d082aa24f35e1b516d23) [PhysX] Initialized MultithreadedTaskDispatcher with 32 workers.
 -> (artifact id: '6fc839808953ef78fc8f7e823fb822a2') in 0.060289 seconds
Number of updated asset objects reloaded before import = 0
Number of asset objects unloaded after import = 3
========================================================================
Received Import Request.
  Time since last request: 0.000017 seconds.
  path: Assets/Oculus/Interaction/Runtime/Shaders/OculusHandOutlineCG.cginc
  artifactKey: Guid(1ef476d3d3314714fbd78909394b2843) Importer(2089858483,0ecaa5967403d082aa24f35e1b516d23)
Start importing Assets/Oculus/Interaction/Runtime/Shaders/OculusHandOutlineCG.cginc using Guid(1ef476d3d3314714fbd78909394b2843) Importer(2089858483,0ecaa5967403d082aa24f35e1b516d23) [PhysX] Initialized MultithreadedTaskDispatcher with 32 workers.
 -> (artifact id: '87b8096da0545545168967fabe86daf4') in 0.012341 seconds
Number of updated asset objects reloaded before import = 0
Number of asset objects unloaded after import = 1
========================================================================
Received Import Request.
  Time since last request: 0.000072 seconds.
  path: Assets/Oculus/Interaction/Samples/Scripts/CarouselView.cs
  artifactKey: Guid(80e08504c1d9ec34fbdd09d754ea8b5d) Importer(2089858483,0ecaa5967403d082aa24f35e1b516d23)
Start importing Assets/Oculus/Interaction/Samples/Scripts/CarouselView.cs using Guid(80e08504c1d9ec34fbdd09d754ea8b5d) Importer(2089858483,0ecaa5967403d082aa24f35e1b516d23) [PhysX] Initialized MultithreadedTaskDispatcher with 32 workers.
 -> (artifact id: '88312d1c3313a127224ac779dcc375e9') in 0.008304 seconds
Number of updated asset objects reloaded before import = 0
Number of asset objects unloaded after import = 1
========================================================================
Received Import Request.
  Time since last request: 0.000124 seconds.
  path: Assets/Oculus/Interaction/Samples/Animations/LocomotionTurorialUI.controller
  artifactKey: Guid(330000351e3cfb24a9e56db504f4006c) Importer(2089858483,0ecaa5967403d082aa24f35e1b516d23)
Start importing Assets/Oculus/Interaction/Samples/Animations/LocomotionTurorialUI.controller using Guid(330000351e3cfb24a9e56db504f4006c) Importer(2089858483,0ecaa5967403d082aa24f35e1b516d23) [PhysX] Initialized MultithreadedTaskDispatcher with 32 workers.
 -> (artifact id: '6b16228d6a5e79d26025ebb4c419809a') in 0.011454 seconds
Number of updated asset objects reloaded before import = 0
Number of asset objects unloaded after import = 4
========================================================================
Received Import Request.
  Time since last request: 0.000276 seconds.
  path: Assets/Oculus/Interaction/Editor/PoseDetection/JointVelocityFeatureConfigEditor.cs
  artifactKey: Guid(51ada7d46c40f684689664f1b670f7a3) Importer(2089858483,0ecaa5967403d082aa24f35e1b516d23)
Start importing Assets/Oculus/Interaction/Editor/PoseDetection/JointVelocityFeatureConfigEditor.cs using Guid(51ada7d46c40f684689664f1b670f7a3) Importer(2089858483,0ecaa5967403d082aa24f35e1b516d23) [PhysX] Initialized MultithreadedTaskDispatcher with 32 workers.
 -> (artifact id: 'af66f822c41db06df7557c89082d69a0') in 0.010332 seconds
Number of updated asset objects reloaded before import = 0
Number of asset objects unloaded after import = 1
========================================================================
Received Import Request.
  Time since last request: 0.000025 seconds.
  path: Assets/Oculus/Interaction/Runtime/Shaders/OculusHandFillCG.cginc
  artifactKey: Guid(2806b25272d987d409c259aeab719be4) Importer(2089858483,0ecaa5967403d082aa24f35e1b516d23)
Start importing Assets/Oculus/Interaction/Runtime/Shaders/OculusHandFillCG.cginc using Guid(2806b25272d987d409c259aeab719be4) Importer(2089858483,0ecaa5967403d082aa24f35e1b516d23) [PhysX] Initialized MultithreadedTaskDispatcher with 32 workers.
 -> (artifact id: 'bd5c64cefb25419167b6b1f0faf1caea') in 0.016820 seconds
Number of updated asset objects reloaded before import = 0
Number of asset objects unloaded after import = 1
========================================================================
Received Import Request.
  Time since last request: 0.000148 seconds.
  path: Assets/Oculus/Interaction/Runtime/Materials/RoundedBoxUnlitZTestAlways.mat
  artifactKey: Guid(4e13e34972e2e8f45ab47c3281f2655a) Importer(2089858483,0ecaa5967403d082aa24f35e1b516d23)
Start importing Assets/Oculus/Interaction/Runtime/Materials/RoundedBoxUnlitZTestAlways.mat using Guid(4e13e34972e2e8f45ab47c3281f2655a) Importer(2089858483,0ecaa5967403d082aa24f35e1b516d23) [PhysX] Initialized MultithreadedTaskDispatcher with 32 workers.
 -> (artifact id: '60b1542e7ab6110251c450bf0d2815b3') in 0.027704 seconds
Number of updated asset objects reloaded before import = 0
Number of asset objects unloaded after import = 1
========================================================================
Received Import Request.
  Time since last request: 0.000068 seconds.
  path: Assets/Oculus/Interaction/Runtime/Shaders/RoundedBoxUnlit.shader
  artifactKey: Guid(2f6ffd8c4413a1c4b8d833fc76c445ed) Importer(2089858483,0ecaa5967403d082aa24f35e1b516d23)
Start importing Assets/Oculus/Interaction/Runtime/Shaders/RoundedBoxUnlit.shader using Guid(2f6ffd8c4413a1c4b8d833fc76c445ed) Importer(2089858483,0ecaa5967403d082aa24f35e1b516d23) [PhysX] Initialized MultithreadedTaskDispatcher with 32 workers.
 -> (artifact id: '3a052277c290786938568a0963e9a641') in 0.010312 seconds
Number of updated asset objects reloaded before import = 0
Number of asset objects unloaded after import = 1
========================================================================
Received Import Request.
  Time since last request: 0.000163 seconds.
  path: Assets/Oculus/Interaction/Editor/Grab/GrabbingRuleEditor.cs
  artifactKey: Guid(17f32e95fcaa23e45a5ac1297f201be2) Importer(2089858483,0ecaa5967403d082aa24f35e1b516d23)
Start importing Assets/Oculus/Interaction/Editor/Grab/GrabbingRuleEditor.cs using Guid(17f32e95fcaa23e45a5ac1297f201be2) Importer(2089858483,0ecaa5967403d082aa24f35e1b516d23) [PhysX] Initialized MultithreadedTaskDispatcher with 32 workers.
 -> (artifact id: 'b132dc921d2c56124ec01d2e341b4efc') in 0.012691 seconds
Number of updated asset objects reloaded before import = 0
Number of asset objects unloaded after import = 1
========================================================================
Received Import Request.
  Time since last request: 0.000028 seconds.
  path: Assets/Oculus/Interaction/Samples/Animations/TutorialLocomotion_0.anim
  artifactKey: Guid(76a24317f30cf48429af0d11cb0780b5) Importer(2089858483,0ecaa5967403d082aa24f35e1b516d23)
Start importing Assets/Oculus/Interaction/Samples/Animations/TutorialLocomotion_0.anim using Guid(76a24317f30cf48429af0d11cb0780b5) Importer(2089858483,0ecaa5967403d082aa24f35e1b516d23) [PhysX] Initialized MultithreadedTaskDispatcher with 32 workers.
 -> (artifact id: 'a981b9d88d8b5f9031219a9a4acefb5d') in 0.032624 seconds
Number of updated asset objects reloaded before import = 0
Number of asset objects unloaded after import = 1
========================================================================
Received Import Request.
  Time since last request: 0.000021 seconds.
  path: Assets/Oculus/Interaction/Runtime/Shaders/OculusHandCursor.shader
  artifactKey: Guid(57c328e70d404164ab9b23ac6fc12df6) Importer(2089858483,0ecaa5967403d082aa24f35e1b516d23)
Start importing Assets/Oculus/Interaction/Runtime/Shaders/OculusHandCursor.shader using Guid(57c328e70d404164ab9b23ac6fc12df6) Importer(2089858483,0ecaa5967403d082aa24f35e1b516d23) [PhysX] Initialized MultithreadedTaskDispatcher with 32 workers.
 -> (artifact id: '6ff91fc8aee4659f28bedc42728cbe06') in 0.011957 seconds
Number of updated asset objects reloaded before import = 0
Number of asset objects unloaded after import = 1
========================================================================
Received Import Request.
  Time since last request: 0.000176 seconds.
  path: Assets/Oculus/Interaction/Samples/Materials/PeaceParticle.mat
  artifactKey: Guid(fd99b5750768afe49a50b7cc49e23729) Importer(2089858483,0ecaa5967403d082aa24f35e1b516d23)
Start importing Assets/Oculus/Interaction/Samples/Materials/PeaceParticle.mat using Guid(fd99b5750768afe49a50b7cc49e23729) Importer(2089858483,0ecaa5967403d082aa24f35e1b516d23) [PhysX] Initialized MultithreadedTaskDispatcher with 32 workers.
 -> (artifact id: '12b768dee802791302b2dbe85154e1c9') in 0.017465 seconds
Number of updated asset objects reloaded before import = 0
Number of asset objects unloaded after import = 2
========================================================================
Received Import Request.
  Time since last request: 0.000018 seconds.
  path: Assets/Oculus/Interaction/Samples/Prefabs/OculusInteractionSamplesRayCanvas.prefab
  artifactKey: Guid(afb1615dd3b243a449003594175d971a) Importer(2089858483,0ecaa5967403d082aa24f35e1b516d23)
Start importing Assets/Oculus/Interaction/Samples/Prefabs/OculusInteractionSamplesRayCanvas.prefab using Guid(afb1615dd3b243a449003594175d971a) Importer(2089858483,0ecaa5967403d082aa24f35e1b516d23) [PhysX] Initialized MultithreadedTaskDispatcher with 32 workers.
 -> (artifact id: '73f1f8e8479a01945871c18d3aaeb453') in 0.061385 seconds
Number of updated asset objects reloaded before import = 0
Number of asset objects unloaded after import = 192
========================================================================
Received Import Request.
  Time since last request: 0.000022 seconds.
  path: Assets/Oculus/Interaction/Runtime/Materials/DebugUnlitMaterial.mat
  artifactKey: Guid(32c9cae82fc27e4429ecd48a7c3ea496) Importer(2089858483,0ecaa5967403d082aa24f35e1b516d23)
Start importing Assets/Oculus/Interaction/Runtime/Materials/DebugUnlitMaterial.mat using Guid(32c9cae82fc27e4429ecd48a7c3ea496) Importer(2089858483,0ecaa5967403d082aa24f35e1b516d23) [PhysX] Initialized MultithreadedTaskDispatcher with 32 workers.
 -> (artifact id: '0d22e08214bad8d69a617601977492d9') in 0.010063 seconds
Number of updated asset objects reloaded before import = 0
Number of asset objects unloaded after import = 1
========================================================================
Received Import Request.
  Time since last request: 0.000082 seconds.
  path: Assets/Oculus/Interaction/Editor/PoseDetection/FingerFeatureListPropertyDrawer.cs
  artifactKey: Guid(dffceaad44e34343a4e55875976ac097) Importer(2089858483,0ecaa5967403d082aa24f35e1b516d23)
Start importing Assets/Oculus/Interaction/Editor/PoseDetection/FingerFeatureListPropertyDrawer.cs using Guid(dffceaad44e34343a4e55875976ac097) Importer(2089858483,0ecaa5967403d082aa24f35e1b516d23) [PhysX] Initialized MultithreadedTaskDispatcher with 32 workers.
 -> (artifact id: '9c344907178c16af11712bc957640ded') in 0.018730 seconds
Number of updated asset objects reloaded before import = 0
Number of asset objects unloaded after import = 1
========================================================================
Received Import Request.
  Time since last request: 0.000070 seconds.
  path: Assets/Oculus/Interaction/Runtime/Materials/DistanceLine.mat
  artifactKey: Guid(6ca35ef23029a0243b2a3a93082a3c3d) Importer(2089858483,0ecaa5967403d082aa24f35e1b516d23)
Start importing Assets/Oculus/Interaction/Runtime/Materials/DistanceLine.mat using Guid(6ca35ef23029a0243b2a3a93082a3c3d) Importer(2089858483,0ecaa5967403d082aa24f35e1b516d23) [PhysX] Initialized MultithreadedTaskDispatcher with 32 workers.
 -> (artifact id: '388712143f7a4c954dfb3fe6057ca640') in 0.012439 seconds
Number of updated asset objects reloaded before import = 0
Number of asset objects unloaded after import = 1
========================================================================
Received Import Request.
  Time since last request: 0.000066 seconds.
  path: Assets/Oculus/Interaction/Samples/Animations/TutorialLocomotion_2.anim
  artifactKey: Guid(1b5eb14f2b778414fb2d8a7f6c0d58d2) Importer(2089858483,0ecaa5967403d082aa24f35e1b516d23)
Start importing Assets/Oculus/Interaction/Samples/Animations/TutorialLocomotion_2.anim using Guid(1b5eb14f2b778414fb2d8a7f6c0d58d2) Importer(2089858483,0ecaa5967403d082aa24f35e1b516d23) [PhysX] Initialized MultithreadedTaskDispatcher with 32 workers.
 -> (artifact id: 'fb69baf819e7241687fa822f1a98037a') in 0.059192 seconds
Number of updated asset objects reloaded before import = 0
Number of asset objects unloaded after import = 1
========================================================================
Received Import Request.
  Time since last request: 2.448932 seconds.
  path: Assets/Oculus/Interaction/Samples/Scripts/HideHandVisualOnGrab.cs
  artifactKey: Guid(b637179e0cc734442bf0e50111bcc634) Importer(2089858483,0ecaa5967403d082aa24f35e1b516d23)
Start importing Assets/Oculus/Interaction/Samples/Scripts/HideHandVisualOnGrab.cs using Guid(b637179e0cc734442bf0e50111bcc634) Importer(2089858483,0ecaa5967403d082aa24f35e1b516d23) [PhysX] Initialized MultithreadedTaskDispatcher with 32 workers.
 -> (artifact id: '6eb2c9d3f75e512b3cb2f5529b2a6f69') in 0.021580 seconds
Number of updated asset objects reloaded before import = 0
Number of asset objects unloaded after import = 1
========================================================================
Received Import Request.
  Time since last request: 0.000133 seconds.
  path: Assets/Oculus/SampleFramework/Usage/CustomHands/LightingData.asset
  artifactKey: Guid(60de2e578fcac464dab17362756f7e9b) Importer(2089858483,0ecaa5967403d082aa24f35e1b516d23)
Start importing Assets/Oculus/SampleFramework/Usage/CustomHands/LightingData.asset using Guid(60de2e578fcac464dab17362756f7e9b) Importer(2089858483,0ecaa5967403d082aa24f35e1b516d23) [PhysX] Initialized MultithreadedTaskDispatcher with 32 workers.
 -> (artifact id: 'ef43d012e85b1442807dd7da38484706') in 0.019841 seconds
Number of updated asset objects reloaded before import = 0
Number of asset objects unloaded after import = 2
========================================================================
Received Import Request.
  Time since last request: 0.000065 seconds.
  path: Assets/Oculus/LipSync/Plugins/MacOSX/OVRLipSync.bundle
  artifactKey: Guid(79c2e7f7b1a214443ab64ef151d6bd36) Importer(2089858483,0ecaa5967403d082aa24f35e1b516d23)
Start importing Assets/Oculus/LipSync/Plugins/MacOSX/OVRLipSync.bundle using Guid(79c2e7f7b1a214443ab64ef151d6bd36) Importer(2089858483,0ecaa5967403d082aa24f35e1b516d23) [PhysX] Initialized MultithreadedTaskDispatcher with 32 workers.
 -> (artifact id: 'b111aa1459d93df74ed558bb2e4a3d84') in 0.019178 seconds
Number of updated asset objects reloaded before import = 0
Number of asset objects unloaded after import = 1
========================================================================
Received Import Request.
  Time since last request: 0.000053 seconds.
  path: Assets/Oculus/Platform/Scripts/Models/PartyID.cs
  artifactKey: Guid(3a95381b7ca8c0c4b80b5cd5bd00b203) Importer(2089858483,0ecaa5967403d082aa24f35e1b516d23)
Start importing Assets/Oculus/Platform/Scripts/Models/PartyID.cs using Guid(3a95381b7ca8c0c4b80b5cd5bd00b203) Importer(2089858483,0ecaa5967403d082aa24f35e1b516d23) [PhysX] Initialized MultithreadedTaskDispatcher with 32 workers.
 -> (artifact id: '409e97e726f6cf5d9b031ffe9813f4a0') in 0.020294 seconds
Number of updated asset objects reloaded before import = 0
Number of asset objects unloaded after import = 1
========================================================================
Received Import Request.
  Time since last request: 0.000109 seconds.
  path: Assets/Oculus/Interaction/Samples/Textures/Peace.png
  artifactKey: Guid(431e856141e9fe24c88c6ed15c687498) Importer(2089858483,0ecaa5967403d082aa24f35e1b516d23)
Start importing Assets/Oculus/Interaction/Samples/Textures/Peace.png using Guid(431e856141e9fe24c88c6ed15c687498) Importer(2089858483,0ecaa5967403d082aa24f35e1b516d23) [PhysX] Initialized MultithreadedTaskDispatcher with 32 workers.
 -> (artifact id: 'fd397971c39d61b9e5e5c4ebc07c68b8') in 0.060590 seconds
Number of updated asset objects reloaded before import = 0
Number of asset objects unloaded after import = 1
========================================================================
Received Import Request.
  Time since last request: 0.000105 seconds.
  path: Assets/Oculus/SampleFramework/Core/TouchControllers/LeftControllerAnimator.controller
  artifactKey: Guid(643f2c61311b7c143952344a7a406239) Importer(2089858483,0ecaa5967403d082aa24f35e1b516d23)
Start importing Assets/Oculus/SampleFramework/Core/TouchControllers/LeftControllerAnimator.controller using Guid(643f2c61311b7c143952344a7a406239) Importer(2089858483,0ecaa5967403d082aa24f35e1b516d23) [PhysX] Initialized MultithreadedTaskDispatcher with 32 workers.
 -> (artifact id: '86c6a2bd5c68622a0f1902648082f90e') in 0.039595 seconds
Number of updated asset objects reloaded before import = 0
Number of asset objects unloaded after import = 37
========================================================================
Received Import Request.
  Time since last request: 0.000018 seconds.
  path: Assets/Oculus/Platform/Scripts/Models/AppDownloadProgressResult.cs
  artifactKey: Guid(25f163f65a485584e959ef48124ae22f) Importer(2089858483,0ecaa5967403d082aa24f35e1b516d23)
Start importing Assets/Oculus/Platform/Scripts/Models/AppDownloadProgressResult.cs using Guid(25f163f65a485584e959ef48124ae22f) Importer(2089858483,0ecaa5967403d082aa24f35e1b516d23) [PhysX] Initialized MultithreadedTaskDispatcher with 32 workers.
 -> (artifact id: '2bfdadf08703067b5f3eaef4ba285dbc') in 0.010965 seconds
Number of updated asset objects reloaded before import = 0
Number of asset objects unloaded after import = 1
========================================================================
Received Import Request.
  Time since last request: 0.000141 seconds.
  path: Assets/Oculus/Platform/Scripts/Models/HttpTransferUpdate.cs
  artifactKey: Guid(fcab648a59429684a9860794d256d230) Importer(2089858483,0ecaa5967403d082aa24f35e1b516d23)
Start importing Assets/Oculus/Platform/Scripts/Models/HttpTransferUpdate.cs using Guid(fcab648a59429684a9860794d256d230) Importer(2089858483,0ecaa5967403d082aa24f35e1b516d23) [PhysX] Initialized MultithreadedTaskDispatcher with 32 workers.
 -> (artifact id: '210d7223003a5679e90ac41f2c69aee8') in 0.013432 seconds
Number of updated asset objects reloaded before import = 0
Number of asset objects unloaded after import = 1
========================================================================
Received Import Request.
  Time since last request: 0.000015 seconds.
  path: Assets/Oculus/Voice/Samples/LightTraits/LightTraits.unity
  artifactKey: Guid(f6550828a620ba34aba5738d783f1006) Importer(2089858483,0ecaa5967403d082aa24f35e1b516d23)
Start importing Assets/Oculus/Voice/Samples/LightTraits/LightTraits.unity using Guid(f6550828a620ba34aba5738d783f1006) Importer(2089858483,0ecaa5967403d082aa24f35e1b516d23) [PhysX] Initialized MultithreadedTaskDispatcher with 32 workers.
 -> (artifact id: '703c66898c5486c89a31818dd713b97d') in 0.012520 seconds
Number of updated asset objects reloaded before import = 0
Number of asset objects unloaded after import = 1
========================================================================
Received Import Request.
  Time since last request: 0.000114 seconds.
  path: Assets/Oculus/Platform/Scripts/Models/NetSyncSession.cs
  artifactKey: Guid(7a9f17e67ff58744aba3493ae5cd9aa0) Importer(2089858483,0ecaa5967403d082aa24f35e1b516d23)
Start importing Assets/Oculus/Platform/Scripts/Models/NetSyncSession.cs using Guid(7a9f17e67ff58744aba3493ae5cd9aa0) Importer(2089858483,0ecaa5967403d082aa24f35e1b516d23) [PhysX] Initialized MultithreadedTaskDispatcher with 32 workers.
 -> (artifact id: '85c9f556c517412cd92d49a355b00bf7') in 0.017651 seconds
Number of updated asset objects reloaded before import = 0
Number of asset objects unloaded after import = 1
========================================================================
Received Import Request.
  Time since last request: 0.000035 seconds.
  path: Assets/Oculus/Platform/Scripts/Models/AssetFileDownloadCancelResult.cs
  artifactKey: Guid(80090c9e4db0f2a46bd1ff95e4c6407f) Importer(2089858483,0ecaa5967403d082aa24f35e1b516d23)
Start importing Assets/Oculus/Platform/Scripts/Models/AssetFileDownloadCancelResult.cs using Guid(80090c9e4db0f2a46bd1ff95e4c6407f) Importer(2089858483,0ecaa5967403d082aa24f35e1b516d23) [PhysX] Initialized MultithreadedTaskDispatcher with 32 workers.
 -> (artifact id: '93450c5355750101440c14fda46e35a4') in 0.015436 seconds
Number of updated asset objects reloaded before import = 0
Number of asset objects unloaded after import = 1
========================================================================
Received Import Request.
  Time since last request: 0.000017 seconds.
  path: Assets/Oculus/LipSync/Models/RobotHead_TextureFlip/TH.png
  artifactKey: Guid(d14bb80824ed25b44a65ddfc7f591e29) Importer(2089858483,0ecaa5967403d082aa24f35e1b516d23)
Start importing Assets/Oculus/LipSync/Models/RobotHead_TextureFlip/TH.png using Guid(d14bb80824ed25b44a65ddfc7f591e29) Importer(2089858483,0ecaa5967403d082aa24f35e1b516d23) [PhysX] Initialized MultithreadedTaskDispatcher with 32 workers.
 -> (artifact id: '2beed94ad373934aca0addd863f6215f') in 0.022711 seconds
Number of updated asset objects reloaded before import = 0
Number of asset objects unloaded after import = 1
========================================================================
Received Import Request.
  Time since last request: 0.000041 seconds.
  path: Assets/Oculus/Voice/Samples/LiveUnderstanding/Live Understanding - WitConfiguration.asset
  artifactKey: Guid(c0e2e0312d2a4094e8ec9d778f08e326) Importer(2089858483,0ecaa5967403d082aa24f35e1b516d23)
Start importing Assets/Oculus/Voice/Samples/LiveUnderstanding/Live Understanding - WitConfiguration.asset using Guid(c0e2e0312d2a4094e8ec9d778f08e326) Importer(2089858483,0ecaa5967403d082aa24f35e1b516d23) [PhysX] Initialized MultithreadedTaskDispatcher with 32 workers.
 -> (artifact id: '5d20e5462fe79ff0277b8076f89f4950') in 0.017769 seconds
Number of updated asset objects reloaded before import = 0
Number of asset objects unloaded after import = 1
========================================================================
Received Import Request.
  Time since last request: 0.000084 seconds.
  path: Assets/Oculus/Spatializer/scenes/sounds/speech.wav
  artifactKey: Guid(2cfa96c21e4f54c20824bd26cd46c10f) Importer(2089858483,0ecaa5967403d082aa24f35e1b516d23)
Start importing Assets/Oculus/Spatializer/scenes/sounds/speech.wav using Guid(2cfa96c21e4f54c20824bd26cd46c10f) Importer(2089858483,0ecaa5967403d082aa24f35e1b516d23) [PhysX] Initialized MultithreadedTaskDispatcher with 32 workers.
 -> (artifact id: 'd71da07794d92283a5160cf1a9885941') in 0.033534 seconds
Number of updated asset objects reloaded before import = 0
Number of asset objects unloaded after import = 1
========================================================================
Received Import Request.
  Time since last request: 0.000038 seconds.
  path: Assets/Oculus/Voice/Lib/Wit.ai/LICENSE
  artifactKey: Guid(ca52cefa5d9be7643968c328c2c55512) Importer(2089858483,0ecaa5967403d082aa24f35e1b516d23)
Start importing Assets/Oculus/Voice/Lib/Wit.ai/LICENSE using Guid(ca52cefa5d9be7643968c328c2c55512) Importer(2089858483,0ecaa5967403d082aa24f35e1b516d23) [PhysX] Initialized MultithreadedTaskDispatcher with 32 workers.
 -> (artifact id: '369c80e89080ac451d6797b8574c2fbf') in 0.015418 seconds
Number of updated asset objects reloaded before import = 0
Number of asset objects unloaded after import = 1
========================================================================
Received Import Request.
  Time since last request: 0.000129 seconds.
  path: Assets/Oculus/Platform/Plugins/Android32/libovrplatformloader.so
  artifactKey: Guid(7bbac53c3edcbf74397dbe8346c7d748) Importer(2089858483,0ecaa5967403d082aa24f35e1b516d23)
Start importing Assets/Oculus/Platform/Plugins/Android32/libovrplatformloader.so using Guid(7bbac53c3edcbf74397dbe8346c7d748) Importer(2089858483,0ecaa5967403d082aa24f35e1b516d23) [PhysX] Initialized MultithreadedTaskDispatcher with 32 workers.
 -> (artifact id: '3eec1d3e830ec9bc6703b7bcc393ee44') in 0.012199 seconds
Number of updated asset objects reloaded before import = 0
Number of asset objects unloaded after import = 1
========================================================================
Received Import Request.
  Time since last request: 0.000085 seconds.
  path: Assets/Oculus/Interaction/Samples/Shaders/MRDeskShadow.shader
  artifactKey: Guid(f78749865658de149abef9e52614f8fe) Importer(2089858483,0ecaa5967403d082aa24f35e1b516d23)
Start importing Assets/Oculus/Interaction/Samples/Shaders/MRDeskShadow.shader using Guid(f78749865658de149abef9e52614f8fe) Importer(2089858483,0ecaa5967403d082aa24f35e1b516d23) [PhysX] Initialized MultithreadedTaskDispatcher with 32 workers.
 -> (artifact id: '60d308f605006b306bff73bb5efac3ab') in 0.012403 seconds
Number of updated asset objects reloaded before import = 0
Number of asset objects unloaded after import = 1
========================================================================
Received Import Request.
  Time since last request: 0.000147 seconds.
  path: Assets/Oculus/Platform/Scripts/Models/LaunchInvitePanelFlowResult.cs
  artifactKey: Guid(5fbff5c671b91094f9e1da0a3dfe2abf) Importer(2089858483,0ecaa5967403d082aa24f35e1b516d23)
Start importing Assets/Oculus/Platform/Scripts/Models/LaunchInvitePanelFlowResult.cs using Guid(5fbff5c671b91094f9e1da0a3dfe2abf) Importer(2089858483,0ecaa5967403d082aa24f35e1b516d23) [PhysX] Initialized MultithreadedTaskDispatcher with 32 workers.
 -> (artifact id: 'd59be5bb5104c37916a89666b7684ba7') in 0.016544 seconds
Number of updated asset objects reloaded before import = 0
Number of asset objects unloaded after import = 1
========================================================================
Received Import Request.
  Time since last request: 0.000117 seconds.
  path: Assets/Oculus/LipSync/Models/FemaleHead_Morph/Female.fbx
  artifactKey: Guid(cbaf1c32e7ec84f10a51be1b09c0ef46) Importer(2089858483,0ecaa5967403d082aa24f35e1b516d23)
Start importing Assets/Oculus/LipSync/Models/FemaleHead_Morph/Female.fbx using Guid(cbaf1c32e7ec84f10a51be1b09c0ef46) Importer(2089858483,0ecaa5967403d082aa24f35e1b516d23) [PhysX] Initialized MultithreadedTaskDispatcher with 32 workers.
 -> (artifact id: '1a0bbe5162e07b4f577a6ec04a0457b9') in 0.062985 seconds
Number of updated asset objects reloaded before import = 0
Number of asset objects unloaded after import = 38
========================================================================
Received Import Request.
  Time since last request: 0.000022 seconds.
  path: Assets/Oculus/SampleFramework/Core/TouchControllers/RightControllerAnimator.controller
  artifactKey: Guid(3bd486f67a7a98c4db3db1785ff50c29) Importer(2089858483,0ecaa5967403d082aa24f35e1b516d23)
Start importing Assets/Oculus/SampleFramework/Core/TouchControllers/RightControllerAnimator.controller using Guid(3bd486f67a7a98c4db3db1785ff50c29) Importer(2089858483,0ecaa5967403d082aa24f35e1b516d23) [PhysX] Initialized MultithreadedTaskDispatcher with 32 workers.
 -> (artifact id: 'af4ca4cac26eb7c7fc43bdeff485e019') in 0.032775 seconds
Number of updated asset objects reloaded before import = 0
Number of asset objects unloaded after import = 37
========================================================================
Received Import Request.
  Time since last request: 0.000019 seconds.
  path: Assets/Oculus/Platform/Scripts/Models/UserDataStoreUpdateResponse.cs
  artifactKey: Guid(72e7914d1d9c1114ebfd97357cf34572) Importer(2089858483,0ecaa5967403d082aa24f35e1b516d23)
Start importing Assets/Oculus/Platform/Scripts/Models/UserDataStoreUpdateResponse.cs using Guid(72e7914d1d9c1114ebfd97357cf34572) Importer(2089858483,0ecaa5967403d082aa24f35e1b516d23) [PhysX] Initialized MultithreadedTaskDispatcher with 32 workers.
 -> (artifact id: '1dc7527b33e79a0055fa9ae990e9edfe') in 0.008328 seconds
Number of updated asset objects reloaded before import = 0
Number of asset objects unloaded after import = 1
========================================================================
Received Import Request.
  Time since last request: 0.000041 seconds.
  path: Assets/Oculus/Platform/Scripts/Models/AbuseReportRecording.cs
  artifactKey: Guid(0c2b12af41eef9f4786416f70fc1959c) Importer(2089858483,0ecaa5967403d082aa24f35e1b516d23)
Start importing Assets/Oculus/Platform/Scripts/Models/AbuseReportRecording.cs using Guid(0c2b12af41eef9f4786416f70fc1959c) Importer(2089858483,0ecaa5967403d082aa24f35e1b516d23) [PhysX] Initialized MultithreadedTaskDispatcher with 32 workers.
 -> (artifact id: '67b3bd3dc3e0867e2d4b48a1bf33a938') in 0.012983 seconds
Number of updated asset objects reloaded before import = 0
Number of asset objects unloaded after import = 1
========================================================================
Received Import Request.
  Time since last request: 0.000161 seconds.
  path: Assets/Oculus/LipSync/Scripts/Helpers/OVRTouchpad.cs
  artifactKey: Guid(edde1cb2a78471f409fce5084e6c720c) Importer(2089858483,0ecaa5967403d082aa24f35e1b516d23)
Start importing Assets/Oculus/LipSync/Scripts/Helpers/OVRTouchpad.cs using Guid(edde1cb2a78471f409fce5084e6c720c) Importer(2089858483,0ecaa5967403d082aa24f35e1b516d23) [PhysX] Initialized MultithreadedTaskDispatcher with 32 workers.
 -> (artifact id: '8e4933b8388236358b8e75a50d9584b9') in 0.015060 seconds
Number of updated asset objects reloaded before import = 0
Number of asset objects unloaded after import = 1
========================================================================
Received Import Request.
  Time since last request: 0.000073 seconds.
  path: Assets/Oculus/Voice/Samples/Chess/README.md
  artifactKey: Guid(7e1c7ba90f09a004ca37c528183f2bc8) Importer(2089858483,0ecaa5967403d082aa24f35e1b516d23)
Start importing Assets/Oculus/Voice/Samples/Chess/README.md using Guid(7e1c7ba90f09a004ca37c528183f2bc8) Importer(2089858483,0ecaa5967403d082aa24f35e1b516d23) [PhysX] Initialized MultithreadedTaskDispatcher with 32 workers.
 -> (artifact id: 'f343084785f96119f8fe8d14c7febc7c') in 0.012414 seconds
Number of updated asset objects reloaded before import = 0
Number of asset objects unloaded after import = 1
========================================================================
Received Import Request.
  Time since last request: 0.000089 seconds.
  path: Assets/Oculus/Platform/Scripts/Models/LaunchDetails.cs
  artifactKey: Guid(03ab56c36f18cf14fbeea9ce668871a7) Importer(2089858483,0ecaa5967403d082aa24f35e1b516d23)
Start importing Assets/Oculus/Platform/Scripts/Models/LaunchDetails.cs using Guid(03ab56c36f18cf14fbeea9ce668871a7) Importer(2089858483,0ecaa5967403d082aa24f35e1b516d23) [PhysX] Initialized MultithreadedTaskDispatcher with 32 workers.
 -> (artifact id: 'f8f9d5dcbfc1c466b3bb7823f0e05583') in 0.015287 seconds
Number of updated asset objects reloaded before import = 0
Number of asset objects unloaded after import = 1
========================================================================
Received Import Request.
  Time since last request: 2.421928 seconds.
  path: Assets/Oculus/Voice/Samples/Shapes/Shapes.unity
  artifactKey: Guid(e2afa732d18be6e43943396fdcda205d) Importer(2089858483,0ecaa5967403d082aa24f35e1b516d23)
Start importing Assets/Oculus/Voice/Samples/Shapes/Shapes.unity using Guid(e2afa732d18be6e43943396fdcda205d) Importer(2089858483,0ecaa5967403d082aa24f35e1b516d23) [PhysX] Initialized MultithreadedTaskDispatcher with 32 workers.
 -> (artifact id: '98ff22007547cce2fa8316006ef097b3') in 0.009301 seconds
Number of updated asset objects reloaded before import = 0
Number of asset objects unloaded after import = 1
========================================================================
Received Import Request.
  Time since last request: 0.000188 seconds.
  path: Assets/Oculus/VR/Scripts/OVRAnchor/OVRAnchor.cs
  artifactKey: Guid(5f2967bab93d4b57ab8d2b9799ca6de9) Importer(2089858483,0ecaa5967403d082aa24f35e1b516d23)
Start importing Assets/Oculus/VR/Scripts/OVRAnchor/OVRAnchor.cs using Guid(5f2967bab93d4b57ab8d2b9799ca6de9) Importer(2089858483,0ecaa5967403d082aa24f35e1b516d23) [PhysX] Initialized MultithreadedTaskDispatcher with 32 workers.
 -> (artifact id: '45ef0a82e7be995286ab85239af6d1fb') in 0.025788 seconds
Number of updated asset objects reloaded before import = 0
Number of asset objects unloaded after import = 1
========================================================================
Received Import Request.
  Time since last request: 0.000449 seconds.
  path: Assets/Oculus/VR/Editor/Textures/mqdh_icon.png
  artifactKey: Guid(c4ad52725d16842dd8385d0264dda36c) Importer(2089858483,0ecaa5967403d082aa24f35e1b516d23)
Start importing Assets/Oculus/VR/Editor/Textures/mqdh_icon.png using Guid(c4ad52725d16842dd8385d0264dda36c) Importer(2089858483,0ecaa5967403d082aa24f35e1b516d23) [PhysX] Initialized MultithreadedTaskDispatcher with 32 workers.
 -> (artifact id: '84d07b35ba6b274076ec0805e233fb83') in 0.038153 seconds
Number of updated asset objects reloaded before import = 0
Number of asset objects unloaded after import = 1
========================================================================
Received Import Request.
  Time since last request: 0.000053 seconds.
  path: Assets/Oculus/VR/Scripts/Util/OVRReadOnlyAttribute.cs
  artifactKey: Guid(7ab0aaa927d24aa40b4e2a6dc41aaa35) Importer(2089858483,0ecaa5967403d082aa24f35e1b516d23)
Start importing Assets/Oculus/VR/Scripts/Util/OVRReadOnlyAttribute.cs using Guid(7ab0aaa927d24aa40b4e2a6dc41aaa35) Importer(2089858483,0ecaa5967403d082aa24f35e1b516d23) [PhysX] Initialized MultithreadedTaskDispatcher with 32 workers.
 -> (artifact id: '1f79cc711b8431f4f90c04813f3a0efa') in 0.018547 seconds
Number of updated asset objects reloaded before import = 0
Number of asset objects unloaded after import = 1
========================================================================
Received Import Request.
  Time since last request: 0.000227 seconds.
  path: Assets/Oculus/VR/Scripts/Util/OVREnumerable.cs
  artifactKey: Guid(eb3d883f0f6745ccaa8ed10c8a8c206d) Importer(2089858483,0ecaa5967403d082aa24f35e1b516d23)
Start importing Assets/Oculus/VR/Scripts/Util/OVREnumerable.cs using Guid(eb3d883f0f6745ccaa8ed10c8a8c206d) Importer(2089858483,0ecaa5967403d082aa24f35e1b516d23) [PhysX] Initialized MultithreadedTaskDispatcher with 32 workers.
 -> (artifact id: 'baefcf335ab400bdebc74b90dc25cd88') in 0.010274 seconds
Number of updated asset objects reloaded before import = 0
Number of asset objects unloaded after import = 1
========================================================================
Received Import Request.
  Time since last request: 0.000091 seconds.
  path: Assets/Oculus/VR/Scripts/Util/OVRGrabbable.cs
  artifactKey: Guid(02d61468f8b77ae4b92c344bc9a600fb) Importer(2089858483,0ecaa5967403d082aa24f35e1b516d23)
Start importing Assets/Oculus/VR/Scripts/Util/OVRGrabbable.cs using Guid(02d61468f8b77ae4b92c344bc9a600fb) Importer(2089858483,0ecaa5967403d082aa24f35e1b516d23) [PhysX] Initialized MultithreadedTaskDispatcher with 32 workers.
 -> (artifact id: '794d15edc60ae07520cc4cfc3236e3a9') in 0.012670 seconds
Number of updated asset objects reloaded before import = 0
Number of asset objects unloaded after import = 1
========================================================================
Received Import Request.
  Time since last request: 0.000103 seconds.
  path: Assets/Oculus/VR/Scripts/Util/OVRPlayerController.cs
  artifactKey: Guid(0950df82e7936c84983497630bde5b54) Importer(2089858483,0ecaa5967403d082aa24f35e1b516d23)
Start importing Assets/Oculus/VR/Scripts/Util/OVRPlayerController.cs using Guid(0950df82e7936c84983497630bde5b54) Importer(2089858483,0ecaa5967403d082aa24f35e1b516d23) [PhysX] Initialized MultithreadedTaskDispatcher with 32 workers.
 -> (artifact id: '5e8d912ee0154ad49b4bd33e050054a5') in 0.013918 seconds
Number of updated asset objects reloaded before import = 0
Number of asset objects unloaded after import = 1
========================================================================
Received Import Request.
  Time since last request: 0.000017 seconds.
  path: Assets/Oculus/VR/Scripts/Util/OVRMonoscopic.cs
  artifactKey: Guid(06ef2a389c534554c848533f88dbb32c) Importer(2089858483,0ecaa5967403d082aa24f35e1b516d23)
Start importing Assets/Oculus/VR/Scripts/Util/OVRMonoscopic.cs using Guid(06ef2a389c534554c848533f88dbb32c) Importer(2089858483,0ecaa5967403d082aa24f35e1b516d23) [PhysX] Initialized MultithreadedTaskDispatcher with 32 workers.
 -> (artifact id: 'f913e4328a1348bc7919019935637ec4') in 0.012422 seconds
Number of updated asset objects reloaded before import = 0
Number of asset objects unloaded after import = 1
========================================================================
Received Import Request.
  Time since last request: 0.000094 seconds.
  path: Assets/Oculus/Interaction/Editor/Selection/Controllers/ControllerOffsetEditor.cs
  artifactKey: Guid(65515f2ba0e41684cbc782bcd3460a0a) Importer(2089858483,0ecaa5967403d082aa24f35e1b516d23)
Start importing Assets/Oculus/Interaction/Editor/Selection/Controllers/ControllerOffsetEditor.cs using Guid(65515f2ba0e41684cbc782bcd3460a0a) Importer(2089858483,0ecaa5967403d082aa24f35e1b516d23) [PhysX] Initialized MultithreadedTaskDispatcher with 32 workers.
 -> (artifact id: '686ed7fb9d96fdb4137e7145d562a53e') in 0.007061 seconds
Number of updated asset objects reloaded before import = 0
Number of asset objects unloaded after import = 1
========================================================================
Received Import Request.
  Time since last request: 0.000088 seconds.
  path: Assets/Oculus/VR/Scripts/Util/OVRWaitCursor.cs
  artifactKey: Guid(d313011a8bc474fe49260bde01cffcd3) Importer(2089858483,0ecaa5967403d082aa24f35e1b516d23)
Start importing Assets/Oculus/VR/Scripts/Util/OVRWaitCursor.cs using Guid(d313011a8bc474fe49260bde01cffcd3) Importer(2089858483,0ecaa5967403d082aa24f35e1b516d23) [PhysX] Initialized MultithreadedTaskDispatcher with 32 workers.
 -> (artifact id: '3238ab479cf152190bdfa1678320a681') in 0.011815 seconds
Number of updated asset objects reloaded before import = 0
Number of asset objects unloaded after import = 1
========================================================================
Received Import Request.
  Time since last request: 0.000018 seconds.
  path: Assets/Oculus/Interaction/OVRIntegration/Editor/UnityCanvas/OVRCanvasMeshRendererEditor.cs
  artifactKey: Guid(99515fe40d88cbc438e5059565d292ad) Importer(2089858483,0ecaa5967403d082aa24f35e1b516d23)
Start importing Assets/Oculus/Interaction/OVRIntegration/Editor/UnityCanvas/OVRCanvasMeshRendererEditor.cs using Guid(99515fe40d88cbc438e5059565d292ad) Importer(2089858483,0ecaa5967403d082aa24f35e1b516d23) [PhysX] Initialized MultithreadedTaskDispatcher with 32 workers.
 -> (artifact id: '792cae2a053af9ae8a53d767ae8fc01e') in 0.011749 seconds
Number of updated asset objects reloaded before import = 0
Number of asset objects unloaded after import = 1
========================================================================
Received Import Request.
  Time since last request: 0.000020 seconds.
  path: Assets/Oculus/VR/Textures/Logos/OculusLogo.png
  artifactKey: Guid(a56d69833b6471340bd0029e57449b72) Importer(2089858483,0ecaa5967403d082aa24f35e1b516d23)
Start importing Assets/Oculus/VR/Textures/Logos/OculusLogo.png using Guid(a56d69833b6471340bd0029e57449b72) Importer(2089858483,0ecaa5967403d082aa24f35e1b516d23) [PhysX] Initialized MultithreadedTaskDispatcher with 32 workers.
 -> (artifact id: 'a65efca7ea88773960c6a0b440d0c322') in 0.021055 seconds
Number of updated asset objects reloaded before import = 0
Number of asset objects unloaded after import = 1
========================================================================
Received Import Request.
  Time since last request: 0.000024 seconds.
  path: Assets/Oculus/Interaction/OVRIntegration/Runtime/Prefabs/OVRHands.prefab
  artifactKey: Guid(ea16c3c8c1688234fa81a4f39339bf1b) Importer(2089858483,0ecaa5967403d082aa24f35e1b516d23)
Start importing Assets/Oculus/Interaction/OVRIntegration/Runtime/Prefabs/OVRHands.prefab using Guid(ea16c3c8c1688234fa81a4f39339bf1b) Importer(2089858483,0ecaa5967403d082aa24f35e1b516d23) [PhysX] Initialized MultithreadedTaskDispatcher with 32 workers.
 -> (artifact id: '14642b72d64350c8bdc27dccb3b58bf3') in 0.034720 seconds
Number of updated asset objects reloaded before import = 0
Number of asset objects unloaded after import = 413
========================================================================
Received Import Request.
  Time since last request: 0.000019 seconds.
  path: Assets/Oculus/Interaction/Editor/Grab/HandGrab/HandGrabInteractableEditor.cs
  artifactKey: Guid(e5ce7770848930447885c9abba8bb99a) Importer(2089858483,0ecaa5967403d082aa24f35e1b516d23)
Start importing Assets/Oculus/Interaction/Editor/Grab/HandGrab/HandGrabInteractableEditor.cs using Guid(e5ce7770848930447885c9abba8bb99a) Importer(2089858483,0ecaa5967403d082aa24f35e1b516d23) [PhysX] Initialized MultithreadedTaskDispatcher with 32 workers.
 -> (artifact id: 'efaa5f8ffd6aae101bb7f4647d518f4a') in 0.013145 seconds
Number of updated asset objects reloaded before import = 0
Number of asset objects unloaded after import = 1
========================================================================
Received Import Request.
  Time since last request: 0.000172 seconds.
  path: Assets/Oculus/VR/Editor/BuildingBlocks/BlockCreationWindow.cs
  artifactKey: Guid(90ee796f526790b44b5edcb71dc110e9) Importer(2089858483,0ecaa5967403d082aa24f35e1b516d23)
Start importing Assets/Oculus/VR/Editor/BuildingBlocks/BlockCreationWindow.cs using Guid(90ee796f526790b44b5edcb71dc110e9) Importer(2089858483,0ecaa5967403d082aa24f35e1b516d23) [PhysX] Initialized MultithreadedTaskDispatcher with 32 workers.
 -> (artifact id: '5646fb57d67f567d9dfb2672e72c5d37') in 0.009942 seconds
Number of updated asset objects reloaded before import = 0
Number of asset objects unloaded after import = 1
========================================================================
Received Import Request.
  Time since last request: 0.000092 seconds.
  path: Assets/Oculus/VR/Editor/OVRProjectSetup/OVRProjectSetupCli.cs
  artifactKey: Guid(de9f8b9e7f4f94a7ebb0b090513870ae) Importer(2089858483,0ecaa5967403d082aa24f35e1b516d23)
Start importing Assets/Oculus/VR/Editor/OVRProjectSetup/OVRProjectSetupCli.cs using Guid(de9f8b9e7f4f94a7ebb0b090513870ae) Importer(2089858483,0ecaa5967403d082aa24f35e1b516d23) [PhysX] Initialized MultithreadedTaskDispatcher with 32 workers.
 -> (artifact id: 'd35abdb7209cb37d821eab87fc72faf1') in 0.010960 seconds
Number of updated asset objects reloaded before import = 0
Number of asset objects unloaded after import = 1
========================================================================
Received Import Request.
  Time since last request: 0.000080 seconds.
  path: Assets/Oculus/Interaction/Editor/Grab/SnapSurfaces/BoxGrabSurfaceEditor.cs
  artifactKey: Guid(baf3d860debef0947b62cdebdd94cb74) Importer(2089858483,0ecaa5967403d082aa24f35e1b516d23)
Start importing Assets/Oculus/Interaction/Editor/Grab/SnapSurfaces/BoxGrabSurfaceEditor.cs using Guid(baf3d860debef0947b62cdebdd94cb74) Importer(2089858483,0ecaa5967403d082aa24f35e1b516d23) [PhysX] Initialized MultithreadedTaskDispatcher with 32 workers.
 -> (artifact id: '55172da3276e7815f0daf13ff62aa2eb') in 0.009188 seconds
Number of updated asset objects reloaded before import = 0
Number of asset objects unloaded after import = 1
========================================================================
Received Import Request.
  Time since last request: 0.000101 seconds.
  path: Assets/Oculus/VR/Scripts/Util/OVRAutoDestroyInMRC.cs
  artifactKey: Guid(42a68265e2d624d49ae7fced6a7e4d91) Importer(2089858483,0ecaa5967403d082aa24f35e1b516d23)
Start importing Assets/Oculus/VR/Scripts/Util/OVRAutoDestroyInMRC.cs using Guid(42a68265e2d624d49ae7fced6a7e4d91) Importer(2089858483,0ecaa5967403d082aa24f35e1b516d23) [PhysX] Initialized MultithreadedTaskDispatcher with 32 workers.
 -> (artifact id: '3e2723cd431c8ad5122a4043c0fcdae4') in 0.007231 seconds
Number of updated asset objects reloaded before import = 0
Number of asset objects unloaded after import = 1
========================================================================
Received Import Request.
  Time since last request: 0.000127 seconds.
  path: Assets/Oculus/VR/Scripts/Util/OVRCustomFaceExtensions.cs
  artifactKey: Guid(2ba24b6fa2950c548a28fffacb177271) Importer(2089858483,0ecaa5967403d082aa24f35e1b516d23)
Start importing Assets/Oculus/VR/Scripts/Util/OVRCustomFaceExtensions.cs using Guid(2ba24b6fa2950c548a28fffacb177271) Importer(2089858483,0ecaa5967403d082aa24f35e1b516d23) [PhysX] Initialized MultithreadedTaskDispatcher with 32 workers.
 -> (artifact id: '9aab2dadb23f64a1aaf3069a830a175e') in 0.010766 seconds
Number of updated asset objects reloaded before import = 0
Number of asset objects unloaded after import = 1
========================================================================
Received Import Request.
  Time since last request: 0.000147 seconds.
  path: Assets/Oculus/VR/Scripts/Util/OVRMixedRealityCaptureSettings.cs
  artifactKey: Guid(99bbd170d56da4248941de890e6d7af5) Importer(2089858483,0ecaa5967403d082aa24f35e1b516d23)
Start importing Assets/Oculus/VR/Scripts/Util/OVRMixedRealityCaptureSettings.cs using Guid(99bbd170d56da4248941de890e6d7af5) Importer(2089858483,0ecaa5967403d082aa24f35e1b516d23) [PhysX] Initialized MultithreadedTaskDispatcher with 32 workers.
 -> (artifact id: 'b23ca67e85d23a1ab55212e09e17b38e') in 0.021459 seconds
Number of updated asset objects reloaded before import = 0
Number of asset objects unloaded after import = 1
========================================================================
Received Import Request.
  Time since last request: 0.000085 seconds.
  path: Assets/Oculus/VR/Editor/Icons/ovr_icon_warning.png
  artifactKey: Guid(ada9ebcdd54958743931f34f7469052a) Importer(2089858483,0ecaa5967403d082aa24f35e1b516d23)
Start importing Assets/Oculus/VR/Editor/Icons/ovr_icon_warning.png using Guid(ada9ebcdd54958743931f34f7469052a) Importer(2089858483,0ecaa5967403d082aa24f35e1b516d23) [PhysX] Initialized MultithreadedTaskDispatcher with 32 workers.
 -> (artifact id: 'db8bede7a47e3ab18fe3289a4693d2dc') in 0.023008 seconds
Number of updated asset objects reloaded before import = 0
Number of asset objects unloaded after import = 1
========================================================================
Received Import Request.
  Time since last request: 0.000145 seconds.
  path: Assets/Oculus/Interaction/Editor/Grab/SnapSurfaces/BezierGrabSurfaceEditor.cs
  artifactKey: Guid(718688abdc60caa4984fe98623ff42dd) Importer(2089858483,0ecaa5967403d082aa24f35e1b516d23)
Start importing Assets/Oculus/Interaction/Editor/Grab/SnapSurfaces/BezierGrabSurfaceEditor.cs using Guid(718688abdc60caa4984fe98623ff42dd) Importer(2089858483,0ecaa5967403d082aa24f35e1b516d23) [PhysX] Initialized MultithreadedTaskDispatcher with 32 workers.
 -> (artifact id: 'c3df4a52bbc1655d81968389acb06d3d') in 0.018185 seconds
Number of updated asset objects reloaded before import = 0
Number of asset objects unloaded after import = 1
========================================================================
Received Import Request.
  Time since last request: 0.000020 seconds.
  path: Assets/Oculus/VR/Prefabs/OVRTrackedKeyboard/OVRHandMask_L.prefab
  artifactKey: Guid(9aaa891e0ba205049a65645fcd08743a) Importer(2089858483,0ecaa5967403d082aa24f35e1b516d23)
Start importing Assets/Oculus/VR/Prefabs/OVRTrackedKeyboard/OVRHandMask_L.prefab using Guid(9aaa891e0ba205049a65645fcd08743a) Importer(2089858483,0ecaa5967403d082aa24f35e1b516d23) [PhysX] Initialized MultithreadedTaskDispatcher with 32 workers.
 -> (artifact id: '21b5b87c7d91cef5b5febd3f8427695f') in 0.018473 seconds
Number of updated asset objects reloaded before import = 0
Number of asset objects unloaded after import = 240
========================================================================
Received Import Request.
  Time since last request: 0.000017 seconds.
  path: Assets/Oculus/AudioManager/Scripts/Utils/Editor/Oculus.AudioManager.Utils.Editor.asmdef
  artifactKey: Guid(4e79697c263b8554db87efff0e7046ba) Importer(2089858483,0ecaa5967403d082aa24f35e1b516d23)
Start importing Assets/Oculus/AudioManager/Scripts/Utils/Editor/Oculus.AudioManager.Utils.Editor.asmdef using Guid(4e79697c263b8554db87efff0e7046ba) Importer(2089858483,0ecaa5967403d082aa24f35e1b516d23) [PhysX] Initialized MultithreadedTaskDispatcher with 32 workers.
 -> (artifact id: '1109399685f16a5701250d442f7755d9') in 0.014922 seconds
Number of updated asset objects reloaded before import = 0
Number of asset objects unloaded after import = 1
========================================================================
Received Import Request.
  Time since last request: 0.000103 seconds.
  path: Assets/Oculus/VR/Scripts/OVRTelemetry/OVRTelemetryConstants.cs
  artifactKey: Guid(0d9b29931a92f8c4ab7821d7bea55f2b) Importer(2089858483,0ecaa5967403d082aa24f35e1b516d23)
Start importing Assets/Oculus/VR/Scripts/OVRTelemetry/OVRTelemetryConstants.cs using Guid(0d9b29931a92f8c4ab7821d7bea55f2b) Importer(2089858483,0ecaa5967403d082aa24f35e1b516d23) [PhysX] Initialized MultithreadedTaskDispatcher with 32 workers.
 -> (artifact id: '1533620924865f9251c8cfc7a937c1cc') in 0.009705 seconds
Number of updated asset objects reloaded before import = 0
Number of asset objects unloaded after import = 1
========================================================================
Received Import Request.
  Time since last request: 0.000040 seconds.
  path: Assets/Oculus/AudioManager/Scripts/Audio/Editor/MinMaxPropertyDrawer.cs
  artifactKey: Guid(225aed143a64c4a6a93f3a07656ac5cd) Importer(2089858483,0ecaa5967403d082aa24f35e1b516d23)
Start importing Assets/Oculus/AudioManager/Scripts/Audio/Editor/MinMaxPropertyDrawer.cs using Guid(225aed143a64c4a6a93f3a07656ac5cd) Importer(2089858483,0ecaa5967403d082aa24f35e1b516d23) [PhysX] Initialized MultithreadedTaskDispatcher with 32 workers.
 -> (artifact id: 'ce4bbb7b3573520febe86ec46db6c43d') in 0.011166 seconds
Number of updated asset objects reloaded before import = 0
Number of asset objects unloaded after import = 1
========================================================================
Received Import Request.
  Time since last request: 0.000095 seconds.
  path: Assets/Oculus/VR/Scripts/Util/OVRChromaticAberration.cs
  artifactKey: Guid(3b56515a831f2fb44bc7ae02679aeebc) Importer(2089858483,0ecaa5967403d082aa24f35e1b516d23)
Start importing Assets/Oculus/VR/Scripts/Util/OVRChromaticAberration.cs using Guid(3b56515a831f2fb44bc7ae02679aeebc) Importer(2089858483,0ecaa5967403d082aa24f35e1b516d23) [PhysX] Initialized MultithreadedTaskDispatcher with 32 workers.
 -> (artifact id: 'e19c95d38534f802f46e708bb0de902a') in 0.012959 seconds
Number of updated asset objects reloaded before import = 0
Number of asset objects unloaded after import = 1
========================================================================
Received Import Request.
  Time since last request: 0.000074 seconds.
  path: Assets/Oculus/VR/Scripts/Editor/Oculus.VR.Scripts.Editor.asmdef
  artifactKey: Guid(7305c54a43f3814439df347c7519653e) Importer(2089858483,0ecaa5967403d082aa24f35e1b516d23)
Start importing Assets/Oculus/VR/Scripts/Editor/Oculus.VR.Scripts.Editor.asmdef using Guid(7305c54a43f3814439df347c7519653e) Importer(2089858483,0ecaa5967403d082aa24f35e1b516d23) [PhysX] Initialized MultithreadedTaskDispatcher with 32 workers.
 -> (artifact id: 'dd812313a69e51e150e563cf6e28fa2f') in 0.010973 seconds
Number of updated asset objects reloaded before import = 0
Number of asset objects unloaded after import = 1
========================================================================
Received Import Request.
  Time since last request: 0.000127 seconds.
  path: Assets/Oculus/VR/Scripts/Util/OVRSpectatorModeDomeTest.cs
  artifactKey: Guid(c4f8903397a67414fbb142fa1bfacede) Importer(2089858483,0ecaa5967403d082aa24f35e1b516d23)
Start importing Assets/Oculus/VR/Scripts/Util/OVRSpectatorModeDomeTest.cs using Guid(c4f8903397a67414fbb142fa1bfacede) Importer(2089858483,0ecaa5967403d082aa24f35e1b516d23) [PhysX] Initialized MultithreadedTaskDispatcher with 32 workers.
 -> (artifact id: 'a9c45cfba521455111540ec6d10b036e') in 0.012519 seconds
Number of updated asset objects reloaded before import = 0
Number of asset objects unloaded after import = 1
========================================================================
Received Import Request.
  Time since last request: 0.000058 seconds.
  path: Assets/Oculus/Interaction/Editor/Grab/HandGrab/DistanceHandGrabInteractableEditor.cs
  artifactKey: Guid(fbb2e01d7c7a6904eaa71da7a854bfad) Importer(2089858483,0ecaa5967403d082aa24f35e1b516d23)
Start importing Assets/Oculus/Interaction/Editor/Grab/HandGrab/DistanceHandGrabInteractableEditor.cs using Guid(fbb2e01d7c7a6904eaa71da7a854bfad) Importer(2089858483,0ecaa5967403d082aa24f35e1b516d23) [PhysX] Initialized MultithreadedTaskDispatcher with 32 workers.
 -> (artifact id: '8e1895c971b2afcec9e63a90df790449') in 0.012435 seconds
Number of updated asset objects reloaded before import = 0
Number of asset objects unloaded after import = 1
========================================================================
Received Import Request.
  Time since last request: 0.000086 seconds.
  path: Assets/Oculus/VR/Scripts/OVRVirtualKeyboard/OVRVirtualKeyboardSampleControls.cs
  artifactKey: Guid(37bf64640c1708d45a7c15255f5fd55a) Importer(2089858483,0ecaa5967403d082aa24f35e1b516d23)
Start importing Assets/Oculus/VR/Scripts/OVRVirtualKeyboard/OVRVirtualKeyboardSampleControls.cs using Guid(37bf64640c1708d45a7c15255f5fd55a) Importer(2089858483,0ecaa5967403d082aa24f35e1b516d23) [PhysX] Initialized MultithreadedTaskDispatcher with 32 workers.
 -> (artifact id: 'fce8655fb8284b17388e5e9a3abcc123') in 0.010608 seconds
Number of updated asset objects reloaded before import = 0
Number of asset objects unloaded after import = 1
========================================================================
Received Import Request.
  Time since last request: 0.000098 seconds.
  path: Assets/Oculus/VR/Editor/OVRTelemetry/OVREditorStart.cs
  artifactKey: Guid(7d189d8823dc469488d12162395ba329) Importer(2089858483,0ecaa5967403d082aa24f35e1b516d23)
Start importing Assets/Oculus/VR/Editor/OVRTelemetry/OVREditorStart.cs using Guid(7d189d8823dc469488d12162395ba329) Importer(2089858483,0ecaa5967403d082aa24f35e1b516d23) [PhysX] Initialized MultithreadedTaskDispatcher with 32 workers.
 -> (artifact id: '2d0e4861f587f06c9db21a6616674f27') in 0.011561 seconds
Number of updated asset objects reloaded before import = 0
Number of asset objects unloaded after import = 1
========================================================================
Received Import Request.
  Time since last request: 0.000019 seconds.
  path: Assets/Oculus/VR/Scripts/OVRTelemetry/OVRTelemetryMarker.cs
  artifactKey: Guid(12346e489d1e4e4486812e77113174b9) Importer(2089858483,0ecaa5967403d082aa24f35e1b516d23)
Start importing Assets/Oculus/VR/Scripts/OVRTelemetry/OVRTelemetryMarker.cs using Guid(12346e489d1e4e4486812e77113174b9) Importer(2089858483,0ecaa5967403d082aa24f35e1b516d23) [PhysX] Initialized MultithreadedTaskDispatcher with 32 workers.
 -> (artifact id: 'd822c38f8e49e9f70bedeb5303f96a7e') in 0.009174 seconds
Number of updated asset objects reloaded before import = 0
Number of asset objects unloaded after import = 1
========================================================================
Received Import Request.
  Time since last request: 2.333916 seconds.
  path: Assets/Oculus/Interaction/OVRIntegration/Runtime/Prefabs/OVRInteraction.prefab
  artifactKey: Guid(2f94427b8dd14ea498fd92aee3ec9f0f) Importer(2089858483,0ecaa5967403d082aa24f35e1b516d23)
Start importing Assets/Oculus/Interaction/OVRIntegration/Runtime/Prefabs/OVRInteraction.prefab using Guid(2f94427b8dd14ea498fd92aee3ec9f0f) Importer(2089858483,0ecaa5967403d082aa24f35e1b516d23) [PhysX] Initialized MultithreadedTaskDispatcher with 32 workers.
 -> (artifact id: 'e3cf43b99674a69591c367ece9d23fac') in 0.037429 seconds
Number of updated asset objects reloaded before import = 0
Number of asset objects unloaded after import = 12
========================================================================
Received Import Request.
  Time since last request: 0.000342 seconds.
  path: Assets/Oculus/Interaction/Samples/Audio/Content/Interaction_Locomotion_SnapTurn.wav
  artifactKey: Guid(73b1216fbe8e8c7408f4269715da6d86) Importer(2089858483,0ecaa5967403d082aa24f35e1b516d23)
Start importing Assets/Oculus/Interaction/Samples/Audio/Content/Interaction_Locomotion_SnapTurn.wav using Guid(73b1216fbe8e8c7408f4269715da6d86) Importer(2089858483,0ecaa5967403d082aa24f35e1b516d23) [PhysX] Initialized MultithreadedTaskDispatcher with 32 workers.
 -> (artifact id: '7727e8b650fc7aa7ba710431b3c499e0') in 0.024547 seconds
Number of updated asset objects reloaded before import = 0
Number of asset objects unloaded after import = 1
========================================================================
Received Import Request.
  Time since last request: 0.000021 seconds.
  path: Assets/Oculus/Interaction/Runtime/Scripts/Throw/IPoseInputDevice.cs
  artifactKey: Guid(977ecdca40477174eb47996d9c8d700d) Importer(2089858483,0ecaa5967403d082aa24f35e1b516d23)
Start importing Assets/Oculus/Interaction/Runtime/Scripts/Throw/IPoseInputDevice.cs using Guid(977ecdca40477174eb47996d9c8d700d) Importer(2089858483,0ecaa5967403d082aa24f35e1b516d23) [PhysX] Initialized MultithreadedTaskDispatcher with 32 workers.
 -> (artifact id: '0080b83fbda62ce8badd5fd5d4ecc03a') in 0.019303 seconds
Number of updated asset objects reloaded before import = 0
Number of asset objects unloaded after import = 1
========================================================================
Received Import Request.
  Time since last request: 0.000067 seconds.
  path: Assets/Oculus/Interaction/Samples/Audio/Content/Interaction_BasicGrab_Release_02.wav
  artifactKey: Guid(c778383a4f7517444bceb89ec51cc4c9) Importer(2089858483,0ecaa5967403d082aa24f35e1b516d23)
Start importing Assets/Oculus/Interaction/Samples/Audio/Content/Interaction_BasicGrab_Release_02.wav using Guid(c778383a4f7517444bceb89ec51cc4c9) Importer(2089858483,0ecaa5967403d082aa24f35e1b516d23) [PhysX] Initialized MultithreadedTaskDispatcher with 32 workers.
 -> (artifact id: '6e8849a650c9c4c853db4fe7a5c620cd') in 0.028459 seconds
Number of updated asset objects reloaded before import = 0
Number of asset objects unloaded after import = 1
========================================================================
Received Import Request.
  Time since last request: 0.000120 seconds.
  path: Assets/Oculus/Interaction/Runtime/Scripts/PoseDetection/FeatureConfigBuilder.cs
  artifactKey: Guid(1bb5c328f4204486ad98f3f962154e07) Importer(2089858483,0ecaa5967403d082aa24f35e1b516d23)
Start importing Assets/Oculus/Interaction/Runtime/Scripts/PoseDetection/FeatureConfigBuilder.cs using Guid(1bb5c328f4204486ad98f3f962154e07) Importer(2089858483,0ecaa5967403d082aa24f35e1b516d23) [PhysX] Initialized MultithreadedTaskDispatcher with 32 workers.
 -> (artifact id: 'ac25ea46a4618ead245a9c5ff51604a8') in 0.013006 seconds
Number of updated asset objects reloaded before import = 0
Number of asset objects unloaded after import = 1
========================================================================
Received Import Request.
  Time since last request: 0.000159 seconds.
  path: Assets/Oculus/Interaction/Samples/Audio/Content/Interaction_BasicPoke_ToyButton_Press_02.wav
  artifactKey: Guid(2ed5105a8954bb84186243c8ac778daf) Importer(2089858483,0ecaa5967403d082aa24f35e1b516d23)
Start importing Assets/Oculus/Interaction/Samples/Audio/Content/Interaction_BasicPoke_ToyButton_Press_02.wav using Guid(2ed5105a8954bb84186243c8ac778daf) Importer(2089858483,0ecaa5967403d082aa24f35e1b516d23) [PhysX] Initialized MultithreadedTaskDispatcher with 32 workers.
 -> (artifact id: 'cd6b0ab48459d0eb4a649d3fcf653506') in 0.023687 seconds
Number of updated asset objects reloaded before import = 0
Number of asset objects unloaded after import = 1
========================================================================
Received Import Request.
  Time since last request: 0.000043 seconds.
  path: Assets/Oculus/Interaction/Runtime/Scripts/Unity/PointableCanvasModule.cs
  artifactKey: Guid(2518c50cb3fc6a6458d4b743c2f69c7d) Importer(2089858483,0ecaa5967403d082aa24f35e1b516d23)
Start importing Assets/Oculus/Interaction/Runtime/Scripts/Unity/PointableCanvasModule.cs using Guid(2518c50cb3fc6a6458d4b743c2f69c7d) Importer(2089858483,0ecaa5967403d082aa24f35e1b516d23) [PhysX] Initialized MultithreadedTaskDispatcher with 32 workers.
 -> (artifact id: '859d38642e6a29f5f98575214dd5d2de') in 0.008849 seconds
Number of updated asset objects reloaded before import = 0
Number of asset objects unloaded after import = 1
========================================================================
Received Import Request.
  Time since last request: 0.000160 seconds.
  path: Assets/Oculus/Interaction/Runtime/ThirdParty/LeapMotion/LICENSE-2.0.txt
  artifactKey: Guid(272d3d7ae5cbedd4b90fbe0d4ec1c6e3) Importer(2089858483,0ecaa5967403d082aa24f35e1b516d23)
Start importing Assets/Oculus/Interaction/Runtime/ThirdParty/LeapMotion/LICENSE-2.0.txt using Guid(272d3d7ae5cbedd4b90fbe0d4ec1c6e3) Importer(2089858483,0ecaa5967403d082aa24f35e1b516d23) [PhysX] Initialized MultithreadedTaskDispatcher with 32 workers.
 -> (artifact id: '7bb493243b3c206574db40a66945b540') in 0.009845 seconds
Number of updated asset objects reloaded before import = 0
Number of asset objects unloaded after import = 1
========================================================================
Received Import Request.
  Time since last request: 0.000024 seconds.
  path: Assets/Oculus/Interaction/Samples/Audio/Prefabs/BasicPokeButtonPressAudio.prefab
  artifactKey: Guid(4b2ec9cc45d57c047b74113a934b6887) Importer(2089858483,0ecaa5967403d082aa24f35e1b516d23)
Start importing Assets/Oculus/Interaction/Samples/Audio/Prefabs/BasicPokeButtonPressAudio.prefab using Guid(4b2ec9cc45d57c047b74113a934b6887) Importer(2089858483,0ecaa5967403d082aa24f35e1b516d23) [PhysX] Initialized MultithreadedTaskDispatcher with 32 workers.
 -> (artifact id: '998858979efd9e81b708bfec64702406') in 0.022307 seconds
Number of updated asset objects reloaded before import = 0
Number of asset objects unloaded after import = 7
========================================================================
Received Import Request.
  Time since last request: 0.000020 seconds.
  path: Assets/Oculus/Interaction/Runtime/Scripts/Grab/GrabbingRule.cs
  artifactKey: Guid(73275021f6e6b1444b1fed2f2dab865e) Importer(2089858483,0ecaa5967403d082aa24f35e1b516d23)
Start importing Assets/Oculus/Interaction/Runtime/Scripts/Grab/GrabbingRule.cs using Guid(73275021f6e6b1444b1fed2f2dab865e) Importer(2089858483,0ecaa5967403d082aa24f35e1b516d23) [PhysX] Initialized MultithreadedTaskDispatcher with 32 workers.
 -> (artifact id: '7fd8fba30ca759265d1e0f1e17cff791') in 0.008536 seconds
Number of updated asset objects reloaded before import = 0
Number of asset objects unloaded after import = 1
========================================================================
Received Import Request.
  Time since last request: 0.000259 seconds.
  path: Assets/Oculus/Interaction/Samples/Audio/Content/Interaction_Locomotion_Teleport.wav
  artifactKey: Guid(d3735878005c4af448c2abff3edc88c0) Importer(2089858483,0ecaa5967403d082aa24f35e1b516d23)
Start importing Assets/Oculus/Interaction/Samples/Audio/Content/Interaction_Locomotion_Teleport.wav using Guid(d3735878005c4af448c2abff3edc88c0) Importer(2089858483,0ecaa5967403d082aa24f35e1b516d23) [PhysX] Initialized MultithreadedTaskDispatcher with 32 workers.
 -> (artifact id: '10c47e3fb060e35c2c1fd982f7ca7cb9') in 0.028935 seconds
Number of updated asset objects reloaded before import = 0
Number of asset objects unloaded after import = 1
========================================================================
Received Import Request.
  Time since last request: 0.000018 seconds.
  path: Assets/Oculus/Interaction/Samples/Audio/Content/Interaction_Locomotion_Enter.wav
  artifactKey: Guid(4f4594d3823cc9e4ea68ebb1e27310da) Importer(2089858483,0ecaa5967403d082aa24f35e1b516d23)
Start importing Assets/Oculus/Interaction/Samples/Audio/Content/Interaction_Locomotion_Enter.wav using Guid(4f4594d3823cc9e4ea68ebb1e27310da) Importer(2089858483,0ecaa5967403d082aa24f35e1b516d23) [PhysX] Initialized MultithreadedTaskDispatcher with 32 workers.
 -> (artifact id: '794bf19cd1bc9a63d192aec7b29a5269') in 0.027802 seconds
Number of updated asset objects reloaded before import = 0
Number of asset objects unloaded after import = 1
========================================================================
Received Import Request.
  Time since last request: 0.000134 seconds.
  path: Assets/Oculus/Interaction/Runtime/Prefabs/Debug/FingerFeatureSkeletalDebugVisual.prefab
  artifactKey: Guid(072f28eaf071f834e82a66e5843572c9) Importer(2089858483,0ecaa5967403d082aa24f35e1b516d23)
Start importing Assets/Oculus/Interaction/Runtime/Prefabs/Debug/FingerFeatureSkeletalDebugVisual.prefab using Guid(072f28eaf071f834e82a66e5843572c9) Importer(2089858483,0ecaa5967403d082aa24f35e1b516d23) [PhysX] Initialized MultithreadedTaskDispatcher with 32 workers.
 -> (artifact id: '0e69fbd22eb8db8b14dc21c16d2c769d') in 0.046402 seconds
Number of updated asset objects reloaded before import = 0
Number of asset objects unloaded after import = 6
========================================================================
Received Import Request.
  Time since last request: 0.000028 seconds.
  path: Assets/Oculus/Interaction/Runtime/Scripts/Utils/AssertUtils.cs
  artifactKey: Guid(450649e236e9f204891b374b09567d32) Importer(2089858483,0ecaa5967403d082aa24f35e1b516d23)
Start importing Assets/Oculus/Interaction/Runtime/Scripts/Utils/AssertUtils.cs using Guid(450649e236e9f204891b374b09567d32) Importer(2089858483,0ecaa5967403d082aa24f35e1b516d23) [PhysX] Initialized MultithreadedTaskDispatcher with 32 workers.
 -> (artifact id: '58f2319bb4be0a31efa553f1523e12e7') in 0.010769 seconds
Number of updated asset objects reloaded before import = 0
Number of asset objects unloaded after import = 1
========================================================================
Received Import Request.
  Time since last request: 0.000150 seconds.
  path: Assets/Oculus/Interaction/Runtime/Animations/Hands/HandPinch_l_.anim
  artifactKey: Guid(55cdf5be56300094a98bf59c19c746b1) Importer(2089858483,0ecaa5967403d082aa24f35e1b516d23)
Start importing Assets/Oculus/Interaction/Runtime/Animations/Hands/HandPinch_l_.anim using Guid(55cdf5be56300094a98bf59c19c746b1) Importer(2089858483,0ecaa5967403d082aa24f35e1b516d23) [PhysX] Initialized MultithreadedTaskDispatcher with 32 workers.
 -> (artifact id: '3de0b494c0b7ac3e61164713b7f135f4') in 0.016719 seconds
Number of updated asset objects reloaded before import = 0
Number of asset objects unloaded after import = 1
========================================================================
Received Import Request.
  Time since last request: 0.000071 seconds.
  path: Assets/Oculus/Interaction/Runtime/Scripts/Collisions/ColliderGroup.cs
  artifactKey: Guid(08918bb687dee3143a956803427ad287) Importer(2089858483,0ecaa5967403d082aa24f35e1b516d23)
Start importing Assets/Oculus/Interaction/Runtime/Scripts/Collisions/ColliderGroup.cs using Guid(08918bb687dee3143a956803427ad287) Importer(2089858483,0ecaa5967403d082aa24f35e1b516d23) [PhysX] Initialized MultithreadedTaskDispatcher with 32 workers.
 -> (artifact id: '0b3c672842ba18a0f021dcd775e599c0') in 0.013317 seconds
Number of updated asset objects reloaded before import = 0
Number of asset objects unloaded after import = 1
========================================================================
Received Import Request.
  Time since last request: 0.000103 seconds.
  path: Assets/Oculus/Interaction/Samples/Audio/Content/Interaction_BasicPoke_Keypad_04.wav
  artifactKey: Guid(b8f580cf675c83e4086b7b858613cb22) Importer(2089858483,0ecaa5967403d082aa24f35e1b516d23)
Start importing Assets/Oculus/Interaction/Samples/Audio/Content/Interaction_BasicPoke_Keypad_04.wav using Guid(b8f580cf675c83e4086b7b858613cb22) Importer(2089858483,0ecaa5967403d082aa24f35e1b516d23) [PhysX] Initialized MultithreadedTaskDispatcher with 32 workers.
 -> (artifact id: '45be56aef913435394fdcc19345ccbbd') in 0.024465 seconds
Number of updated asset objects reloaded before import = 0
Number of asset objects unloaded after import = 1
========================================================================
Received Import Request.
  Time since last request: 0.000062 seconds.
  path: Assets/Oculus/Interaction/Runtime/Scripts/Utils/BoundsExtensions.cs
  artifactKey: Guid(5533abf1024a93142ada781f7cd73994) Importer(2089858483,0ecaa5967403d082aa24f35e1b516d23)
Start importing Assets/Oculus/Interaction/Runtime/Scripts/Utils/BoundsExtensions.cs using Guid(5533abf1024a93142ada781f7cd73994) Importer(2089858483,0ecaa5967403d082aa24f35e1b516d23) [PhysX] Initialized MultithreadedTaskDispatcher with 32 workers.
 -> (artifact id: 'dffd56d0441539517fe220a30bbc142f') in 0.007498 seconds
Number of updated asset objects reloaded before import = 0
Number of asset objects unloaded after import = 1
========================================================================
Received Import Request.
  Time since last request: 0.000065 seconds.
  path: Assets/Oculus/Interaction/Samples/Audio/Prefabs/BodyCaptureTimerTick.prefab
  artifactKey: Guid(b925b5b4ed2d8bb438d0a5ff67765183) Importer(2089858483,0ecaa5967403d082aa24f35e1b516d23)
Start importing Assets/Oculus/Interaction/Samples/Audio/Prefabs/BodyCaptureTimerTick.prefab using Guid(b925b5b4ed2d8bb438d0a5ff67765183) Importer(2089858483,0ecaa5967403d082aa24f35e1b516d23) [PhysX] Initialized MultithreadedTaskDispatcher with 32 workers.
 -> (artifact id: 'e947510c4adda142740095a288c8d591') in 0.018537 seconds
Number of updated asset objects reloaded before import = 0
Number of asset objects unloaded after import = 7
========================================================================
Received Import Request.
  Time since last request: 0.000023 seconds.
  path: Assets/Oculus/Interaction/Runtime/Scripts/PoseDetection/FeatureDescription.cs
  artifactKey: Guid(53118e1a377b4b6685ca776f1d23ca3b) Importer(2089858483,0ecaa5967403d082aa24f35e1b516d23)
Start importing Assets/Oculus/Interaction/Runtime/Scripts/PoseDetection/FeatureDescription.cs using Guid(53118e1a377b4b6685ca776f1d23ca3b) Importer(2089858483,0ecaa5967403d082aa24f35e1b516d23) [PhysX] Initialized MultithreadedTaskDispatcher with 32 workers.
 -> (artifact id: '6200b39f46e94860d4a4590b01525da3') in 0.009674 seconds
Number of updated asset objects reloaded before import = 0
Number of asset objects unloaded after import = 1
========================================================================
Received Import Request.
  Time since last request: 0.000108 seconds.
  path: Assets/Oculus/Interaction/Runtime/Animations/Hands/IndexPoint_l_.anim
  artifactKey: Guid(81850be3722257141a962f87f08bd7d7) Importer(2089858483,0ecaa5967403d082aa24f35e1b516d23)
Start importing Assets/Oculus/Interaction/Runtime/Animations/Hands/IndexPoint_l_.anim using Guid(81850be3722257141a962f87f08bd7d7) Importer(2089858483,0ecaa5967403d082aa24f35e1b516d23) [PhysX] Initialized MultithreadedTaskDispatcher with 32 workers.
 -> (artifact id: '2f54aa849de20b1d4d22804109a89df1') in 0.009695 seconds
Number of updated asset objects reloaded before import = 0
Number of asset objects unloaded after import = 1
========================================================================
Received Import Request.
  Time since last request: 0.000076 seconds.
  path: Assets/Oculus/Interaction/Samples/Audio/Content/Interaction_BasicPoke_Keypad_05.wav
  artifactKey: Guid(061eee0218cd9a5448e78cfe72eaebfc) Importer(2089858483,0ecaa5967403d082aa24f35e1b516d23)
Start importing Assets/Oculus/Interaction/Samples/Audio/Content/Interaction_BasicPoke_Keypad_05.wav using Guid(061eee0218cd9a5448e78cfe72eaebfc) Importer(2089858483,0ecaa5967403d082aa24f35e1b516d23) [PhysX] Initialized MultithreadedTaskDispatcher with 32 workers.
 -> (artifact id: '5602872cd2af2fd9af4670e80c533d1b') in 0.026091 seconds
Number of updated asset objects reloaded before import = 0
Number of asset objects unloaded after import = 1
========================================================================
Received Import Request.
  Time since last request: 0.000101 seconds.
  path: Assets/Oculus/Interaction/Runtime/Scripts/DistanceGrab/IDistanceInteractor.cs
  artifactKey: Guid(7a8d861252f63724a86051cd634ae779) Importer(2089858483,0ecaa5967403d082aa24f35e1b516d23)
Start importing Assets/Oculus/Interaction/Runtime/Scripts/DistanceGrab/IDistanceInteractor.cs using Guid(7a8d861252f63724a86051cd634ae779) Importer(2089858483,0ecaa5967403d082aa24f35e1b516d23) [PhysX] Initialized MultithreadedTaskDispatcher with 32 workers.
 -> (artifact id: '5a0b3c11620d4eef020d38b95d397af2') in 0.011276 seconds
Number of updated asset objects reloaded before import = 0
Number of asset objects unloaded after import = 1
========================================================================
Received Import Request.
  Time since last request: 0.000328 seconds.
  path: Assets/Oculus/Interaction/Runtime/Scripts/Throw/StandardVelocityCalculator.cs
  artifactKey: Guid(cc8862bea98fed5448c81a6a656d69cf) Importer(2089858483,0ecaa5967403d082aa24f35e1b516d23)
Start importing Assets/Oculus/Interaction/Runtime/Scripts/Throw/StandardVelocityCalculator.cs using Guid(cc8862bea98fed5448c81a6a656d69cf) Importer(2089858483,0ecaa5967403d082aa24f35e1b516d23) [PhysX] Initialized MultithreadedTaskDispatcher with 32 workers.
 -> (artifact id: '0addf01a8a460fed2711f14ff1645bcd') in 0.013678 seconds
Number of updated asset objects reloaded before import = 0
Number of asset objects unloaded after import = 1
========================================================================
Received Import Request.
  Time since last request: 0.000026 seconds.
  path: Assets/Oculus/Interaction/Samples/Audio/Prefabs/BasicPokeCanvasPressAudio.prefab
  artifactKey: Guid(13a74428dd920fd4797387cc4bb18321) Importer(2089858483,0ecaa5967403d082aa24f35e1b516d23)
Start importing Assets/Oculus/Interaction/Samples/Audio/Prefabs/BasicPokeCanvasPressAudio.prefab using Guid(13a74428dd920fd4797387cc4bb18321) Importer(2089858483,0ecaa5967403d082aa24f35e1b516d23) [PhysX] Initialized MultithreadedTaskDispatcher with 32 workers.
 -> (artifact id: '5adea4e4ef88a135570d688d71478447') in 0.031813 seconds
Number of updated asset objects reloaded before import = 0
Number of asset objects unloaded after import = 7
========================================================================
Received Import Request.
  Time since last request: 0.000024 seconds.
  path: Assets/Oculus/Interaction/Runtime/Scripts/Throw/HandPoseInputDevice.cs
  artifactKey: Guid(3fb913c9e194da6449a32f1bf3cc991b) Importer(2089858483,0ecaa5967403d082aa24f35e1b516d23)
Start importing Assets/Oculus/Interaction/Runtime/Scripts/Throw/HandPoseInputDevice.cs using Guid(3fb913c9e194da6449a32f1bf3cc991b) Importer(2089858483,0ecaa5967403d082aa24f35e1b516d23) [PhysX] Initialized MultithreadedTaskDispatcher with 32 workers.
 -> (artifact id: '1a10982221a0d3574078f018e96590a4') in 0.012319 seconds
Number of updated asset objects reloaded before import = 0
Number of asset objects unloaded after import = 1
========================================================================
Received Import Request.
  Time since last request: 0.000301 seconds.
  path: Assets/Oculus/Interaction/Runtime/Scripts/HandGlow/HandGrabGlow.cs
  artifactKey: Guid(b8667bbf66117438986bafc711f920ed) Importer(2089858483,0ecaa5967403d082aa24f35e1b516d23)
Start importing Assets/Oculus/Interaction/Runtime/Scripts/HandGlow/HandGrabGlow.cs using Guid(b8667bbf66117438986bafc711f920ed) Importer(2089858483,0ecaa5967403d082aa24f35e1b516d23) [PhysX] Initialized MultithreadedTaskDispatcher with 32 workers.
 -> (artifact id: '2e8abcdcbc118e1d0446504fe3495fe5') in 0.008632 seconds
Number of updated asset objects reloaded before import = 0
Number of asset objects unloaded after import = 1
========================================================================
Received Import Request.
  Time since last request: 0.000055 seconds.
  path: Assets/Oculus/Interaction/Runtime/Scripts/PoseDetection/FingerFeatureStateProviderRef.cs
  artifactKey: Guid(870d37507a21e5e42877dca0f61dcd28) Importer(2089858483,0ecaa5967403d082aa24f35e1b516d23)
Start importing Assets/Oculus/Interaction/Runtime/Scripts/PoseDetection/FingerFeatureStateProviderRef.cs using Guid(870d37507a21e5e42877dca0f61dcd28) Importer(2089858483,0ecaa5967403d082aa24f35e1b516d23) [PhysX] Initialized MultithreadedTaskDispatcher with 32 workers.
 -> (artifact id: 'c9aca31fbe593c6c7ce22bc061204814') in 0.015482 seconds
Number of updated asset objects reloaded before import = 0
Number of asset objects unloaded after import = 1
========================================================================
Received Import Request.
  Time since last request: 0.000115 seconds.
  path: Assets/Oculus/Interaction/Runtime/Prefabs/Hands/LeftHandSynthetic.prefab
  artifactKey: Guid(42051d7e5e153cb479292cecf7bafa25) Importer(2089858483,0ecaa5967403d082aa24f35e1b516d23)
Start importing Assets/Oculus/Interaction/Runtime/Prefabs/Hands/LeftHandSynthetic.prefab using Guid(42051d7e5e153cb479292cecf7bafa25) Importer(2089858483,0ecaa5967403d082aa24f35e1b516d23) [PhysX] Initialized MultithreadedTaskDispatcher with 32 workers.
 -> (artifact id: 'bb81bd02e2330eb39dea705c27e729a5') in 0.022717 seconds
Number of updated asset objects reloaded before import = 0
Number of asset objects unloaded after import = 9
========================================================================
Received Import Request.
  Time since last request: 0.000058 seconds.
  path: Assets/Oculus/Interaction/Samples/Audio/Prefabs/BasicPokeKeypadPressAudio.prefab
  artifactKey: Guid(0d5e681c36329dc4e9e700f470026b2e) Importer(2089858483,0ecaa5967403d082aa24f35e1b516d23)
Start importing Assets/Oculus/Interaction/Samples/Audio/Prefabs/BasicPokeKeypadPressAudio.prefab using Guid(0d5e681c36329dc4e9e700f470026b2e) Importer(2089858483,0ecaa5967403d082aa24f35e1b516d23) [PhysX] Initialized MultithreadedTaskDispatcher with 32 workers.
 -> (artifact id: '888925093eb2ec56c045b7d31d77edfb') in 0.052602 seconds
Number of updated asset objects reloaded before import = 0
Number of asset objects unloaded after import = 15
========================================================================
Received Import Request.
  Time since last request: 0.000016 seconds.
  path: Assets/Oculus/Interaction/Samples/Audio/Content/Interaction_ComplexGrab_BoxClose_01.wav
  artifactKey: Guid(25a99cec3fc16184490a8fbfe21d1528) Importer(2089858483,0ecaa5967403d082aa24f35e1b516d23)
Start importing Assets/Oculus/Interaction/Samples/Audio/Content/Interaction_ComplexGrab_BoxClose_01.wav using Guid(25a99cec3fc16184490a8fbfe21d1528) Importer(2089858483,0ecaa5967403d082aa24f35e1b516d23) [PhysX] Initialized MultithreadedTaskDispatcher with 32 workers.
 -> (artifact id: 'dcce60edc19b6737f5fec1fc95eca5b9') in 0.031957 seconds
Number of updated asset objects reloaded before import = 0
Number of asset objects unloaded after import = 1
========================================================================
Received Import Request.
  Time since last request: 0.000017 seconds.
  path: Assets/Oculus/Interaction/Runtime/Prefabs/VelocityCalculators/ControllerVelocityCalculator.prefab
  artifactKey: Guid(b6e5411f1b2c1fd4ab99a43d2142ea16) Importer(2089858483,0ecaa5967403d082aa24f35e1b516d23)
Start importing Assets/Oculus/Interaction/Runtime/Prefabs/VelocityCalculators/ControllerVelocityCalculator.prefab using Guid(b6e5411f1b2c1fd4ab99a43d2142ea16) Importer(2089858483,0ecaa5967403d082aa24f35e1b516d23) [PhysX] Initialized MultithreadedTaskDispatcher with 32 workers.
 -> (artifact id: '573386fb6e87cd56f8f7c0a0f61f8896') in 0.021803 seconds
Number of updated asset objects reloaded before import = 0
Number of asset objects unloaded after import = 6
========================================================================
Received Import Request.
  Time since last request: 0.000014 seconds.
  path: Assets/Oculus/Interaction/Runtime/Scripts/PoseDetection/TransformFeatureStateThresholds.cs
  artifactKey: Guid(ac666f23650b94b4ea891467ab3677e5) Importer(2089858483,0ecaa5967403d082aa24f35e1b516d23)
Start importing Assets/Oculus/Interaction/Runtime/Scripts/PoseDetection/TransformFeatureStateThresholds.cs using Guid(ac666f23650b94b4ea891467ab3677e5) Importer(2089858483,0ecaa5967403d082aa24f35e1b516d23) [PhysX] Initialized MultithreadedTaskDispatcher with 32 workers.
 -> (artifact id: '12b52c7d36e83838b283bc9c65c6dc1c') in 0.009299 seconds
Number of updated asset objects reloaded before import = 0
Number of asset objects unloaded after import = 1
========================================================================
Received Import Request.
  Time since last request: 0.000093 seconds.
  path: Assets/Oculus/Interaction/Runtime/ThirdParty/LeapMotion/VelocityCalculatorUtilMethods.cs
  artifactKey: Guid(f211c0da74b301b49b26f1f50248b2a6) Importer(2089858483,0ecaa5967403d082aa24f35e1b516d23)
Start importing Assets/Oculus/Interaction/Runtime/ThirdParty/LeapMotion/VelocityCalculatorUtilMethods.cs using Guid(f211c0da74b301b49b26f1f50248b2a6) Importer(2089858483,0ecaa5967403d082aa24f35e1b516d23) [PhysX] Initialized MultithreadedTaskDispatcher with 32 workers.
 -> (artifact id: '3d1c99eef3f14bdf96a494636b8bd70a') in 0.011724 seconds
Number of updated asset objects reloaded before import = 0
Number of asset objects unloaded after import = 1
========================================================================
Received Import Request.
  Time since last request: 0.000057 seconds.
  path: Assets/Oculus/Interaction/Runtime/Prefabs/VelocityCalculators/HandVelocityCalculator.prefab
  artifactKey: Guid(2487a3ae4f1630d439ce4a3e9ac03c7b) Importer(2089858483,0ecaa5967403d082aa24f35e1b516d23)
Start importing Assets/Oculus/Interaction/Runtime/Prefabs/VelocityCalculators/HandVelocityCalculator.prefab using Guid(2487a3ae4f1630d439ce4a3e9ac03c7b) Importer(2089858483,0ecaa5967403d082aa24f35e1b516d23) [PhysX] Initialized MultithreadedTaskDispatcher with 32 workers.
 -> (artifact id: '0bb4003fda1e3fe388c4f491d9807231') in 0.021383 seconds
Number of updated asset objects reloaded before import = 0
Number of asset objects unloaded after import = 6
========================================================================
Received Import Request.
  Time since last request: 0.000081 seconds.
  path: Assets/Oculus/Interaction/Runtime/Scripts/Input/IAxis1D.cs
  artifactKey: Guid(cccec6d969d9bb14987f73c8ecd7c55f) Importer(2089858483,0ecaa5967403d082aa24f35e1b516d23)
Start importing Assets/Oculus/Interaction/Runtime/Scripts/Input/IAxis1D.cs using Guid(cccec6d969d9bb14987f73c8ecd7c55f) Importer(2089858483,0ecaa5967403d082aa24f35e1b516d23) [PhysX] Initialized MultithreadedTaskDispatcher with 32 workers.
 -> (artifact id: 'ce5f5c90fefb3e94470de25ebc817f63') in 0.013336 seconds
Number of updated asset objects reloaded before import = 0
Number of asset objects unloaded after import = 1
========================================================================
Received Import Request.
  Time since last request: 0.000019 seconds.
  path: Assets/Oculus/Interaction/Runtime/Scripts/Input/IAxis2D.cs
  artifactKey: Guid(67f59c05da2420f459585127dd9eeb33) Importer(2089858483,0ecaa5967403d082aa24f35e1b516d23)
Start importing Assets/Oculus/Interaction/Runtime/Scripts/Input/IAxis2D.cs using Guid(67f59c05da2420f459585127dd9eeb33) Importer(2089858483,0ecaa5967403d082aa24f35e1b516d23) [PhysX] Initialized MultithreadedTaskDispatcher with 32 workers.
 -> (artifact id: '728f686d3b8f3a4edce272f10854b77e') in 0.011379 seconds
Number of updated asset objects reloaded before import = 0
Number of asset objects unloaded after import = 1
========================================================================
Received Import Request.
  Time since last request: 0.000131 seconds.
  path: Assets/Oculus/Interaction/Runtime/Scripts/PoseDetection/IFeatureThresholds.cs
  artifactKey: Guid(b736c28bc3ad4a639641c5c8f0fbd88d) Importer(2089858483,0ecaa5967403d082aa24f35e1b516d23)
Start importing Assets/Oculus/Interaction/Runtime/Scripts/PoseDetection/IFeatureThresholds.cs using Guid(b736c28bc3ad4a639641c5c8f0fbd88d) Importer(2089858483,0ecaa5967403d082aa24f35e1b516d23) [PhysX] Initialized MultithreadedTaskDispatcher with 32 workers.
 -> (artifact id: 'c7775de2e9ebc6c43f387aa81d404b08') in 0.031986 seconds
Number of updated asset objects reloaded before import = 0
Number of asset objects unloaded after import = 1
========================================================================
Received Import Request.
  Time since last request: 0.000154 seconds.
  path: Assets/Oculus/Interaction/Runtime/DefaultSettings/HandFilter/HighSmoothing.asset
  artifactKey: Guid(87a1f4cc77e31464984f4aebc24e16b9) Importer(2089858483,0ecaa5967403d082aa24f35e1b516d23)
Start importing Assets/Oculus/Interaction/Runtime/DefaultSettings/HandFilter/HighSmoothing.asset using Guid(87a1f4cc77e31464984f4aebc24e16b9) Importer(2089858483,0ecaa5967403d082aa24f35e1b516d23) [PhysX] Initialized MultithreadedTaskDispatcher with 32 workers.
 -> (artifact id: 'b2e1697f2bb9a9f01a1afb63fe81bdf0') in 0.015027 seconds
Number of updated asset objects reloaded before import = 0
Number of asset objects unloaded after import = 1
========================================================================
Received Import Request.
  Time since last request: 0.000099 seconds.
  path: Assets/Oculus/Interaction/Runtime/Scripts/Utils/ConeUtils.cs
  artifactKey: Guid(57e4c8fb882d4c2b8234cbdaa168a46e) Importer(2089858483,0ecaa5967403d082aa24f35e1b516d23)
Start importing Assets/Oculus/Interaction/Runtime/Scripts/Utils/ConeUtils.cs using Guid(57e4c8fb882d4c2b8234cbdaa168a46e) Importer(2089858483,0ecaa5967403d082aa24f35e1b516d23) [PhysX] Initialized MultithreadedTaskDispatcher with 32 workers.
 -> (artifact id: 'abd7af42d82ced2f318cf6cc781b3206') in 0.009971 seconds
Number of updated asset objects reloaded before import = 0
Number of asset objects unloaded after import = 1
========================================================================
Received Import Request.
  Time since last request: 0.000065 seconds.
  path: Assets/Oculus/Interaction/Runtime/Prefabs/Debug/SelectorDebugVisual.prefab
  artifactKey: Guid(2789b81452a53eb438f0467475526b1d) Importer(2089858483,0ecaa5967403d082aa24f35e1b516d23)
Start importing Assets/Oculus/Interaction/Runtime/Prefabs/Debug/SelectorDebugVisual.prefab using Guid(2789b81452a53eb438f0467475526b1d) Importer(2089858483,0ecaa5967403d082aa24f35e1b516d23) [PhysX] Initialized MultithreadedTaskDispatcher with 32 workers.
 -> (artifact id: 'e439e7df1f933896d9f6726b0514d028') in 0.017079 seconds
Number of updated asset objects reloaded before import = 0
Number of asset objects unloaded after import = 7
========================================================================
Received Import Request.
  Time since last request: 0.000023 seconds.
  path: Assets/Oculus/Interaction/Runtime/Scripts/PoseDetection/Sequence.cs
  artifactKey: Guid(7e7ab4178b1f98e40bc6baf2176709df) Importer(2089858483,0ecaa5967403d082aa24f35e1b516d23)
Start importing Assets/Oculus/Interaction/Runtime/Scripts/PoseDetection/Sequence.cs using Guid(7e7ab4178b1f98e40bc6baf2176709df) Importer(2089858483,0ecaa5967403d082aa24f35e1b516d23) [PhysX] Initialized MultithreadedTaskDispatcher with 32 workers.
 -> (artifact id: 'f3e1568175f22936a8fe7335bdaa9c82') in 0.010403 seconds
Number of updated asset objects reloaded before import = 0
Number of asset objects unloaded after import = 1
========================================================================
Received Import Request.
  Time since last request: 0.000092 seconds.
  path: Assets/Oculus/Interaction/Runtime/Scripts/Extensions/TransformExtensions.cs
  artifactKey: Guid(0efedf2e13db9f24c88029611537cf97) Importer(2089858483,0ecaa5967403d082aa24f35e1b516d23)
Start importing Assets/Oculus/Interaction/Runtime/Scripts/Extensions/TransformExtensions.cs using Guid(0efedf2e13db9f24c88029611537cf97) Importer(2089858483,0ecaa5967403d082aa24f35e1b516d23) [PhysX] Initialized MultithreadedTaskDispatcher with 32 workers.
 -> (artifact id: 'dd960e3a8b271b0f315b676a7e8fbb65') in 0.011043 seconds
Number of updated asset objects reloaded before import = 0
Number of asset objects unloaded after import = 1
========================================================================
Received Import Request.
  Time since last request: 0.000062 seconds.
  path: Assets/Oculus/Interaction/Runtime/Scripts/Input/DataSource.cs
  artifactKey: Guid(5e3eaa7f7e074674929b88928616f063) Importer(2089858483,0ecaa5967403d082aa24f35e1b516d23)
Start importing Assets/Oculus/Interaction/Runtime/Scripts/Input/DataSource.cs using Guid(5e3eaa7f7e074674929b88928616f063) Importer(2089858483,0ecaa5967403d082aa24f35e1b516d23) [PhysX] Initialized MultithreadedTaskDispatcher with 32 workers.
 -> (artifact id: 'ae3b5debf9fed8ac36cdfb4c387c480c') in 0.015513 seconds
Number of updated asset objects reloaded before import = 0
Number of asset objects unloaded after import = 1
========================================================================
Received Import Request.
  Time since last request: 0.000113 seconds.
  path: Assets/Oculus/Interaction/Runtime/Scripts/Polyline/DebugGizmos.cs
  artifactKey: Guid(fe2c50ef56c7d4348a49b151db1c962c) Importer(2089858483,0ecaa5967403d082aa24f35e1b516d23)
Start importing Assets/Oculus/Interaction/Runtime/Scripts/Polyline/DebugGizmos.cs using Guid(fe2c50ef56c7d4348a49b151db1c962c) Importer(2089858483,0ecaa5967403d082aa24f35e1b516d23) [PhysX] Initialized MultithreadedTaskDispatcher with 32 workers.
 -> (artifact id: 'bea11d8ae2d6f95f9f93c24b5aeb1cb3') in 0.016479 seconds
Number of updated asset objects reloaded before import = 0
Number of asset objects unloaded after import = 1
========================================================================
Received Import Request.
  Time since last request: 0.000091 seconds.
  path: Assets/Oculus/Interaction/Samples/Audio/Content/Interaction_BasicGrab_Release_01.wav
  artifactKey: Guid(01ee74389d1a6844c9250d4230e734d3) Importer(2089858483,0ecaa5967403d082aa24f35e1b516d23)
Start importing Assets/Oculus/Interaction/Samples/Audio/Content/Interaction_BasicGrab_Release_01.wav using Guid(01ee74389d1a6844c9250d4230e734d3) Importer(2089858483,0ecaa5967403d082aa24f35e1b516d23) [PhysX] Initialized MultithreadedTaskDispatcher with 32 workers.
 -> (artifact id: '2f08930c5501c70dd35ce79c45ffd651') in 0.024856 seconds
Number of updated asset objects reloaded before import = 0
Number of asset objects unloaded after import = 1
========================================================================
Received Import Request.
  Time since last request: 1.690777 seconds.
  path: Assets/Oculus/Interaction/Samples/Audio/Prefabs/ObjectPhysicsImpactHard.prefab
  artifactKey: Guid(587a377cccd931246a8bc5bf692429c6) Importer(2089858483,0ecaa5967403d082aa24f35e1b516d23)
Start importing Assets/Oculus/Interaction/Samples/Audio/Prefabs/ObjectPhysicsImpactHard.prefab using Guid(587a377cccd931246a8bc5bf692429c6) Importer(2089858483,0ecaa5967403d082aa24f35e1b516d23) [PhysX] Initialized MultithreadedTaskDispatcher with 32 workers.
 -> (artifact id: 'e6c36c463f35cdec06df24e2c02391b4') in 0.059157 seconds
Number of updated asset objects reloaded before import = 0
Number of asset objects unloaded after import = 17
========================================================================
Received Import Request.
  Time since last request: 0.000023 seconds.
  path: Assets/Oculus/Interaction/Samples/Scenes/Features/DebugPose.unity
  artifactKey: Guid(0c21dff7998be3b48bdbf4d868aa7710) Importer(2089858483,0ecaa5967403d082aa24f35e1b516d23)
Start importing Assets/Oculus/Interaction/Samples/Scenes/Features/DebugPose.unity using Guid(0c21dff7998be3b48bdbf4d868aa7710) Importer(2089858483,0ecaa5967403d082aa24f35e1b516d23) [PhysX] Initialized MultithreadedTaskDispatcher with 32 workers.
 -> (artifact id: '3e1998559c3a4deb0179d50ca34c9950') in 0.020165 seconds
Number of updated asset objects reloaded before import = 0
Number of asset objects unloaded after import = 1
========================================================================
Received Import Request.
  Time since last request: 0.000016 seconds.
  path: Assets/Oculus/Platform/Samples/VrHoops/Scripts/PlatformManager.cs
  artifactKey: Guid(65808a6a27b5f4917a2b9a171e240753) Importer(2089858483,0ecaa5967403d082aa24f35e1b516d23)
Start importing Assets/Oculus/Platform/Samples/VrHoops/Scripts/PlatformManager.cs using Guid(65808a6a27b5f4917a2b9a171e240753) Importer(2089858483,0ecaa5967403d082aa24f35e1b516d23) [PhysX] Initialized MultithreadedTaskDispatcher with 32 workers.
 -> (artifact id: 'de0c64b283f184db151b88209b0e34b4') in 0.022756 seconds
Number of updated asset objects reloaded before import = 0
Number of asset objects unloaded after import = 1
========================================================================
Received Import Request.
  Time since last request: 0.000019 seconds.
  path: Assets/Oculus/Platform/Samples/VrHoops/Scripts/Player.cs
  artifactKey: Guid(9f31217f54e40894f84c58432a8f7e65) Importer(2089858483,0ecaa5967403d082aa24f35e1b516d23)
Start importing Assets/Oculus/Platform/Samples/VrHoops/Scripts/Player.cs using Guid(9f31217f54e40894f84c58432a8f7e65) Importer(2089858483,0ecaa5967403d082aa24f35e1b516d23) [PhysX] Initialized MultithreadedTaskDispatcher with 32 workers.
 -> (artifact id: '9af43eb1343f47b481de46b0236c604b') in 0.014100 seconds
Number of updated asset objects reloaded before import = 0
Number of asset objects unloaded after import = 1
========================================================================
Received Import Request.
  Time since last request: 0.000019 seconds.
  path: Assets/Oculus/SampleFramework/Core/HandsInteraction/Materials/SkeletonBoneMaterial.mat
  artifactKey: Guid(abb80e58ce7c0a842a4758d09d9d71e0) Importer(2089858483,0ecaa5967403d082aa24f35e1b516d23)
Start importing Assets/Oculus/SampleFramework/Core/HandsInteraction/Materials/SkeletonBoneMaterial.mat using Guid(abb80e58ce7c0a842a4758d09d9d71e0) Importer(2089858483,0ecaa5967403d082aa24f35e1b516d23) [PhysX] Initialized MultithreadedTaskDispatcher with 32 workers.
 -> (artifact id: 'a2c728c333c7f3671380f0ed79c06a5d') in 0.009898 seconds
Number of updated asset objects reloaded before import = 0
Number of asset objects unloaded after import = 1
========================================================================
Received Import Request.
  Time since last request: 0.000087 seconds.
  path: Assets/Oculus/LipSync/Models/FemaleHead_Morph/Materials/eyelashes.mat
  artifactKey: Guid(e906d4c6bf3304d5dac06eee4fe24c54) Importer(2089858483,0ecaa5967403d082aa24f35e1b516d23)
Start importing Assets/Oculus/LipSync/Models/FemaleHead_Morph/Materials/eyelashes.mat using Guid(e906d4c6bf3304d5dac06eee4fe24c54) Importer(2089858483,0ecaa5967403d082aa24f35e1b516d23) [PhysX] Initialized MultithreadedTaskDispatcher with 32 workers.
 -> (artifact id: 'd521dd066b1179d40a1bbdbe59aa23e6') in 0.069045 seconds
Number of updated asset objects reloaded before import = 0
Number of asset objects unloaded after import = 3
========================================================================
Received Import Request.
  Time since last request: 0.000020 seconds.
  path: Assets/Oculus/LipSync/Models/FemaleHead_Morph/Materials/hair.mat
  artifactKey: Guid(d0455a0ebc21e4c758037cb4b82bebd2) Importer(2089858483,0ecaa5967403d082aa24f35e1b516d23)
Start importing Assets/Oculus/LipSync/Models/FemaleHead_Morph/Materials/hair.mat using Guid(d0455a0ebc21e4c758037cb4b82bebd2) Importer(2089858483,0ecaa5967403d082aa24f35e1b516d23) [PhysX] Initialized MultithreadedTaskDispatcher with 32 workers.
 -> (artifact id: 'f8579967424652b1dddf82b2c984e0b6') in 0.018593 seconds
Number of updated asset objects reloaded before import = 0
Number of asset objects unloaded after import = 2
========================================================================
Received Import Request.
  Time since last request: 0.000027 seconds.
  path: Assets/Oculus/SampleFramework/Core/TouchControllers/Animations/l_controller_neutral_button01_mask_anim.fbx
  artifactKey: Guid(a297026597cd6f24eaafc30c8acd3660) Importer(2089858483,0ecaa5967403d082aa24f35e1b516d23)
Start importing Assets/Oculus/SampleFramework/Core/TouchControllers/Animations/l_controller_neutral_button01_mask_anim.fbx using Guid(a297026597cd6f24eaafc30c8acd3660) Importer(2089858483,0ecaa5967403d082aa24f35e1b516d23) [PhysX] Initialized MultithreadedTaskDispatcher with 32 workers.
 -> (artifact id: 'a9f0ca4cce7ca3b27db21de56b05d125') in 0.023042 seconds
Number of updated asset objects reloaded before import = 0
Number of asset objects unloaded after import = 22
========================================================================
Received Import Request.
  Time since last request: 0.000017 seconds.
  path: Assets/Oculus/Interaction/Samples/Poses/Shapes/FingersStopSign.asset
  artifactKey: Guid(01ef3ba1d06a8164eb4a2e61df68cc08) Importer(2089858483,0ecaa5967403d082aa24f35e1b516d23)
Start importing Assets/Oculus/Interaction/Samples/Poses/Shapes/FingersStopSign.asset using Guid(01ef3ba1d06a8164eb4a2e61df68cc08) Importer(2089858483,0ecaa5967403d082aa24f35e1b516d23) [PhysX] Initialized MultithreadedTaskDispatcher with 32 workers.
 -> (artifact id: '74192e7ae84bb3e358e3087ee3963358') in 0.009224 seconds
Number of updated asset objects reloaded before import = 0
Number of asset objects unloaded after import = 1
========================================================================
Received Import Request.
  Time since last request: 0.000075 seconds.
  path: Assets/Oculus/SampleFramework/Core/CustomHands/Animations/l_hand_cap_touch_index_mask_anim.fbx
  artifactKey: Guid(8f30ac6cbbbe39d43886ad7626f7e2b2) Importer(2089858483,0ecaa5967403d082aa24f35e1b516d23)
Start importing Assets/Oculus/SampleFramework/Core/CustomHands/Animations/l_hand_cap_touch_index_mask_anim.fbx using Guid(8f30ac6cbbbe39d43886ad7626f7e2b2) Importer(2089858483,0ecaa5967403d082aa24f35e1b516d23) [PhysX] Initialized MultithreadedTaskDispatcher with 32 workers.
 -> (artifact id: 'f0123acc4ee82bd74961e0e177c0fcdc') in 0.017087 seconds
Number of updated asset objects reloaded before import = 0
Number of asset objects unloaded after import = 55
========================================================================
Received Import Request.
  Time since last request: 0.000018 seconds.
  path: Assets/Oculus/SampleFramework/Core/CustomHands/Animations/l_hand_squirtgun_squeeze.fbx
  artifactKey: Guid(808dcbebdf91d4538b1a35ab4f5a5684) Importer(2089858483,0ecaa5967403d082aa24f35e1b516d23)
Start importing Assets/Oculus/SampleFramework/Core/CustomHands/Animations/l_hand_squirtgun_squeeze.fbx using Guid(808dcbebdf91d4538b1a35ab4f5a5684) Importer(2089858483,0ecaa5967403d082aa24f35e1b516d23) [PhysX] Initialized MultithreadedTaskDispatcher with 32 workers.
 -> (artifact id: '95c803b559e3fc1a36e102b1e24ea4fb') in 0.021734 seconds
Number of updated asset objects reloaded before import = 0
Number of asset objects unloaded after import = 57
========================================================================
Received Import Request.
  Time since last request: 0.000017 seconds.
  path: Assets/Oculus/SampleFramework/Core/DebugUI/Textures/translucent_01.png
  artifactKey: Guid(7ebd72557d873024e8afa355e92d435f) Importer(2089858483,0ecaa5967403d082aa24f35e1b516d23)
Start importing Assets/Oculus/SampleFramework/Core/DebugUI/Textures/translucent_01.png using Guid(7ebd72557d873024e8afa355e92d435f) Importer(2089858483,0ecaa5967403d082aa24f35e1b516d23) [PhysX] Initialized MultithreadedTaskDispatcher with 32 workers.
 -> (artifact id: '2c9425b1e5a2cb6fd8233e2b6993f487') in 0.034835 seconds
Number of updated asset objects reloaded before import = 0
Number of asset objects unloaded after import = 3
========================================================================
Received Import Request.
  Time since last request: 0.000022 seconds.
  path: Assets/Oculus/SampleFramework/Core/TouchControllers/Animations/l_controller_neutral_trigger_pull_mask_anim.fbx
  artifactKey: Guid(6848f611ef9312e4aa10a28c22aee7cf) Importer(2089858483,0ecaa5967403d082aa24f35e1b516d23)
Start importing Assets/Oculus/SampleFramework/Core/TouchControllers/Animations/l_controller_neutral_trigger_pull_mask_anim.fbx using Guid(6848f611ef9312e4aa10a28c22aee7cf) Importer(2089858483,0ecaa5967403d082aa24f35e1b516d23) [PhysX] Initialized MultithreadedTaskDispatcher with 32 workers.
 -> (artifact id: '676f94a65693f1c5a49168624c155847') in 0.019911 seconds
Number of updated asset objects reloaded before import = 0
Number of asset objects unloaded after import = 22
========================================================================
Received Import Request.
  Time since last request: 0.000025 seconds.
  path: Assets/Oculus/SampleFramework/Core/DistanceGrab/Scripts/DistanceGrabbable.cs
  artifactKey: Guid(7d1a7708e76601b4ea829921c33bc624) Importer(2089858483,0ecaa5967403d082aa24f35e1b516d23)
Start importing Assets/Oculus/SampleFramework/Core/DistanceGrab/Scripts/DistanceGrabbable.cs using Guid(7d1a7708e76601b4ea829921c33bc624) Importer(2089858483,0ecaa5967403d082aa24f35e1b516d23) [PhysX] Initialized MultithreadedTaskDispatcher with 32 workers.
 -> (artifact id: 'e814fc47ed5e901b852c0e45e247f1b9') in 0.014935 seconds
Number of updated asset objects reloaded before import = 0
Number of asset objects unloaded after import = 1
========================================================================
Received Import Request.
  Time since last request: 0.000022 seconds.
  path: Assets/Oculus/Interaction/Samples/Scenes/Features/DebugPoke.unity
  artifactKey: Guid(acb3321847c599949acfd36b778e1f7a) Importer(2089858483,0ecaa5967403d082aa24f35e1b516d23)
Start importing Assets/Oculus/Interaction/Samples/Scenes/Features/DebugPoke.unity using Guid(acb3321847c599949acfd36b778e1f7a) Importer(2089858483,0ecaa5967403d082aa24f35e1b516d23) [PhysX] Initialized MultithreadedTaskDispatcher with 32 workers.
 -> (artifact id: 'eb2694d7197d6fd359972f52e9e61c49') in 0.007074 seconds
Number of updated asset objects reloaded before import = 0
Number of asset objects unloaded after import = 1
========================================================================
Received Import Request.
  Time since last request: 0.000094 seconds.
  path: Assets/Oculus/Platform/Samples/VrHoops/Scripts/P2PNetworkBall.cs
  artifactKey: Guid(b4360c472d4f2ab498faa9c614ac7c80) Importer(2089858483,0ecaa5967403d082aa24f35e1b516d23)
Start importing Assets/Oculus/Platform/Samples/VrHoops/Scripts/P2PNetworkBall.cs using Guid(b4360c472d4f2ab498faa9c614ac7c80) Importer(2089858483,0ecaa5967403d082aa24f35e1b516d23) [PhysX] Initialized MultithreadedTaskDispatcher with 32 workers.
 -> (artifact id: 'f62d15946b1e7970de23a01a534b86ad') in 0.013916 seconds
Number of updated asset objects reloaded before import = 0
Number of asset objects unloaded after import = 1
========================================================================
Received Import Request.
  Time since last request: 0.000092 seconds.
  path: Assets/Oculus/SampleFramework/Core/TouchControllers/Animations/r_controller_button01_anim.fbx
  artifactKey: Guid(2dfa765015bcf0049ac66bdfb4b134d0) Importer(2089858483,0ecaa5967403d082aa24f35e1b516d23)
Start importing Assets/Oculus/SampleFramework/Core/TouchControllers/Animations/r_controller_button01_anim.fbx using Guid(2dfa765015bcf0049ac66bdfb4b134d0) Importer(2089858483,0ecaa5967403d082aa24f35e1b516d23) [PhysX] Initialized MultithreadedTaskDispatcher with 32 workers.
 -> (artifact id: 'b1d41635e271f7e9f2a97875f1e151c1') in 0.016485 seconds
Number of updated asset objects reloaded before import = 0
Number of asset objects unloaded after import = 22
========================================================================
Received Import Request.
  Time since last request: 0.000042 seconds.
  path: Assets/Oculus/SampleFramework/Core/DebugUI/Prefabs/DebugUITestCanvas.prefab
  artifactKey: Guid(fd91514fcd2ef484c8fbdbb2e2b504c0) Importer(2089858483,0ecaa5967403d082aa24f35e1b516d23)
Start importing Assets/Oculus/SampleFramework/Core/DebugUI/Prefabs/DebugUITestCanvas.prefab using Guid(fd91514fcd2ef484c8fbdbb2e2b504c0) Importer(2089858483,0ecaa5967403d082aa24f35e1b516d23) [PhysX] Initialized MultithreadedTaskDispatcher with 32 workers.
 -> (artifact id: '6f3a4848cdd7bba6cf5587f7b52b8889') in 0.093447 seconds
Number of updated asset objects reloaded before import = 0
Number of asset objects unloaded after import = 126
========================================================================
Received Import Request.
  Time since last request: 0.000020 seconds.
  path: Assets/Oculus/Interaction/Samples/Scenes/Examples/DistanceGrabExamples.unity
  artifactKey: Guid(e1c1f1d4144ac8849ac1833b99bdfd23) Importer(2089858483,0ecaa5967403d082aa24f35e1b516d23)
Start importing Assets/Oculus/Interaction/Samples/Scenes/Examples/DistanceGrabExamples.unity using Guid(e1c1f1d4144ac8849ac1833b99bdfd23) Importer(2089858483,0ecaa5967403d082aa24f35e1b516d23) [PhysX] Initialized MultithreadedTaskDispatcher with 32 workers.
 -> (artifact id: '013d66f566ce80cdad8b5630257124a2') in 0.009087 seconds
Number of updated asset objects reloaded before import = 0
Number of asset objects unloaded after import = 1
========================================================================
Received Import Request.
  Time since last request: 0.000170 seconds.
  path: Assets/Oculus/SampleFramework/Core/Locomotion/Scripts/TeleportTransitionInstant.cs
  artifactKey: Guid(39fbe3faa8f659944b47b2bb36927a5d) Importer(2089858483,0ecaa5967403d082aa24f35e1b516d23)
Start importing Assets/Oculus/SampleFramework/Core/Locomotion/Scripts/TeleportTransitionInstant.cs using Guid(39fbe3faa8f659944b47b2bb36927a5d) Importer(2089858483,0ecaa5967403d082aa24f35e1b516d23) [PhysX] Initialized MultithreadedTaskDispatcher with 32 workers.
 -> (artifact id: 'a1e7ec8df49946844cc438ad56967438') in 0.009966 seconds
Number of updated asset objects reloaded before import = 0
Number of asset objects unloaded after import = 1
========================================================================
Received Import Request.
  Time since last request: 0.000017 seconds.
  path: Assets/Oculus/SampleFramework/Core/DebugUI/Prefabs/DebugLabel.prefab
  artifactKey: Guid(b70f270c689802248940829a132bb9cc) Importer(2089858483,0ecaa5967403d082aa24f35e1b516d23)
Start importing Assets/Oculus/SampleFramework/Core/DebugUI/Prefabs/DebugLabel.prefab using Guid(b70f270c689802248940829a132bb9cc) Importer(2089858483,0ecaa5967403d082aa24f35e1b516d23) [PhysX] Initialized MultithreadedTaskDispatcher with 32 workers.
 -> (artifact id: 'be93942e51e45e99b105de8bf7c8f84e') in 0.025961 seconds
Number of updated asset objects reloaded before import = 0
Number of asset objects unloaded after import = 8
========================================================================
Received Import Request.
  Time since last request: 0.000016 seconds.
  path: Assets/Oculus/Interaction/Samples/Scenes/Examples/PokeExamples.unity
  artifactKey: Guid(ada3086bde0ab18459589e22d8d9e182) Importer(2089858483,0ecaa5967403d082aa24f35e1b516d23)
Start importing Assets/Oculus/Interaction/Samples/Scenes/Examples/PokeExamples.unity using Guid(ada3086bde0ab18459589e22d8d9e182) Importer(2089858483,0ecaa5967403d082aa24f35e1b516d23) [PhysX] Initialized MultithreadedTaskDispatcher with 32 workers.
 -> (artifact id: '3811cdd4c1542d56f7dec944b2a0ca2e') in 0.006608 seconds
Number of updated asset objects reloaded before import = 0
Number of asset objects unloaded after import = 1
========================================================================
Received Import Request.
  Time since last request: 0.000102 seconds.
  path: Assets/Oculus/SampleFramework/Core/DebugUI/Prefabs/DebugTextField.prefab
  artifactKey: Guid(1af14ae596d9eeb4b8e4bd30a6c22ad3) Importer(2089858483,0ecaa5967403d082aa24f35e1b516d23)
Start importing Assets/Oculus/SampleFramework/Core/DebugUI/Prefabs/DebugTextField.prefab using Guid(1af14ae596d9eeb4b8e4bd30a6c22ad3) Importer(2089858483,0ecaa5967403d082aa24f35e1b516d23) [PhysX] Initialized MultithreadedTaskDispatcher with 32 workers.
 -> (artifact id: '217cae7e20c9ac719e9ab144f009f9cb') in 0.047786 seconds
Number of updated asset objects reloaded before import = 0
Number of asset objects unloaded after import = 14
========================================================================
Received Import Request.
  Time since last request: 0.000016 seconds.
  path: Assets/Oculus/SampleFramework/Core/HandsInteraction/Prefabs/RayTool.prefab
  artifactKey: Guid(50f797a2ff610ca4099b5cf42214abd5) Importer(2089858483,0ecaa5967403d082aa24f35e1b516d23)
Start importing Assets/Oculus/SampleFramework/Core/HandsInteraction/Prefabs/RayTool.prefab using Guid(50f797a2ff610ca4099b5cf42214abd5) Importer(2089858483,0ecaa5967403d082aa24f35e1b516d23) [PhysX] Initialized MultithreadedTaskDispatcher with 32 workers.
 -> (artifact id: 'a859ca02fd8105a5b14aedf6b7c1ef07') in 0.010117 seconds
Number of updated asset objects reloaded before import = 0
Number of asset objects unloaded after import = 12
========================================================================
Received Import Request.
  Time since last request: 0.000059 seconds.
  path: Assets/Oculus/LipSync/Models/FemaleHead_Morph/Female.fbm/melinda_DIFF.png
  artifactKey: Guid(1a8724f1d20039d4e9d7a0ddf97dedca) Importer(2089858483,0ecaa5967403d082aa24f35e1b516d23)
Start importing Assets/Oculus/LipSync/Models/FemaleHead_Morph/Female.fbm/melinda_DIFF.png using Guid(1a8724f1d20039d4e9d7a0ddf97dedca) Importer(2089858483,0ecaa5967403d082aa24f35e1b516d23) [PhysX] Initialized MultithreadedTaskDispatcher with 32 workers.
 -> (artifact id: '52c2af0cc21981c1ad54b7e0c7db6edd') in 0.020518 seconds
Number of updated asset objects reloaded before import = 0
Number of asset objects unloaded after import = 1
========================================================================
Received Import Request.
  Time since last request: 0.000088 seconds.
  path: Assets/Oculus/SampleFramework/Core/TouchControllers/Animations/r_controller_neutral_button02_mask_anim.fbx
  artifactKey: Guid(4ebca2e14f3dbd04881cfb094230b6df) Importer(2089858483,0ecaa5967403d082aa24f35e1b516d23)
Start importing Assets/Oculus/SampleFramework/Core/TouchControllers/Animations/r_controller_neutral_button02_mask_anim.fbx using Guid(4ebca2e14f3dbd04881cfb094230b6df) Importer(2089858483,0ecaa5967403d082aa24f35e1b516d23) [PhysX] Initialized MultithreadedTaskDispatcher with 32 workers.
 -> (artifact id: '9ff2b6d4cefa925f3ecfe174e4f950e4') in 0.020193 seconds
Number of updated asset objects reloaded before import = 0
Number of asset objects unloaded after import = 22
========================================================================
Received Import Request.
  Time since last request: 0.000105 seconds.
  path: Assets/Oculus/Interaction/Samples/Audio/Prefabs/PoseDetectionThumbsDownAudio.prefab
  artifactKey: Guid(554df53d5e174184cb1e009b3d76cffe) Importer(2089858483,0ecaa5967403d082aa24f35e1b516d23)
Start importing Assets/Oculus/Interaction/Samples/Audio/Prefabs/PoseDetectionThumbsDownAudio.prefab using Guid(554df53d5e174184cb1e009b3d76cffe) Importer(2089858483,0ecaa5967403d082aa24f35e1b516d23) [PhysX] Initialized MultithreadedTaskDispatcher with 32 workers.
 -> (artifact id: 'b0aca6d33fd4a1f33f2b9578ca6af745') in 0.025883 seconds
Number of updated asset objects reloaded before import = 0
Number of asset objects unloaded after import = 9
========================================================================
Received Import Request.
  Time since last request: 0.000017 seconds.
  path: Assets/Oculus/Interaction/Samples/Poses/Shapes/FingersRingPinkyOpen.asset
  artifactKey: Guid(88b7b771e6f8afb45991ad222710a8a7) Importer(2089858483,0ecaa5967403d082aa24f35e1b516d23)
Start importing Assets/Oculus/Interaction/Samples/Poses/Shapes/FingersRingPinkyOpen.asset using Guid(88b7b771e6f8afb45991ad222710a8a7) Importer(2089858483,0ecaa5967403d082aa24f35e1b516d23) [PhysX] Initialized MultithreadedTaskDispatcher with 32 workers.
 -> (artifact id: '9da43f4afa11b49d8386d0a75ce02c38') in 0.011331 seconds
Number of updated asset objects reloaded before import = 0
Number of asset objects unloaded after import = 1
========================================================================
Received Import Request.
  Time since last request: 0.000096 seconds.
  path: Assets/Oculus/Interaction/Samples/Scenes/Examples/HandGrabUseExamples.unity
  artifactKey: Guid(509f8fa80c708b343a603a4771d35c85) Importer(2089858483,0ecaa5967403d082aa24f35e1b516d23)
Start importing Assets/Oculus/Interaction/Samples/Scenes/Examples/HandGrabUseExamples.unity using Guid(509f8fa80c708b343a603a4771d35c85) Importer(2089858483,0ecaa5967403d082aa24f35e1b516d23) [PhysX] Initialized MultithreadedTaskDispatcher with 32 workers.
 -> (artifact id: '9e87c63734235eae8aebb5e7c282e491') in 0.005967 seconds
Number of updated asset objects reloaded before import = 0
Number of asset objects unloaded after import = 1
========================================================================
Received Import Request.
  Time since last request: 0.000110 seconds.
  path: Assets/Oculus/SampleFramework/Core/TouchControllers/Animations/l_controller_joy_NW_anim.fbx
  artifactKey: Guid(6d531050a1c3232488732b68dad24643) Importer(2089858483,0ecaa5967403d082aa24f35e1b516d23)
Start importing Assets/Oculus/SampleFramework/Core/TouchControllers/Animations/l_controller_joy_NW_anim.fbx using Guid(6d531050a1c3232488732b68dad24643) Importer(2089858483,0ecaa5967403d082aa24f35e1b516d23) [PhysX] Initialized MultithreadedTaskDispatcher with 32 workers.
 -> (artifact id: 'fa4b7086fdee5c0acece498d4c8989f0') in 0.043366 seconds
Number of updated asset objects reloaded before import = 0
Number of asset objects unloaded after import = 22
========================================================================
Received Import Request.
  Time since last request: 0.000023 seconds.
  path: Assets/Oculus/SampleFramework/Core/CustomHands/Animations/l_hand_relax_mid_fist_anim.fbx
  artifactKey: Guid(ce6184a26b41c254ea24a5968f59d34e) Importer(2089858483,0ecaa5967403d082aa24f35e1b516d23)
Start importing Assets/Oculus/SampleFramework/Core/CustomHands/Animations/l_hand_relax_mid_fist_anim.fbx using Guid(ce6184a26b41c254ea24a5968f59d34e) Importer(2089858483,0ecaa5967403d082aa24f35e1b516d23) [PhysX] Initialized MultithreadedTaskDispatcher with 32 workers.
 -> (artifact id: '0c8fdb0ef9510f4615d17e1b9e7bdef3') in 0.019348 seconds
Number of updated asset objects reloaded before import = 0
Number of asset objects unloaded after import = 55
========================================================================
Received Import Request.
  Time since last request: 0.000025 seconds.
  path: Assets/Oculus/Platform/Samples/VrBoardGame/Scripts/PlatformManager.cs
  artifactKey: Guid(46b8fed8b150a8c4688eae89457bd466) Importer(2089858483,0ecaa5967403d082aa24f35e1b516d23)
Start importing Assets/Oculus/Platform/Samples/VrBoardGame/Scripts/PlatformManager.cs using Guid(46b8fed8b150a8c4688eae89457bd466) Importer(2089858483,0ecaa5967403d082aa24f35e1b516d23) [PhysX] Initialized MultithreadedTaskDispatcher with 32 workers.
 -> (artifact id: '9cd28a2550769b5bdc895a99aca69600') in 0.015178 seconds
Number of updated asset objects reloaded before import = 0
Number of asset objects unloaded after import = 1
========================================================================
Received Import Request.
  Time since last request: 0.000187 seconds.
  path: Assets/Oculus/SampleFramework/Core/TouchControllers/Animations/r_controller_joy_SW_anim.fbx
  artifactKey: Guid(0b95938a77128554693a8add53e022a5) Importer(2089858483,0ecaa5967403d082aa24f35e1b516d23)
Start importing Assets/Oculus/SampleFramework/Core/TouchControllers/Animations/r_controller_joy_SW_anim.fbx using Guid(0b95938a77128554693a8add53e022a5) Importer(2089858483,0ecaa5967403d082aa24f35e1b516d23) [PhysX] Initialized MultithreadedTaskDispatcher with 32 workers.
 -> (artifact id: 'd3262e3cbaeed6589e419edc857c7b22') in 0.019453 seconds
Number of updated asset objects reloaded before import = 0
Number of asset objects unloaded after import = 22
========================================================================
Received Import Request.
  Time since last request: 0.000016 seconds.
  path: Assets/Oculus/SampleFramework/Core/CustomHands/Textures/ramp_toon_01.png
  artifactKey: Guid(c4cf0408250b84759ab0fdfe3f3d5501) Importer(2089858483,0ecaa5967403d082aa24f35e1b516d23)
Start importing Assets/Oculus/SampleFramework/Core/CustomHands/Textures/ramp_toon_01.png using Guid(c4cf0408250b84759ab0fdfe3f3d5501) Importer(2089858483,0ecaa5967403d082aa24f35e1b516d23) [PhysX] Initialized MultithreadedTaskDispatcher with 32 workers.
 -> (artifact id: '1c011902c5dcd6a566a033e62ad1ed90') in 0.018414 seconds
Number of updated asset objects reloaded before import = 0
Number of asset objects unloaded after import = 1
========================================================================
Received Import Request.
  Time since last request: 0.000323 seconds.
  path: Assets/Oculus/SampleFramework/Core/Locomotion/Scripts/TeleportTargetHandlerPhysical.cs
  artifactKey: Guid(7d8fa3b51be1cb745a66b9f32a13f550) Importer(2089858483,0ecaa5967403d082aa24f35e1b516d23)
Start importing Assets/Oculus/SampleFramework/Core/Locomotion/Scripts/TeleportTargetHandlerPhysical.cs using Guid(7d8fa3b51be1cb745a66b9f32a13f550) Importer(2089858483,0ecaa5967403d082aa24f35e1b516d23) [PhysX] Initialized MultithreadedTaskDispatcher with 32 workers.
 -> (artifact id: '8b6055de0d79f071215f71aa44663fd3') in 0.012173 seconds
Number of updated asset objects reloaded before import = 0
Number of asset objects unloaded after import = 1
========================================================================
Received Import Request.
  Time since last request: 0.000033 seconds.
  path: Assets/Oculus/Platform/Samples/VrHoops/Scripts/LeaderboardManager.cs
  artifactKey: Guid(b5525a4fa9d4898438f479b1c25ff8b4) Importer(2089858483,0ecaa5967403d082aa24f35e1b516d23)
Start importing Assets/Oculus/Platform/Samples/VrHoops/Scripts/LeaderboardManager.cs using Guid(b5525a4fa9d4898438f479b1c25ff8b4) Importer(2089858483,0ecaa5967403d082aa24f35e1b516d23) [PhysX] Initialized MultithreadedTaskDispatcher with 32 workers.
 -> (artifact id: '7a1d828f0e8363f5585a11bc9c6269ff') in 0.012305 seconds
Number of updated asset objects reloaded before import = 0
Number of asset objects unloaded after import = 1
========================================================================
Received Import Request.
  Time since last request: 0.000287 seconds.
  path: Assets/Oculus/SampleFramework/Core/CustomHands/Animations/r_hand_default_anim.fbx
  artifactKey: Guid(b6c38558987444240b3b3950e4450b77) Importer(2089858483,0ecaa5967403d082aa24f35e1b516d23)
Start importing Assets/Oculus/SampleFramework/Core/CustomHands/Animations/r_hand_default_anim.fbx using Guid(b6c38558987444240b3b3950e4450b77) Importer(2089858483,0ecaa5967403d082aa24f35e1b516d23) [PhysX] Initialized MultithreadedTaskDispatcher with 32 workers.
 -> (artifact id: '7b32726eaae1dd95014d6b55e5af6511') in 0.019715 seconds
Number of updated asset objects reloaded before import = 0
Number of asset objects unloaded after import = 57
========================================================================
Received Import Request.
  Time since last request: 0.000016 seconds.
  path: Assets/Oculus/SampleFramework/Core/CustomHands/Models/HandPoseDefaultPf.prefab
  artifactKey: Guid(35525acb4c3b75c4a8c4dc2c117427be) Importer(2089858483,0ecaa5967403d082aa24f35e1b516d23)
Start importing Assets/Oculus/SampleFramework/Core/CustomHands/Models/HandPoseDefaultPf.prefab using Guid(35525acb4c3b75c4a8c4dc2c117427be) Importer(2089858483,0ecaa5967403d082aa24f35e1b516d23) [PhysX] Initialized MultithreadedTaskDispatcher with 32 workers.
 -> (artifact id: 'bc548ee6f5ce1a3e4574e7590c375061') in 0.012966 seconds
Number of updated asset objects reloaded before import = 0
Number of asset objects unloaded after import = 5
========================================================================
Received Import Request.
  Time since last request: 0.000127 seconds.
  path: Assets/Oculus/SampleFramework/Core/TouchControllers/Animations/l_controller_joy_SE_anim.fbx
  artifactKey: Guid(983c3f6cea2a3ea4fad3e697bea1746f) Importer(2089858483,0ecaa5967403d082aa24f35e1b516d23)
Start importing Assets/Oculus/SampleFramework/Core/TouchControllers/Animations/l_controller_joy_SE_anim.fbx using Guid(983c3f6cea2a3ea4fad3e697bea1746f) Importer(2089858483,0ecaa5967403d082aa24f35e1b516d23) [PhysX] Initialized MultithreadedTaskDispatcher with 32 workers.
 -> (artifact id: '8d17155b51cf7e3cac1612fffe775dfd') in 0.022228 seconds
Number of updated asset objects reloaded before import = 0
Number of asset objects unloaded after import = 22
========================================================================
Received Import Request.
  Time since last request: 0.000021 seconds.
  path: Assets/Oculus/SampleFramework/Core/DebugUI/Textures/separator.png
  artifactKey: Guid(99e2846e72f06dc4fb23e772dca82743) Importer(2089858483,0ecaa5967403d082aa24f35e1b516d23)
Start importing Assets/Oculus/SampleFramework/Core/DebugUI/Textures/separator.png using Guid(99e2846e72f06dc4fb23e772dca82743) Importer(2089858483,0ecaa5967403d082aa24f35e1b516d23) [PhysX] Initialized MultithreadedTaskDispatcher with 32 workers.
 -> (artifact id: '3056493432cab01a3f65c6537e6ecd76') in 0.016383 seconds
Number of updated asset objects reloaded before import = 0
Number of asset objects unloaded after import = 3
========================================================================
Received Import Request.
  Time since last request: 0.000021 seconds.
  path: Assets/Oculus/SampleFramework/Core/TouchControllers/Animations/l_controller_button01_anim.fbx
  artifactKey: Guid(5656ce9e2c4daca43b3b6dde03763e38) Importer(2089858483,0ecaa5967403d082aa24f35e1b516d23)
Start importing Assets/Oculus/SampleFramework/Core/TouchControllers/Animations/l_controller_button01_anim.fbx using Guid(5656ce9e2c4daca43b3b6dde03763e38) Importer(2089858483,0ecaa5967403d082aa24f35e1b516d23) [PhysX] Initialized MultithreadedTaskDispatcher with 32 workers.
 -> (artifact id: 'ea0b37bb2b67e66769daf78acae84825') in 0.016766 seconds
Number of updated asset objects reloaded before import = 0
Number of asset objects unloaded after import = 22
========================================================================
Received Import Request.
  Time since last request: 1.338568 seconds.
  path: Assets/Oculus/SampleFramework/Core/TouchControllers/Animations/r_controller_neutral_trigger_pull_mask_anim.fbx
  artifactKey: Guid(c57b76fcd87d3154cb02f7143c65b5cf) Importer(2089858483,0ecaa5967403d082aa24f35e1b516d23)
Start importing Assets/Oculus/SampleFramework/Core/TouchControllers/Animations/r_controller_neutral_trigger_pull_mask_anim.fbx using Guid(c57b76fcd87d3154cb02f7143c65b5cf) Importer(2089858483,0ecaa5967403d082aa24f35e1b516d23) [PhysX] Initialized MultithreadedTaskDispatcher with 32 workers.
 -> (artifact id: 'bd86805f2fda28979f9f2f122facb873') in 0.029290 seconds
Number of updated asset objects reloaded before import = 0
Number of asset objects unloaded after import = 22
========================================================================
Received Import Request.
  Time since last request: 0.000866 seconds.
  path: Assets/Oculus/SampleFramework/Usage/Locomotion/Prefabs/WalkWedgePf.prefab
  artifactKey: Guid(1ebbf2a1c8f914adb93d6505f0368a02) Importer(2089858483,0ecaa5967403d082aa24f35e1b516d23)
Start importing Assets/Oculus/SampleFramework/Usage/Locomotion/Prefabs/WalkWedgePf.prefab using Guid(1ebbf2a1c8f914adb93d6505f0368a02) Importer(2089858483,0ecaa5967403d082aa24f35e1b516d23) [PhysX] Initialized MultithreadedTaskDispatcher with 32 workers.
 -> (artifact id: '304328cc9e418faac62c65f260e16564') in 0.031526 seconds
Number of updated asset objects reloaded before import = 0
Number of asset objects unloaded after import = 10
========================================================================
Received Import Request.
  Time since last request: 0.000254 seconds.
  path: Assets/Oculus/SampleFramework/Usage/OVROverlay/Textures/OVRDisplayApplicationLayerText.png
  artifactKey: Guid(ddb5f7d8796b2c345bfe283cdc368c73) Importer(2089858483,0ecaa5967403d082aa24f35e1b516d23)
Start importing Assets/Oculus/SampleFramework/Usage/OVROverlay/Textures/OVRDisplayApplicationLayerText.png using Guid(ddb5f7d8796b2c345bfe283cdc368c73) Importer(2089858483,0ecaa5967403d082aa24f35e1b516d23) [PhysX] Initialized MultithreadedTaskDispatcher with 32 workers.
 -> (artifact id: '46f25f03c141787f7d95ddb95198d035') in 0.030164 seconds
Number of updated asset objects reloaded before import = 0
Number of asset objects unloaded after import = 1
========================================================================
Received Import Request.
  Time since last request: 0.000060 seconds.
  path: Assets/Oculus/SampleFramework/Usage/Locomotion/Materials/TriPlanarWorld.mat
  artifactKey: Guid(6551c660b2c93764687b704adf6cb1dc) Importer(2089858483,0ecaa5967403d082aa24f35e1b516d23)
Start importing Assets/Oculus/SampleFramework/Usage/Locomotion/Materials/TriPlanarWorld.mat using Guid(6551c660b2c93764687b704adf6cb1dc) Importer(2089858483,0ecaa5967403d082aa24f35e1b516d23) [PhysX] Initialized MultithreadedTaskDispatcher with 32 workers.
 -> (artifact id: '3a286b620bce39bc8a045b53c0e1d0a1') in 0.035845 seconds
Number of updated asset objects reloaded before import = 0
Number of asset objects unloaded after import = 2
========================================================================
Received Import Request.
  Time since last request: 0.000018 seconds.
  path: Assets/Oculus/SampleFramework/Usage/DistanceGrab/Materials/SportsBottleLidWithOutline.mat
  artifactKey: Guid(c4838c9fceddb43a5b32cf5f3d35522d) Importer(2089858483,0ecaa5967403d082aa24f35e1b516d23)
Start importing Assets/Oculus/SampleFramework/Usage/DistanceGrab/Materials/SportsBottleLidWithOutline.mat using Guid(c4838c9fceddb43a5b32cf5f3d35522d) Importer(2089858483,0ecaa5967403d082aa24f35e1b516d23) [PhysX] Initialized MultithreadedTaskDispatcher with 32 workers.
 -> (artifact id: 'a7229e35fa29603a87f8f3d7dbc51d10') in 0.010846 seconds
Number of updated asset objects reloaded before import = 0
Number of asset objects unloaded after import = 2
========================================================================
Received Import Request.
  Time since last request: 0.000025 seconds.
  path: Assets/Oculus/SampleFramework/Usage/Locomotion/Textures/floor_wood_01_msm.png
  artifactKey: Guid(2a6b2bd66cb8348619282685a3e7d571) Importer(2089858483,0ecaa5967403d082aa24f35e1b516d23)
Start importing Assets/Oculus/SampleFramework/Usage/Locomotion/Textures/floor_wood_01_msm.png using Guid(2a6b2bd66cb8348619282685a3e7d571) Importer(2089858483,0ecaa5967403d082aa24f35e1b516d23) [PhysX] Initialized MultithreadedTaskDispatcher with 32 workers.
 -> (artifact id: 'b310dec4d70a51801188cff35a59a29c') in 0.019373 seconds
Number of updated asset objects reloaded before import = 0
Number of asset objects unloaded after import = 1
========================================================================
Received Import Request.
  Time since last request: 0.000138 seconds.
  path: Assets/Oculus/SampleFramework/Usage/HandsTrainExample/Audio/Windmill_Stop.wav
  artifactKey: Guid(48c8a43dd791b454e83cd3a256a4827d) Importer(2089858483,0ecaa5967403d082aa24f35e1b516d23)
Start importing Assets/Oculus/SampleFramework/Usage/HandsTrainExample/Audio/Windmill_Stop.wav using Guid(48c8a43dd791b454e83cd3a256a4827d) Importer(2089858483,0ecaa5967403d082aa24f35e1b516d23) [PhysX] Initialized MultithreadedTaskDispatcher with 32 workers.
 -> (artifact id: 'be3dc5942fce807d5bcd5313b9853bae') in 0.023815 seconds
Number of updated asset objects reloaded before import = 0
Number of asset objects unloaded after import = 1
========================================================================
Received Import Request.
  Time since last request: 0.000072 seconds.
  path: Assets/Oculus/SampleFramework/Usage/Locomotion/Materials/DebugDrawLine.mat
  artifactKey: Guid(b4fdc20717507cc48b28ef9db82f0d5f) Importer(2089858483,0ecaa5967403d082aa24f35e1b516d23)
Start importing Assets/Oculus/SampleFramework/Usage/Locomotion/Materials/DebugDrawLine.mat using Guid(b4fdc20717507cc48b28ef9db82f0d5f) Importer(2089858483,0ecaa5967403d082aa24f35e1b516d23) [PhysX] Initialized MultithreadedTaskDispatcher with 32 workers.
 -> (artifact id: 'e08d1dc7a620289e37a910f300845bec') in 0.010616 seconds
Number of updated asset objects reloaded before import = 0
Number of asset objects unloaded after import = 1
========================================================================
Received Import Request.
  Time since last request: 0.000061 seconds.
  path: Assets/Oculus/SampleFramework/Usage/Locomotion/Prefabs/SunkenWallsPf.prefab
  artifactKey: Guid(12d2a5f045e39454692a25cb3c3b769f) Importer(2089858483,0ecaa5967403d082aa24f35e1b516d23)
Start importing Assets/Oculus/SampleFramework/Usage/Locomotion/Prefabs/SunkenWallsPf.prefab using Guid(12d2a5f045e39454692a25cb3c3b769f) Importer(2089858483,0ecaa5967403d082aa24f35e1b516d23) [PhysX] Initialized MultithreadedTaskDispatcher with 32 workers.
 -> (artifact id: '60fa9f4def9d3834d75cc820114f2d3b') in 0.007051 seconds
Number of updated asset objects reloaded before import = 0
Number of asset objects unloaded after import = 25
========================================================================
Received Import Request.
  Time since last request: 0.000017 seconds.
  path: Assets/Oculus/SampleFramework/Usage/OVROverlay/Textures/Tile_Texture_Lost.png
  artifactKey: Guid(c09e861d46e4db94ebfae91e507dd88a) Importer(2089858483,0ecaa5967403d082aa24f35e1b516d23)
Start importing Assets/Oculus/SampleFramework/Usage/OVROverlay/Textures/Tile_Texture_Lost.png using Guid(c09e861d46e4db94ebfae91e507dd88a) Importer(2089858483,0ecaa5967403d082aa24f35e1b516d23) [PhysX] Initialized MultithreadedTaskDispatcher with 32 workers.
 -> (artifact id: 'dd3c54699c853519bea136c926177433') in 0.018725 seconds
Number of updated asset objects reloaded before import = 0
Number of asset objects unloaded after import = 1
========================================================================
Received Import Request.
  Time since last request: 0.000103 seconds.
  path: Assets/Oculus/SampleFramework/Usage/Passthrough/Textures/inverted-lut.png
  artifactKey: Guid(051cd4f8422f6e246ba6f3bdf38cdd70) Importer(2089858483,0ecaa5967403d082aa24f35e1b516d23)
Start importing Assets/Oculus/SampleFramework/Usage/Passthrough/Textures/inverted-lut.png using Guid(051cd4f8422f6e246ba6f3bdf38cdd70) Importer(2089858483,0ecaa5967403d082aa24f35e1b516d23) [PhysX] Initialized MultithreadedTaskDispatcher with 32 workers.
 -> (artifact id: '0b307a5fad151dc40905cde074f759bc') in 0.016053 seconds
Number of updated asset objects reloaded before import = 0
Number of asset objects unloaded after import = 1
========================================================================
Received Import Request.
  Time since last request: 0.000089 seconds.
  path: Assets/Oculus/SampleFramework/Usage/Passthrough/Scripts/AugmentedObject.cs
  artifactKey: Guid(f8a81fa1c7362de42a8fe4abd77cd033) Importer(2089858483,0ecaa5967403d082aa24f35e1b516d23)
Start importing Assets/Oculus/SampleFramework/Usage/Passthrough/Scripts/AugmentedObject.cs using Guid(f8a81fa1c7362de42a8fe4abd77cd033) Importer(2089858483,0ecaa5967403d082aa24f35e1b516d23) [PhysX] Initialized MultithreadedTaskDispatcher with 32 workers.
 -> (artifact id: 'c8e56edf2f141afefed080cd1231c745') in 0.010542 seconds
Number of updated asset objects reloaded before import = 0
Number of asset objects unloaded after import = 1
========================================================================
Received Import Request.
  Time since last request: 0.000015 seconds.
  path: Assets/Oculus/SampleFramework/Usage/HandsTrainExample/TrainScene/Lightmap-28_comp_dir.png
  artifactKey: Guid(d038d6b7c2b7e8c4fa39bf5762f3bd64) Importer(2089858483,0ecaa5967403d082aa24f35e1b516d23)
Start importing Assets/Oculus/SampleFramework/Usage/HandsTrainExample/TrainScene/Lightmap-28_comp_dir.png using Guid(d038d6b7c2b7e8c4fa39bf5762f3bd64) Importer(2089858483,0ecaa5967403d082aa24f35e1b516d23) [PhysX] Initialized MultithreadedTaskDispatcher with 32 workers.
 -> (artifact id: '763f6983e2be4a5b1be613c3ed288d6e') in 0.013745 seconds
Number of updated asset objects reloaded before import = 0
Number of asset objects unloaded after import = 1
========================================================================
Received Import Request.
  Time since last request: 0.000093 seconds.
  path: Assets/Oculus/SampleFramework/Usage/HandsTrainExample/Audio/Windmill_Start.wav
  artifactKey: Guid(b70c21d718005834ca7e7f3c7a6fdd88) Importer(2089858483,0ecaa5967403d082aa24f35e1b516d23)
Start importing Assets/Oculus/SampleFramework/Usage/HandsTrainExample/Audio/Windmill_Start.wav using Guid(b70c21d718005834ca7e7f3c7a6fdd88) Importer(2089858483,0ecaa5967403d082aa24f35e1b516d23) [PhysX] Initialized MultithreadedTaskDispatcher with 32 workers.
 -> (artifact id: 'd9678f6ed51a4eaafeeb24e099a12e33') in 0.025656 seconds
Number of updated asset objects reloaded before import = 0
Number of asset objects unloaded after import = 1
========================================================================
Received Import Request.
  Time since last request: 0.000078 seconds.
  path: Assets/Oculus/SampleFramework/Usage/Locomotion/Models/NavMesh.asset
  artifactKey: Guid(46eee71e9675af647b93e6274360744c) Importer(2089858483,0ecaa5967403d082aa24f35e1b516d23)
Start importing Assets/Oculus/SampleFramework/Usage/Locomotion/Models/NavMesh.asset using Guid(46eee71e9675af647b93e6274360744c) Importer(2089858483,0ecaa5967403d082aa24f35e1b516d23) [PhysX] Initialized MultithreadedTaskDispatcher with 32 workers.
 -> (artifact id: '66c4aa9bf5427163e6a5e41ccbc3e4c7') in 0.014480 seconds
Number of updated asset objects reloaded before import = 0
Number of asset objects unloaded after import = 1
========================================================================
Received Import Request.
  Time since last request: 0.000047 seconds.
  path: Assets/Oculus/SampleFramework/Usage/HandsTrainExample/TrainScene/Lightmap-30_comp_light.exr
  artifactKey: Guid(d89f25503dcb43d49ad0a289ff36ac5c) Importer(2089858483,0ecaa5967403d082aa24f35e1b516d23)
Start importing Assets/Oculus/SampleFramework/Usage/HandsTrainExample/TrainScene/Lightmap-30_comp_light.exr using Guid(d89f25503dcb43d49ad0a289ff36ac5c) Importer(2089858483,0ecaa5967403d082aa24f35e1b516d23) [PhysX] Initialized MultithreadedTaskDispatcher with 32 workers.
 -> (artifact id: '761f962c6ad5ede623c92615028bdb42') in 0.015182 seconds
Number of updated asset objects reloaded before import = 0
Number of asset objects unloaded after import = 1
========================================================================
Received Import Request.
  Time since last request: 0.000130 seconds.
  path: Assets/Oculus/SampleFramework/Usage/SceneManager/Materials/Ball Visible.mat
  artifactKey: Guid(393d64b573215e544b8b5cc315e10d68) Importer(2089858483,0ecaa5967403d082aa24f35e1b516d23)
Start importing Assets/Oculus/SampleFramework/Usage/SceneManager/Materials/Ball Visible.mat using Guid(393d64b573215e544b8b5cc315e10d68) Importer(2089858483,0ecaa5967403d082aa24f35e1b516d23) [PhysX] Initialized MultithreadedTaskDispatcher with 32 workers.
 -> (artifact id: '906e713a7b66281189c6047e3d39fbc4') in 0.010857 seconds
Number of updated asset objects reloaded before import = 0
Number of asset objects unloaded after import = 1
========================================================================
Received Import Request.
  Time since last request: 0.000107 seconds.
  path: Assets/Oculus/SampleFramework/Usage/SceneManager/Prefabs/InvisibleVolume.prefab
  artifactKey: Guid(d9e6bf90859da5e4a99697b186a19545) Importer(2089858483,0ecaa5967403d082aa24f35e1b516d23)
Start importing Assets/Oculus/SampleFramework/Usage/SceneManager/Prefabs/InvisibleVolume.prefab using Guid(d9e6bf90859da5e4a99697b186a19545) Importer(2089858483,0ecaa5967403d082aa24f35e1b516d23) [PhysX] Initialized MultithreadedTaskDispatcher with 32 workers.
 -> (artifact id: 'de1739df54fe97ecba0378cad85f5036') in 0.013252 seconds
Number of updated asset objects reloaded before import = 0
Number of asset objects unloaded after import = 10
========================================================================
Received Import Request.
  Time since last request: 0.000061 seconds.
  path: Assets/Oculus/SampleFramework/Usage/Locomotion/Textures/concrete_01_nml.png
  artifactKey: Guid(701403c147f7e4788b7fa79df53cc543) Importer(2089858483,0ecaa5967403d082aa24f35e1b516d23)
Start importing Assets/Oculus/SampleFramework/Usage/Locomotion/Textures/concrete_01_nml.png using Guid(701403c147f7e4788b7fa79df53cc543) Importer(2089858483,0ecaa5967403d082aa24f35e1b516d23) [PhysX] Initialized MultithreadedTaskDispatcher with 32 workers.
 -> (artifact id: '677b73587a4ed2ab7d342d4ea4a74868') in 0.019364 seconds
Number of updated asset objects reloaded before import = 0
Number of asset objects unloaded after import = 1
========================================================================
Received Import Request.
  Time since last request: 0.000062 seconds.
  path: Assets/Oculus/SampleFramework/Usage/HandsTrainExample/Audio/Train_Stop_From_Speed_3.wav
  artifactKey: Guid(c9f82cf5ea0f4e34fb4ba9b821978bd2) Importer(2089858483,0ecaa5967403d082aa24f35e1b516d23)
Start importing Assets/Oculus/SampleFramework/Usage/HandsTrainExample/Audio/Train_Stop_From_Speed_3.wav using Guid(c9f82cf5ea0f4e34fb4ba9b821978bd2) Importer(2089858483,0ecaa5967403d082aa24f35e1b516d23) [PhysX] Initialized MultithreadedTaskDispatcher with 32 workers.
 -> (artifact id: '3c83def357c36742073683ecd998f551') in 0.026783 seconds
Number of updated asset objects reloaded before import = 0
Number of asset objects unloaded after import = 1
========================================================================
Received Import Request.
  Time since last request: 0.000078 seconds.
  path: Assets/Oculus/SampleFramework/Usage/HandsTrainExample/TrainScene/Lightmap-19_comp_dir.png
  artifactKey: Guid(c5b3c31a184a9b14ca0407e885edc7f3) Importer(2089858483,0ecaa5967403d082aa24f35e1b516d23)
Start importing Assets/Oculus/SampleFramework/Usage/HandsTrainExample/TrainScene/Lightmap-19_comp_dir.png using Guid(c5b3c31a184a9b14ca0407e885edc7f3) Importer(2089858483,0ecaa5967403d082aa24f35e1b516d23) [PhysX] Initialized MultithreadedTaskDispatcher with 32 workers.
 -> (artifact id: '1f930cd9a85ecba4a1fe17b67ec361cb') in 0.015894 seconds
Number of updated asset objects reloaded before import = 0
Number of asset objects unloaded after import = 1
========================================================================
Received Import Request.
  Time since last request: 0.000101 seconds.
  path: Assets/Oculus/SampleFramework/Usage/HandsTrainExample/TrainScene/Lightmap-14_comp_shadowmask.png
  artifactKey: Guid(972b388f8bb72aa4690f9610df0914ee) Importer(2089858483,0ecaa5967403d082aa24f35e1b516d23)
Start importing Assets/Oculus/SampleFramework/Usage/HandsTrainExample/TrainScene/Lightmap-14_comp_shadowmask.png using Guid(972b388f8bb72aa4690f9610df0914ee) Importer(2089858483,0ecaa5967403d082aa24f35e1b516d23) [PhysX] Initialized MultithreadedTaskDispatcher with 32 workers.
 -> (artifact id: '2c11746806238a57f1fc5196515a8726') in 0.016545 seconds
Number of updated asset objects reloaded before import = 0
Number of asset objects unloaded after import = 1
========================================================================
Received Import Request.
  Time since last request: 0.000092 seconds.
  path: Assets/Oculus/SampleFramework/Usage/OVROverlay/Textures/QuadOverlayText.png
  artifactKey: Guid(fe0116bd810bd5b438e8737805ce0235) Importer(2089858483,0ecaa5967403d082aa24f35e1b516d23)
Start importing Assets/Oculus/SampleFramework/Usage/OVROverlay/Textures/QuadOverlayText.png using Guid(fe0116bd810bd5b438e8737805ce0235) Importer(2089858483,0ecaa5967403d082aa24f35e1b516d23) [PhysX] Initialized MultithreadedTaskDispatcher with 32 workers.
 -> (artifact id: 'f294fc35d3e00cbc0b7d43e912fd644a') in 0.024591 seconds
Number of updated asset objects reloaded before import = 0
Number of asset objects unloaded after import = 1
========================================================================
Received Import Request.
  Time since last request: 0.000018 seconds.
  path: Assets/Oculus/SampleFramework/Usage/Passthrough/Materials/SelectivePassthrough.mat
  artifactKey: Guid(f7f0c9cf841119946914d0d30670867a) Importer(2089858483,0ecaa5967403d082aa24f35e1b516d23)
Start importing Assets/Oculus/SampleFramework/Usage/Passthrough/Materials/SelectivePassthrough.mat using Guid(f7f0c9cf841119946914d0d30670867a) Importer(2089858483,0ecaa5967403d082aa24f35e1b516d23) [PhysX] Initialized MultithreadedTaskDispatcher with 32 workers.
 -> (artifact id: '039fb155a90e35dda612552752505bb1') in 0.025081 seconds
Number of updated asset objects reloaded before import = 0
Number of asset objects unloaded after import = 2
========================================================================
Received Import Request.
  Time since last request: 0.000022 seconds.
  path: Assets/Oculus/SampleFramework/Usage/DistanceGrab/Materials/WoodBlockWithOutline.mat
  artifactKey: Guid(3a4cc84819795469da40d14888581e73) Importer(2089858483,0ecaa5967403d082aa24f35e1b516d23)
Start importing Assets/Oculus/SampleFramework/Usage/DistanceGrab/Materials/WoodBlockWithOutline.mat using Guid(3a4cc84819795469da40d14888581e73) Importer(2089858483,0ecaa5967403d082aa24f35e1b516d23) [PhysX] Initialized MultithreadedTaskDispatcher with 32 workers.
 -> (artifact id: '92674a8ab82660b4061a820b2768114e') in 0.016551 seconds
Number of updated asset objects reloaded before import = 0
Number of asset objects unloaded after import = 3
========================================================================
Received Import Request.
  Time since last request: 0.000019 seconds.
  path: Assets/Oculus/SampleFramework/Usage/SceneManager/Shaders/WireframeShader.shader
  artifactKey: Guid(5009e5d9661683d4ea61124ecb0e0069) Importer(2089858483,0ecaa5967403d082aa24f35e1b516d23)
Start importing Assets/Oculus/SampleFramework/Usage/SceneManager/Shaders/WireframeShader.shader using Guid(5009e5d9661683d4ea61124ecb0e0069) Importer(2089858483,0ecaa5967403d082aa24f35e1b516d23) [PhysX] Initialized MultithreadedTaskDispatcher with 32 workers.
 -> (artifact id: '45183682882c2885701a6429f9b93b09') in 0.018178 seconds
Number of updated asset objects reloaded before import = 0
Number of asset objects unloaded after import = 1
========================================================================
Received Import Request.
  Time since last request: 0.000120 seconds.
  path: Assets/Oculus/SampleFramework/Usage/SceneManager/Materials/InvisibleOccluder.mat
  artifactKey: Guid(b8bd68487053dd84fbf7fabc4b50bd16) Importer(2089858483,0ecaa5967403d082aa24f35e1b516d23)
Start importing Assets/Oculus/SampleFramework/Usage/SceneManager/Materials/InvisibleOccluder.mat using Guid(b8bd68487053dd84fbf7fabc4b50bd16) Importer(2089858483,0ecaa5967403d082aa24f35e1b516d23) [PhysX] Initialized MultithreadedTaskDispatcher with 32 workers.
 -> (artifact id: 'dda186d1dce5a965e6b3431c17404acf') in 0.009329 seconds
Number of updated asset objects reloaded before import = 0
Number of asset objects unloaded after import = 1
========================================================================
Received Import Request.
  Time since last request: 0.000022 seconds.
  path: Assets/Oculus/SampleFramework/Usage/HandsTrainExample/TrainScene/Lightmap-12_comp_shadowmask.png
  artifactKey: Guid(a3dc0a4fa96ecd5499e315d093abe479) Importer(2089858483,0ecaa5967403d082aa24f35e1b516d23)
Start importing Assets/Oculus/SampleFramework/Usage/HandsTrainExample/TrainScene/Lightmap-12_comp_shadowmask.png using Guid(a3dc0a4fa96ecd5499e315d093abe479) Importer(2089858483,0ecaa5967403d082aa24f35e1b516d23) [PhysX] Initialized MultithreadedTaskDispatcher with 32 workers.
 -> (artifact id: '0c445d21ad098926602ff447609fee90') in 0.019045 seconds
Number of updated asset objects reloaded before import = 0
Number of asset objects unloaded after import = 1
========================================================================
Received Import Request.
  Time since last request: 0.000111 seconds.
  path: Assets/Oculus/SampleFramework/Usage/SceneManager/Prefabs/PlaneMesh.prefab
  artifactKey: Guid(ed591fa88c6b209459875e7304638dd2) Importer(2089858483,0ecaa5967403d082aa24f35e1b516d23)
Start importing Assets/Oculus/SampleFramework/Usage/SceneManager/Prefabs/PlaneMesh.prefab using Guid(ed591fa88c6b209459875e7304638dd2) Importer(2089858483,0ecaa5967403d082aa24f35e1b516d23) [PhysX] Initialized MultithreadedTaskDispatcher with 32 workers.
 -> (artifact id: '1f61c3e6b764c88c4d32a3e6c5a4fab1') in 0.024577 seconds
Number of updated asset objects reloaded before import = 0
Number of asset objects unloaded after import = 25
========================================================================
Received Import Request.
  Time since last request: 0.000019 seconds.
  path: Assets/Oculus/SampleFramework/Usage/HandsTrainExample/Scripts/HandsActiveChecker.cs
  artifactKey: Guid(8637f636fa870e644a30016d21a3ca03) Importer(2089858483,0ecaa5967403d082aa24f35e1b516d23)
Start importing Assets/Oculus/SampleFramework/Usage/HandsTrainExample/Scripts/HandsActiveChecker.cs using Guid(8637f636fa870e644a30016d21a3ca03) Importer(2089858483,0ecaa5967403d082aa24f35e1b516d23) [PhysX] Initialized MultithreadedTaskDispatcher with 32 workers.
 -> (artifact id: 'a6a8e721c1b26c0fa1b499249187e87a') in 0.014538 seconds
Number of updated asset objects reloaded before import = 0
Number of asset objects unloaded after import = 1
========================================================================
Received Import Request.
  Time since last request: 0.000215 seconds.
  path: Assets/Oculus/SampleFramework/Usage/HandsTrainExample/Prefabs/StraightSegment.prefab
  artifactKey: Guid(8abf81966316aaa4ab3c679a2a46c5b4) Importer(2089858483,0ecaa5967403d082aa24f35e1b516d23)
Start importing Assets/Oculus/SampleFramework/Usage/HandsTrainExample/Prefabs/StraightSegment.prefab using Guid(8abf81966316aaa4ab3c679a2a46c5b4) Importer(2089858483,0ecaa5967403d082aa24f35e1b516d23) [PhysX] Initialized MultithreadedTaskDispatcher with 32 workers.
 -> (artifact id: '00719fbf432665cbe0b44fced315baed') in 0.018531 seconds
Number of updated asset objects reloaded before import = 0
Number of asset objects unloaded after import = 7
========================================================================
Received Import Request.
  Time since last request: 0.000018 seconds.
  path: Assets/Oculus/SampleFramework/Usage/HandsTrainExample/TrainScene/Lightmap-15_comp_shadowmask.png
  artifactKey: Guid(ea192a2124ab1b442ab8230899d1f4e2) Importer(2089858483,0ecaa5967403d082aa24f35e1b516d23)
Start importing Assets/Oculus/SampleFramework/Usage/HandsTrainExample/TrainScene/Lightmap-15_comp_shadowmask.png using Guid(ea192a2124ab1b442ab8230899d1f4e2) Importer(2089858483,0ecaa5967403d082aa24f35e1b516d23) [PhysX] Initialized MultithreadedTaskDispatcher with 32 workers.
 -> (artifact id: '7d83ab7b82a2497ed4f29626c6fad475') in 0.019600 seconds
Number of updated asset objects reloaded before import = 0
Number of asset objects unloaded after import = 1
========================================================================
Received Import Request.
  Time since last request: 0.000021 seconds.
  path: Assets/Oculus/SampleFramework/Usage/HandsTrainExample/Scripts/WindmillController.cs
  artifactKey: Guid(d8bfac2fa4b437b4e891bd82f393ff0f) Importer(2089858483,0ecaa5967403d082aa24f35e1b516d23)
Start importing Assets/Oculus/SampleFramework/Usage/HandsTrainExample/Scripts/WindmillController.cs using Guid(d8bfac2fa4b437b4e891bd82f393ff0f) Importer(2089858483,0ecaa5967403d082aa24f35e1b516d23) [PhysX] Initialized MultithreadedTaskDispatcher with 32 workers.
 -> (artifact id: 'ce924beb9696bcdd4513ad220c1415dc') in 0.010047 seconds
Number of updated asset objects reloaded before import = 0
Number of asset objects unloaded after import = 1
========================================================================
Received Import Request.
  Time since last request: 0.000165 seconds.
  path: Assets/Oculus/SampleFramework/Usage/HandsTrainExample/TrainScene/Lightmap-16_comp_shadowmask.png
  artifactKey: Guid(8715f995028e8fb4d946cddb606c6110) Importer(2089858483,0ecaa5967403d082aa24f35e1b516d23)
Start importing Assets/Oculus/SampleFramework/Usage/HandsTrainExample/TrainScene/Lightmap-16_comp_shadowmask.png using Guid(8715f995028e8fb4d946cddb606c6110) Importer(2089858483,0ecaa5967403d082aa24f35e1b516d23) [PhysX] Initialized MultithreadedTaskDispatcher with 32 workers.
 -> (artifact id: '0774944bfcfcd0378d0ad698b6d61530') in 0.020612 seconds
Number of updated asset objects reloaded before import = 0
Number of asset objects unloaded after import = 1
========================================================================
Received Import Request.
  Time since last request: 0.000309 seconds.
  path: Assets/Oculus/SampleFramework/Core/TouchControllers/Materials/R_controller_MAT.mat
  artifactKey: Guid(14179725cf9421448b565469bfc84247) Importer(2089858483,0ecaa5967403d082aa24f35e1b516d23)
Start importing Assets/Oculus/SampleFramework/Core/TouchControllers/Materials/R_controller_MAT.mat using Guid(14179725cf9421448b565469bfc84247) Importer(2089858483,0ecaa5967403d082aa24f35e1b516d23) [PhysX] Initialized MultithreadedTaskDispatcher with 32 workers.
 -> (artifact id: 'a01a04f752e0567555d4275e407a507c') in 0.031390 seconds
Number of updated asset objects reloaded before import = 0
Number of asset objects unloaded after import = 1
========================================================================
Received Import Request.
  Time since last request: 0.000072 seconds.
  path: Assets/Oculus/SampleFramework/Usage/OVROverlay/Textures/Tile_Texture_360Photo.png
  artifactKey: Guid(fe5a451efeac6e642abfb3b54bea554b) Importer(2089858483,0ecaa5967403d082aa24f35e1b516d23)
Start importing Assets/Oculus/SampleFramework/Usage/OVROverlay/Textures/Tile_Texture_360Photo.png using Guid(fe5a451efeac6e642abfb3b54bea554b) Importer(2089858483,0ecaa5967403d082aa24f35e1b516d23) [PhysX] Initialized MultithreadedTaskDispatcher with 32 workers.
 -> (artifact id: '31d4def06162c2ae6a91177cf988de8c') in 0.034348 seconds
Number of updated asset objects reloaded before import = 0
Number of asset objects unloaded after import = 1
========================================================================
Received Import Request.
  Time since last request: 0.000231 seconds.
  path: Assets/Oculus/SampleFramework/Usage/DistanceGrab/Materials/CrosshairZCheat.shader
  artifactKey: Guid(322c8bbfbbd774b33a90cac7d144bfe7) Importer(2089858483,0ecaa5967403d082aa24f35e1b516d23)
Start importing Assets/Oculus/SampleFramework/Usage/DistanceGrab/Materials/CrosshairZCheat.shader using Guid(322c8bbfbbd774b33a90cac7d144bfe7) Importer(2089858483,0ecaa5967403d082aa24f35e1b516d23) [PhysX] Initialized MultithreadedTaskDispatcher with 32 workers.
 -> (artifact id: '7cc9c3ea9f2fba9c74e8ed080f8fb60c') in 0.008163 seconds
Number of updated asset objects reloaded before import = 0
Number of asset objects unloaded after import = 1
========================================================================
Received Import Request.
  Time since last request: 0.000136 seconds.
  path: Assets/Oculus/SampleFramework/Usage/SceneManager/Materials/Desk.mat
  artifactKey: Guid(5e69d30c83932bd4088b3f65bfd0b98a) Importer(2089858483,0ecaa5967403d082aa24f35e1b516d23)
Start importing Assets/Oculus/SampleFramework/Usage/SceneManager/Materials/Desk.mat using Guid(5e69d30c83932bd4088b3f65bfd0b98a) Importer(2089858483,0ecaa5967403d082aa24f35e1b516d23) [PhysX] Initialized MultithreadedTaskDispatcher with 32 workers.
 -> (artifact id: '9177161687e4baa2322c62d528691ad0') in 0.012536 seconds
Number of updated asset objects reloaded before import = 0
Number of asset objects unloaded after import = 1
========================================================================
Received Import Request.
  Time since last request: 0.000018 seconds.
  path: Assets/Oculus/SampleFramework/Usage/HandsTrainExample/Materials/HandsNotificationMaterial.mat
  artifactKey: Guid(497f7cc045d01f1479c242f0b883e8f2) Importer(2089858483,0ecaa5967403d082aa24f35e1b516d23)
Start importing Assets/Oculus/SampleFramework/Usage/HandsTrainExample/Materials/HandsNotificationMaterial.mat using Guid(497f7cc045d01f1479c242f0b883e8f2) Importer(2089858483,0ecaa5967403d082aa24f35e1b516d23) [PhysX] Initialized MultithreadedTaskDispatcher with 32 workers.
 -> (artifact id: 'af7edb74d5ea880319fb725c0bd10c9f') in 0.015553 seconds
Number of updated asset objects reloaded before import = 0
Number of asset objects unloaded after import = 2
========================================================================
Received Import Request.
  Time since last request: 0.000018 seconds.
  path: Assets/Oculus/SampleFramework/Usage/HandsTrainExample/TrainScene/Lightmap-19_comp_shadowmask.png
  artifactKey: Guid(099206b22882a484cacc8c52228c5e1e) Importer(2089858483,0ecaa5967403d082aa24f35e1b516d23)
Start importing Assets/Oculus/SampleFramework/Usage/HandsTrainExample/TrainScene/Lightmap-19_comp_shadowmask.png using Guid(099206b22882a484cacc8c52228c5e1e) Importer(2089858483,0ecaa5967403d082aa24f35e1b516d23) [PhysX] Initialized MultithreadedTaskDispatcher with 32 workers.
 -> (artifact id: '4a045fb58e110a4bda9c64ce44946a02') in 0.016495 seconds
Number of updated asset objects reloaded before import = 0
Number of asset objects unloaded after import = 1
========================================================================
Received Import Request.
  Time since last request: 0.000091 seconds.
  path: Assets/Oculus/SampleFramework/Usage/HandsTrainExample/Audio/Train_Speed_3_Loop.wav
  artifactKey: Guid(895afed3a12c32c4d94fa45643087c69) Importer(2089858483,0ecaa5967403d082aa24f35e1b516d23)
Start importing Assets/Oculus/SampleFramework/Usage/HandsTrainExample/Audio/Train_Speed_3_Loop.wav using Guid(895afed3a12c32c4d94fa45643087c69) Importer(2089858483,0ecaa5967403d082aa24f35e1b516d23) [PhysX] Initialized MultithreadedTaskDispatcher with 32 workers.
 -> (artifact id: '451937fc19e1ad2c9fd31206d34470c5') in 0.030793 seconds
Number of updated asset objects reloaded before import = 0
Number of asset objects unloaded after import = 1
========================================================================
Received Import Request.
  Time since last request: 0.000020 seconds.
  path: Assets/Oculus/SampleFramework/Usage/SceneManager/Prefabs/SpawnablesVolume.prefab
  artifactKey: Guid(04649c951d07c7e4eb2b8611fcdb5daa) Importer(2089858483,0ecaa5967403d082aa24f35e1b516d23)
Start importing Assets/Oculus/SampleFramework/Usage/SceneManager/Prefabs/SpawnablesVolume.prefab using Guid(04649c951d07c7e4eb2b8611fcdb5daa) Importer(2089858483,0ecaa5967403d082aa24f35e1b516d23) [PhysX] Initialized MultithreadedTaskDispatcher with 32 workers.
 -> (artifact id: '4c0e496823692606c23f9147419184a4') in 0.027647 seconds
Number of updated asset objects reloaded before import = 0
Number of asset objects unloaded after import = 90
========================================================================
Received Import Request.
  Time since last request: 0.000018 seconds.
  path: Assets/Oculus/SampleFramework/Usage/OVROverlay/Textures/OVRDisplayCompositorLayerText.png
  artifactKey: Guid(24e7dc2f4ba252f4684f3c7870f343d0) Importer(2089858483,0ecaa5967403d082aa24f35e1b516d23)
Start importing Assets/Oculus/SampleFramework/Usage/OVROverlay/Textures/OVRDisplayCompositorLayerText.png using Guid(24e7dc2f4ba252f4684f3c7870f343d0) Importer(2089858483,0ecaa5967403d082aa24f35e1b516d23) [PhysX] Initialized MultithreadedTaskDispatcher with 32 workers.
 -> (artifact id: 'de4b583548247294a5ee08280eea7ab5') in 0.014524 seconds
Number of updated asset objects reloaded before import = 0
Number of asset objects unloaded after import = 1
========================================================================
Received Import Request.
  Time since last request: 0.000060 seconds.
  path: Assets/Oculus/SampleFramework/Usage/Passthrough/Scripts/BrushController.cs
  artifactKey: Guid(aeefa0d70cd35e248b8d4844b4624cda) Importer(2089858483,0ecaa5967403d082aa24f35e1b516d23)
Start importing Assets/Oculus/SampleFramework/Usage/Passthrough/Scripts/BrushController.cs using Guid(aeefa0d70cd35e248b8d4844b4624cda) Importer(2089858483,0ecaa5967403d082aa24f35e1b516d23) [PhysX] Initialized MultithreadedTaskDispatcher with 32 workers.
 -> (artifact id: 'cf702d2426006215107fb3fc81e3ef18') in 0.012119 seconds
Number of updated asset objects reloaded before import = 0
Number of asset objects unloaded after import = 1
========================================================================
Received Import Request.
  Time since last request: 0.000108 seconds.
  path: Assets/Oculus/SampleFramework/Usage/SceneManager/Scenes/VirtualFurniture.unity
  artifactKey: Guid(4977c9139e37ed74c8fc8f818aeb9515) Importer(2089858483,0ecaa5967403d082aa24f35e1b516d23)
Start importing Assets/Oculus/SampleFramework/Usage/SceneManager/Scenes/VirtualFurniture.unity using Guid(4977c9139e37ed74c8fc8f818aeb9515) Importer(2089858483,0ecaa5967403d082aa24f35e1b516d23) [PhysX] Initialized MultithreadedTaskDispatcher with 32 workers.
 -> (artifact id: 'a4911217b532b07c9e1f351b877d306c') in 0.013779 seconds
Number of updated asset objects reloaded before import = 0
Number of asset objects unloaded after import = 1
========================================================================
Received Import Request.
  Time since last request: 0.000074 seconds.
  path: Assets/Oculus/SampleFramework/Usage/Locomotion/Models/Cube_1_3.fbx
  artifactKey: Guid(ced5e2b8b344542e3ba04620048ca68b) Importer(2089858483,0ecaa5967403d082aa24f35e1b516d23)
Start importing Assets/Oculus/SampleFramework/Usage/Locomotion/Models/Cube_1_3.fbx using Guid(ced5e2b8b344542e3ba04620048ca68b) Importer(2089858483,0ecaa5967403d082aa24f35e1b516d23) [PhysX] Initialized MultithreadedTaskDispatcher with 32 workers.
 -> (artifact id: '11f24d425270facc797270c0f7502ddf') in 0.020285 seconds
Number of updated asset objects reloaded before import = 0
Number of asset objects unloaded after import = 7
========================================================================
Received Import Request.
  Time since last request: 0.000017 seconds.
  path: Assets/Oculus/SampleFramework/Usage/HandsTrainExample/TrainScene/Lightmap-16_comp_light.exr
  artifactKey: Guid(2b80f3d1fe781ae4083c0fa7def4d9c2) Importer(2089858483,0ecaa5967403d082aa24f35e1b516d23)
Start importing Assets/Oculus/SampleFramework/Usage/HandsTrainExample/TrainScene/Lightmap-16_comp_light.exr using Guid(2b80f3d1fe781ae4083c0fa7def4d9c2) Importer(2089858483,0ecaa5967403d082aa24f35e1b516d23) [PhysX] Initialized MultithreadedTaskDispatcher with 32 workers.
 -> (artifact id: 'afc3643c15c3dcdac321abd930e595bf') in 0.018722 seconds
Number of updated asset objects reloaded before import = 0
Number of asset objects unloaded after import = 1
========================================================================
Received Import Request.
  Time since last request: 0.000043 seconds.
  path: Assets/Oculus/SampleFramework/Usage/Passthrough/Scripts/PassthroughStyler.cs
  artifactKey: Guid(5d79cccad46eec343942a7dc28abf817) Importer(2089858483,0ecaa5967403d082aa24f35e1b516d23)
Start importing Assets/Oculus/SampleFramework/Usage/Passthrough/Scripts/PassthroughStyler.cs using Guid(5d79cccad46eec343942a7dc28abf817) Importer(2089858483,0ecaa5967403d082aa24f35e1b516d23) [PhysX] Initialized MultithreadedTaskDispatcher with 32 workers.
 -> (artifact id: '684ea0469a20151bde849df34786fd48') in 0.011501 seconds
Number of updated asset objects reloaded before import = 0
Number of asset objects unloaded after import = 1
========================================================================
Received Import Request.
  Time since last request: 0.001045 seconds.
  path: Assets/Oculus/SampleFramework/Usage/Passthrough/Materials/UIelement.png
  artifactKey: Guid(1f040466d664f6d4698a177ddcf0608c) Importer(2089858483,0ecaa5967403d082aa24f35e1b516d23)
Start importing Assets/Oculus/SampleFramework/Usage/Passthrough/Materials/UIelement.png using Guid(1f040466d664f6d4698a177ddcf0608c) Importer(2089858483,0ecaa5967403d082aa24f35e1b516d23) [PhysX] Initialized MultithreadedTaskDispatcher with 32 workers.
 -> (artifact id: '3cbcf4068f3eed1c3656d2bfce0e32c8') in 0.018104 seconds
Number of updated asset objects reloaded before import = 0
Number of asset objects unloaded after import = 3
========================================================================
Received Import Request.
  Time since last request: 0.000188 seconds.
  path: Assets/Oculus/SampleFramework/Usage/OVROverlay/Materials/Tile_Mat_Cinema.mat
  artifactKey: Guid(354a5d3fc93892c44978423fd55d7196) Importer(2089858483,0ecaa5967403d082aa24f35e1b516d23)
Start importing Assets/Oculus/SampleFramework/Usage/OVROverlay/Materials/Tile_Mat_Cinema.mat using Guid(354a5d3fc93892c44978423fd55d7196) Importer(2089858483,0ecaa5967403d082aa24f35e1b516d23) [PhysX] Initialized MultithreadedTaskDispatcher with 32 workers.
 -> (artifact id: '6ce7e0056d329f7efc5799d4dcf03d34') in 0.016894 seconds
Number of updated asset objects reloaded before import = 0
Number of asset objects unloaded after import = 2
========================================================================
Received Import Request.
  Time since last request: 0.000014 seconds.
  path: Assets/Oculus/SampleFramework/Usage/HandsTrainExample/TrainScene/Lightmap-23_comp_shadowmask.png
  artifactKey: Guid(02a8c30682e9f564c8caeaad9907abc4) Importer(2089858483,0ecaa5967403d082aa24f35e1b516d23)
Start importing Assets/Oculus/SampleFramework/Usage/HandsTrainExample/TrainScene/Lightmap-23_comp_shadowmask.png using Guid(02a8c30682e9f564c8caeaad9907abc4) Importer(2089858483,0ecaa5967403d082aa24f35e1b516d23) [PhysX] Initialized MultithreadedTaskDispatcher with 32 workers.
 -> (artifact id: '3a1d72ed8f1c99441046ac508bd5ff2b') in 0.021515 seconds
Number of updated asset objects reloaded before import = 0
Number of asset objects unloaded after import = 1
========================================================================
Received Import Request.
  Time since last request: 0.000229 seconds.
  path: Assets/Oculus/SampleFramework/Usage/HandsTrainExample/TrainScene/Lightmap-1_comp_light.exr
  artifactKey: Guid(f02543222e5a4d144b8947c8947be81a) Importer(2089858483,0ecaa5967403d082aa24f35e1b516d23)
Start importing Assets/Oculus/SampleFramework/Usage/HandsTrainExample/TrainScene/Lightmap-1_comp_light.exr using Guid(f02543222e5a4d144b8947c8947be81a) Importer(2089858483,0ecaa5967403d082aa24f35e1b516d23) [PhysX] Initialized MultithreadedTaskDispatcher with 32 workers.
 -> (artifact id: '828a61031378698c1e92f318df2726c5') in 0.021162 seconds
Number of updated asset objects reloaded before import = 0
Number of asset objects unloaded after import = 1
========================================================================
Received Import Request.
  Time since last request: 0.000062 seconds.
  path: Assets/Oculus/SampleFramework/Usage/HandsTrainExample/Textures/diorama_paint_diorama_bg_elements_DiffuseGlossiness.png
  artifactKey: Guid(78fba6399dff89e4faa8f52eb005a8aa) Importer(2089858483,0ecaa5967403d082aa24f35e1b516d23)
Start importing Assets/Oculus/SampleFramework/Usage/HandsTrainExample/Textures/diorama_paint_diorama_bg_elements_DiffuseGlossiness.png using Guid(78fba6399dff89e4faa8f52eb005a8aa) Importer(2089858483,0ecaa5967403d082aa24f35e1b516d23) [PhysX] Initialized MultithreadedTaskDispatcher with 32 workers.
 -> (artifact id: 'b9487425b8ab4de9dce6c3929cd6b7c3') in 0.024337 seconds
Number of updated asset objects reloaded before import = 0
Number of asset objects unloaded after import = 1
========================================================================
Received Import Request.
  Time since last request: 0.000115 seconds.
  path: Assets/Oculus/SampleFramework/Usage/HandsTrainExample/TrainScene/Lightmap-29_comp_shadowmask.png
  artifactKey: Guid(aefbe176b27e6584eaa35f50bcc6e5ab) Importer(2089858483,0ecaa5967403d082aa24f35e1b516d23)
Start importing Assets/Oculus/SampleFramework/Usage/HandsTrainExample/TrainScene/Lightmap-29_comp_shadowmask.png using Guid(aefbe176b27e6584eaa35f50bcc6e5ab) Importer(2089858483,0ecaa5967403d082aa24f35e1b516d23) [PhysX] Initialized MultithreadedTaskDispatcher with 32 workers.
 -> (artifact id: '4baa2c2063256765cbaca132dfedbc30') in 0.017261 seconds
Number of updated asset objects reloaded before import = 0
Number of asset objects unloaded after import = 1
========================================================================
Received Import Request.
  Time since last request: 0.000096 seconds.
  path: Assets/Oculus/SampleFramework/Usage/HandsTrainExample/TrainScene/Lightmap-27_comp_light.exr
  artifactKey: Guid(538a2a5b9ec968e44a232e3e5236a7dc) Importer(2089858483,0ecaa5967403d082aa24f35e1b516d23)
Start importing Assets/Oculus/SampleFramework/Usage/HandsTrainExample/TrainScene/Lightmap-27_comp_light.exr using Guid(538a2a5b9ec968e44a232e3e5236a7dc) Importer(2089858483,0ecaa5967403d082aa24f35e1b516d23) [PhysX] Initialized MultithreadedTaskDispatcher with 32 workers.
 -> (artifact id: 'b00f0a804ace0d9877b707a348a0eab5') in 0.020612 seconds
Number of updated asset objects reloaded before import = 0
Number of asset objects unloaded after import = 1
========================================================================
Received Import Request.
  Time since last request: 0.000163 seconds.
  path: Assets/Oculus/SampleFramework/Usage/HandsTrainExample/TrainScene/Lightmap-25_comp_dir.png
  artifactKey: Guid(b5eb5f09424bb7d41b8216ee4fcd40cc) Importer(2089858483,0ecaa5967403d082aa24f35e1b516d23)
Start importing Assets/Oculus/SampleFramework/Usage/HandsTrainExample/TrainScene/Lightmap-25_comp_dir.png using Guid(b5eb5f09424bb7d41b8216ee4fcd40cc) Importer(2089858483,0ecaa5967403d082aa24f35e1b516d23) [PhysX] Initialized MultithreadedTaskDispatcher with 32 workers.
 -> (artifact id: '0bcfd343e20beab791368e5a4b30363a') in 0.016143 seconds
Number of updated asset objects reloaded before import = 0
Number of asset objects unloaded after import = 1
========================================================================
Received Import Request.
  Time since last request: 0.000132 seconds.
  path: Assets/Oculus/SampleFramework/Usage/HandsTrainExample/TrainScene/Lightmap-32_comp_light.exr
  artifactKey: Guid(934c36aa5a11e4c44957ccfee109398a) Importer(2089858483,0ecaa5967403d082aa24f35e1b516d23)
Start importing Assets/Oculus/SampleFramework/Usage/HandsTrainExample/TrainScene/Lightmap-32_comp_light.exr using Guid(934c36aa5a11e4c44957ccfee109398a) Importer(2089858483,0ecaa5967403d082aa24f35e1b516d23) [PhysX] Initialized MultithreadedTaskDispatcher with 32 workers.
 -> (artifact id: '894bab713f91641b69399ec9797755dd') in 0.017433 seconds
Number of updated asset objects reloaded before import = 0
Number of asset objects unloaded after import = 1
========================================================================
Received Import Request.
  Time since last request: 0.000063 seconds.
  path: Assets/Oculus/SampleFramework/Usage/SceneManager/Materials/DiffusedWhite.mat
  artifactKey: Guid(cef9aed54ef583f47b43a017bfe6b0e0) Importer(2089858483,0ecaa5967403d082aa24f35e1b516d23)
Start importing Assets/Oculus/SampleFramework/Usage/SceneManager/Materials/DiffusedWhite.mat using Guid(cef9aed54ef583f47b43a017bfe6b0e0) Importer(2089858483,0ecaa5967403d082aa24f35e1b516d23) [PhysX] Initialized MultithreadedTaskDispatcher with 32 workers.
 -> (artifact id: '99336b65bff08bd6d8d53958336ebe4b') in 0.011099 seconds
Number of updated asset objects reloaded before import = 0
Number of asset objects unloaded after import = 1
========================================================================
Received Import Request.
  Time since last request: 0.000138 seconds.
  path: Assets/Oculus/SampleFramework/Usage/OVROverlay/Textures/OverlayRT.renderTexture
  artifactKey: Guid(d1932f239866af3468dfdd2af678a179) Importer(2089858483,0ecaa5967403d082aa24f35e1b516d23)
Start importing Assets/Oculus/SampleFramework/Usage/OVROverlay/Textures/OverlayRT.renderTexture using Guid(d1932f239866af3468dfdd2af678a179) Importer(2089858483,0ecaa5967403d082aa24f35e1b516d23) [PhysX] Initialized MultithreadedTaskDispatcher with 32 workers.
 -> (artifact id: '6e229a16c6815362846b5c6ddbfbeabf') in 0.019355 seconds
Number of updated asset objects reloaded before import = 0
Number of asset objects unloaded after import = 1
========================================================================
Received Import Request.
  Time since last request: 0.000056 seconds.
  path: Assets/Oculus/SampleFramework/Usage/Locomotion/Textures/wall_brick_01_dif.png
  artifactKey: Guid(b5d7fd3784c8d40d78ffb8d454a19944) Importer(2089858483,0ecaa5967403d082aa24f35e1b516d23)
Start importing Assets/Oculus/SampleFramework/Usage/Locomotion/Textures/wall_brick_01_dif.png using Guid(b5d7fd3784c8d40d78ffb8d454a19944) Importer(2089858483,0ecaa5967403d082aa24f35e1b516d23) [PhysX] Initialized MultithreadedTaskDispatcher with 32 workers.
 -> (artifact id: 'fa72c2cc3fcdd19709050bbc6f701fad') in 0.022293 seconds
Number of updated asset objects reloaded before import = 0
Number of asset objects unloaded after import = 1
========================================================================
Received Import Request.
  Time since last request: 0.000128 seconds.
  path: Assets/Oculus/SampleFramework/Usage/OVROverlay/Materials/Tile_Mat_BackgroundHighlight.mat
  artifactKey: Guid(081039a448bec6e48827af5f9b606f83) Importer(2089858483,0ecaa5967403d082aa24f35e1b516d23)
Start importing Assets/Oculus/SampleFramework/Usage/OVROverlay/Materials/Tile_Mat_BackgroundHighlight.mat using Guid(081039a448bec6e48827af5f9b606f83) Importer(2089858483,0ecaa5967403d082aa24f35e1b516d23) [PhysX] Initialized MultithreadedTaskDispatcher with 32 workers.
 -> (artifact id: 'f431f700e53cc9b8db9828184cfdaeac') in 0.015328 seconds
Number of updated asset objects reloaded before import = 0
Number of asset objects unloaded after import = 1
========================================================================
Received Import Request.
  Time since last request: 0.000327 seconds.
  path: Assets/Oculus/SampleFramework/Usage/HandsTrainExample/TrainScene/Lightmap-39_comp_light.exr
  artifactKey: Guid(dd424108d55236d448b869cefa9030cb) Importer(2089858483,0ecaa5967403d082aa24f35e1b516d23)
Start importing Assets/Oculus/SampleFramework/Usage/HandsTrainExample/TrainScene/Lightmap-39_comp_light.exr using Guid(dd424108d55236d448b869cefa9030cb) Importer(2089858483,0ecaa5967403d082aa24f35e1b516d23) [PhysX] Initialized MultithreadedTaskDispatcher with 32 workers.
 -> (artifact id: 'dd92eb59b9184217d423d7c3ea1040cd') in 0.015279 seconds
Number of updated asset objects reloaded before import = 0
Number of asset objects unloaded after import = 1
========================================================================
Received Import Request.
  Time since last request: 0.000055 seconds.
  path: Assets/Oculus/SampleFramework/Usage/OVROverlay/Materials/Tile_Mat_Farlands.mat
  artifactKey: Guid(b2e6fa7c3e83eee489247ced515747cf) Importer(2089858483,0ecaa5967403d082aa24f35e1b516d23)
Start importing Assets/Oculus/SampleFramework/Usage/OVROverlay/Materials/Tile_Mat_Farlands.mat using Guid(b2e6fa7c3e83eee489247ced515747cf) Importer(2089858483,0ecaa5967403d082aa24f35e1b516d23) [PhysX] Initialized MultithreadedTaskDispatcher with 32 workers.
 -> (artifact id: 'c2baaaf7afa8f49ee8c9c969bcd09cac') in 0.017035 seconds
Number of updated asset objects reloaded before import = 0
Number of asset objects unloaded after import = 2
========================================================================
Received Import Request.
  Time since last request: 0.000017 seconds.
  path: Assets/Oculus/SampleFramework/Usage/Locomotion/Models/Cube_1_10.fbx
  artifactKey: Guid(40647bdf142454da38ca8b4c0fb495a8) Importer(2089858483,0ecaa5967403d082aa24f35e1b516d23)
Start importing Assets/Oculus/SampleFramework/Usage/Locomotion/Models/Cube_1_10.fbx using Guid(40647bdf142454da38ca8b4c0fb495a8) Importer(2089858483,0ecaa5967403d082aa24f35e1b516d23) [PhysX] Initialized MultithreadedTaskDispatcher with 32 workers.
 -> (artifact id: '3118d21de07d3524e8f02a2ab80c9aa3') in 0.022305 seconds
Number of updated asset objects reloaded before import = 0
Number of asset objects unloaded after import = 7
========================================================================
Received Import Request.
  Time since last request: 0.000018 seconds.
  path: Assets/Oculus/SampleFramework/Usage/Passthrough/Materials/PassthroughLine.shader
  artifactKey: Guid(1301b51de6a265443a42f1bcae046aa6) Importer(2089858483,0ecaa5967403d082aa24f35e1b516d23)
Start importing Assets/Oculus/SampleFramework/Usage/Passthrough/Materials/PassthroughLine.shader using Guid(1301b51de6a265443a42f1bcae046aa6) Importer(2089858483,0ecaa5967403d082aa24f35e1b516d23) [PhysX] Initialized MultithreadedTaskDispatcher with 32 workers.
 -> (artifact id: '5899e974807de2252f8b6dfbe2b181e3') in 0.009015 seconds
Number of updated asset objects reloaded before import = 0
Number of asset objects unloaded after import = 1
========================================================================
Received Import Request.
  Time since last request: 0.668810 seconds.
  path: Assets/Oculus/SampleFramework/Usage/SharedAssets/Materials/SportsBottle_metal.mat
  artifactKey: Guid(e04a4300d0596db4ba52a535422513d3) Importer(2089858483,0ecaa5967403d082aa24f35e1b516d23)
Start importing Assets/Oculus/SampleFramework/Usage/SharedAssets/Materials/SportsBottle_metal.mat using Guid(e04a4300d0596db4ba52a535422513d3) Importer(2089858483,0ecaa5967403d082aa24f35e1b516d23) [PhysX] Initialized MultithreadedTaskDispatcher with 32 workers.
 -> (artifact id: 'da1ea294a3e06cfa3028e3fa4c517024') in 0.021920 seconds
Number of updated asset objects reloaded before import = 0
Number of asset objects unloaded after import = 2
========================================================================
Received Import Request.
  Time since last request: 0.000155 seconds.
  path: Assets/Oculus/Interaction/Runtime/Scripts/Interaction/Core/IGameObjectFilter.cs
  artifactKey: Guid(943f4030051d4ae4eb8e1d146817e1ec) Importer(2089858483,0ecaa5967403d082aa24f35e1b516d23)
Start importing Assets/Oculus/Interaction/Runtime/Scripts/Interaction/Core/IGameObjectFilter.cs using Guid(943f4030051d4ae4eb8e1d146817e1ec) Importer(2089858483,0ecaa5967403d082aa24f35e1b516d23) [PhysX] Initialized MultithreadedTaskDispatcher with 32 workers.
 -> (artifact id: 'b7828158da9f90d32b87d28b9820fb8d') in 0.025866 seconds
Number of updated asset objects reloaded before import = 0
Number of asset objects unloaded after import = 1
========================================================================
Received Import Request.
  Time since last request: 0.000230 seconds.
  path: Assets/Oculus/SampleFramework/Usage/SpatialAnchor/Scripts/AnchorSession.cs
  artifactKey: Guid(41eaaa4b02ccec843a6585b66e32ff1c) Importer(2089858483,0ecaa5967403d082aa24f35e1b516d23)
Start importing Assets/Oculus/SampleFramework/Usage/SpatialAnchor/Scripts/AnchorSession.cs using Guid(41eaaa4b02ccec843a6585b66e32ff1c) Importer(2089858483,0ecaa5967403d082aa24f35e1b516d23) [PhysX] Initialized MultithreadedTaskDispatcher with 32 workers.
 -> (artifact id: 'ead44bb24eb7d41860c65bbf90989443') in 0.015435 seconds
Number of updated asset objects reloaded before import = 0
Number of asset objects unloaded after import = 1
========================================================================
Received Import Request.
  Time since last request: 0.000096 seconds.
  path: Assets/Oculus/Interaction/Runtime/Scripts/Grab/SnapSurfaces/IGrabSurface.cs
  artifactKey: Guid(b84868e1fec742746b4f97a01bf836af) Importer(2089858483,0ecaa5967403d082aa24f35e1b516d23)
Start importing Assets/Oculus/Interaction/Runtime/Scripts/Grab/SnapSurfaces/IGrabSurface.cs using Guid(b84868e1fec742746b4f97a01bf836af) Importer(2089858483,0ecaa5967403d082aa24f35e1b516d23) [PhysX] Initialized MultithreadedTaskDispatcher with 32 workers.
 -> (artifact id: 'd0bcf40e6a520222589a5e05009d04f8') in 0.028569 seconds
Number of updated asset objects reloaded before import = 0
Number of asset objects unloaded after import = 1
========================================================================
Received Import Request.
  Time since last request: 0.000088 seconds.
  path: Assets/Oculus/Interaction/OVRIntegration/Runtime/Scripts/Input/TrackingToWorldTransformerOVR.cs
  artifactKey: Guid(998a5646185efb9488265f3a2f35a99a) Importer(2089858483,0ecaa5967403d082aa24f35e1b516d23)
Start importing Assets/Oculus/Interaction/OVRIntegration/Runtime/Scripts/Input/TrackingToWorldTransformerOVR.cs using Guid(998a5646185efb9488265f3a2f35a99a) Importer(2089858483,0ecaa5967403d082aa24f35e1b516d23) [PhysX] Initialized MultithreadedTaskDispatcher with 32 workers.
 -> (artifact id: 'a0b6dda513e89b2b82e121f4386e7272') in 0.022155 seconds
Number of updated asset objects reloaded before import = 0
Number of asset objects unloaded after import = 1
========================================================================
Received Import Request.
  Time since last request: 0.000015 seconds.
  path: Assets/Oculus/Interaction/Runtime/Scripts/Interaction/Visuals/InteractorGroupDebugTreeUI.cs
  artifactKey: Guid(40d0e5ea768c8d44d8423aaaaabdf4e4) Importer(2089858483,0ecaa5967403d082aa24f35e1b516d23)
Start importing Assets/Oculus/Interaction/Runtime/Scripts/Interaction/Visuals/InteractorGroupDebugTreeUI.cs using Guid(40d0e5ea768c8d44d8423aaaaabdf4e4) Importer(2089858483,0ecaa5967403d082aa24f35e1b516d23) [PhysX] Initialized MultithreadedTaskDispatcher with 32 workers.
 -> (artifact id: '0f70fa69e7e0b659c5fb22c28e5f2b4d') in 0.018537 seconds
Number of updated asset objects reloaded before import = 0
Number of asset objects unloaded after import = 1
========================================================================
Received Import Request.
  Time since last request: 0.000083 seconds.
  path: Assets/Oculus/Voice/Features/VoiceHub/Hub/Voice SDK.asset
  artifactKey: Guid(f2e797de12b196c40ad409b92d6394fc) Importer(2089858483,0ecaa5967403d082aa24f35e1b516d23)
Start importing Assets/Oculus/Voice/Features/VoiceHub/Hub/Voice SDK.asset using Guid(f2e797de12b196c40ad409b92d6394fc) Importer(2089858483,0ecaa5967403d082aa24f35e1b516d23) [PhysX] Initialized MultithreadedTaskDispatcher with 32 workers.
 -> (artifact id: '0249a6cdffdf77957da2af51b262c3b9') in 0.016294 seconds
Number of updated asset objects reloaded before import = 0
Number of asset objects unloaded after import = 3
========================================================================
Received Import Request.
  Time since last request: 0.000165 seconds.
  path: Assets/Oculus/Interaction/Runtime/Scripts/Interaction/Core/CollisionInteractionRegistry.cs
  artifactKey: Guid(fb2a1991dcdc8df40849843bb47ca6e4) Importer(2089858483,0ecaa5967403d082aa24f35e1b516d23)
Start importing Assets/Oculus/Interaction/Runtime/Scripts/Interaction/Core/CollisionInteractionRegistry.cs using Guid(fb2a1991dcdc8df40849843bb47ca6e4) Importer(2089858483,0ecaa5967403d082aa24f35e1b516d23) [PhysX] Initialized MultithreadedTaskDispatcher with 32 workers.
 -> (artifact id: '07cabba4a429f06fb93a5d3fdd85424b') in 0.017764 seconds
Number of updated asset objects reloaded before import = 0
Number of asset objects unloaded after import = 1
========================================================================
Received Import Request.
  Time since last request: 0.000054 seconds.
  path: Assets/Oculus/Interaction/Runtime/Scripts/Input/Hands/IHand.cs
  artifactKey: Guid(e500f060fe544c21b9b8892fb57511e1) Importer(2089858483,0ecaa5967403d082aa24f35e1b516d23)
Start importing Assets/Oculus/Interaction/Runtime/Scripts/Input/Hands/IHand.cs using Guid(e500f060fe544c21b9b8892fb57511e1) Importer(2089858483,0ecaa5967403d082aa24f35e1b516d23) [PhysX] Initialized MultithreadedTaskDispatcher with 32 workers.
 -> (artifact id: '58c39e7da436ed77f398bf7294ce77b6') in 0.019474 seconds
Number of updated asset objects reloaded before import = 0
Number of asset objects unloaded after import = 1
========================================================================
Received Import Request.
  Time since last request: 0.000017 seconds.
  path: Assets/Oculus/Interaction/Runtime/Scripts/Selection/Hands/HandWristOffset.cs
  artifactKey: Guid(d61ea23b9fd13af40afe326bb23ac1cd) Importer(2089858483,0ecaa5967403d082aa24f35e1b516d23)
Start importing Assets/Oculus/Interaction/Runtime/Scripts/Selection/Hands/HandWristOffset.cs using Guid(d61ea23b9fd13af40afe326bb23ac1cd) Importer(2089858483,0ecaa5967403d082aa24f35e1b516d23) [PhysX] Initialized MultithreadedTaskDispatcher with 32 workers.
 -> (artifact id: 'e92b7393f52d5a9a7f69e08e4bb56bbb') in 0.015282 seconds
Number of updated asset objects reloaded before import = 0
Number of asset objects unloaded after import = 1
========================================================================
Received Import Request.
  Time since last request: 0.000108 seconds.
  path: Assets/Oculus/Voice/Samples/ShapesConduit/Scripts/Meta.Voice.Samples.ShapesConduit.asmdef
  artifactKey: Guid(58af511b0ae08c4479b0b2559ce05f0a) Importer(2089858483,0ecaa5967403d082aa24f35e1b516d23)
Start importing Assets/Oculus/Voice/Samples/ShapesConduit/Scripts/Meta.Voice.Samples.ShapesConduit.asmdef using Guid(58af511b0ae08c4479b0b2559ce05f0a) Importer(2089858483,0ecaa5967403d082aa24f35e1b516d23) [PhysX] Initialized MultithreadedTaskDispatcher with 32 workers.
 -> (artifact id: '788f3c041bedb808363233e46352bd6d') in 0.019350 seconds
Number of updated asset objects reloaded before import = 0
Number of asset objects unloaded after import = 1
========================================================================
Received Import Request.
  Time since last request: 0.000067 seconds.
  path: Assets/Oculus/Interaction/Runtime/Scripts/Interaction/Core/ICandidateComparer.cs
  artifactKey: Guid(560a4beab55b22e4c8d4bf938975548c) Importer(2089858483,0ecaa5967403d082aa24f35e1b516d23)
Start importing Assets/Oculus/Interaction/Runtime/Scripts/Interaction/Core/ICandidateComparer.cs using Guid(560a4beab55b22e4c8d4bf938975548c) Importer(2089858483,0ecaa5967403d082aa24f35e1b516d23) [PhysX] Initialized MultithreadedTaskDispatcher with 32 workers.
 -> (artifact id: '2e5809f05270ba934a4f4b6631d30d57') in 0.015065 seconds
Number of updated asset objects reloaded before import = 0
Number of asset objects unloaded after import = 1
========================================================================
Received Import Request.
  Time since last request: 0.000071 seconds.
  path: Assets/Oculus/Interaction/Runtime/Scripts/Input/HMD/IHmd.cs
  artifactKey: Guid(d92925b93eb01cf4ba528518efe2705a) Importer(2089858483,0ecaa5967403d082aa24f35e1b516d23)
Start importing Assets/Oculus/Interaction/Runtime/Scripts/Input/HMD/IHmd.cs using Guid(d92925b93eb01cf4ba528518efe2705a) Importer(2089858483,0ecaa5967403d082aa24f35e1b516d23) [PhysX] Initialized MultithreadedTaskDispatcher with 32 workers.
 -> (artifact id: 'fa5702abdeee7af6d2e5410d600d4374') in 0.010614 seconds
Number of updated asset objects reloaded before import = 0
Number of asset objects unloaded after import = 1
========================================================================
Received Import Request.
  Time since last request: 0.000216 seconds.
  path: Assets/Oculus/Interaction/Runtime/Scripts/Interaction/Core/CandidatePositionComparer.cs
  artifactKey: Guid(750f24b5533b4514b83c11a1191849a1) Importer(2089858483,0ecaa5967403d082aa24f35e1b516d23)
Start importing Assets/Oculus/Interaction/Runtime/Scripts/Interaction/Core/CandidatePositionComparer.cs using Guid(750f24b5533b4514b83c11a1191849a1) Importer(2089858483,0ecaa5967403d082aa24f35e1b516d23) [PhysX] Initialized MultithreadedTaskDispatcher with 32 workers.
 -> (artifact id: '81e1530f5d9a84fa2d402924a24f2052') in 0.011323 seconds
Number of updated asset objects reloaded before import = 0
Number of asset objects unloaded after import = 1
========================================================================
Received Import Request.
  Time since last request: 0.000243 seconds.
  path: Assets/Oculus/Interaction/Runtime/Scripts/PoseDetection/Debug/TransformFeatureDebugVisual.cs
  artifactKey: Guid(9390f6f5772c6d942a736437d338b667) Importer(2089858483,0ecaa5967403d082aa24f35e1b516d23)
Start importing Assets/Oculus/Interaction/Runtime/Scripts/PoseDetection/Debug/TransformFeatureDebugVisual.cs using Guid(9390f6f5772c6d942a736437d338b667) Importer(2089858483,0ecaa5967403d082aa24f35e1b516d23) [PhysX] Initialized MultithreadedTaskDispatcher with 32 workers.
 -> (artifact id: 'd85b1939efc1da4e56e49e20cb190ed6') in 0.015814 seconds
Number of updated asset objects reloaded before import = 0
Number of asset objects unloaded after import = 1
========================================================================
Received Import Request.
  Time since last request: 0.000018 seconds.
  path: Assets/Oculus/Voice/Scripts/Editor/Windows/VoiceApplicationDetailProvider.cs
  artifactKey: Guid(1f885966f75e449f6b3912d20c1b85bf) Importer(2089858483,0ecaa5967403d082aa24f35e1b516d23)
Start importing Assets/Oculus/Voice/Scripts/Editor/Windows/VoiceApplicationDetailProvider.cs using Guid(1f885966f75e449f6b3912d20c1b85bf) Importer(2089858483,0ecaa5967403d082aa24f35e1b516d23) [PhysX] Initialized MultithreadedTaskDispatcher with 32 workers.
 -> (artifact id: 'd0820fca180f2e329725f4d5742dd5aa') in 0.014979 seconds
Number of updated asset objects reloaded before import = 0
Number of asset objects unloaded after import = 1
========================================================================
Received Import Request.
  Time since last request: 0.000352 seconds.
  path: Assets/Oculus/Interaction/OVRIntegration/Runtime/Prefabs/Legacy/legacy.txt
  artifactKey: Guid(7d34f76b2c07b324989afdc3079b38e4) Importer(2089858483,0ecaa5967403d082aa24f35e1b516d23)
Start importing Assets/Oculus/Interaction/OVRIntegration/Runtime/Prefabs/Legacy/legacy.txt using Guid(7d34f76b2c07b324989afdc3079b38e4) Importer(2089858483,0ecaa5967403d082aa24f35e1b516d23) [PhysX] Initialized MultithreadedTaskDispatcher with 32 workers.
 -> (artifact id: 'b3c6cd67125644af8939db3dcad4ef6e') in 0.011618 seconds
Number of updated asset objects reloaded before import = 0
Number of asset objects unloaded after import = 1
========================================================================
Received Import Request.
  Time since last request: 0.000303 seconds.
  path: Assets/Oculus/Interaction/Runtime/Scripts/DistanceGrab/Visuals/ReticleIconDrawer.cs
  artifactKey: Guid(f026be10edaad42429c52aa2200881dd) Importer(2089858483,0ecaa5967403d082aa24f35e1b516d23)
Start importing Assets/Oculus/Interaction/Runtime/Scripts/DistanceGrab/Visuals/ReticleIconDrawer.cs using Guid(f026be10edaad42429c52aa2200881dd) Importer(2089858483,0ecaa5967403d082aa24f35e1b516d23) [PhysX] Initialized MultithreadedTaskDispatcher with 32 workers.
 -> (artifact id: 'c914f260b4fda0fafeeb4e10503286fe') in 0.013043 seconds
Number of updated asset objects reloaded before import = 0
Number of asset objects unloaded after import = 1
========================================================================
Received Import Request.
  Time since last request: 0.000060 seconds.
  path: Assets/Oculus/SampleFramework/Usage/SharedAssets/Prefabs/TablePf.prefab
  artifactKey: Guid(ee58b044a94296f4b8b04a34dff2f933) Importer(2089858483,0ecaa5967403d082aa24f35e1b516d23)
Start importing Assets/Oculus/SampleFramework/Usage/SharedAssets/Prefabs/TablePf.prefab using Guid(ee58b044a94296f4b8b04a34dff2f933) Importer(2089858483,0ecaa5967403d082aa24f35e1b516d23) [PhysX] Initialized MultithreadedTaskDispatcher with 32 workers.
 -> (artifact id: '7e23455c7ab0f580a8479703d51106af') in 0.008787 seconds
Number of updated asset objects reloaded before import = 0
Number of asset objects unloaded after import = 10
========================================================================
Received Import Request.
  Time since last request: 0.000017 seconds.
  path: Assets/Oculus/SampleFramework/Usage/SharedAssets/Models/door_01.fbx
  artifactKey: Guid(1abf38d82ed5948a6a28aad10d61b678) Importer(2089858483,0ecaa5967403d082aa24f35e1b516d23)
Start importing Assets/Oculus/SampleFramework/Usage/SharedAssets/Models/door_01.fbx using Guid(1abf38d82ed5948a6a28aad10d61b678) Importer(2089858483,0ecaa5967403d082aa24f35e1b516d23) [PhysX] Initialized MultithreadedTaskDispatcher with 32 workers.
 -> (artifact id: 'a8f06b845e33a5fa54a3d6f2316971ab') in 0.020566 seconds
Number of updated asset objects reloaded before import = 0
Number of asset objects unloaded after import = 7
========================================================================
Received Import Request.
  Time since last request: 0.000014 seconds.
  path: Assets/Oculus/Voice/Samples/TTSVoices/Scripts/SimpleDropdownList.cs
  artifactKey: Guid(d02d4f2f4a56a5c4bb1f95bc6a8f3a0c) Importer(2089858483,0ecaa5967403d082aa24f35e1b516d23)
Start importing Assets/Oculus/Voice/Samples/TTSVoices/Scripts/SimpleDropdownList.cs using Guid(d02d4f2f4a56a5c4bb1f95bc6a8f3a0c) Importer(2089858483,0ecaa5967403d082aa24f35e1b516d23) [PhysX] Initialized MultithreadedTaskDispatcher with 32 workers.
 -> (artifact id: '5c42c3f99b36bcdb5403d061e91a94a6') in 0.012285 seconds
Number of updated asset objects reloaded before import = 0
Number of asset objects unloaded after import = 1
========================================================================
Received Import Request.
  Time since last request: 0.000190 seconds.
  path: Assets/Oculus/VR/Editor/BuildingBlocks/Icons/ovr_icon_bbw.png
  artifactKey: Guid(1d18a06dac3e3214b8be0fc6d1539131) Importer(2089858483,0ecaa5967403d082aa24f35e1b516d23)
Start importing Assets/Oculus/VR/Editor/BuildingBlocks/Icons/ovr_icon_bbw.png using Guid(1d18a06dac3e3214b8be0fc6d1539131) Importer(2089858483,0ecaa5967403d082aa24f35e1b516d23) [PhysX] Initialized MultithreadedTaskDispatcher with 32 workers.
 -> (artifact id: 'c2485eac9c2cb516115f99dbb2d65281') in 0.016256 seconds
Number of updated asset objects reloaded before import = 0
Number of asset objects unloaded after import = 1
========================================================================
Received Import Request.
  Time since last request: 0.000056 seconds.
  path: Assets/Oculus/Interaction/OVRIntegration/Editor/Blocks/Interactors/Grab Interactor.asset
  artifactKey: Guid(eb245aa47bf2a0142b534b975dbfa144) Importer(2089858483,0ecaa5967403d082aa24f35e1b516d23)
Start importing Assets/Oculus/Interaction/OVRIntegration/Editor/Blocks/Interactors/Grab Interactor.asset using Guid(eb245aa47bf2a0142b534b975dbfa144) Importer(2089858483,0ecaa5967403d082aa24f35e1b516d23) [PhysX] Initialized MultithreadedTaskDispatcher with 32 workers.
 -> (artifact id: '1f9d333e300163d660f709436c61bfb8') in 0.024351 seconds
Number of updated asset objects reloaded before import = 0
Number of asset objects unloaded after import = 43
========================================================================
Received Import Request.
  Time since last request: 0.000019 seconds.
  path: Assets/Oculus/Interaction/Runtime/Scripts/Selection/Hands/CenterEyeOffset.cs
  artifactKey: Guid(8268085ebe170e64aa36672a45f0dd8d) Importer(2089858483,0ecaa5967403d082aa24f35e1b516d23)
Start importing Assets/Oculus/Interaction/Runtime/Scripts/Selection/Hands/CenterEyeOffset.cs using Guid(8268085ebe170e64aa36672a45f0dd8d) Importer(2089858483,0ecaa5967403d082aa24f35e1b516d23) [PhysX] Initialized MultithreadedTaskDispatcher with 32 workers.
 -> (artifact id: '32884a3a394324dbb955ca85f25de76d') in 0.017743 seconds
Number of updated asset objects reloaded before import = 0
Number of asset objects unloaded after import = 1
========================================================================
Received Import Request.
  Time since last request: 0.000287 seconds.
  path: Assets/Oculus/Voice/Scripts/Editor/Utility/VoiceSDKVersion.cs
  artifactKey: Guid(5bf6b7b99e36e104f964fb70253f847c) Importer(2089858483,0ecaa5967403d082aa24f35e1b516d23)
Start importing Assets/Oculus/Voice/Scripts/Editor/Utility/VoiceSDKVersion.cs using Guid(5bf6b7b99e36e104f964fb70253f847c) Importer(2089858483,0ecaa5967403d082aa24f35e1b516d23) [PhysX] Initialized MultithreadedTaskDispatcher with 32 workers.
 -> (artifact id: 'da3ca042980fcf18dd76ce6ce0a9b029') in 0.019218 seconds
Number of updated asset objects reloaded before import = 0
Number of asset objects unloaded after import = 1
========================================================================
Received Import Request.
  Time since last request: 0.000136 seconds.
  path: Assets/Oculus/Interaction/Runtime/Scripts/DistanceGrab/Visuals/DistantInteractionLineVisual.cs
  artifactKey: Guid(63dcf920b7ab4c74c816cf2144feb287) Importer(2089858483,0ecaa5967403d082aa24f35e1b516d23)
Start importing Assets/Oculus/Interaction/Runtime/Scripts/DistanceGrab/Visuals/DistantInteractionLineVisual.cs using Guid(63dcf920b7ab4c74c816cf2144feb287) Importer(2089858483,0ecaa5967403d082aa24f35e1b516d23) [PhysX] Initialized MultithreadedTaskDispatcher with 32 workers.
 -> (artifact id: '6925ef29d0727de983e6c77efd304886') in 0.018698 seconds
Number of updated asset objects reloaded before import = 0
Number of asset objects unloaded after import = 1
========================================================================
Received Import Request.
  Time since last request: 0.000018 seconds.
  path: Assets/Oculus/Interaction/OVRIntegration/Runtime/Prefabs/Body/OVRBody.prefab
  artifactKey: Guid(0c340e632275442469d141eb75125554) Importer(2089858483,0ecaa5967403d082aa24f35e1b516d23)
Start importing Assets/Oculus/Interaction/OVRIntegration/Runtime/Prefabs/Body/OVRBody.prefab using Guid(0c340e632275442469d141eb75125554) Importer(2089858483,0ecaa5967403d082aa24f35e1b516d23) [PhysX] Initialized MultithreadedTaskDispatcher with 32 workers.
 -> (artifact id: 'dff061be69bc743d683f6a421c2fb730') in 0.032360 seconds
Number of updated asset objects reloaded before import = 0
Number of asset objects unloaded after import = 14
========================================================================
Received Import Request.
  Time since last request: 0.000017 seconds.
  path: Assets/Oculus/Interaction/Runtime/Scripts/Selection/Hands/HandPointerPose.cs
  artifactKey: Guid(417817ee9b785e341b31ce731f028317) Importer(2089858483,0ecaa5967403d082aa24f35e1b516d23)
Start importing Assets/Oculus/Interaction/Runtime/Scripts/Selection/Hands/HandPointerPose.cs using Guid(417817ee9b785e341b31ce731f028317) Importer(2089858483,0ecaa5967403d082aa24f35e1b516d23) [PhysX] Initialized MultithreadedTaskDispatcher with 32 workers.
 -> (artifact id: '8a01005823b936382c65cec9dd8e055e') in 0.012637 seconds
Number of updated asset objects reloaded before import = 0
Number of asset objects unloaded after import = 1
========================================================================
Received Import Request.
  Time since last request: 0.000086 seconds.
  path: Assets/Oculus/Interaction/OVRIntegration/Runtime/Scripts/Input/OVRButtonActiveState.cs
  artifactKey: Guid(4a8b912df038412428ce84448044e01e) Importer(2089858483,0ecaa5967403d082aa24f35e1b516d23)
Start importing Assets/Oculus/Interaction/OVRIntegration/Runtime/Scripts/Input/OVRButtonActiveState.cs using Guid(4a8b912df038412428ce84448044e01e) Importer(2089858483,0ecaa5967403d082aa24f35e1b516d23) [PhysX] Initialized MultithreadedTaskDispatcher with 32 workers.
 -> (artifact id: '60cbe718610a8f379b63bc8bb9de8978') in 0.012983 seconds
Number of updated asset objects reloaded before import = 0
Number of asset objects unloaded after import = 1
========================================================================
Received Import Request.
  Time since last request: 0.000191 seconds.
  path: Assets/Oculus/VR/Editor/BuildingBlocks/Animations/bb_outline_05.png
  artifactKey: Guid(b62ea05aab642a84aa10dda65834bf55) Importer(2089858483,0ecaa5967403d082aa24f35e1b516d23)
Start importing Assets/Oculus/VR/Editor/BuildingBlocks/Animations/bb_outline_05.png using Guid(b62ea05aab642a84aa10dda65834bf55) Importer(2089858483,0ecaa5967403d082aa24f35e1b516d23) [PhysX] Initialized MultithreadedTaskDispatcher with 32 workers.
 -> (artifact id: 'f35626bd9e6332d1f2a6900d3b9b8f50') in 0.016336 seconds
Number of updated asset objects reloaded before import = 0
Number of asset objects unloaded after import = 1
========================================================================
Received Import Request.
  Time since last request: 0.000199 seconds.
  path: Assets/Oculus/Interaction/Runtime/Scripts/Interaction/Visuals/IHandVisual.cs
  artifactKey: Guid(b7d3938a34031b4438b35c400bf037e4) Importer(2089858483,0ecaa5967403d082aa24f35e1b516d23)
Start importing Assets/Oculus/Interaction/Runtime/Scripts/Interaction/Visuals/IHandVisual.cs using Guid(b7d3938a34031b4438b35c400bf037e4) Importer(2089858483,0ecaa5967403d082aa24f35e1b516d23) [PhysX] Initialized MultithreadedTaskDispatcher with 32 workers.
 -> (artifact id: 'bce6a8d0d0ba4eab8ab78f5ecf3f3551') in 0.010421 seconds
Number of updated asset objects reloaded before import = 0
Number of asset objects unloaded after import = 1
========================================================================
Received Import Request.
  Time since last request: 0.000014 seconds.
  path: Assets/Oculus/Interaction/Runtime/Scripts/Input/Controllers/Controller.cs
  artifactKey: Guid(4ae60cfa43388e449a7518f36418f81c) Importer(2089858483,0ecaa5967403d082aa24f35e1b516d23)
Start importing Assets/Oculus/Interaction/Runtime/Scripts/Input/Controllers/Controller.cs using Guid(4ae60cfa43388e449a7518f36418f81c) Importer(2089858483,0ecaa5967403d082aa24f35e1b516d23) [PhysX] Initialized MultithreadedTaskDispatcher with 32 workers.
 -> (artifact id: 'b57c85eeb4b8b677eadd6811c12e25d9') in 0.007457 seconds
Number of updated asset objects reloaded before import = 0
Number of asset objects unloaded after import = 1
========================================================================
Received Import Request.
  Time since last request: 0.000265 seconds.
  path: Assets/Oculus/Voice/Samples/ShapesConduit/Scripts/AssemblyInfo.cs
  artifactKey: Guid(991429a75a4bff047ae02ae4d24c1c3a) Importer(2089858483,0ecaa5967403d082aa24f35e1b516d23)
Start importing Assets/Oculus/Voice/Samples/ShapesConduit/Scripts/AssemblyInfo.cs using Guid(991429a75a4bff047ae02ae4d24c1c3a) Importer(2089858483,0ecaa5967403d082aa24f35e1b516d23) [PhysX] Initialized MultithreadedTaskDispatcher with 32 workers.
 -> (artifact id: '9c9bbb211f1427559b81e817cdc0a508') in 0.011789 seconds
Number of updated asset objects reloaded before import = 0
Number of asset objects unloaded after import = 1
========================================================================
Received Import Request.
  Time since last request: 0.000096 seconds.
  path: Assets/Oculus/Interaction/Runtime/Prefabs/DistanceHandGrab/Reticles/ReticleMesh.prefab
  artifactKey: Guid(4f498c02c6abd9240965900485454116) Importer(2089858483,0ecaa5967403d082aa24f35e1b516d23)
Start importing Assets/Oculus/Interaction/Runtime/Prefabs/DistanceHandGrab/Reticles/ReticleMesh.prefab using Guid(4f498c02c6abd9240965900485454116) Importer(2089858483,0ecaa5967403d082aa24f35e1b516d23) [PhysX] Initialized MultithreadedTaskDispatcher with 32 workers.
 -> (artifact id: '12c3b1950231e62cb3f2680148b6a3d2') in 0.019207 seconds
Number of updated asset objects reloaded before import = 0
Number of asset objects unloaded after import = 7
========================================================================
Received Import Request.
  Time since last request: 0.000609 seconds.
  path: Assets/Oculus/Voice/Samples/Chess/Materials/ChessSkybox.mat
  artifactKey: Guid(3d39282ced021cb4c9a7a4e4250201a9) Importer(2089858483,0ecaa5967403d082aa24f35e1b516d23)
Start importing Assets/Oculus/Voice/Samples/Chess/Materials/ChessSkybox.mat using Guid(3d39282ced021cb4c9a7a4e4250201a9) Importer(2089858483,0ecaa5967403d082aa24f35e1b516d23) [PhysX] Initialized MultithreadedTaskDispatcher with 32 workers.
 -> (artifact id: '7873c23d7e35388f12785ba14a9cb855') in 0.013013 seconds
Number of updated asset objects reloaded before import = 0
Number of asset objects unloaded after import = 1
========================================================================
Received Import Request.
  Time since last request: 0.000016 seconds.
  path: Assets/Oculus/Interaction/Runtime/Scripts/Grab/Visuals/GrabStrengthIndicator.cs
  artifactKey: Guid(887c8dbd7b891004dbddaf2d9f439564) Importer(2089858483,0ecaa5967403d082aa24f35e1b516d23)
Start importing Assets/Oculus/Interaction/Runtime/Scripts/Grab/Visuals/GrabStrengthIndicator.cs using Guid(887c8dbd7b891004dbddaf2d9f439564) Importer(2089858483,0ecaa5967403d082aa24f35e1b516d23) [PhysX] Initialized MultithreadedTaskDispatcher with 32 workers.
 -> (artifact id: '92ddc11d77bd4c5a7de4dffd2ad77396') in 0.010967 seconds
Number of updated asset objects reloaded before import = 0
Number of asset objects unloaded after import = 1
========================================================================
Received Import Request.
  Time since last request: 0.000236 seconds.
  path: Assets/Oculus/VR/Editor/BuildingBlocks/Animations/bb_outline.asset
  artifactKey: Guid(34a8d4d747af22b4680e116132249784) Importer(2089858483,0ecaa5967403d082aa24f35e1b516d23)
Start importing Assets/Oculus/VR/Editor/BuildingBlocks/Animations/bb_outline.asset using Guid(34a8d4d747af22b4680e116132249784) Importer(2089858483,0ecaa5967403d082aa24f35e1b516d23) [PhysX] Initialized MultithreadedTaskDispatcher with 32 workers.
 -> (artifact id: '6a2b405cf0da76e264b7774289828036') in 0.021363 seconds
Number of updated asset objects reloaded before import = 0
Number of asset objects unloaded after import = 8
========================================================================
Received Import Request.
  Time since last request: 0.000015 seconds.
  path: Assets/Oculus/VR/Editor/OVRProjectSetup/Tasks/OVRConfigurationTaskRegistry.cs
  artifactKey: Guid(fef3c9d3bbb64a21ac221b2b3fbca1ef) Importer(2089858483,0ecaa5967403d082aa24f35e1b516d23)
Start importing Assets/Oculus/VR/Editor/OVRProjectSetup/Tasks/OVRConfigurationTaskRegistry.cs using Guid(fef3c9d3bbb64a21ac221b2b3fbca1ef) Importer(2089858483,0ecaa5967403d082aa24f35e1b516d23) [PhysX] Initialized MultithreadedTaskDispatcher with 32 workers.
 -> (artifact id: '71f26234fe82efae8ad1b0f50eaf3688') in 0.014351 seconds
Number of updated asset objects reloaded before import = 0
Number of asset objects unloaded after import = 1
========================================================================
Received Import Request.
  Time since last request: 0.000019 seconds.
  path: Assets/Oculus/Interaction/Runtime/Scripts/Input/Hands/FromHandPrefabDataSource.cs
  artifactKey: Guid(151f9be47337d9e4daef0b8725e30eab) Importer(2089858483,0ecaa5967403d082aa24f35e1b516d23)
Start importing Assets/Oculus/Interaction/Runtime/Scripts/Input/Hands/FromHandPrefabDataSource.cs using Guid(151f9be47337d9e4daef0b8725e30eab) Importer(2089858483,0ecaa5967403d082aa24f35e1b516d23) [PhysX] Initialized MultithreadedTaskDispatcher with 32 workers.
 -> (artifact id: 'f42f09c870fe00862c19ec11dc01ec09') in 0.015385 seconds
Number of updated asset objects reloaded before import = 0
Number of asset objects unloaded after import = 1
========================================================================
Received Import Request.
  Time since last request: 0.000017 seconds.
  path: Assets/Oculus/Interaction/Runtime/Scripts/Interaction/Core/Interactable.cs
  artifactKey: Guid(4d7d49e36357b824db786507810ed922) Importer(2089858483,0ecaa5967403d082aa24f35e1b516d23)
Start importing Assets/Oculus/Interaction/Runtime/Scripts/Interaction/Core/Interactable.cs using Guid(4d7d49e36357b824db786507810ed922) Importer(2089858483,0ecaa5967403d082aa24f35e1b516d23) [PhysX] Initialized MultithreadedTaskDispatcher with 32 workers.
 -> (artifact id: 'ca0e6aa5b9baf5d0c4ec97367c52b95f') in 0.013480 seconds
Number of updated asset objects reloaded before import = 0
Number of asset objects unloaded after import = 1
========================================================================
Received Import Request.
  Time since last request: 0.000062 seconds.
  path: Assets/Oculus/Voice/Samples/LightTraits/Scripts/LightSwitch.cs
  artifactKey: Guid(92b7b397f9559ef4cbd478d760912873) Importer(2089858483,0ecaa5967403d082aa24f35e1b516d23)
Start importing Assets/Oculus/Voice/Samples/LightTraits/Scripts/LightSwitch.cs using Guid(92b7b397f9559ef4cbd478d760912873) Importer(2089858483,0ecaa5967403d082aa24f35e1b516d23) [PhysX] Initialized MultithreadedTaskDispatcher with 32 workers.
 -> (artifact id: 'd9c67521d2468b2980f1b4a74372a166') in 0.015459 seconds
Number of updated asset objects reloaded before import = 0
Number of asset objects unloaded after import = 1
========================================================================
Received Import Request.
  Time since last request: 0.000250 seconds.
  path: Assets/Oculus/Interaction/Runtime/Scripts/PoseDetection/Debug/TransformRecognizerDebugVisual.cs
  artifactKey: Guid(aca13d9f89c0c904a8d62bde280f5b52) Importer(2089858483,0ecaa5967403d082aa24f35e1b516d23)
Start importing Assets/Oculus/Interaction/Runtime/Scripts/PoseDetection/Debug/TransformRecognizerDebugVisual.cs using Guid(aca13d9f89c0c904a8d62bde280f5b52) Importer(2089858483,0ecaa5967403d082aa24f35e1b516d23) [PhysX] Initialized MultithreadedTaskDispatcher with 32 workers.
 -> (artifact id: '828bd75316cb8b0f86698ffb2c2d4012') in 0.017461 seconds
Number of updated asset objects reloaded before import = 0
Number of asset objects unloaded after import = 1
========================================================================
Received Import Request.
  Time since last request: 0.000192 seconds.
  path: Assets/Oculus/Interaction/Runtime/Scripts/PoseDetection/Debug/ActiveStateDebugTree.cs
  artifactKey: Guid(98347ac4d9a23ac4c84b5eea4c0291d4) Importer(2089858483,0ecaa5967403d082aa24f35e1b516d23)
Start importing Assets/Oculus/Interaction/Runtime/Scripts/PoseDetection/Debug/ActiveStateDebugTree.cs using Guid(98347ac4d9a23ac4c84b5eea4c0291d4) Importer(2089858483,0ecaa5967403d082aa24f35e1b516d23) [PhysX] Initialized MultithreadedTaskDispatcher with 32 workers.
 -> (artifact id: '3fc7cf758763d1f3e3828440a5c274a3') in 0.019701 seconds
Number of updated asset objects reloaded before import = 0
Number of asset objects unloaded after import = 1
========================================================================
Received Import Request.
  Time since last request: 0.000017 seconds.
  path: Assets/Oculus/Interaction/OVRIntegration/Runtime/Prefabs/Hands/OVRFromLeftHandPrefab.prefab
  artifactKey: Guid(bf40bb80d130145429b3589de445204b) Importer(2089858483,0ecaa5967403d082aa24f35e1b516d23)
Start importing Assets/Oculus/Interaction/OVRIntegration/Runtime/Prefabs/Hands/OVRFromLeftHandPrefab.prefab using Guid(bf40bb80d130145429b3589de445204b) Importer(2089858483,0ecaa5967403d082aa24f35e1b516d23) [PhysX] Initialized MultithreadedTaskDispatcher with 32 workers.
 -> (artifact id: 'e021b8fca90c088ca5e4d0c36a82976b') in 0.029142 seconds
Number of updated asset objects reloaded before import = 0
Number of asset objects unloaded after import = 171
========================================================================
Received Import Request.
  Time since last request: 0.000019 seconds.
  path: Assets/Oculus/Interaction/Runtime/Scripts/Interaction/Grabbable/TwoGrabPlaneTransformer.cs
  artifactKey: Guid(a6df9170afc57784b96d6597da7a916e) Importer(2089858483,0ecaa5967403d082aa24f35e1b516d23)
Start importing Assets/Oculus/Interaction/Runtime/Scripts/Interaction/Grabbable/TwoGrabPlaneTransformer.cs using Guid(a6df9170afc57784b96d6597da7a916e) Importer(2089858483,0ecaa5967403d082aa24f35e1b516d23) [PhysX] Initialized MultithreadedTaskDispatcher with 32 workers.
 -> (artifact id: '31414750cc6196d982dac21bc613a43d') in 0.013247 seconds
Number of updated asset objects reloaded before import = 0
Number of asset objects unloaded after import = 1
========================================================================
Received Import Request.
  Time since last request: 0.000021 seconds.
  path: Assets/Oculus/Interaction/Runtime/Scripts/DistanceGrab/Visuals/InteractorReticle.cs
  artifactKey: Guid(e2bf09818682cd64fbb06b54214d446e) Importer(2089858483,0ecaa5967403d082aa24f35e1b516d23)
Start importing Assets/Oculus/Interaction/Runtime/Scripts/DistanceGrab/Visuals/InteractorReticle.cs using Guid(e2bf09818682cd64fbb06b54214d446e) Importer(2089858483,0ecaa5967403d082aa24f35e1b516d23) [PhysX] Initialized MultithreadedTaskDispatcher with 32 workers.
 -> (artifact id: 'a5aae9165c1bac83e3d4c0a9c9351158') in 0.012275 seconds
Number of updated asset objects reloaded before import = 0
Number of asset objects unloaded after import = 1
========================================================================
Received Import Request.
  Time since last request: 0.000117 seconds.
  path: Assets/Oculus/Interaction/Runtime/Scripts/Interaction/Surfaces/IPolyline.cs
  artifactKey: Guid(c3aad5e7ee8b10a439f1639a001307bf) Importer(2089858483,0ecaa5967403d082aa24f35e1b516d23)
Start importing Assets/Oculus/Interaction/Runtime/Scripts/Interaction/Surfaces/IPolyline.cs using Guid(c3aad5e7ee8b10a439f1639a001307bf) Importer(2089858483,0ecaa5967403d082aa24f35e1b516d23) [PhysX] Initialized MultithreadedTaskDispatcher with 32 workers.
 -> (artifact id: '42c215a10dcdc909637564453d1c6929') in 0.015800 seconds
Number of updated asset objects reloaded before import = 0
Number of asset objects unloaded after import = 1
========================================================================
Received Import Request.
  Time since last request: 0.000059 seconds.
  path: Assets/Oculus/Voice/Samples/Chess/Scripts/ChessBoardController.cs
  artifactKey: Guid(86bf99f3b962bc4438f170a19ff653fd) Importer(2089858483,0ecaa5967403d082aa24f35e1b516d23)
Start importing Assets/Oculus/Voice/Samples/Chess/Scripts/ChessBoardController.cs using Guid(86bf99f3b962bc4438f170a19ff653fd) Importer(2089858483,0ecaa5967403d082aa24f35e1b516d23) [PhysX] Initialized MultithreadedTaskDispatcher with 32 workers.
 -> (artifact id: '7d5f2b6e418d7cc4b541f16f98c2bb5c') in 0.015235 seconds
Number of updated asset objects reloaded before import = 0
Number of asset objects unloaded after import = 1
========================================================================
Received Import Request.
  Time since last request: 0.000068 seconds.
  path: Assets/Oculus/Voice/Documentation/Samples/TTSVoices/TTS Voices - Sample.asset
  artifactKey: Guid(3b748d3e544c4de48a2574bc204af974) Importer(2089858483,0ecaa5967403d082aa24f35e1b516d23)
Start importing Assets/Oculus/Voice/Documentation/Samples/TTSVoices/TTS Voices - Sample.asset using Guid(3b748d3e544c4de48a2574bc204af974) Importer(2089858483,0ecaa5967403d082aa24f35e1b516d23) [PhysX] Initialized MultithreadedTaskDispatcher with 32 workers.
 -> (artifact id: '39dffcfa5406f3cdb3bc13eb7ab74edd') in 0.015990 seconds
Number of updated asset objects reloaded before import = 0
Number of asset objects unloaded after import = 3
========================================================================
Received Import Request.
  Time since last request: 0.000018 seconds.
  path: Assets/Oculus/Interaction/Runtime/Scripts/Unity/Input/InputButton.cs
  artifactKey: Guid(17cbfd92dddfbac42becf0ad22b3d80d) Importer(2089858483,0ecaa5967403d082aa24f35e1b516d23)
Start importing Assets/Oculus/Interaction/Runtime/Scripts/Unity/Input/InputButton.cs using Guid(17cbfd92dddfbac42becf0ad22b3d80d) Importer(2089858483,0ecaa5967403d082aa24f35e1b516d23) [PhysX] Initialized MultithreadedTaskDispatcher with 32 workers.
 -> (artifact id: '020e2da426e7df84e51cd2ccadf929e5') in 0.014668 seconds
Number of updated asset objects reloaded before import = 0
Number of asset objects unloaded after import = 1
========================================================================
Received Import Request.
  Time since last request: 0.000077 seconds.
  path: Assets/Oculus/Voice/Samples/TTSVoices/Scripts/TTSSpeakerVoiceSelect.cs
  artifactKey: Guid(34daf0baa6f344a4f9256495171ccec0) Importer(2089858483,0ecaa5967403d082aa24f35e1b516d23)
Start importing Assets/Oculus/Voice/Samples/TTSVoices/Scripts/TTSSpeakerVoiceSelect.cs using Guid(34daf0baa6f344a4f9256495171ccec0) Importer(2089858483,0ecaa5967403d082aa24f35e1b516d23) [PhysX] Initialized MultithreadedTaskDispatcher with 32 workers.
 -> (artifact id: '7bf4af9a7324a03a3e2ee17c34846cfe') in 0.016581 seconds
Number of updated asset objects reloaded before import = 0
Number of asset objects unloaded after import = 1
========================================================================
Received Import Request.
  Time since last request: 0.000109 seconds.
  path: Assets/Oculus/Interaction/Runtime/Scripts/DistanceGrab/Visuals/IReticleData.cs
  artifactKey: Guid(02f66d477a24d6846bb998939cfc493e) Importer(2089858483,0ecaa5967403d082aa24f35e1b516d23)
Start importing Assets/Oculus/Interaction/Runtime/Scripts/DistanceGrab/Visuals/IReticleData.cs using Guid(02f66d477a24d6846bb998939cfc493e) Importer(2089858483,0ecaa5967403d082aa24f35e1b516d23) [PhysX] Initialized MultithreadedTaskDispatcher with 32 workers.
 -> (artifact id: '7e244f1636046f101c894937523c90b5') in 0.011561 seconds
Number of updated asset objects reloaded before import = 0
Number of asset objects unloaded after import = 1
========================================================================
Received Import Request.
  Time since last request: 0.000022 seconds.
  path: Assets/Oculus/Interaction/OVRIntegration/Editor/Blocks/InteractableItems/Throwable Item.asset
  artifactKey: Guid(b43b26e9e16b544f1a50f7b195d3d48b) Importer(2089858483,0ecaa5967403d082aa24f35e1b516d23)
Start importing Assets/Oculus/Interaction/OVRIntegration/Editor/Blocks/InteractableItems/Throwable Item.asset using Guid(b43b26e9e16b544f1a50f7b195d3d48b) Importer(2089858483,0ecaa5967403d082aa24f35e1b516d23) [PhysX] Initialized MultithreadedTaskDispatcher with 32 workers.
 -> (artifact id: '1097aaa6a4657577242ec3a9382347b6') in 0.020383 seconds
Number of updated asset objects reloaded before import = 0
Number of asset objects unloaded after import = 12
========================================================================
Received Import Request.
  Time since last request: 0.000051 seconds.
  path: Assets/Oculus/Interaction/OVRIntegration/Runtime/Scripts/Input/OVRButton.cs
  artifactKey: Guid(8272568ab0dd2dc46aa1797ba58b40ed) Importer(2089858483,0ecaa5967403d082aa24f35e1b516d23)
Start importing Assets/Oculus/Interaction/OVRIntegration/Runtime/Scripts/Input/OVRButton.cs using Guid(8272568ab0dd2dc46aa1797ba58b40ed) Importer(2089858483,0ecaa5967403d082aa24f35e1b516d23) [PhysX] Initialized MultithreadedTaskDispatcher with 32 workers.
 -> (artifact id: '15e805b0cb2051f6a6da5ee765603b03') in 0.011295 seconds
Number of updated asset objects reloaded before import = 0
Number of asset objects unloaded after import = 1
========================================================================
Received Import Request.
  Time since last request: 0.000024 seconds.
  path: Assets/Oculus/Interaction/OVRIntegration/Runtime/Prefabs/HandGrab/Ghost-RightHand.prefab
  artifactKey: Guid(4170d4d20a9b6034a88d89a71c2e0828) Importer(2089858483,0ecaa5967403d082aa24f35e1b516d23)
Start importing Assets/Oculus/Interaction/OVRIntegration/Runtime/Prefabs/HandGrab/Ghost-RightHand.prefab using Guid(4170d4d20a9b6034a88d89a71c2e0828) Importer(2089858483,0ecaa5967403d082aa24f35e1b516d23) [PhysX] Initialized MultithreadedTaskDispatcher with 32 workers.
 -> (artifact id: 'c5a795fea6d5532d5d9ebd02e2097f19') in 0.020485 seconds
Number of updated asset objects reloaded before import = 0
Number of asset objects unloaded after import = 168
========================================================================
Received Import Request.
  Time since last request: 0.000020 seconds.
  path: Assets/Oculus/Interaction/Runtime/Scripts/Interaction/Grabbable/OneGrabTranslateTransformer.cs
  artifactKey: Guid(e9597e632dfbca247bcf65e49c67078e) Importer(2089858483,0ecaa5967403d082aa24f35e1b516d23)
Start importing Assets/Oculus/Interaction/Runtime/Scripts/Interaction/Grabbable/OneGrabTranslateTransformer.cs using Guid(e9597e632dfbca247bcf65e49c67078e) Importer(2089858483,0ecaa5967403d082aa24f35e1b516d23) [PhysX] Initialized MultithreadedTaskDispatcher with 32 workers.
 -> (artifact id: '7b56550d600d1c002e7b9188340b6649') in 0.011388 seconds
Number of updated asset objects reloaded before import = 0
Number of asset objects unloaded after import = 1
========================================================================
Received Import Request.
  Time since last request: 0.000138 seconds.
  path: Assets/Oculus/Interaction/Runtime/Scripts/Interaction/Core/ActiveStateGroup.cs
  artifactKey: Guid(aebd5da9a8bd22243b407f1927f4965b) Importer(2089858483,0ecaa5967403d082aa24f35e1b516d23)
Start importing Assets/Oculus/Interaction/Runtime/Scripts/Interaction/Core/ActiveStateGroup.cs using Guid(aebd5da9a8bd22243b407f1927f4965b) Importer(2089858483,0ecaa5967403d082aa24f35e1b516d23) [PhysX] Initialized MultithreadedTaskDispatcher with 32 workers.
 -> (artifact id: '505edf95a43b020fdc462ce025134f5b') in 0.017615 seconds
Number of updated asset objects reloaded before import = 0
Number of asset objects unloaded after import = 1
========================================================================
Received Import Request.
  Time since last request: 0.000109 seconds.
  path: Assets/Oculus/Interaction/Runtime/Scripts/Interaction/Core/IRelativeToRef.cs
  artifactKey: Guid(845e874392d0de64aa69fb262207394c) Importer(2089858483,0ecaa5967403d082aa24f35e1b516d23)
Start importing Assets/Oculus/Interaction/Runtime/Scripts/Interaction/Core/IRelativeToRef.cs using Guid(845e874392d0de64aa69fb262207394c) Importer(2089858483,0ecaa5967403d082aa24f35e1b516d23) [PhysX] Initialized MultithreadedTaskDispatcher with 32 workers.
 -> (artifact id: 'ff2d21055f669ae04044c5976adfe068') in 0.014075 seconds
Number of updated asset objects reloaded before import = 0
Number of asset objects unloaded after import = 1
========================================================================
Received Import Request.
  Time since last request: 0.000093 seconds.
  path: Assets/Oculus/Interaction/Runtime/Scripts/Input/Controllers/ControllerPrimitives.cs
  artifactKey: Guid(8489868b0a7582e43890f869877224e8) Importer(2089858483,0ecaa5967403d082aa24f35e1b516d23)
Start importing Assets/Oculus/Interaction/Runtime/Scripts/Input/Controllers/ControllerPrimitives.cs using Guid(8489868b0a7582e43890f869877224e8) Importer(2089858483,0ecaa5967403d082aa24f35e1b516d23) [PhysX] Initialized MultithreadedTaskDispatcher with 32 workers.
 -> (artifact id: '6d9ec1be22347cb483cb35641af105b6') in 0.014324 seconds
Number of updated asset objects reloaded before import = 0
Number of asset objects unloaded after import = 1
========================================================================
Received Import Request.
  Time since last request: 0.000131 seconds.
  path: Assets/Oculus/Voice/Samples/Chess/Scripts/AssemblyInfo.cs
  artifactKey: Guid(b01e71cd2c3accd48a3a3b6c3a4c5609) Importer(2089858483,0ecaa5967403d082aa24f35e1b516d23)
Start importing Assets/Oculus/Voice/Samples/Chess/Scripts/AssemblyInfo.cs using Guid(b01e71cd2c3accd48a3a3b6c3a4c5609) Importer(2089858483,0ecaa5967403d082aa24f35e1b516d23) [PhysX] Initialized MultithreadedTaskDispatcher with 32 workers.
 -> (artifact id: '691727b349351b2345909247af7813ac') in 0.016064 seconds
Number of updated asset objects reloaded before import = 0
Number of asset objects unloaded after import = 1
========================================================================
Received Import Request.
  Time since last request: 0.000104 seconds.
  path: Assets/Oculus/SampleFramework/Usage/SharedAssets/Textures/room_atlas_02_nml.png
  artifactKey: Guid(8feb88af7c75e408b9e3ec8f310583ae) Importer(2089858483,0ecaa5967403d082aa24f35e1b516d23)
Start importing Assets/Oculus/SampleFramework/Usage/SharedAssets/Textures/room_atlas_02_nml.png using Guid(8feb88af7c75e408b9e3ec8f310583ae) Importer(2089858483,0ecaa5967403d082aa24f35e1b516d23) [PhysX] Initialized MultithreadedTaskDispatcher with 32 workers.
 -> (artifact id: 'e162ce9bced6fd56a436670f0b968832') in 0.031352 seconds
Number of updated asset objects reloaded before import = 0
Number of asset objects unloaded after import = 1
========================================================================
Received Import Request.
  Time since last request: 0.000061 seconds.
  path: Assets/Oculus/Voice/Samples/TTSVoices/Scripts/TTSStreamToggle.cs
  artifactKey: Guid(c780cd978be73ed43909c99f5fbcee4e) Importer(2089858483,0ecaa5967403d082aa24f35e1b516d23)
Start importing Assets/Oculus/Voice/Samples/TTSVoices/Scripts/TTSStreamToggle.cs using Guid(c780cd978be73ed43909c99f5fbcee4e) Importer(2089858483,0ecaa5967403d082aa24f35e1b516d23) [PhysX] Initialized MultithreadedTaskDispatcher with 32 workers.
 -> (artifact id: '5a4a4df31a6a8d004a611cb066aa9c2c') in 0.023569 seconds
Number of updated asset objects reloaded before import = 0
Number of asset objects unloaded after import = 1
========================================================================
Received Import Request.
  Time since last request: 0.000021 seconds.
  path: Assets/Oculus/Interaction/Runtime/Scripts/Unity/Input/InputMouseButton.cs
  artifactKey: Guid(d388cb9865e6fb34c83ff0b41a218bde) Importer(2089858483,0ecaa5967403d082aa24f35e1b516d23)
Start importing Assets/Oculus/Interaction/Runtime/Scripts/Unity/Input/InputMouseButton.cs using Guid(d388cb9865e6fb34c83ff0b41a218bde) Importer(2089858483,0ecaa5967403d082aa24f35e1b516d23) [PhysX] Initialized MultithreadedTaskDispatcher with 32 workers.
 -> (artifact id: '6761dcfe6d6887b0eeb0cb3c2f2dbe2f') in 0.014292 seconds
Number of updated asset objects reloaded before import = 0
Number of asset objects unloaded after import = 1
========================================================================
Received Import Request.
  Time since last request: 0.000077 seconds.
  path: Assets/Oculus/Interaction/OVRIntegration/Runtime/Prefabs/HandGrab/GhostProvider.asset
  artifactKey: Guid(ba24f6f783d84ef4f8ff075364e1283c) Importer(2089858483,0ecaa5967403d082aa24f35e1b516d23)
Start importing Assets/Oculus/Interaction/OVRIntegration/Runtime/Prefabs/HandGrab/GhostProvider.asset using Guid(ba24f6f783d84ef4f8ff075364e1283c) Importer(2089858483,0ecaa5967403d082aa24f35e1b516d23) [PhysX] Initialized MultithreadedTaskDispatcher with 32 workers.
 -> (artifact id: 'd3fe2c5b25a7880929b0b658b22faa38') in 0.020382 seconds
Number of updated asset objects reloaded before import = 0
Number of asset objects unloaded after import = 335
========================================================================
Received Import Request.
  Time since last request: 0.000017 seconds.
  path: Assets/Oculus/Interaction/OVRIntegration/Runtime/Scripts/Input/FromOVRControllerHandDataSource.cs
  artifactKey: Guid(eb7d6cff5f17513488d465cdc4efd298) Importer(2089858483,0ecaa5967403d082aa24f35e1b516d23)
Start importing Assets/Oculus/Interaction/OVRIntegration/Runtime/Scripts/Input/FromOVRControllerHandDataSource.cs using Guid(eb7d6cff5f17513488d465cdc4efd298) Importer(2089858483,0ecaa5967403d082aa24f35e1b516d23) [PhysX] Initialized MultithreadedTaskDispatcher with 32 workers.
 -> (artifact id: '786603a9fcca79b0e47db54ffd3b2680') in 0.012236 seconds
Number of updated asset objects reloaded before import = 0
Number of asset objects unloaded after import = 1
========================================================================
Received Import Request.
  Time since last request: 0.000122 seconds.
  path: Assets/Oculus/Interaction/Runtime/Scripts/Interaction/Surfaces/ISurfaceClipper.cs
  artifactKey: Guid(983b04bae85243d44a16c9b11b4d238e) Importer(2089858483,0ecaa5967403d082aa24f35e1b516d23)
Start importing Assets/Oculus/Interaction/Runtime/Scripts/Interaction/Surfaces/ISurfaceClipper.cs using Guid(983b04bae85243d44a16c9b11b4d238e) Importer(2089858483,0ecaa5967403d082aa24f35e1b516d23) [PhysX] Initialized MultithreadedTaskDispatcher with 32 workers.
 -> (artifact id: 'bd1637ab3a3287cf54653d8979ca4870') in 0.013170 seconds
Number of updated asset objects reloaded before import = 0
Number of asset objects unloaded after import = 1
========================================================================
Received Import Request.
  Time since last request: 0.000150 seconds.
  path: Assets/Oculus/SampleFramework/Usage/SharedAssets/Prefabs/OculusWoodBlockPf.prefab
  artifactKey: Guid(8ee9798876077ae49951b86fabc77fef) Importer(2089858483,0ecaa5967403d082aa24f35e1b516d23)
Start importing Assets/Oculus/SampleFramework/Usage/SharedAssets/Prefabs/OculusWoodBlockPf.prefab using Guid(8ee9798876077ae49951b86fabc77fef) Importer(2089858483,0ecaa5967403d082aa24f35e1b516d23) [PhysX] Initialized MultithreadedTaskDispatcher with 32 workers.
 -> (artifact id: '0c1838c07dc717d81edb1ea3adce9366') in 0.022564 seconds
Number of updated asset objects reloaded before import = 0
Number of asset objects unloaded after import = 9
========================================================================
Received Import Request.
  Time since last request: 0.258476 seconds.
  path: Assets/Oculus/Interaction/Runtime/Scripts/Unity/UnityCanvas/CanvasMesh.cs
  artifactKey: Guid(1e17f00312f4fea429367cb5b305689d) Importer(2089858483,0ecaa5967403d082aa24f35e1b516d23)
Start importing Assets/Oculus/Interaction/Runtime/Scripts/Unity/UnityCanvas/CanvasMesh.cs using Guid(1e17f00312f4fea429367cb5b305689d) Importer(2089858483,0ecaa5967403d082aa24f35e1b516d23) [PhysX] Initialized MultithreadedTaskDispatcher with 32 workers.
 -> (artifact id: '527d28d9aecafdbed88b0c217a7625ae') in 0.014261 seconds
Number of updated asset objects reloaded before import = 0
Number of asset objects unloaded after import = 1
========================================================================
Received Import Request.
  Time since last request: 0.000017 seconds.
  path: Assets/Oculus/Voice/Features/Telemetry/Scripts/Editor/TelemetryLogLevel.cs
  artifactKey: Guid(9ec9d3766aa1412c80170fb8b4adb390) Importer(2089858483,0ecaa5967403d082aa24f35e1b516d23)
Start importing Assets/Oculus/Voice/Features/Telemetry/Scripts/Editor/TelemetryLogLevel.cs using Guid(9ec9d3766aa1412c80170fb8b4adb390) Importer(2089858483,0ecaa5967403d082aa24f35e1b516d23) [PhysX] Initialized MultithreadedTaskDispatcher with 32 workers.
 -> (artifact id: '7917aed7bb4f00ae72b451322b3739d4') in 0.012105 seconds
Number of updated asset objects reloaded before import = 0
Number of asset objects unloaded after import = 1
========================================================================
Received Import Request.
  Time since last request: 0.000140 seconds.
  path: Assets/Oculus/Interaction/Samples/Objects/Props/Cube/Textures/CubeTextureBlue.tga
  artifactKey: Guid(126449173f31f984d885d4eecd85266f) Importer(2089858483,0ecaa5967403d082aa24f35e1b516d23)
Start importing Assets/Oculus/Interaction/Samples/Objects/Props/Cube/Textures/CubeTextureBlue.tga using Guid(126449173f31f984d885d4eecd85266f) Importer(2089858483,0ecaa5967403d082aa24f35e1b516d23) [PhysX] Initialized MultithreadedTaskDispatcher with 32 workers.
 -> (artifact id: '871332bae5799776c13c2d4beeb2d5bb') in 0.018282 seconds
Number of updated asset objects reloaded before import = 0
Number of asset objects unloaded after import = 1
========================================================================
Received Import Request.
  Time since last request: 0.000128 seconds.
  path: Assets/Oculus/Interaction/OVRIntegration/Runtime/Scripts/Body/Input/FromOVRBodyDataSource.cs
  artifactKey: Guid(b16459242825b504b8fac95d1c7a68a8) Importer(2089858483,0ecaa5967403d082aa24f35e1b516d23)
Start importing Assets/Oculus/Interaction/OVRIntegration/Runtime/Scripts/Body/Input/FromOVRBodyDataSource.cs using Guid(b16459242825b504b8fac95d1c7a68a8) Importer(2089858483,0ecaa5967403d082aa24f35e1b516d23) [PhysX] Initialized MultithreadedTaskDispatcher with 32 workers.
 -> (artifact id: '171aa3934d33eda066ad73108ec0c3dc') in 0.025681 seconds
Number of updated asset objects reloaded before import = 0
Number of asset objects unloaded after import = 1
========================================================================
Received Import Request.
  Time since last request: 0.000016 seconds.
  path: Assets/Oculus/Interaction/Samples/Objects/Props/BigStone/Materials/BigStoneMat.mat
  artifactKey: Guid(d786d4ccd0847a64f80d21ee6b07874f) Importer(2089858483,0ecaa5967403d082aa24f35e1b516d23)
Start importing Assets/Oculus/Interaction/Samples/Objects/Props/BigStone/Materials/BigStoneMat.mat using Guid(d786d4ccd0847a64f80d21ee6b07874f) Importer(2089858483,0ecaa5967403d082aa24f35e1b516d23) [PhysX] Initialized MultithreadedTaskDispatcher with 32 workers.
 -> (artifact id: 'a66ea24881fc35bb2ca4d5cc7f0f9171') in 0.024870 seconds
Number of updated asset objects reloaded before import = 0
Number of asset objects unloaded after import = 2
========================================================================
Received Import Request.
  Time since last request: 0.000018 seconds.
  path: Assets/Oculus/Interaction/Runtime/Scripts/Interaction/Models/DistanceGrab/DistanceGrabInteractable.cs
  artifactKey: Guid(07525681efbca7a4e9643ab3a592ada7) Importer(2089858483,0ecaa5967403d082aa24f35e1b516d23)
Start importing Assets/Oculus/Interaction/Runtime/Scripts/Interaction/Models/DistanceGrab/DistanceGrabInteractable.cs using Guid(07525681efbca7a4e9643ab3a592ada7) Importer(2089858483,0ecaa5967403d082aa24f35e1b516d23) [PhysX] Initialized MultithreadedTaskDispatcher with 32 workers.
 -> (artifact id: '40b0daac5cfd02501035c0b22f0e69d0') in 0.014655 seconds
Number of updated asset objects reloaded before import = 0
Number of asset objects unloaded after import = 1
========================================================================
Received Import Request.
  Time since last request: 0.000065 seconds.
  path: Assets/Oculus/Voice/Lib/Wit.ai/Scripts/Editor/CallbackHandlers/ValuePathMatcherPropertyDrawer.cs
  artifactKey: Guid(70c91e08d884bfe4a99b40d2706b15d0) Importer(2089858483,0ecaa5967403d082aa24f35e1b516d23)
Start importing Assets/Oculus/Voice/Lib/Wit.ai/Scripts/Editor/CallbackHandlers/ValuePathMatcherPropertyDrawer.cs using Guid(70c91e08d884bfe4a99b40d2706b15d0) Importer(2089858483,0ecaa5967403d082aa24f35e1b516d23) [PhysX] Initialized MultithreadedTaskDispatcher with 32 workers.
 -> (artifact id: 'af2f24a9111f74025185d10d080c53fb') in 0.010277 seconds
Number of updated asset objects reloaded before import = 0
Number of asset objects unloaded after import = 1
========================================================================
Received Import Request.
  Time since last request: 0.000066 seconds.
  path: Assets/Oculus/Interaction/Samples/Objects/Props/CoffeeCup/CoffeeCupMat.fbx
  artifactKey: Guid(c703a789a976640a0bb1213664b73ebe) Importer(2089858483,0ecaa5967403d082aa24f35e1b516d23)
Start importing Assets/Oculus/Interaction/Samples/Objects/Props/CoffeeCup/CoffeeCupMat.fbx using Guid(c703a789a976640a0bb1213664b73ebe) Importer(2089858483,0ecaa5967403d082aa24f35e1b516d23) [PhysX] Initialized MultithreadedTaskDispatcher with 32 workers.
 -> (artifact id: '66ea82e2b3b8826b7cf0625345ef5943') in 0.031337 seconds
Number of updated asset objects reloaded before import = 0
Number of asset objects unloaded after import = 10
========================================================================
Received Import Request.
  Time since last request: 0.000135 seconds.
  path: Assets/Oculus/Interaction/Samples/Objects/Props/PictureFrame/Textures/LivingRoom.jpg
  artifactKey: Guid(11c3eef3b09d88c4891ad2e6fc11057f) Importer(2089858483,0ecaa5967403d082aa24f35e1b516d23)
Start importing Assets/Oculus/Interaction/Samples/Objects/Props/PictureFrame/Textures/LivingRoom.jpg using Guid(11c3eef3b09d88c4891ad2e6fc11057f) Importer(2089858483,0ecaa5967403d082aa24f35e1b516d23) [PhysX] Initialized MultithreadedTaskDispatcher with 32 workers.
 -> (artifact id: 'bc2be18440a1411171b92daf8582f4ff') in 0.020776 seconds
Number of updated asset objects reloaded before import = 0
Number of asset objects unloaded after import = 1
========================================================================
Received Import Request.
  Time since last request: 0.000037 seconds.
  path: Assets/Oculus/Interaction/Samples/Objects/Props/ChessPiece/Models/simpleGrabKnight.fbx
  artifactKey: Guid(c55aaa44df61b8942a6d1c8d53612600) Importer(2089858483,0ecaa5967403d082aa24f35e1b516d23)
Start importing Assets/Oculus/Interaction/Samples/Objects/Props/ChessPiece/Models/simpleGrabKnight.fbx using Guid(c55aaa44df61b8942a6d1c8d53612600) Importer(2089858483,0ecaa5967403d082aa24f35e1b516d23) [PhysX] Initialized MultithreadedTaskDispatcher with 32 workers.
 -> (artifact id: '9a521a7aa10e6b19d6d063b68e85c9b8') in 0.018683 seconds
Number of updated asset objects reloaded before import = 0
Number of asset objects unloaded after import = 7
========================================================================
Received Import Request.
  Time since last request: 0.000016 seconds.
  path: Assets/Oculus/Interaction/Samples/Objects/Environment/Room/Textures/CarpetTiling.png
  artifactKey: Guid(5e2a6a0441e3eb94f8f8f5b448763cd8) Importer(2089858483,0ecaa5967403d082aa24f35e1b516d23)
Start importing Assets/Oculus/Interaction/Samples/Objects/Environment/Room/Textures/CarpetTiling.png using Guid(5e2a6a0441e3eb94f8f8f5b448763cd8) Importer(2089858483,0ecaa5967403d082aa24f35e1b516d23) [PhysX] Initialized MultithreadedTaskDispatcher with 32 workers.
 -> (artifact id: '2f7973fae7033219606f85e610edc221') in 0.017757 seconds
Number of updated asset objects reloaded before import = 0
Number of asset objects unloaded after import = 1
========================================================================
Received Import Request.
  Time since last request: 0.000092 seconds.
  path: Assets/Oculus/Interaction/Samples/Objects/Environment/SmallRoom/Materials/SmallRoomFurnitureMat.mat
  artifactKey: Guid(11a68679012f52242bdfabd814bd5db8) Importer(2089858483,0ecaa5967403d082aa24f35e1b516d23)
Start importing Assets/Oculus/Interaction/Samples/Objects/Environment/SmallRoom/Materials/SmallRoomFurnitureMat.mat using Guid(11a68679012f52242bdfabd814bd5db8) Importer(2089858483,0ecaa5967403d082aa24f35e1b516d23) [PhysX] Initialized MultithreadedTaskDispatcher with 32 workers.
 -> (artifact id: '545348561eb2af42b1ccc99c8dc62b30') in 0.027694 seconds
Number of updated asset objects reloaded before import = 0
Number of asset objects unloaded after import = 2
========================================================================
Received Import Request.
  Time since last request: 0.000302 seconds.
  path: Assets/Oculus/SampleFramework/Core/Video/Plugins/Android/Audio360/NOTICE.txt
  artifactKey: Guid(4d41527e8defd4278aa630380a98e8d5) Importer(2089858483,0ecaa5967403d082aa24f35e1b516d23)
Start importing Assets/Oculus/SampleFramework/Core/Video/Plugins/Android/Audio360/NOTICE.txt using Guid(4d41527e8defd4278aa630380a98e8d5) Importer(2089858483,0ecaa5967403d082aa24f35e1b516d23) [PhysX] Initialized MultithreadedTaskDispatcher with 32 workers.
 -> (artifact id: '3209e218bab34d7416098295083fa8c6') in 0.017644 seconds
Number of updated asset objects reloaded before import = 0
Number of asset objects unloaded after import = 1
========================================================================
Received Import Request.
  Time since last request: 0.000110 seconds.
  path: Assets/Oculus/Interaction/Samples/Objects/Props/Plants/Textures/PlantSetMat_Normal.png
  artifactKey: Guid(88e27d617c8af234183b75d63321c623) Importer(2089858483,0ecaa5967403d082aa24f35e1b516d23)
Start importing Assets/Oculus/Interaction/Samples/Objects/Props/Plants/Textures/PlantSetMat_Normal.png using Guid(88e27d617c8af234183b75d63321c623) Importer(2089858483,0ecaa5967403d082aa24f35e1b516d23) [PhysX] Initialized MultithreadedTaskDispatcher with 32 workers.
 -> (artifact id: '1fef79638ba53b2104fcb8257fd98d0c') in 0.028545 seconds
Number of updated asset objects reloaded before import = 0
Number of asset objects unloaded after import = 1
========================================================================
Received Import Request.
  Time since last request: 0.000018 seconds.
  path: Assets/Oculus/SampleFramework/Usage/SceneManager/Prefabs/FurniturePrefabs/DoorPrefab.prefab
  artifactKey: Guid(803133f69c1b27047946a5c125b88814) Importer(2089858483,0ecaa5967403d082aa24f35e1b516d23)
Start importing Assets/Oculus/SampleFramework/Usage/SceneManager/Prefabs/FurniturePrefabs/DoorPrefab.prefab using Guid(803133f69c1b27047946a5c125b88814) Importer(2089858483,0ecaa5967403d082aa24f35e1b516d23) [PhysX] Initialized MultithreadedTaskDispatcher with 32 workers.
 -> (artifact id: '252a763d2ffbe3fb41290ab5f43d7a2f') in 0.019885 seconds
Number of updated asset objects reloaded before import = 0
Number of asset objects unloaded after import = 10
========================================================================
Received Import Request.
  Time since last request: 0.000019 seconds.
  path: Assets/Oculus/Interaction/Samples/Objects/Props/Keypad/Keypad.prefab
  artifactKey: Guid(6cdae152c904f8a4db9f6da2328f153d) Importer(2089858483,0ecaa5967403d082aa24f35e1b516d23)
Start importing Assets/Oculus/Interaction/Samples/Objects/Props/Keypad/Keypad.prefab using Guid(6cdae152c904f8a4db9f6da2328f153d) Importer(2089858483,0ecaa5967403d082aa24f35e1b516d23) [PhysX] Initialized MultithreadedTaskDispatcher with 32 workers.
 -> (artifact id: '98638470d74061e7179c28032f638deb') in 0.051006 seconds
Number of updated asset objects reloaded before import = 0
Number of asset objects unloaded after import = 297
========================================================================
Received Import Request.
  Time since last request: 0.000018 seconds.
  path: Assets/Oculus/Voice/Features/Telemetry/Scripts/Editor/Telemetry.Editor.asmdef
  artifactKey: Guid(4c3436cc699cb25459568e9fa95b7fd7) Importer(2089858483,0ecaa5967403d082aa24f35e1b516d23)
Start importing Assets/Oculus/Voice/Features/Telemetry/Scripts/Editor/Telemetry.Editor.asmdef using Guid(4c3436cc699cb25459568e9fa95b7fd7) Importer(2089858483,0ecaa5967403d082aa24f35e1b516d23) [PhysX] Initialized MultithreadedTaskDispatcher with 32 workers.
 -> (artifact id: 'de24efd50e81578a757c1ccac28e06dd') in 0.012209 seconds
Number of updated asset objects reloaded before import = 0
Number of asset objects unloaded after import = 1
========================================================================
Received Import Request.
  Time since last request: 0.000128 seconds.
  path: Assets/Oculus/Voice/Features/Dictation/Samples/Dictation/Materials/Skybox.mat
  artifactKey: Guid(a179d7f204d6abd488033e6085dd7043) Importer(2089858483,0ecaa5967403d082aa24f35e1b516d23)
Start importing Assets/Oculus/Voice/Features/Dictation/Samples/Dictation/Materials/Skybox.mat using Guid(a179d7f204d6abd488033e6085dd7043) Importer(2089858483,0ecaa5967403d082aa24f35e1b516d23) [PhysX] Initialized MultithreadedTaskDispatcher with 32 workers.
 -> (artifact id: 'a8f580449ed882f18b1880f968a8d8aa') in 0.017898 seconds
Number of updated asset objects reloaded before import = 0
Number of asset objects unloaded after import = 1
========================================================================
Received Import Request.
  Time since last request: 0.000043 seconds.
  path: Assets/Oculus/SampleFramework/Usage/SceneManager/Prefabs/FurniturePrefabs/FloorPlanePrefab.prefab
  artifactKey: Guid(a202d380b0eab3c4fbb4825c00a1e0cf) Importer(2089858483,0ecaa5967403d082aa24f35e1b516d23)
Start importing Assets/Oculus/SampleFramework/Usage/SceneManager/Prefabs/FurniturePrefabs/FloorPlanePrefab.prefab using Guid(a202d380b0eab3c4fbb4825c00a1e0cf) Importer(2089858483,0ecaa5967403d082aa24f35e1b516d23) [PhysX] Initialized MultithreadedTaskDispatcher with 32 workers.
 -> (artifact id: '4a2b096564bb7852cf7a783e5bf9ccf8') in 0.021198 seconds
Number of updated asset objects reloaded before import = 0
Number of asset objects unloaded after import = 10
========================================================================
Received Import Request.
  Time since last request: 0.000018 seconds.
  path: Assets/Oculus/Interaction/Samples/Objects/Environment/MRDesk/Models/MRDeskShadow.fbx
  artifactKey: Guid(bb5c416ca94f7a34fbd14f26fa5a38e6) Importer(2089858483,0ecaa5967403d082aa24f35e1b516d23)
Start importing Assets/Oculus/Interaction/Samples/Objects/Environment/MRDesk/Models/MRDeskShadow.fbx using Guid(bb5c416ca94f7a34fbd14f26fa5a38e6) Importer(2089858483,0ecaa5967403d082aa24f35e1b516d23) [PhysX] Initialized MultithreadedTaskDispatcher with 32 workers.
 -> (artifact id: 'dfcce6a8d87db135304fa2de9de852cd') in 0.023420 seconds
Number of updated asset objects reloaded before import = 0
Number of asset objects unloaded after import = 8
========================================================================
Received Import Request.
  Time since last request: 0.000019 seconds.
  path: Assets/Oculus/Interaction/Samples/Objects/Environment/Locomotion/Models/Meta_LocomotionGarden.fbx
  artifactKey: Guid(c754269c80afa0f4b94b650d983d92c0) Importer(2089858483,0ecaa5967403d082aa24f35e1b516d23)
Start importing Assets/Oculus/Interaction/Samples/Objects/Environment/Locomotion/Models/Meta_LocomotionGarden.fbx using Guid(c754269c80afa0f4b94b650d983d92c0) Importer(2089858483,0ecaa5967403d082aa24f35e1b516d23) [PhysX] Initialized MultithreadedTaskDispatcher with 32 workers.
 -> (artifact id: '58c38338dcd567ea9357647e9b61f278') in 0.022715 seconds
Number of updated asset objects reloaded before import = 0
Number of asset objects unloaded after import = 9
========================================================================
Received Import Request.
  Time since last request: 0.000033 seconds.
  path: Assets/Oculus/Interaction/OVRIntegration/Editor/Blocks/Interactors/Prefabs/[BB] Hand Physics.prefab
  artifactKey: Guid(5fc002002ecb74800b33f4b96a147701) Importer(2089858483,0ecaa5967403d082aa24f35e1b516d23)
Start importing Assets/Oculus/Interaction/OVRIntegration/Editor/Blocks/Interactors/Prefabs/[BB] Hand Physics.prefab using Guid(5fc002002ecb74800b33f4b96a147701) Importer(2089858483,0ecaa5967403d082aa24f35e1b516d23) [PhysX] Initialized MultithreadedTaskDispatcher with 32 workers.
 -> (artifact id: '7b6a49b4297cea3c4df0b44f48399f74') in 0.016608 seconds
Number of updated asset objects reloaded before import = 0
Number of asset objects unloaded after import = 6
========================================================================
Received Import Request.
  Time since last request: 0.000089 seconds.
  path: Assets/Oculus/SampleFramework/Usage/SharedAssets/Skyboxes/Sky_01/Skybox01_Down-Y.png
  artifactKey: Guid(44ba68aec4ce947e182003f5806313cd) Importer(2089858483,0ecaa5967403d082aa24f35e1b516d23)
Start importing Assets/Oculus/SampleFramework/Usage/SharedAssets/Skyboxes/Sky_01/Skybox01_Down-Y.png using Guid(44ba68aec4ce947e182003f5806313cd) Importer(2089858483,0ecaa5967403d082aa24f35e1b516d23) [PhysX] Initialized MultithreadedTaskDispatcher with 32 workers.
 -> (artifact id: '3902e86435b45540a5ee4bd43fbf386f') in 0.019788 seconds
Number of updated asset objects reloaded before import = 0
Number of asset objects unloaded after import = 1
========================================================================
Received Import Request.
  Time since last request: 0.000074 seconds.
  path: Assets/Oculus/Interaction/Runtime/Scripts/Interaction/Models/UseGrab/IHandGrabUseDelegate.cs
  artifactKey: Guid(730e861101a13b047b4dec46dd823d00) Importer(2089858483,0ecaa5967403d082aa24f35e1b516d23)
Start importing Assets/Oculus/Interaction/Runtime/Scripts/Interaction/Models/UseGrab/IHandGrabUseDelegate.cs using Guid(730e861101a13b047b4dec46dd823d00) Importer(2089858483,0ecaa5967403d082aa24f35e1b516d23) [PhysX] Initialized MultithreadedTaskDispatcher with 32 workers.
 -> (artifact id: '7a8c577fa794b8f799ac02ca6f1a0109') in 0.014487 seconds
Number of updated asset objects reloaded before import = 0
Number of asset objects unloaded after import = 1
========================================================================
Received Import Request.
  Time since last request: 0.000119 seconds.
  path: Assets/Oculus/Interaction/Samples/Objects/Environment/Room/Textures/skydomeBaked.png
  artifactKey: Guid(061fef3aa88c14e4487ccf80abd293e0) Importer(2089858483,0ecaa5967403d082aa24f35e1b516d23)
Start importing Assets/Oculus/Interaction/Samples/Objects/Environment/Room/Textures/skydomeBaked.png using Guid(061fef3aa88c14e4487ccf80abd293e0) Importer(2089858483,0ecaa5967403d082aa24f35e1b516d23) [PhysX] Initialized MultithreadedTaskDispatcher with 32 workers.
 -> (artifact id: '40e8fb39ac720ae1988b68fe152718f0') in 0.018113 seconds
Number of updated asset objects reloaded before import = 0
Number of asset objects unloaded after import = 1
========================================================================
Received Import Request.
  Time since last request: 0.000031 seconds.
  path: Assets/Oculus/Interaction/Samples/Objects/Props/BigRedButton/Textures/ShadowGradient.png
  artifactKey: Guid(9917c20437da790439ca6429f9081561) Importer(2089858483,0ecaa5967403d082aa24f35e1b516d23)
Start importing Assets/Oculus/Interaction/Samples/Objects/Props/BigRedButton/Textures/ShadowGradient.png using Guid(9917c20437da790439ca6429f9081561) Importer(2089858483,0ecaa5967403d082aa24f35e1b516d23) [PhysX] Initialized MultithreadedTaskDispatcher with 32 workers.
 -> (artifact id: '7b659bdb6ef3353312dc1ca7941e0493') in 0.065894 seconds
Number of updated asset objects reloaded before import = 0
Number of asset objects unloaded after import = 1
========================================================================
Received Import Request.
  Time since last request: 0.000380 seconds.
  path: Assets/Oculus/Voice/Lib/Wit.ai/Lib/Wit/Editor/Meta.WitAI.Lib.Editor.asmdef
  artifactKey: Guid(5c61c7ae4b0c6f94299e51352f802670) Importer(2089858483,0ecaa5967403d082aa24f35e1b516d23)
Start importing Assets/Oculus/Voice/Lib/Wit.ai/Lib/Wit/Editor/Meta.WitAI.Lib.Editor.asmdef using Guid(5c61c7ae4b0c6f94299e51352f802670) Importer(2089858483,0ecaa5967403d082aa24f35e1b516d23) [PhysX] Initialized MultithreadedTaskDispatcher with 32 workers.
 -> (artifact id: 'e4465b7739daff95b72e60302afeb776') in 0.010458 seconds
Number of updated asset objects reloaded before import = 0
Number of asset objects unloaded after import = 1
========================================================================
Received Import Request.
  Time since last request: 0.000016 seconds.
  path: Assets/Oculus/SampleFramework/Usage/SharedAssets/Skyboxes/Sky_02/Skybox02.mat
  artifactKey: Guid(b709a9919bd4047b58bb05887b4faad3) Importer(2089858483,0ecaa5967403d082aa24f35e1b516d23)
Start importing Assets/Oculus/SampleFramework/Usage/SharedAssets/Skyboxes/Sky_02/Skybox02.mat using Guid(b709a9919bd4047b58bb05887b4faad3) Importer(2089858483,0ecaa5967403d082aa24f35e1b516d23) [PhysX] Initialized MultithreadedTaskDispatcher with 32 workers.
 -> (artifact id: '48a8d8dd3c72635f4633b7d665fb4bed') in 0.041861 seconds
Number of updated asset objects reloaded before import = 0
Number of asset objects unloaded after import = 7
========================================================================
Received Import Request.
  Time since last request: 0.000017 seconds.
  path: Assets/Oculus/SampleFramework/Usage/HandsTrainExample/Textures/ControllerBoxTextures/ButtonGlow.jpg
  artifactKey: Guid(2c635ba82479d7a4b975a0a8bdf0a2df) Importer(2089858483,0ecaa5967403d082aa24f35e1b516d23)
Start importing Assets/Oculus/SampleFramework/Usage/HandsTrainExample/Textures/ControllerBoxTextures/ButtonGlow.jpg using Guid(2c635ba82479d7a4b975a0a8bdf0a2df) Importer(2089858483,0ecaa5967403d082aa24f35e1b516d23) [PhysX] Initialized MultithreadedTaskDispatcher with 32 workers.
 -> (artifact id: '6916bb1852d57c6808ac96488f17511f') in 0.023511 seconds
Number of updated asset objects reloaded before import = 0
Number of asset objects unloaded after import = 1
========================================================================
Received Import Request.
  Time since last request: 0.000186 seconds.
  path: Assets/Oculus/Voice/Lib/Wit.ai/Scripts/Runtime/Data/AudioBufferConfiguration.cs
  artifactKey: Guid(5dddc67743ac75b4f83ba080cafe1299) Importer(2089858483,0ecaa5967403d082aa24f35e1b516d23)
Start importing Assets/Oculus/Voice/Lib/Wit.ai/Scripts/Runtime/Data/AudioBufferConfiguration.cs using Guid(5dddc67743ac75b4f83ba080cafe1299) Importer(2089858483,0ecaa5967403d082aa24f35e1b516d23) [PhysX] Initialized MultithreadedTaskDispatcher with 32 workers.
 -> (artifact id: '731687eaa373c08ffb91b7d83aa39ccc') in 0.012825 seconds
Number of updated asset objects reloaded before import = 0
Number of asset objects unloaded after import = 1
========================================================================
Received Import Request.
  Time since last request: 0.000069 seconds.
  path: Assets/Oculus/Voice/Lib/Wit.ai/Scripts/Runtime/Events/EventCategoryAttribute.cs
  artifactKey: Guid(3c098352b8ac4407a48e88eec765e7c5) Importer(2089858483,0ecaa5967403d082aa24f35e1b516d23)
Start importing Assets/Oculus/Voice/Lib/Wit.ai/Scripts/Runtime/Events/EventCategoryAttribute.cs using Guid(3c098352b8ac4407a48e88eec765e7c5) Importer(2089858483,0ecaa5967403d082aa24f35e1b516d23) [PhysX] Initialized MultithreadedTaskDispatcher with 32 workers.
 -> (artifact id: '01b13ea29596811f9815c9893355a971') in 0.019576 seconds
Number of updated asset objects reloaded before import = 0
Number of asset objects unloaded after import = 1
========================================================================
Received Import Request.
  Time since last request: 0.000064 seconds.
  path: Assets/Oculus/Interaction/Samples/Objects/Environment/Screen/Materials/FrameMaterial.mat
  artifactKey: Guid(66ad1818cc27f3840b0350726d52fa3d) Importer(2089858483,0ecaa5967403d082aa24f35e1b516d23)
Start importing Assets/Oculus/Interaction/Samples/Objects/Environment/Screen/Materials/FrameMaterial.mat using Guid(66ad1818cc27f3840b0350726d52fa3d) Importer(2089858483,0ecaa5967403d082aa24f35e1b516d23) [PhysX] Initialized MultithreadedTaskDispatcher with 32 workers.
 -> (artifact id: 'a5a57c72389e7259d25e69557bd25296') in 0.014359 seconds
Number of updated asset objects reloaded before import = 0
Number of asset objects unloaded after import = 2
========================================================================
Received Import Request.
  Time since last request: 0.000027 seconds.
  path: Assets/Oculus/Voice/Lib/Wit.ai/Scripts/Runtime/Interfaces/SpeechEvents.cs
  artifactKey: Guid(faf37c0efeea34c4c88baa4dbef09a2b) Importer(2089858483,0ecaa5967403d082aa24f35e1b516d23)
Start importing Assets/Oculus/Voice/Lib/Wit.ai/Scripts/Runtime/Interfaces/SpeechEvents.cs using Guid(faf37c0efeea34c4c88baa4dbef09a2b) Importer(2089858483,0ecaa5967403d082aa24f35e1b516d23) [PhysX] Initialized MultithreadedTaskDispatcher with 32 workers.
 -> (artifact id: 'b79d8ab1587bb8b9b280fc2df567e5ed') in 0.009828 seconds
Number of updated asset objects reloaded before import = 0
Number of asset objects unloaded after import = 1
========================================================================
Received Import Request.
  Time since last request: 0.000020 seconds.
  path: Assets/Oculus/SampleFramework/Usage/TouchPro/Prefabs/Ui/UiPanelPf (Controls - StylusTip).prefab
  artifactKey: Guid(ba6d5acb8f8b6b54a9255cac79e99ae5) Importer(2089858483,0ecaa5967403d082aa24f35e1b516d23)
Start importing Assets/Oculus/SampleFramework/Usage/TouchPro/Prefabs/Ui/UiPanelPf (Controls - StylusTip).prefab using Guid(ba6d5acb8f8b6b54a9255cac79e99ae5) Importer(2089858483,0ecaa5967403d082aa24f35e1b516d23) [PhysX] Initialized MultithreadedTaskDispatcher with 32 workers.
 -> (artifact id: '7684fb677823239b68f55558f185fcf3') in 0.014129 seconds
Number of updated asset objects reloaded before import = 0
Number of asset objects unloaded after import = 77
========================================================================
Received Import Request.
  Time since last request: 0.000017 seconds.
  path: Assets/Oculus/Interaction/Samples/Scripts/HandGrabUse/Effects/WaterSpray/MeshBlitStamp.shader
  artifactKey: Guid(14c4f10921fa2ed46b4a9be3c07abeee) Importer(2089858483,0ecaa5967403d082aa24f35e1b516d23)
Start importing Assets/Oculus/Interaction/Samples/Scripts/HandGrabUse/Effects/WaterSpray/MeshBlitStamp.shader using Guid(14c4f10921fa2ed46b4a9be3c07abeee) Importer(2089858483,0ecaa5967403d082aa24f35e1b516d23) [PhysX] Initialized MultithreadedTaskDispatcher with 32 workers.
 -> (artifact id: '343835a968fe57ca195247dce31a9534') in 0.016615 seconds
Number of updated asset objects reloaded before import = 0
Number of asset objects unloaded after import = 1
========================================================================
Received Import Request.
  Time since last request: 0.000232 seconds.
  path: Assets/Oculus/Interaction/Samples/Objects/Props/StonePolyhedra/StoneCube.prefab
  artifactKey: Guid(e3b826e8a7103bc49af231259b274c97) Importer(2089858483,0ecaa5967403d082aa24f35e1b516d23)
Start importing Assets/Oculus/Interaction/Samples/Objects/Props/StonePolyhedra/StoneCube.prefab using Guid(e3b826e8a7103bc49af231259b274c97) Importer(2089858483,0ecaa5967403d082aa24f35e1b516d23) [PhysX] Initialized MultithreadedTaskDispatcher with 32 workers.
 -> (artifact id: 'af5f29fa281c493432056a97911d6006') in 0.079057 seconds
Number of updated asset objects reloaded before import = 0
Number of asset objects unloaded after import = 146
========================================================================
Received Import Request.
  Time since last request: 0.000017 seconds.
  path: Assets/Oculus/Voice/Features/Hub/Scripts/Editor/Meta.Voice.Hub.Editor.asmdef
  artifactKey: Guid(a4f6d7d3afe393a4c8034af2ef0f36a8) Importer(2089858483,0ecaa5967403d082aa24f35e1b516d23)
Start importing Assets/Oculus/Voice/Features/Hub/Scripts/Editor/Meta.Voice.Hub.Editor.asmdef using Guid(a4f6d7d3afe393a4c8034af2ef0f36a8) Importer(2089858483,0ecaa5967403d082aa24f35e1b516d23) [PhysX] Initialized MultithreadedTaskDispatcher with 32 workers.
 -> (artifact id: '6b8095353ce06d3301e0e1569f70b32f') in 0.012638 seconds
Number of updated asset objects reloaded before import = 0
Number of asset objects unloaded after import = 1
========================================================================
Received Import Request.
  Time since last request: 0.000043 seconds.
  path: Assets/Oculus/Voice/Features/Dictation/Samples/Dictation/Scripts/VoiceSDK.Dictation.Samples.asmdef
  artifactKey: Guid(33e189c6e0423344cba4faa96a127602) Importer(2089858483,0ecaa5967403d082aa24f35e1b516d23)
Start importing Assets/Oculus/Voice/Features/Dictation/Samples/Dictation/Scripts/VoiceSDK.Dictation.Samples.asmdef using Guid(33e189c6e0423344cba4faa96a127602) Importer(2089858483,0ecaa5967403d082aa24f35e1b516d23) [PhysX] Initialized MultithreadedTaskDispatcher with 32 workers.
 -> (artifact id: 'c0074f4b8989bd319181af6e02416a4f') in 0.010822 seconds
Number of updated asset objects reloaded before import = 0
Number of asset objects unloaded after import = 1
========================================================================
Received Import Request.
  Time since last request: 0.000036 seconds.
  path: Assets/Oculus/Interaction/Runtime/Scripts/Interaction/Models/UseGrab/IFingerUseAPI.cs
  artifactKey: Guid(b1d6aa058bd6f70428edf52ee28c10ed) Importer(2089858483,0ecaa5967403d082aa24f35e1b516d23)
Start importing Assets/Oculus/Interaction/Runtime/Scripts/Interaction/Models/UseGrab/IFingerUseAPI.cs using Guid(b1d6aa058bd6f70428edf52ee28c10ed) Importer(2089858483,0ecaa5967403d082aa24f35e1b516d23) [PhysX] Initialized MultithreadedTaskDispatcher with 32 workers.
 -> (artifact id: '03154451d301b71cd08293edad5059c7') in 0.008203 seconds
Number of updated asset objects reloaded before import = 0
Number of asset objects unloaded after import = 1
========================================================================
Received Import Request.
  Time since last request: 0.000110 seconds.
  path: Assets/Oculus/VR/Editor/BuildingBlocks/BlockData/EyeGaze/Textures/bb_thumb_eyegaze.png
  artifactKey: Guid(9729063c13c90d34a9b829abce2f1d0b) Importer(2089858483,0ecaa5967403d082aa24f35e1b516d23)
Start importing Assets/Oculus/VR/Editor/BuildingBlocks/BlockData/EyeGaze/Textures/bb_thumb_eyegaze.png using Guid(9729063c13c90d34a9b829abce2f1d0b) Importer(2089858483,0ecaa5967403d082aa24f35e1b516d23) [PhysX] Initialized MultithreadedTaskDispatcher with 32 workers.
 -> (artifact id: 'a37488d1516c898ec318a95cad7d8f95') in 0.019379 seconds
Number of updated asset objects reloaded before import = 0
Number of asset objects unloaded after import = 1
========================================================================
Received Import Request.
  Time since last request: 0.000058 seconds.
  path: Assets/Oculus/Interaction/Samples/Objects/Environment/Locomotion/Models/Meta_LocomotionDoors.fbx
  artifactKey: Guid(035c68618a658394b98bd17260fa39f6) Importer(2089858483,0ecaa5967403d082aa24f35e1b516d23)
Start importing Assets/Oculus/Interaction/Samples/Objects/Environment/Locomotion/Models/Meta_LocomotionDoors.fbx using Guid(035c68618a658394b98bd17260fa39f6) Importer(2089858483,0ecaa5967403d082aa24f35e1b516d23) [PhysX] Initialized MultithreadedTaskDispatcher with 32 workers.
 -> (artifact id: 'a1254f40a949924d7830ae563da2dbc4') in 0.028626 seconds
Number of updated asset objects reloaded before import = 0
Number of asset objects unloaded after import = 46
========================================================================
Received Import Request.
  Time since last request: 0.000020 seconds.
  path: Assets/Oculus/Interaction/Samples/Objects/Environment/Locomotion/Textures/LocomotionRoom/MetaLocomotionDoor.png
  artifactKey: Guid(21bc0e925464bd44d9bc520a9b96c50c) Importer(2089858483,0ecaa5967403d082aa24f35e1b516d23)
Start importing Assets/Oculus/Interaction/Samples/Objects/Environment/Locomotion/Textures/LocomotionRoom/MetaLocomotionDoor.png using Guid(21bc0e925464bd44d9bc520a9b96c50c) Importer(2089858483,0ecaa5967403d082aa24f35e1b516d23) [PhysX] Initialized MultithreadedTaskDispatcher with 32 workers.
 -> (artifact id: '894706a8d0cf74a8b5725f6ff3427708') in 0.022229 seconds
Number of updated asset objects reloaded before import = 0
Number of asset objects unloaded after import = 1
========================================================================
Received Import Request.
  Time since last request: 0.000017 seconds.
  path: Assets/Oculus/Interaction/Samples/Scripts/HandGrabUse/Effects/WaterSpray/WaterSpray.cs
  artifactKey: Guid(00b3471f79f999345b21b7979abca356) Importer(2089858483,0ecaa5967403d082aa24f35e1b516d23)
Start importing Assets/Oculus/Interaction/Samples/Scripts/HandGrabUse/Effects/WaterSpray/WaterSpray.cs using Guid(00b3471f79f999345b21b7979abca356) Importer(2089858483,0ecaa5967403d082aa24f35e1b516d23) [PhysX] Initialized MultithreadedTaskDispatcher with 32 workers.
 -> (artifact id: 'b7a147a89d29c921aa09e058435d5b38') in 0.012318 seconds
Number of updated asset objects reloaded before import = 0
Number of asset objects unloaded after import = 1
========================================================================
Received Import Request.
  Time since last request: 0.000090 seconds.
  path: Assets/Oculus/Voice/Lib/PlatformCompatibility/Scripts/Runtime/Android/PlatformLogger/VoiceSDKLoggerBinding.cs
  artifactKey: Guid(02f219e3a02e4055b3df9be4f5786e5a) Importer(2089858483,0ecaa5967403d082aa24f35e1b516d23)
Start importing Assets/Oculus/Voice/Lib/PlatformCompatibility/Scripts/Runtime/Android/PlatformLogger/VoiceSDKLoggerBinding.cs using Guid(02f219e3a02e4055b3df9be4f5786e5a) Importer(2089858483,0ecaa5967403d082aa24f35e1b516d23) [PhysX] Initialized MultithreadedTaskDispatcher with 32 workers.
 -> (artifact id: '194f692d3d1634c524aebad53c5052e5') in 0.010839 seconds
Number of updated asset objects reloaded before import = 0
Number of asset objects unloaded after import = 1
========================================================================
Received Import Request.
  Time since last request: 0.000098 seconds.
  path: Assets/Oculus/Voice/Lib/Wit.ai/Lib/Wit/Runtime/Requests/NLP/NLPAudioRequest.cs
  artifactKey: Guid(5da689fd73fca194faee169ff04c13d9) Importer(2089858483,0ecaa5967403d082aa24f35e1b516d23)
Start importing Assets/Oculus/Voice/Lib/Wit.ai/Lib/Wit/Runtime/Requests/NLP/NLPAudioRequest.cs using Guid(5da689fd73fca194faee169ff04c13d9) Importer(2089858483,0ecaa5967403d082aa24f35e1b516d23) [PhysX] Initialized MultithreadedTaskDispatcher with 32 workers.
 -> (artifact id: 'aa0327e18969393201b34014761dce0c') in 0.012704 seconds
Number of updated asset objects reloaded before import = 0
Number of asset objects unloaded after import = 1
========================================================================
Received Import Request.
  Time since last request: 0.000144 seconds.
  path: Assets/Oculus/Voice/Lib/Wit.ai/Features/TTS/Scripts/Runtime/Utilities/TTSSpeakerAutoLoader.cs
  artifactKey: Guid(25d484b58054b064db727b9fe66aed60) Importer(2089858483,0ecaa5967403d082aa24f35e1b516d23)
Start importing Assets/Oculus/Voice/Lib/Wit.ai/Features/TTS/Scripts/Runtime/Utilities/TTSSpeakerAutoLoader.cs using Guid(25d484b58054b064db727b9fe66aed60) Importer(2089858483,0ecaa5967403d082aa24f35e1b516d23) [PhysX] Initialized MultithreadedTaskDispatcher with 32 workers.
 -> (artifact id: '9fcd28113edda71ce649e717faaf5f6b') in 0.013889 seconds
Number of updated asset objects reloaded before import = 0
Number of asset objects unloaded after import = 1
========================================================================
Received Import Request.
  Time since last request: 0.000090 seconds.
  path: Assets/Oculus/Voice/Lib/Wit.ai/Lib/Wit/Runtime/Requests/IVoiceRequestResults.cs
  artifactKey: Guid(f73228fd5b5153649bb8e6e5f811de41) Importer(2089858483,0ecaa5967403d082aa24f35e1b516d23)
Start importing Assets/Oculus/Voice/Lib/Wit.ai/Lib/Wit/Runtime/Requests/IVoiceRequestResults.cs using Guid(f73228fd5b5153649bb8e6e5f811de41) Importer(2089858483,0ecaa5967403d082aa24f35e1b516d23) [PhysX] Initialized MultithreadedTaskDispatcher with 32 workers.
 -> (artifact id: 'd6896347f4b6f4c9914d07398309540c') in 0.015092 seconds
Number of updated asset objects reloaded before import = 0
Number of asset objects unloaded after import = 1
========================================================================
Received Import Request.
  Time since last request: 0.000067 seconds.
  path: Assets/Oculus/Voice/Lib/Wit.ai/Scripts/Runtime/Lib/Mic/WebGL/Mic.cs
  artifactKey: Guid(529dfed5af9c894458c31fb287ee969f) Importer(2089858483,0ecaa5967403d082aa24f35e1b516d23)
Start importing Assets/Oculus/Voice/Lib/Wit.ai/Scripts/Runtime/Lib/Mic/WebGL/Mic.cs using Guid(529dfed5af9c894458c31fb287ee969f) Importer(2089858483,0ecaa5967403d082aa24f35e1b516d23) [PhysX] Initialized MultithreadedTaskDispatcher with 32 workers.
 -> (artifact id: 'e8866715ee2971514c22d60adace80dd') in 0.013745 seconds
Number of updated asset objects reloaded before import = 0
Number of asset objects unloaded after import = 1
========================================================================
Received Import Request.
  Time since last request: 0.000063 seconds.
  path: Assets/Oculus/Voice/Lib/Wit.ai/Scripts/Editor/Data/Configuration/WitParameterValidator.cs
  artifactKey: Guid(b06aba70db204455b215439ad07b8253) Importer(2089858483,0ecaa5967403d082aa24f35e1b516d23)
Start importing Assets/Oculus/Voice/Lib/Wit.ai/Scripts/Editor/Data/Configuration/WitParameterValidator.cs using Guid(b06aba70db204455b215439ad07b8253) Importer(2089858483,0ecaa5967403d082aa24f35e1b516d23) [PhysX] Initialized MultithreadedTaskDispatcher with 32 workers.
 -> (artifact id: 'e8d9540c36a0bdea0fc0a3614e35b8e4') in 0.014301 seconds
Number of updated asset objects reloaded before import = 0
Number of asset objects unloaded after import = 1
========================================================================
Received Import Request.
  Time since last request: 0.000065 seconds.
  path: Assets/Oculus/Voice/Lib/Wit.ai/Features/TTS/Scripts/Runtime/Events/TTSDownloadEvents.cs
  artifactKey: Guid(a8c6f2c6a5fdba344b75e8f613c5dc09) Importer(2089858483,0ecaa5967403d082aa24f35e1b516d23)
Start importing Assets/Oculus/Voice/Lib/Wit.ai/Features/TTS/Scripts/Runtime/Events/TTSDownloadEvents.cs using Guid(a8c6f2c6a5fdba344b75e8f613c5dc09) Importer(2089858483,0ecaa5967403d082aa24f35e1b516d23) [PhysX] Initialized MultithreadedTaskDispatcher with 32 workers.
 -> (artifact id: 'e757342c32c4b9c00e58166d0a131c5b') in 0.015682 seconds
Number of updated asset objects reloaded before import = 0
Number of asset objects unloaded after import = 1
========================================================================
Received Import Request.
  Time since last request: 0.000064 seconds.
  path: Assets/Oculus/Voice/Features/Dictation/Scripts/Runtime/API/Service/AppDictationExperience.cs
  artifactKey: Guid(f6da0ed72f4541d7b52607891bafa6f3) Importer(2089858483,0ecaa5967403d082aa24f35e1b516d23)
Start importing Assets/Oculus/Voice/Features/Dictation/Scripts/Runtime/API/Service/AppDictationExperience.cs using Guid(f6da0ed72f4541d7b52607891bafa6f3) Importer(2089858483,0ecaa5967403d082aa24f35e1b516d23) [PhysX] Initialized MultithreadedTaskDispatcher with 32 workers.
 -> (artifact id: '8995a4e14f4f55339d286f957c667d84') in 0.013119 seconds
Number of updated asset objects reloaded before import = 0
Number of asset objects unloaded after import = 1
========================================================================
Received Import Request.
  Time since last request: 0.000081 seconds.
  path: Assets/Oculus/Voice/Lib/Wit.ai/Features/Dictation/Scripts/Runtime/Dictation/Data/DictationSession.cs
  artifactKey: Guid(9809a25e34ab45d6a522b8f43e4c3703) Importer(2089858483,0ecaa5967403d082aa24f35e1b516d23)
Start importing Assets/Oculus/Voice/Lib/Wit.ai/Features/Dictation/Scripts/Runtime/Dictation/Data/DictationSession.cs using Guid(9809a25e34ab45d6a522b8f43e4c3703) Importer(2089858483,0ecaa5967403d082aa24f35e1b516d23) [PhysX] Initialized MultithreadedTaskDispatcher with 32 workers.
 -> (artifact id: '4eebecad9421c45a316b3ed2163afe3c') in 0.012841 seconds
Number of updated asset objects reloaded before import = 0
Number of asset objects unloaded after import = 1
========================================================================
Received Import Request.
  Time since last request: 0.000214 seconds.
  path: Assets/Oculus/Voice/Lib/Wit.ai/Scripts/Runtime/Lib/Mic/Common/IAudioInputSource.cs
  artifactKey: Guid(7d7d89428d6d7b7439734f529f2dd606) Importer(2089858483,0ecaa5967403d082aa24f35e1b516d23)
Start importing Assets/Oculus/Voice/Lib/Wit.ai/Scripts/Runtime/Lib/Mic/Common/IAudioInputSource.cs using Guid(7d7d89428d6d7b7439734f529f2dd606) Importer(2089858483,0ecaa5967403d082aa24f35e1b516d23) [PhysX] Initialized MultithreadedTaskDispatcher with 32 workers.
 -> (artifact id: 'c5b51c1e0666276bd0c8ccb1f6df6d14') in 0.015182 seconds
Number of updated asset objects reloaded before import = 0
Number of asset objects unloaded after import = 1
========================================================================
Received Import Request.
  Time since last request: 0.000016 seconds.
  path: Assets/Oculus/Voice/Features/Dictation/Scripts/Runtime/Bindings/Android/IServiceEvents.cs
  artifactKey: Guid(d37d74b88e6244ad83c9242662e8dd7c) Importer(2089858483,0ecaa5967403d082aa24f35e1b516d23)
Start importing Assets/Oculus/Voice/Features/Dictation/Scripts/Runtime/Bindings/Android/IServiceEvents.cs using Guid(d37d74b88e6244ad83c9242662e8dd7c) Importer(2089858483,0ecaa5967403d082aa24f35e1b516d23) [PhysX] Initialized MultithreadedTaskDispatcher with 32 workers.
 -> (artifact id: '01c23f62c1e72c747bfa1de33f6140c2') in 0.013336 seconds
Number of updated asset objects reloaded before import = 0
Number of asset objects unloaded after import = 1
========================================================================
Received Import Request.
  Time since last request: 0.000070 seconds.
  path: Assets/Oculus/Voice/Lib/Wit.ai/Lib/Wit/Runtime/Requests/Transcription/ITranscriptionRequestEvents.cs
  artifactKey: Guid(92ef02da129d5254790b96422ef4f48f) Importer(2089858483,0ecaa5967403d082aa24f35e1b516d23)
Start importing Assets/Oculus/Voice/Lib/Wit.ai/Lib/Wit/Runtime/Requests/Transcription/ITranscriptionRequestEvents.cs using Guid(92ef02da129d5254790b96422ef4f48f) Importer(2089858483,0ecaa5967403d082aa24f35e1b516d23) [PhysX] Initialized MultithreadedTaskDispatcher with 32 workers.
 -> (artifact id: '4e4d64006adbad7b65feb4dba3c7104e') in 0.017000 seconds
Number of updated asset objects reloaded before import = 0
Number of asset objects unloaded after import = 1
========================================================================
Received Import Request.
  Time since last request: 0.000173 seconds.
  path: Assets/Oculus/Voice/Lib/Wit.ai/Lib/Wit/Runtime/Requests/Transcription/ITranscriptionRequestResults.cs
  artifactKey: Guid(9db3dbfb9ad6370498fb9e599f9592b8) Importer(2089858483,0ecaa5967403d082aa24f35e1b516d23)
Start importing Assets/Oculus/Voice/Lib/Wit.ai/Lib/Wit/Runtime/Requests/Transcription/ITranscriptionRequestResults.cs using Guid(9db3dbfb9ad6370498fb9e599f9592b8) Importer(2089858483,0ecaa5967403d082aa24f35e1b516d23) [PhysX] Initialized MultithreadedTaskDispatcher with 32 workers.
 -> (artifact id: '54e3259547a6f16e32944c6db99b68e1') in 0.014986 seconds
Number of updated asset objects reloaded before import = 0
Number of asset objects unloaded after import = 1
========================================================================
Received Import Request.
  Time since last request: 0.000099 seconds.
  path: Assets/Oculus/Voice/Lib/Wit.ai/Features/TTS/Scripts/Editor/TTSEditorUtilities.cs
  artifactKey: Guid(c590c0f8426e4194db6efc14c68db75c) Importer(2089858483,0ecaa5967403d082aa24f35e1b516d23)
Start importing Assets/Oculus/Voice/Lib/Wit.ai/Features/TTS/Scripts/Editor/TTSEditorUtilities.cs using Guid(c590c0f8426e4194db6efc14c68db75c) Importer(2089858483,0ecaa5967403d082aa24f35e1b516d23) [PhysX] Initialized MultithreadedTaskDispatcher with 32 workers.
 -> (artifact id: 'da6c73f9d7c01a4fc0c73806b2fe1486') in 0.008700 seconds
Number of updated asset objects reloaded before import = 0
Number of asset objects unloaded after import = 1
========================================================================
Received Import Request.
  Time since last request: 0.000085 seconds.
  path: Assets/Oculus/Interaction/Samples/Objects/Environment/Tooltips/NearSwipe/SwipeInstructions.mp4
  artifactKey: Guid(54f346f33d8ec11468b75cd1b827ab51) Importer(2089858483,0ecaa5967403d082aa24f35e1b516d23)
Start importing Assets/Oculus/Interaction/Samples/Objects/Environment/Tooltips/NearSwipe/SwipeInstructions.mp4 using Guid(54f346f33d8ec11468b75cd1b827ab51) Importer(2089858483,0ecaa5967403d082aa24f35e1b516d23) [PhysX] Initialized MultithreadedTaskDispatcher with 32 workers.
 -> (artifact id: 'ade1ce724daceaf31b5dacffc22af45b') in 0.011634 seconds
Number of updated asset objects reloaded before import = 0
Number of asset objects unloaded after import = 1
========================================================================
Received Import Request.
  Time since last request: 0.000018 seconds.
  path: Assets/Oculus/Voice/Features/Dictation/Scripts/Runtime/Bindings/Android/DictationConfigurationBinding.cs
  artifactKey: Guid(c72e9e84ab9e87741986d6efe576e0d9) Importer(2089858483,0ecaa5967403d082aa24f35e1b516d23)
Start importing Assets/Oculus/Voice/Features/Dictation/Scripts/Runtime/Bindings/Android/DictationConfigurationBinding.cs using Guid(c72e9e84ab9e87741986d6efe576e0d9) Importer(2089858483,0ecaa5967403d082aa24f35e1b516d23) [PhysX] Initialized MultithreadedTaskDispatcher with 32 workers.
 -> (artifact id: '1308db856b732b6278bb95590e77a41d') in 0.010843 seconds
Number of updated asset objects reloaded before import = 0
Number of asset objects unloaded after import = 1
========================================================================
Received Import Request.
  Time since last request: 0.000111 seconds.
  path: Assets/Oculus/Voice/Lib/Wit.ai/Scripts/Runtime/Events/AudioBufferEvents.cs
  artifactKey: Guid(bd7c64da99e7e054c83dea7647d723b2) Importer(2089858483,0ecaa5967403d082aa24f35e1b516d23)
Start importing Assets/Oculus/Voice/Lib/Wit.ai/Scripts/Runtime/Events/AudioBufferEvents.cs using Guid(bd7c64da99e7e054c83dea7647d723b2) Importer(2089858483,0ecaa5967403d082aa24f35e1b516d23) [PhysX] Initialized MultithreadedTaskDispatcher with 32 workers.
 -> (artifact id: '3838384ba485262e58679ce479f87795') in 0.010360 seconds
Number of updated asset objects reloaded before import = 0
Number of asset objects unloaded after import = 1
========================================================================
Received Import Request.
  Time since last request: 0.000062 seconds.
  path: Assets/Oculus/Voice/Lib/Wit.ai/Lib/Wit/Runtime/Audio/IAudioClipProvider.cs
  artifactKey: Guid(7904678381f7a6c45bcfd85ad410951e) Importer(2089858483,0ecaa5967403d082aa24f35e1b516d23)
Start importing Assets/Oculus/Voice/Lib/Wit.ai/Lib/Wit/Runtime/Audio/IAudioClipProvider.cs using Guid(7904678381f7a6c45bcfd85ad410951e) Importer(2089858483,0ecaa5967403d082aa24f35e1b516d23) [PhysX] Initialized MultithreadedTaskDispatcher with 32 workers.
 -> (artifact id: '1ec4279619905b0750d0685871c4e249') in 0.008214 seconds
Number of updated asset objects reloaded before import = 0
Number of asset objects unloaded after import = 1
========================================================================
Received Import Request.
  Time since last request: 0.000115 seconds.
  path: Assets/Oculus/Voice/Scripts/Runtime/Bindings/Android/VoiceSDKBinding.cs
  artifactKey: Guid(0d8c1d6d5b8545cfb741ca067158491a) Importer(2089858483,0ecaa5967403d082aa24f35e1b516d23)
Start importing Assets/Oculus/Voice/Scripts/Runtime/Bindings/Android/VoiceSDKBinding.cs using Guid(0d8c1d6d5b8545cfb741ca067158491a) Importer(2089858483,0ecaa5967403d082aa24f35e1b516d23) [PhysX] Initialized MultithreadedTaskDispatcher with 32 workers.
 -> (artifact id: '17e136380ceb1ce899c0652b9c1fc51a') in 0.010321 seconds
Number of updated asset objects reloaded before import = 0
Number of asset objects unloaded after import = 1
========================================================================
Received Import Request.
  Time since last request: 0.000204 seconds.
  path: Assets/Oculus/Voice/Lib/Wit.ai/Scripts/Runtime/Data/Intents/WitIntentData.cs
  artifactKey: Guid(fa212f2366174f8a900d2f10b9402ac9) Importer(2089858483,0ecaa5967403d082aa24f35e1b516d23)
Start importing Assets/Oculus/Voice/Lib/Wit.ai/Scripts/Runtime/Data/Intents/WitIntentData.cs using Guid(fa212f2366174f8a900d2f10b9402ac9) Importer(2089858483,0ecaa5967403d082aa24f35e1b516d23) [PhysX] Initialized MultithreadedTaskDispatcher with 32 workers.
 -> (artifact id: 'bdb4ff5fe94daf10b2d34522e40676c4') in 0.010231 seconds
Number of updated asset objects reloaded before import = 0
Number of asset objects unloaded after import = 1
========================================================================
Received Import Request.
  Time since last request: 0.000033 seconds.
  path: Assets/Oculus/Voice/Lib/Wit.ai/Lib/Wit/Runtime/Attributes/HideWhenSetAttribute.cs
  artifactKey: Guid(8bc7f1d8905db524f9f200ba8b4a0238) Importer(2089858483,0ecaa5967403d082aa24f35e1b516d23)
Start importing Assets/Oculus/Voice/Lib/Wit.ai/Lib/Wit/Runtime/Attributes/HideWhenSetAttribute.cs using Guid(8bc7f1d8905db524f9f200ba8b4a0238) Importer(2089858483,0ecaa5967403d082aa24f35e1b516d23) [PhysX] Initialized MultithreadedTaskDispatcher with 32 workers.
 -> (artifact id: '2f4f8b0a92659d814abf439227f11523') in 0.013670 seconds
Number of updated asset objects reloaded before import = 0
Number of asset objects unloaded after import = 1
========================================================================
Received Import Request.
  Time since last request: 0.000151 seconds.
  path: Assets/Oculus/Interaction/Samples/Objects/Props/Materials/CubeMaterialGreen.mat
  artifactKey: Guid(2cc7f2461925b5c45a164db3cf15d942) Importer(2089858483,0ecaa5967403d082aa24f35e1b516d23)
Start importing Assets/Oculus/Interaction/Samples/Objects/Props/Materials/CubeMaterialGreen.mat using Guid(2cc7f2461925b5c45a164db3cf15d942) Importer(2089858483,0ecaa5967403d082aa24f35e1b516d23) [PhysX] Initialized MultithreadedTaskDispatcher with 32 workers.
 -> (artifact id: 'af61326d37f8ca715531cbb918fd9b1c') in 0.010150 seconds
Number of updated asset objects reloaded before import = 0
Number of asset objects unloaded after import = 2
========================================================================
Received Import Request.
  Time since last request: 0.000017 seconds.
  path: Assets/Oculus/Interaction/Runtime/Scripts/Interaction/Models/Poke/Visuals/HandPokeLimiterVisual.cs
  artifactKey: Guid(cb028ce99f9700e4197a49bfdcd525dd) Importer(2089858483,0ecaa5967403d082aa24f35e1b516d23)
Start importing Assets/Oculus/Interaction/Runtime/Scripts/Interaction/Models/Poke/Visuals/HandPokeLimiterVisual.cs using Guid(cb028ce99f9700e4197a49bfdcd525dd) Importer(2089858483,0ecaa5967403d082aa24f35e1b516d23) [PhysX] Initialized MultithreadedTaskDispatcher with 32 workers.
 -> (artifact id: '62379dc55ab678336e3f7c637bb2418b') in 0.009732 seconds
Number of updated asset objects reloaded before import = 0
Number of asset objects unloaded after import = 1
========================================================================
Received Import Request.
  Time since last request: 0.000098 seconds.
  path: Assets/Oculus/Interaction/Samples/Objects/Environment/Locomotion/Textures/LocomotionRoom/MetaLocomotionDoorLight.png
  artifactKey: Guid(82cd8a4c5433c9642b2d3e30538ae18f) Importer(2089858483,0ecaa5967403d082aa24f35e1b516d23)
Start importing Assets/Oculus/Interaction/Samples/Objects/Environment/Locomotion/Textures/LocomotionRoom/MetaLocomotionDoorLight.png using Guid(82cd8a4c5433c9642b2d3e30538ae18f) Importer(2089858483,0ecaa5967403d082aa24f35e1b516d23) [PhysX] Initialized MultithreadedTaskDispatcher with 32 workers.
 -> (artifact id: '8058bafa7b079c6e0c45986f9f576c44') in 0.019901 seconds
Number of updated asset objects reloaded before import = 0
Number of asset objects unloaded after import = 1
========================================================================
Received Import Request.
  Time since last request: 0.000081 seconds.
  path: Assets/Oculus/Interaction/Runtime/Scripts/Interaction/Models/Ray/Visuals/RayInteractorCursorVisual.cs
  artifactKey: Guid(8c187a71eebf18441816c16087a51cb6) Importer(2089858483,0ecaa5967403d082aa24f35e1b516d23)
Start importing Assets/Oculus/Interaction/Runtime/Scripts/Interaction/Models/Ray/Visuals/RayInteractorCursorVisual.cs using Guid(8c187a71eebf18441816c16087a51cb6) Importer(2089858483,0ecaa5967403d082aa24f35e1b516d23) [PhysX] Initialized MultithreadedTaskDispatcher with 32 workers.
 -> (artifact id: '872f81c45e30fe3a513294f7cbe15069') in 0.012688 seconds
Number of updated asset objects reloaded before import = 0
Number of asset objects unloaded after import = 1
========================================================================
Received Import Request.
  Time since last request: 0.000038 seconds.
  path: Assets/Oculus/Interaction/Samples/Objects/Props/ToyBox/ToyBoxes.fbx
  artifactKey: Guid(d8142cf98aa0bf44c9b088fd9081a761) Importer(2089858483,0ecaa5967403d082aa24f35e1b516d23)
Start importing Assets/Oculus/Interaction/Samples/Objects/Props/ToyBox/ToyBoxes.fbx using Guid(d8142cf98aa0bf44c9b088fd9081a761) Importer(2089858483,0ecaa5967403d082aa24f35e1b516d23) [PhysX] Initialized MultithreadedTaskDispatcher with 32 workers.
 -> (artifact id: 'e069cc40462def3eb610d9b714963248') in 0.023518 seconds
Number of updated asset objects reloaded before import = 0
Number of asset objects unloaded after import = 25
========================================================================
Received Import Request.
  Time since last request: 0.000017 seconds.
  path: Assets/Oculus/VR/Editor/OVRProjectSetup/Tasks/Implementations/OVRProjectSetupRenderingTasks.cs
  artifactKey: Guid(93a7b0b65ecd19943b6eaef8cf457167) Importer(2089858483,0ecaa5967403d082aa24f35e1b516d23)
Start importing Assets/Oculus/VR/Editor/OVRProjectSetup/Tasks/Implementations/OVRProjectSetupRenderingTasks.cs using Guid(93a7b0b65ecd19943b6eaef8cf457167) Importer(2089858483,0ecaa5967403d082aa24f35e1b516d23) [PhysX] Initialized MultithreadedTaskDispatcher with 32 workers.
 -> (artifact id: 'bd2915f13a0a5374d2b89037b481fcf7') in 0.013877 seconds
Number of updated asset objects reloaded before import = 0
Number of asset objects unloaded after import = 1
========================================================================
Received Import Request.
  Time since last request: 0.000093 seconds.
  path: Assets/Oculus/Voice/Lib/Wit.ai/Features/TTS/Scripts/Runtime/Interfaces/ITTSDiskCacheHandler.cs
  artifactKey: Guid(4a1c9ff5df097b741b2059f3e92081c2) Importer(2089858483,0ecaa5967403d082aa24f35e1b516d23)
Start importing Assets/Oculus/Voice/Lib/Wit.ai/Features/TTS/Scripts/Runtime/Interfaces/ITTSDiskCacheHandler.cs using Guid(4a1c9ff5df097b741b2059f3e92081c2) Importer(2089858483,0ecaa5967403d082aa24f35e1b516d23) [PhysX] Initialized MultithreadedTaskDispatcher with 32 workers.
 -> (artifact id: '2eb254bc686498b993a27c71ac19cf58') in 0.011240 seconds
Number of updated asset objects reloaded before import = 0
Number of asset objects unloaded after import = 1
========================================================================
Received Import Request.
  Time since last request: 0.000206 seconds.
  path: Assets/Oculus/SampleFramework/Usage/SceneManager/Scripts/CustomSceneManager/SnapshotSceneManager.cs
  artifactKey: Guid(b12c97ae506923d4db53d6211b74bb7e) Importer(2089858483,0ecaa5967403d082aa24f35e1b516d23)
Start importing Assets/Oculus/SampleFramework/Usage/SceneManager/Scripts/CustomSceneManager/SnapshotSceneManager.cs using Guid(b12c97ae506923d4db53d6211b74bb7e) Importer(2089858483,0ecaa5967403d082aa24f35e1b516d23) [PhysX] Initialized MultithreadedTaskDispatcher with 32 workers.
 -> (artifact id: '456d9bb2e09a958052d308e6853838f4') in 0.015498 seconds
Number of updated asset objects reloaded before import = 0
Number of asset objects unloaded after import = 1
========================================================================
Received Import Request.
  Time since last request: 0.000034 seconds.
  path: Assets/Oculus/Interaction/Samples/Objects/Props/WaterParticles/Materials/ParticleStreamMat.mat
  artifactKey: Guid(70b1ef2f08272984eb0d645c1a858744) Importer(2089858483,0ecaa5967403d082aa24f35e1b516d23)
Start importing Assets/Oculus/Interaction/Samples/Objects/Props/WaterParticles/Materials/ParticleStreamMat.mat using Guid(70b1ef2f08272984eb0d645c1a858744) Importer(2089858483,0ecaa5967403d082aa24f35e1b516d23) [PhysX] Initialized MultithreadedTaskDispatcher with 32 workers.
 -> (artifact id: '08ee9306ab9cb37ef7057241d46d7543') in 0.014553 seconds
Number of updated asset objects reloaded before import = 0
Number of asset objects unloaded after import = 2
========================================================================
Received Import Request.
  Time since last request: 0.000017 seconds.
  path: Assets/Oculus/Voice/Lib/Wit.ai/Scripts/Editor/Windows/PropertyDrawers/WitIntentPropertyDrawer.cs
  artifactKey: Guid(6e059ab3b14996e4db36ec3fd7155e12) Importer(2089858483,0ecaa5967403d082aa24f35e1b516d23)
Start importing Assets/Oculus/Voice/Lib/Wit.ai/Scripts/Editor/Windows/PropertyDrawers/WitIntentPropertyDrawer.cs using Guid(6e059ab3b14996e4db36ec3fd7155e12) Importer(2089858483,0ecaa5967403d082aa24f35e1b516d23) [PhysX] Initialized MultithreadedTaskDispatcher with 32 workers.
 -> (artifact id: 'b147bfc0e16724ded4694b5d492460c6') in 0.011401 seconds
Number of updated asset objects reloaded before import = 0
Number of asset objects unloaded after import = 1
========================================================================
Received Import Request.
  Time since last request: 0.000056 seconds.
  path: Assets/Oculus/Voice/Lib/Wit.ai/Lib/Wit/Runtime/Json/JsonConverter.cs
  artifactKey: Guid(f77db2f9e72ddf74a9c582c4e997992f) Importer(2089858483,0ecaa5967403d082aa24f35e1b516d23)
Start importing Assets/Oculus/Voice/Lib/Wit.ai/Lib/Wit/Runtime/Json/JsonConverter.cs using Guid(f77db2f9e72ddf74a9c582c4e997992f) Importer(2089858483,0ecaa5967403d082aa24f35e1b516d23) [PhysX] Initialized MultithreadedTaskDispatcher with 32 workers.
 -> (artifact id: '500ae4ab9e5d13991a8f37129a681d6f') in 0.013223 seconds
Number of updated asset objects reloaded before import = 0
Number of asset objects unloaded after import = 1
========================================================================
Received Import Request.
  Time since last request: 0.000162 seconds.
  path: Assets/Oculus/Interaction/Runtime/Scripts/Interaction/Models/Locomotion/ILocomotionEventBroadcaster.cs
  artifactKey: Guid(330cb0f2623268a4cb3a6855b2c7606a) Importer(2089858483,0ecaa5967403d082aa24f35e1b516d23)
Start importing Assets/Oculus/Interaction/Runtime/Scripts/Interaction/Models/Locomotion/ILocomotionEventBroadcaster.cs using Guid(330cb0f2623268a4cb3a6855b2c7606a) Importer(2089858483,0ecaa5967403d082aa24f35e1b516d23) [PhysX] Initialized MultithreadedTaskDispatcher with 32 workers.
 -> (artifact id: '5115f1f7bbfd33d59db0717fe8064c87') in 0.017088 seconds
Number of updated asset objects reloaded before import = 0
Number of asset objects unloaded after import = 1
========================================================================
Received Import Request.
  Time since last request: 0.000127 seconds.
  path: Assets/Oculus/Voice/Lib/Wit.ai/Features/Dictation/Scripts/Runtime/Dictation/WitDictation.cs
  artifactKey: Guid(4398589986ec92e46a7e1585e63ff2a5) Importer(2089858483,0ecaa5967403d082aa24f35e1b516d23)
Start importing Assets/Oculus/Voice/Lib/Wit.ai/Features/Dictation/Scripts/Runtime/Dictation/WitDictation.cs using Guid(4398589986ec92e46a7e1585e63ff2a5) Importer(2089858483,0ecaa5967403d082aa24f35e1b516d23) [PhysX] Initialized MultithreadedTaskDispatcher with 32 workers.
 -> (artifact id: '20aea0671139f4a6a2aba7f097701540') in 0.016594 seconds
Number of updated asset objects reloaded before import = 0
Number of asset objects unloaded after import = 1
========================================================================
Received Import Request.
  Time since last request: 0.000060 seconds.
  path: Assets/Oculus/Voice/Features/Dictation/Scripts/Runtime/Data/WitDictationRuntimeConfiguration.cs
  artifactKey: Guid(eb3fd791afefd4a92a13c4a6149df2c0) Importer(2089858483,0ecaa5967403d082aa24f35e1b516d23)
Start importing Assets/Oculus/Voice/Features/Dictation/Scripts/Runtime/Data/WitDictationRuntimeConfiguration.cs using Guid(eb3fd791afefd4a92a13c4a6149df2c0) Importer(2089858483,0ecaa5967403d082aa24f35e1b516d23) [PhysX] Initialized MultithreadedTaskDispatcher with 32 workers.
 -> (artifact id: '491250d4d9108dbb26ad2e0e9248547f') in 0.023045 seconds
Number of updated asset objects reloaded before import = 0
Number of asset objects unloaded after import = 1
========================================================================
Received Import Request.
  Time since last request: 0.000077 seconds.
  path: Assets/Oculus/Voice/Lib/Wit.ai/Scripts/Runtime/Data/RingBuffer.cs
  artifactKey: Guid(e01ee0aa0d794f7abb30675495fd7ca9) Importer(2089858483,0ecaa5967403d082aa24f35e1b516d23)
Start importing Assets/Oculus/Voice/Lib/Wit.ai/Scripts/Runtime/Data/RingBuffer.cs using Guid(e01ee0aa0d794f7abb30675495fd7ca9) Importer(2089858483,0ecaa5967403d082aa24f35e1b516d23) [PhysX] Initialized MultithreadedTaskDispatcher with 32 workers.
 -> (artifact id: 'e022089e34e4498e6a12d8214b388235') in 0.010870 seconds
Number of updated asset objects reloaded before import = 0
Number of asset objects unloaded after import = 1
========================================================================
Received Import Request.
  Time since last request: 0.000089 seconds.
  path: Assets/Oculus/Voice/Lib/Wit.ai/Scripts/Runtime/Data/Entities/EntityRegistryComponents/DynamicEntityKeywordRegistry.cs
  artifactKey: Guid(7faff460c1b46b34481ecb99327be2b0) Importer(2089858483,0ecaa5967403d082aa24f35e1b516d23)
Start importing Assets/Oculus/Voice/Lib/Wit.ai/Scripts/Runtime/Data/Entities/EntityRegistryComponents/DynamicEntityKeywordRegistry.cs using Guid(7faff460c1b46b34481ecb99327be2b0) Importer(2089858483,0ecaa5967403d082aa24f35e1b516d23) [PhysX] Initialized MultithreadedTaskDispatcher with 32 workers.
 -> (artifact id: '6bf4bc9e9e9929e0cef991a6d822c318') in 0.011292 seconds
Number of updated asset objects reloaded before import = 0
Number of asset objects unloaded after import = 1
========================================================================
Received Import Request.
  Time since last request: 0.000138 seconds.
  path: Assets/Oculus/Voice/Lib/Wit.ai/Lib/Wit/Runtime/Requests/Transcription/ITranscriptionRequest.cs
  artifactKey: Guid(ab42c71fd4bfb6942b3e4c729b61ad76) Importer(2089858483,0ecaa5967403d082aa24f35e1b516d23)
Start importing Assets/Oculus/Voice/Lib/Wit.ai/Lib/Wit/Runtime/Requests/Transcription/ITranscriptionRequest.cs using Guid(ab42c71fd4bfb6942b3e4c729b61ad76) Importer(2089858483,0ecaa5967403d082aa24f35e1b516d23) [PhysX] Initialized MultithreadedTaskDispatcher with 32 workers.
 -> (artifact id: '03f3965ba91d7093896e2990deb770ef') in 0.010651 seconds
Number of updated asset objects reloaded before import = 0
Number of asset objects unloaded after import = 1
========================================================================
Received Import Request.
  Time since last request: 0.000142 seconds.
  path: Assets/Oculus/Voice/Lib/Wit.ai/Lib/Wit/Editor/ExportParser.cs
  artifactKey: Guid(e6f7ff42966cc5a4cb99e909def1d0be) Importer(2089858483,0ecaa5967403d082aa24f35e1b516d23)
Start importing Assets/Oculus/Voice/Lib/Wit.ai/Lib/Wit/Editor/ExportParser.cs using Guid(e6f7ff42966cc5a4cb99e909def1d0be) Importer(2089858483,0ecaa5967403d082aa24f35e1b516d23) [PhysX] Initialized MultithreadedTaskDispatcher with 32 workers.
 -> (artifact id: 'cc70cd673a2e4244a2319156032cb43e') in 0.011193 seconds
Number of updated asset objects reloaded before import = 0
Number of asset objects unloaded after import = 1
========================================================================
Received Import Request.
  Time since last request: 0.000093 seconds.
  path: Assets/Oculus/Voice/Lib/Wit.ai/Lib/Wit/Editor/WitAppInfoUtility.cs
  artifactKey: Guid(31b589f2a7416964181f2bcd25162a9d) Importer(2089858483,0ecaa5967403d082aa24f35e1b516d23)
Start importing Assets/Oculus/Voice/Lib/Wit.ai/Lib/Wit/Editor/WitAppInfoUtility.cs using Guid(31b589f2a7416964181f2bcd25162a9d) Importer(2089858483,0ecaa5967403d082aa24f35e1b516d23) [PhysX] Initialized MultithreadedTaskDispatcher with 32 workers.
 -> (artifact id: '11749374204f06e546152e2b3f3ab702') in 0.014483 seconds
Number of updated asset objects reloaded before import = 0
Number of asset objects unloaded after import = 1
========================================================================
Received Import Request.
  Time since last request: 0.000152 seconds.
  path: Assets/Oculus/Interaction/Samples/Objects/Props/Box/Textures/Box_AlbedoRoughness.png
  artifactKey: Guid(df03d2cdd7c41534fa95797c3b186ca8) Importer(2089858483,0ecaa5967403d082aa24f35e1b516d23)
Start importing Assets/Oculus/Interaction/Samples/Objects/Props/Box/Textures/Box_AlbedoRoughness.png using Guid(df03d2cdd7c41534fa95797c3b186ca8) Importer(2089858483,0ecaa5967403d082aa24f35e1b516d23) [PhysX] Initialized MultithreadedTaskDispatcher with 32 workers.
 -> (artifact id: 'b318f05e006791d593ffeff835d97e29') in 0.023865 seconds
Number of updated asset objects reloaded before import = 0
Number of asset objects unloaded after import = 1
========================================================================
Received Import Request.
  Time since last request: 0.000073 seconds.
  path: Assets/Oculus/Interaction/Samples/Objects/Props/Locomotion/Materials/MetaLocoTutorialUIMat.mat
  artifactKey: Guid(b458680bd9803bc44b42ff539bff31a9) Importer(2089858483,0ecaa5967403d082aa24f35e1b516d23)
Start importing Assets/Oculus/Interaction/Samples/Objects/Props/Locomotion/Materials/MetaLocoTutorialUIMat.mat using Guid(b458680bd9803bc44b42ff539bff31a9) Importer(2089858483,0ecaa5967403d082aa24f35e1b516d23) [PhysX] Initialized MultithreadedTaskDispatcher with 32 workers.
 -> (artifact id: '05a047e72516934f218180466e5ca6ab') in 0.011721 seconds
Number of updated asset objects reloaded before import = 0
Number of asset objects unloaded after import = 1
========================================================================
Received Import Request.
  Time since last request: 0.000085 seconds.
  path: Assets/Oculus/Voice/Lib/Wit.ai/Scripts/Runtime/Utilities/DictionaryList.cs
  artifactKey: Guid(bdab2e04b3d44a0c8abfa43a51c2dba6) Importer(2089858483,0ecaa5967403d082aa24f35e1b516d23)
Start importing Assets/Oculus/Voice/Lib/Wit.ai/Scripts/Runtime/Utilities/DictionaryList.cs using Guid(bdab2e04b3d44a0c8abfa43a51c2dba6) Importer(2089858483,0ecaa5967403d082aa24f35e1b516d23) [PhysX] Initialized MultithreadedTaskDispatcher with 32 workers.
 -> (artifact id: '10861dab7276f43195f160f52ce8f783') in 0.010200 seconds
Number of updated asset objects reloaded before import = 0
Number of asset objects unloaded after import = 1
========================================================================
Received Import Request.
  Time since last request: 0.000033 seconds.
  path: Assets/Oculus/SampleFramework/Core/Video/Plugins/Android/Audio360/audio360-exo218.aar
  artifactKey: Guid(6f1932f9a85d347a685f96d6643ac091) Importer(2089858483,0ecaa5967403d082aa24f35e1b516d23)
Start importing Assets/Oculus/SampleFramework/Core/Video/Plugins/Android/Audio360/audio360-exo218.aar using Guid(6f1932f9a85d347a685f96d6643ac091) Importer(2089858483,0ecaa5967403d082aa24f35e1b516d23) [PhysX] Initialized MultithreadedTaskDispatcher with 32 workers.
 -> (artifact id: '73d0029acd86b002702c72015050d307') in 0.017005 seconds
Number of updated asset objects reloaded before import = 0
Number of asset objects unloaded after import = 1
========================================================================
Received Import Request.
  Time since last request: 0.000079 seconds.
  path: Assets/Oculus/Interaction/Runtime/Scripts/Interaction/Models/HandGrab/HandGrabInteractableDataCollection.cs
  artifactKey: Guid(2c252863d3264814b8c34a1c4a2e762d) Importer(2089858483,0ecaa5967403d082aa24f35e1b516d23)
Start importing Assets/Oculus/Interaction/Runtime/Scripts/Interaction/Models/HandGrab/HandGrabInteractableDataCollection.cs using Guid(2c252863d3264814b8c34a1c4a2e762d) Importer(2089858483,0ecaa5967403d082aa24f35e1b516d23) [PhysX] Initialized MultithreadedTaskDispatcher with 32 workers.
 -> (artifact id: 'ad674c2ef3bb8fac5074fedc144ecf71') in 0.024199 seconds
Number of updated asset objects reloaded before import = 0
Number of asset objects unloaded after import = 1
========================================================================
Received Import Request.
  Time since last request: 0.000403 seconds.
  path: Assets/Oculus/VR/Editor/BuildingBlocks/BlockData/RoomModel/Materials/Volume.mat
  artifactKey: Guid(0782a5e8bf9913b4abc8036e1ac4c3a5) Importer(2089858483,0ecaa5967403d082aa24f35e1b516d23)
Start importing Assets/Oculus/VR/Editor/BuildingBlocks/BlockData/RoomModel/Materials/Volume.mat using Guid(0782a5e8bf9913b4abc8036e1ac4c3a5) Importer(2089858483,0ecaa5967403d082aa24f35e1b516d23) [PhysX] Initialized MultithreadedTaskDispatcher with 32 workers.
 -> (artifact id: 'ab0fd6438d873f81a1216ddd926f5e4f') in 0.020550 seconds
Number of updated asset objects reloaded before import = 0
Number of asset objects unloaded after import = 2
========================================================================
Received Import Request.
  Time since last request: 0.000092 seconds.
  path: Assets/Oculus/Voice/Lib/Wit.ai/Scripts/Editor/WitEditorUI.cs
  artifactKey: Guid(600660e3443571c47bdf56e955806c73) Importer(2089858483,0ecaa5967403d082aa24f35e1b516d23)
Start importing Assets/Oculus/Voice/Lib/Wit.ai/Scripts/Editor/WitEditorUI.cs using Guid(600660e3443571c47bdf56e955806c73) Importer(2089858483,0ecaa5967403d082aa24f35e1b516d23) [PhysX] Initialized MultithreadedTaskDispatcher with 32 workers.
 -> (artifact id: '8d2ec34faf2da83f768cb40ac28f37ac') in 0.016421 seconds
Number of updated asset objects reloaded before import = 0
Number of asset objects unloaded after import = 1
========================================================================
Received Import Request.
  Time since last request: 0.000064 seconds.
  path: Assets/Oculus/Interaction/Runtime/Scripts/Interaction/Models/Snap/SnapInteractor.cs
  artifactKey: Guid(2756c251a8363df4f9d4b30ee6414bd9) Importer(2089858483,0ecaa5967403d082aa24f35e1b516d23)
Start importing Assets/Oculus/Interaction/Runtime/Scripts/Interaction/Models/Snap/SnapInteractor.cs using Guid(2756c251a8363df4f9d4b30ee6414bd9) Importer(2089858483,0ecaa5967403d082aa24f35e1b516d23) [PhysX] Initialized MultithreadedTaskDispatcher with 32 workers.
 -> (artifact id: '18b94bb4a82dd6092cb2f4dc9fd5e712') in 0.017199 seconds
Number of updated asset objects reloaded before import = 0
Number of asset objects unloaded after import = 1
========================================================================
Received Import Request.
  Time since last request: 0.000276 seconds.
  path: Assets/Oculus/Interaction/Samples/Objects/Props/CoffeeCup/CoffeeCupFractured.fbx
  artifactKey: Guid(055b4edebb104c34c842d52b42aca235) Importer(2089858483,0ecaa5967403d082aa24f35e1b516d23)
Start importing Assets/Oculus/Interaction/Samples/Objects/Props/CoffeeCup/CoffeeCupFractured.fbx using Guid(055b4edebb104c34c842d52b42aca235) Importer(2089858483,0ecaa5967403d082aa24f35e1b516d23) [PhysX] Initialized MultithreadedTaskDispatcher with 32 workers.
 -> (artifact id: '79ffd1b4d8372f42c2bb8176b59cb63f') in 0.050515 seconds
Number of updated asset objects reloaded before import = 0
Number of asset objects unloaded after import = 84
========================================================================
Received Import Request.
  Time since last request: 0.000018 seconds.
  path: Assets/Oculus/Voice/Lib/Wit.ai/Lib/Conduit/Runtime/IParameterProvider.cs
  artifactKey: Guid(aa4de97ef2a04cddada072fd4034a494) Importer(2089858483,0ecaa5967403d082aa24f35e1b516d23)
Start importing Assets/Oculus/Voice/Lib/Wit.ai/Lib/Conduit/Runtime/IParameterProvider.cs using Guid(aa4de97ef2a04cddada072fd4034a494) Importer(2089858483,0ecaa5967403d082aa24f35e1b516d23) [PhysX] Initialized MultithreadedTaskDispatcher with 32 workers.
 -> (artifact id: 'fc9e3779a0d4072a5326b4fb3a5676b5') in 0.012447 seconds
Number of updated asset objects reloaded before import = 0
Number of asset objects unloaded after import = 1
========================================================================
Received Import Request.
  Time since last request: 0.000049 seconds.
  path: Assets/Oculus/Interaction/Samples/Objects/Environment/MRDesk/Materials/MRDeskMat.mat
  artifactKey: Guid(a835ac24fc2cad9439407885825362d2) Importer(2089858483,0ecaa5967403d082aa24f35e1b516d23)
Start importing Assets/Oculus/Interaction/Samples/Objects/Environment/MRDesk/Materials/MRDeskMat.mat using Guid(a835ac24fc2cad9439407885825362d2) Importer(2089858483,0ecaa5967403d082aa24f35e1b516d23) [PhysX] Initialized MultithreadedTaskDispatcher with 32 workers.
 -> (artifact id: '53ef7037d56a17a58b5e1531e1e323d1') in 0.042961 seconds
Number of updated asset objects reloaded before import = 0
Number of asset objects unloaded after import = 3
========================================================================
Received Import Request.
  Time since last request: 0.000017 seconds.
  path: Assets/Oculus/Voice/Lib/Wit.ai/Lib/Wit/Runtime/Audio/IAudioClipStream.cs
  artifactKey: Guid(5d8d44f8ae349a943bb689453541a729) Importer(2089858483,0ecaa5967403d082aa24f35e1b516d23)
Start importing Assets/Oculus/Voice/Lib/Wit.ai/Lib/Wit/Runtime/Audio/IAudioClipStream.cs using Guid(5d8d44f8ae349a943bb689453541a729) Importer(2089858483,0ecaa5967403d082aa24f35e1b516d23) [PhysX] Initialized MultithreadedTaskDispatcher with 32 workers.
 -> (artifact id: '24b85a8afebe7aaf887e579558134eb8') in 0.017930 seconds
Number of updated asset objects reloaded before import = 0
Number of asset objects unloaded after import = 1
========================================================================
Received Import Request.
  Time since last request: 0.000040 seconds.
  path: Assets/Oculus/VR/Editor/BuildingBlocks/BlockData/SurfaceProjectedPassthrough/Prefabs/PassthroughOverlay.prefab
  artifactKey: Guid(80945f991abd10648af6af586ce357b5) Importer(2089858483,0ecaa5967403d082aa24f35e1b516d23)
Start importing Assets/Oculus/VR/Editor/BuildingBlocks/BlockData/SurfaceProjectedPassthrough/Prefabs/PassthroughOverlay.prefab using Guid(80945f991abd10648af6af586ce357b5) Importer(2089858483,0ecaa5967403d082aa24f35e1b516d23) [PhysX] Initialized MultithreadedTaskDispatcher with 32 workers.
 -> (artifact id: '33b69c1e4c8911ea2e123f82f472b28f') in 0.020979 seconds
Number of updated asset objects reloaded before import = 0
Number of asset objects unloaded after import = 5
========================================================================
Received Import Request.
  Time since last request: 0.000034 seconds.
  path: Assets/Oculus/Voice/Lib/Wit.ai/Features/TTS/Scripts/Runtime/Utilities/TTSSpeaker.cs
  artifactKey: Guid(b15403450229c3a4b8455a61d6143a6d) Importer(2089858483,0ecaa5967403d082aa24f35e1b516d23)
Start importing Assets/Oculus/Voice/Lib/Wit.ai/Features/TTS/Scripts/Runtime/Utilities/TTSSpeaker.cs using Guid(b15403450229c3a4b8455a61d6143a6d) Importer(2089858483,0ecaa5967403d082aa24f35e1b516d23) [PhysX] Initialized MultithreadedTaskDispatcher with 32 workers.
 -> (artifact id: '514fdd26a7642e29e970f3030133b8f0') in 0.009175 seconds
Number of updated asset objects reloaded before import = 0
Number of asset objects unloaded after import = 1
========================================================================
Received Import Request.
  Time since last request: 0.000087 seconds.
  path: Assets/Oculus/Voice/Lib/Wit.ai/Scripts/Editor/Utility/WitUnderstandingViewerServiceApiFactory.cs
  artifactKey: Guid(fcd6b77ae500a7b43923e35d15cc5144) Importer(2089858483,0ecaa5967403d082aa24f35e1b516d23)
Start importing Assets/Oculus/Voice/Lib/Wit.ai/Scripts/Editor/Utility/WitUnderstandingViewerServiceApiFactory.cs using Guid(fcd6b77ae500a7b43923e35d15cc5144) Importer(2089858483,0ecaa5967403d082aa24f35e1b516d23) [PhysX] Initialized MultithreadedTaskDispatcher with 32 workers.
 -> (artifact id: '8282e5863f850ea9cc3f9ab81ce32377') in 0.017594 seconds
Number of updated asset objects reloaded before import = 0
Number of asset objects unloaded after import = 1
========================================================================
Received Import Request.
  Time since last request: 0.000103 seconds.
  path: Assets/Oculus/Voice/Lib/Wit.ai/Lib/Conduit/Editor/SourceCodeMapper.cs
  artifactKey: Guid(24385c9b16e544f39df5974c216ac1e5) Importer(2089858483,0ecaa5967403d082aa24f35e1b516d23)
Start importing Assets/Oculus/Voice/Lib/Wit.ai/Lib/Conduit/Editor/SourceCodeMapper.cs using Guid(24385c9b16e544f39df5974c216ac1e5) Importer(2089858483,0ecaa5967403d082aa24f35e1b516d23) [PhysX] Initialized MultithreadedTaskDispatcher with 32 workers.
 -> (artifact id: '35f7d85ea1d91e3ded39dabd5a2fe677') in 0.014188 seconds
Number of updated asset objects reloaded before import = 0
Number of asset objects unloaded after import = 1
========================================================================
Received Import Request.
  Time since last request: 0.000017 seconds.
  path: Assets/Oculus/Voice/Lib/Wit.ai/Features/TTS/Scripts/Runtime/Events/TTSStreamEvents.cs
  artifactKey: Guid(cc1209a088b657247b1f0c645ae7ee93) Importer(2089858483,0ecaa5967403d082aa24f35e1b516d23)
Start importing Assets/Oculus/Voice/Lib/Wit.ai/Features/TTS/Scripts/Runtime/Events/TTSStreamEvents.cs using Guid(cc1209a088b657247b1f0c645ae7ee93) Importer(2089858483,0ecaa5967403d082aa24f35e1b516d23) [PhysX] Initialized MultithreadedTaskDispatcher with 32 workers.
 -> (artifact id: '271881094ddaf1f888f8aa9eb1f08bdb') in 0.015204 seconds
Number of updated asset objects reloaded before import = 0
Number of asset objects unloaded after import = 1
========================================================================
Received Import Request.
  Time since last request: 0.000020 seconds.
  path: Assets/Oculus/Voice/Lib/Wit.ai/Scripts/Editor/Inspectors/VoiceEventPropertyDrawer.cs
  artifactKey: Guid(77caabce96000174bb6230dea05b47f0) Importer(2089858483,0ecaa5967403d082aa24f35e1b516d23)
Start importing Assets/Oculus/Voice/Lib/Wit.ai/Scripts/Editor/Inspectors/VoiceEventPropertyDrawer.cs using Guid(77caabce96000174bb6230dea05b47f0) Importer(2089858483,0ecaa5967403d082aa24f35e1b516d23) [PhysX] Initialized MultithreadedTaskDispatcher with 32 workers.
 -> (artifact id: '8a92c749836b156eb8cf7a6617aa5a8d') in 0.014745 seconds
Number of updated asset objects reloaded before import = 0
Number of asset objects unloaded after import = 1
========================================================================
Received Import Request.
  Time since last request: 0.000135 seconds.
  path: Assets/Oculus/Voice/Lib/PlatformCompatibility/Scripts/Runtime/Utility/DateTimeUtility.cs
  artifactKey: Guid(572733f79a0d4ca698f549719e65df51) Importer(2089858483,0ecaa5967403d082aa24f35e1b516d23)
Start importing Assets/Oculus/Voice/Lib/PlatformCompatibility/Scripts/Runtime/Utility/DateTimeUtility.cs using Guid(572733f79a0d4ca698f549719e65df51) Importer(2089858483,0ecaa5967403d082aa24f35e1b516d23) [PhysX] Initialized MultithreadedTaskDispatcher with 32 workers.
 -> (artifact id: '0ae977a7a19938d219fbf1bf9bec2203') in 0.013309 seconds
Number of updated asset objects reloaded before import = 0
Number of asset objects unloaded after import = 1
========================================================================
Received Import Request.
  Time since last request: 0.000198 seconds.
  path: Assets/Oculus/Voice/Lib/Wit.ai/Scripts/Runtime/Events/VoiceState.cs
  artifactKey: Guid(f3a30f8f7e33c754484eaa264d133f25) Importer(2089858483,0ecaa5967403d082aa24f35e1b516d23)
Start importing Assets/Oculus/Voice/Lib/Wit.ai/Scripts/Runtime/Events/VoiceState.cs using Guid(f3a30f8f7e33c754484eaa264d133f25) Importer(2089858483,0ecaa5967403d082aa24f35e1b516d23) [PhysX] Initialized MultithreadedTaskDispatcher with 32 workers.
 -> (artifact id: '4a4759783cd2cf9f59a63300182d9bb8') in 0.012340 seconds
Number of updated asset objects reloaded before import = 0
Number of asset objects unloaded after import = 1
========================================================================
Received Import Request.
  Time since last request: 0.000106 seconds.
  path: Assets/Oculus/Voice/Lib/Wit.ai/Lib/Wit/Editor/csc.rsp
  artifactKey: Guid(2313e1eb73176bd46810d7829e3c87d9) Importer(2089858483,0ecaa5967403d082aa24f35e1b516d23)
Start importing Assets/Oculus/Voice/Lib/Wit.ai/Lib/Wit/Editor/csc.rsp using Guid(2313e1eb73176bd46810d7829e3c87d9) Importer(2089858483,0ecaa5967403d082aa24f35e1b516d23) [PhysX] Initialized MultithreadedTaskDispatcher with 32 workers.
 -> (artifact id: 'edf50a134ac78a507b1439029018276c') in 0.009670 seconds
Number of updated asset objects reloaded before import = 0
Number of asset objects unloaded after import = 1
========================================================================
Received Import Request.
  Time since last request: 0.000102 seconds.
  path: Assets/Oculus/SampleFramework/Usage/SceneManager/Scripts/CustomSceneManager/BasicSceneManager.cs
  artifactKey: Guid(c1ca019a7ed88b84792a6d0610555b21) Importer(2089858483,0ecaa5967403d082aa24f35e1b516d23)
Start importing Assets/Oculus/SampleFramework/Usage/SceneManager/Scripts/CustomSceneManager/BasicSceneManager.cs using Guid(c1ca019a7ed88b84792a6d0610555b21) Importer(2089858483,0ecaa5967403d082aa24f35e1b516d23) [PhysX] Initialized MultithreadedTaskDispatcher with 32 workers.
 -> (artifact id: 'eb7ec370f18f78b2fe4380b5e6d42221') in 0.011485 seconds
Number of updated asset objects reloaded before import = 0
Number of asset objects unloaded after import = 1
========================================================================
Received Import Request.
  Time since last request: 0.000197 seconds.
  path: Assets/Oculus/SampleFramework/Usage/SharedAssets/Skyboxes/Sky_01/Skybox01Mat.mat
  artifactKey: Guid(b6121f1ede3dbe848a9c9de2ef369c28) Importer(2089858483,0ecaa5967403d082aa24f35e1b516d23)
Start importing Assets/Oculus/SampleFramework/Usage/SharedAssets/Skyboxes/Sky_01/Skybox01Mat.mat using Guid(b6121f1ede3dbe848a9c9de2ef369c28) Importer(2089858483,0ecaa5967403d082aa24f35e1b516d23) [PhysX] Initialized MultithreadedTaskDispatcher with 32 workers.
 -> (artifact id: '4e5723240269dd5c0ff84a5480810f6f') in 0.025287 seconds
Number of updated asset objects reloaded before import = 0
Number of asset objects unloaded after import = 7
========================================================================
Received Import Request.
  Time since last request: 0.000018 seconds.
  path: Assets/Oculus/Voice/Lib/Wit.ai/Lib/Wit/Runtime/Data/Info/WitVersionTagInfo.cs
  artifactKey: Guid(abaa506a0cc8475288f8be685e349b52) Importer(2089858483,0ecaa5967403d082aa24f35e1b516d23)
Start importing Assets/Oculus/Voice/Lib/Wit.ai/Lib/Wit/Runtime/Data/Info/WitVersionTagInfo.cs using Guid(abaa506a0cc8475288f8be685e349b52) Importer(2089858483,0ecaa5967403d082aa24f35e1b516d23) [PhysX] Initialized MultithreadedTaskDispatcher with 32 workers.
 -> (artifact id: '7e934eb51edad2bd171c46b44185c3d4') in 0.018120 seconds
Number of updated asset objects reloaded before import = 0
Number of asset objects unloaded after import = 1
========================================================================
Received Import Request.
  Time since last request: 0.000023 seconds.
  path: Assets/Oculus/Voice/Lib/Wit.ai/Lib/Conduit/Editor/PersistenceLayer.cs
  artifactKey: Guid(59b7ba71a600465ba3d42ee4a24c54f5) Importer(2089858483,0ecaa5967403d082aa24f35e1b516d23)
Start importing Assets/Oculus/Voice/Lib/Wit.ai/Lib/Conduit/Editor/PersistenceLayer.cs using Guid(59b7ba71a600465ba3d42ee4a24c54f5) Importer(2089858483,0ecaa5967403d082aa24f35e1b516d23) [PhysX] Initialized MultithreadedTaskDispatcher with 32 workers.
 -> (artifact id: 'adaa6885786ce06f2fbf70e73c76a5d6') in 0.013220 seconds
Number of updated asset objects reloaded before import = 0
Number of asset objects unloaded after import = 1
========================================================================
Received Import Request.
  Time since last request: 0.000074 seconds.
  path: Assets/Oculus/VR/Editor/BuildingBlocks/BlockData/HandTracking/HandTracking.asset
  artifactKey: Guid(d5f88f354e8735b4eb8fe8e0e7d5d278) Importer(2089858483,0ecaa5967403d082aa24f35e1b516d23)
Start importing Assets/Oculus/VR/Editor/BuildingBlocks/BlockData/HandTracking/HandTracking.asset using Guid(d5f88f354e8735b4eb8fe8e0e7d5d278) Importer(2089858483,0ecaa5967403d082aa24f35e1b516d23) [PhysX] Initialized MultithreadedTaskDispatcher with 32 workers.
 -> (artifact id: '20bf856d96f2f84137a9b76d80cbe6af') in 0.020608 seconds
Number of updated asset objects reloaded before import = 0
Number of asset objects unloaded after import = 14
========================================================================
Received Import Request.
  Time since last request: 0.000018 seconds.
  path: Assets/Oculus/Interaction/Samples/Objects/Environment/Room/Models/skybaker.mat
  artifactKey: Guid(26f9b1dbf799a944bad37afc34424788) Importer(2089858483,0ecaa5967403d082aa24f35e1b516d23)
Start importing Assets/Oculus/Interaction/Samples/Objects/Environment/Room/Models/skybaker.mat using Guid(26f9b1dbf799a944bad37afc34424788) Importer(2089858483,0ecaa5967403d082aa24f35e1b516d23) [PhysX] Initialized MultithreadedTaskDispatcher with 32 workers.
 -> (artifact id: '0dff9b21924f6adad50a1b8fbcfc20b3') in 0.018582 seconds
Number of updated asset objects reloaded before import = 0
Number of asset objects unloaded after import = 1
========================================================================
Received Import Request.
  Time since last request: 0.000202 seconds.
  path: Assets/Oculus/Voice/Lib/Wit.ai/Scripts/Runtime/CallbackHandlers/WitUtteranceMatcher.cs
  artifactKey: Guid(d0a93535f06eabe47bf93b4b504873c8) Importer(2089858483,0ecaa5967403d082aa24f35e1b516d23)
Start importing Assets/Oculus/Voice/Lib/Wit.ai/Scripts/Runtime/CallbackHandlers/WitUtteranceMatcher.cs using Guid(d0a93535f06eabe47bf93b4b504873c8) Importer(2089858483,0ecaa5967403d082aa24f35e1b516d23) [PhysX] Initialized MultithreadedTaskDispatcher with 32 workers.
 -> (artifact id: 'cf0d319dd5d2767fa56af912bdb427cc') in 0.013079 seconds
Number of updated asset objects reloaded before import = 0
Number of asset objects unloaded after import = 1
========================================================================
Received Import Request.
  Time since last request: 0.000117 seconds.
  path: Assets/Oculus/Voice/Lib/Wit.ai/Scripts/Editor/Data/Configuration/WitConfigurationUtility.cs
  artifactKey: Guid(67da0cb4ba914f6cb2a97a343ff81db1) Importer(2089858483,0ecaa5967403d082aa24f35e1b516d23)
Start importing Assets/Oculus/Voice/Lib/Wit.ai/Scripts/Editor/Data/Configuration/WitConfigurationUtility.cs using Guid(67da0cb4ba914f6cb2a97a343ff81db1) Importer(2089858483,0ecaa5967403d082aa24f35e1b516d23) [PhysX] Initialized MultithreadedTaskDispatcher with 32 workers.
 -> (artifact id: '7cbed68263038b8208491c8c69f3c4b0') in 0.012244 seconds
Number of updated asset objects reloaded before import = 0
Number of asset objects unloaded after import = 1
========================================================================
Received Import Request.
  Time since last request: 0.000105 seconds.
  path: Assets/Oculus/Interaction/Samples/Objects/Props/Keypad/KeypadButton.prefab
  artifactKey: Guid(9f717ba020826834a98daf42c0d358da) Importer(2089858483,0ecaa5967403d082aa24f35e1b516d23)
Start importing Assets/Oculus/Interaction/Samples/Objects/Props/Keypad/KeypadButton.prefab using Guid(9f717ba020826834a98daf42c0d358da) Importer(2089858483,0ecaa5967403d082aa24f35e1b516d23) [PhysX] Initialized MultithreadedTaskDispatcher with 32 workers.
 -> (artifact id: '0588c39a5dbb66061350d58c7b4ec86f') in 0.041538 seconds
Number of updated asset objects reloaded before import = 0
Number of asset objects unloaded after import = 65
========================================================================
Received Import Request.
  Time since last request: 0.000021 seconds.
  path: Assets/Oculus/Interaction/Samples/Objects/Environment/Locomotion/Models/Materials/InteriorDoorMat.mat
  artifactKey: Guid(2f8f24c4b695e264e905df001683ba11) Importer(2089858483,0ecaa5967403d082aa24f35e1b516d23)
Start importing Assets/Oculus/Interaction/Samples/Objects/Environment/Locomotion/Models/Materials/InteriorDoorMat.mat using Guid(2f8f24c4b695e264e905df001683ba11) Importer(2089858483,0ecaa5967403d082aa24f35e1b516d23) [PhysX] Initialized MultithreadedTaskDispatcher with 32 workers.
 -> (artifact id: '6515bbeb9539b0d1c4cea1c51ecc58a6') in 0.015168 seconds
Number of updated asset objects reloaded before import = 0
Number of asset objects unloaded after import = 3
========================================================================
Received Import Request.
  Time since last request: 0.000027 seconds.
  path: Assets/Oculus/Voice/Lib/Wit.ai/Features/TTS/Documentation/Images/tts_speaker_audiosource.png
  artifactKey: Guid(3387a752287aa7845892fd1c1ca0eb8f) Importer(2089858483,0ecaa5967403d082aa24f35e1b516d23)
Start importing Assets/Oculus/Voice/Lib/Wit.ai/Features/TTS/Documentation/Images/tts_speaker_audiosource.png using Guid(3387a752287aa7845892fd1c1ca0eb8f) Importer(2089858483,0ecaa5967403d082aa24f35e1b516d23) [PhysX] Initialized MultithreadedTaskDispatcher with 32 workers.
 -> (artifact id: '5478aa6e5e9ed388a407bb1bb01680b4') in 0.022708 seconds
Number of updated asset objects reloaded before import = 0
Number of asset objects unloaded after import = 1
========================================================================
Received Import Request.
  Time since last request: 0.000032 seconds.
  path: Assets/Oculus/Voice/Lib/Wit.ai/Lib/Wit/Runtime/Requests/NLP/INLPTextRequestOptions.cs
  artifactKey: Guid(39d8a69fd1d32ce469b91365bacb5567) Importer(2089858483,0ecaa5967403d082aa24f35e1b516d23)
Start importing Assets/Oculus/Voice/Lib/Wit.ai/Lib/Wit/Runtime/Requests/NLP/INLPTextRequestOptions.cs using Guid(39d8a69fd1d32ce469b91365bacb5567) Importer(2089858483,0ecaa5967403d082aa24f35e1b516d23) [PhysX] Initialized MultithreadedTaskDispatcher with 32 workers.
 -> (artifact id: '87774a881f6c1ffe146bdfeef40be77c') in 0.015268 seconds
Number of updated asset objects reloaded before import = 0
Number of asset objects unloaded after import = 1
========================================================================
Received Import Request.
  Time since last request: 0.000128 seconds.
  path: Assets/Oculus/Interaction/Runtime/Scripts/Interaction/Models/HandGrab/HandGrabUtils.cs
  artifactKey: Guid(1ccecb418a724b54e82afa5b98208313) Importer(2089858483,0ecaa5967403d082aa24f35e1b516d23)
Start importing Assets/Oculus/Interaction/Runtime/Scripts/Interaction/Models/HandGrab/HandGrabUtils.cs using Guid(1ccecb418a724b54e82afa5b98208313) Importer(2089858483,0ecaa5967403d082aa24f35e1b516d23) [PhysX] Initialized MultithreadedTaskDispatcher with 32 workers.
 -> (artifact id: 'c6006b0381f6556664534e346b03d21a') in 0.014600 seconds
Number of updated asset objects reloaded before import = 0
Number of asset objects unloaded after import = 1
========================================================================
Received Import Request.
  Time since last request: 0.000113 seconds.
  path: Assets/Oculus/Interaction/OVRIntegration/Runtime/Scripts/Body/Input/OVRBodyPoseSkeletonProvider.cs
  artifactKey: Guid(a2e52bbde0381514a9b68ecb0eff863a) Importer(2089858483,0ecaa5967403d082aa24f35e1b516d23)
Start importing Assets/Oculus/Interaction/OVRIntegration/Runtime/Scripts/Body/Input/OVRBodyPoseSkeletonProvider.cs using Guid(a2e52bbde0381514a9b68ecb0eff863a) Importer(2089858483,0ecaa5967403d082aa24f35e1b516d23) [PhysX] Initialized MultithreadedTaskDispatcher with 32 workers.
 -> (artifact id: '9a673aad00af556a84ae4676349719b7') in 0.014437 seconds
Number of updated asset objects reloaded before import = 0
Number of asset objects unloaded after import = 1
========================================================================
Received Import Request.
  Time since last request: 0.000203 seconds.
  path: Assets/Oculus/Interaction/Samples/Objects/Environment/Room/Materials/SmallRoomWoodMat.mat
  artifactKey: Guid(210293e7bc746264fb59293ebb63e4f3) Importer(2089858483,0ecaa5967403d082aa24f35e1b516d23)
Start importing Assets/Oculus/Interaction/Samples/Objects/Environment/Room/Materials/SmallRoomWoodMat.mat using Guid(210293e7bc746264fb59293ebb63e4f3) Importer(2089858483,0ecaa5967403d082aa24f35e1b516d23) [PhysX] Initialized MultithreadedTaskDispatcher with 32 workers.
 -> (artifact id: '099cbcdc49138b1f908e9671b680cc03') in 0.017305 seconds
Number of updated asset objects reloaded before import = 0
Number of asset objects unloaded after import = 3
========================================================================
Received Import Request.
  Time since last request: 0.000016 seconds.
  path: Assets/Oculus/Voice/Lib/Wit.ai/Lib/Conduit/Runtime/ConduitUtilities.cs
  artifactKey: Guid(ea32d30905f64a4294e7efb373c9e620) Importer(2089858483,0ecaa5967403d082aa24f35e1b516d23)
Start importing Assets/Oculus/Voice/Lib/Wit.ai/Lib/Conduit/Runtime/ConduitUtilities.cs using Guid(ea32d30905f64a4294e7efb373c9e620) Importer(2089858483,0ecaa5967403d082aa24f35e1b516d23) [PhysX] Initialized MultithreadedTaskDispatcher with 32 workers.
 -> (artifact id: '57b4aa7842f180dfa501976be95a7d71') in 0.011714 seconds
Number of updated asset objects reloaded before import = 0
Number of asset objects unloaded after import = 1
========================================================================
Received Import Request.
  Time since last request: 0.000110 seconds.
  path: Assets/Oculus/Voice/Features/Hub/Scripts/Editor/ImagePage.cs
  artifactKey: Guid(a249c5c9df69431f935e9e49b478eab4) Importer(2089858483,0ecaa5967403d082aa24f35e1b516d23)
Start importing Assets/Oculus/Voice/Features/Hub/Scripts/Editor/ImagePage.cs using Guid(a249c5c9df69431f935e9e49b478eab4) Importer(2089858483,0ecaa5967403d082aa24f35e1b516d23) [PhysX] Initialized MultithreadedTaskDispatcher with 32 workers.
 -> (artifact id: 'ff2b91243a278de0ef31b30b290c1cfd') in 0.010029 seconds
Number of updated asset objects reloaded before import = 0
Number of asset objects unloaded after import = 1
========================================================================
Received Import Request.
  Time since last request: 0.000033 seconds.
  path: Assets/Oculus/Voice/Lib/Wit.ai/Scripts/Editor/Data/WitDataCreation.cs
  artifactKey: Guid(40da7661eee64aaa81d3a0886ce34911) Importer(2089858483,0ecaa5967403d082aa24f35e1b516d23)
Start importing Assets/Oculus/Voice/Lib/Wit.ai/Scripts/Editor/Data/WitDataCreation.cs using Guid(40da7661eee64aaa81d3a0886ce34911) Importer(2089858483,0ecaa5967403d082aa24f35e1b516d23) [PhysX] Initialized MultithreadedTaskDispatcher with 32 workers.
 -> (artifact id: '16944bd263a77b04b77b7c1144a0747a') in 0.009363 seconds
Number of updated asset objects reloaded before import = 0
Number of asset objects unloaded after import = 1
========================================================================
Received Import Request.
  Time since last request: 0.000072 seconds.
  path: Assets/Oculus/Interaction/Samples/Objects/Props/Plants/PlantPot.fbx
  artifactKey: Guid(d0f45444748dcb0418ff17d5403ce07c) Importer(2089858483,0ecaa5967403d082aa24f35e1b516d23)
Start importing Assets/Oculus/Interaction/Samples/Objects/Props/Plants/PlantPot.fbx using Guid(d0f45444748dcb0418ff17d5403ce07c) Importer(2089858483,0ecaa5967403d082aa24f35e1b516d23) [PhysX] Initialized MultithreadedTaskDispatcher with 32 workers.
 -> (artifact id: '78e6b4fd1655d8577c7fc7d2fdf64162') in 0.021189 seconds
Number of updated asset objects reloaded before import = 0
Number of asset objects unloaded after import = 7
========================================================================
Received Import Request.
  Time since last request: 0.000016 seconds.
  path: Assets/Oculus/Voice/Lib/Wit.ai/Lib/Wit/Runtime/Speech/ISpeechEventProvider.cs
  artifactKey: Guid(11cc2e3890ca9bb44acdf4f060e76399) Importer(2089858483,0ecaa5967403d082aa24f35e1b516d23)
Start importing Assets/Oculus/Voice/Lib/Wit.ai/Lib/Wit/Runtime/Speech/ISpeechEventProvider.cs using Guid(11cc2e3890ca9bb44acdf4f060e76399) Importer(2089858483,0ecaa5967403d082aa24f35e1b516d23) [PhysX] Initialized MultithreadedTaskDispatcher with 32 workers.
 -> (artifact id: '4b2b847ffc963a0bcaabfaaaba986d0f') in 0.007818 seconds
Number of updated asset objects reloaded before import = 0
Number of asset objects unloaded after import = 1
========================================================================
Received Import Request.
  Time since last request: 0.000134 seconds.
  path: Assets/Oculus/Interaction/Samples/Objects/Environment/Screen/Materials/FrameMaterial.fbx
  artifactKey: Guid(0149d0c06fc814c9abda2f5a244f6d81) Importer(2089858483,0ecaa5967403d082aa24f35e1b516d23)
Start importing Assets/Oculus/Interaction/Samples/Objects/Environment/Screen/Materials/FrameMaterial.fbx using Guid(0149d0c06fc814c9abda2f5a244f6d81) Importer(2089858483,0ecaa5967403d082aa24f35e1b516d23) [PhysX] Initialized MultithreadedTaskDispatcher with 32 workers.
 -> (artifact id: 'e4a30f8a2fea79da158fdfacc7f2ce31') in 0.018763 seconds
Number of updated asset objects reloaded before import = 0
Number of asset objects unloaded after import = 9
========================================================================
Received Import Request.
  Time since last request: 19.762377 seconds.
  path: Assets/Oculus/VR/Editor/BuildingBlocks/BlockData/CameraRig/Prefabs/OVRCameraRig.prefab
  artifactKey: Guid(4b650a383c3760f449b65ff48bccdd5f) Importer(815301076,1909f56bfc062723c751e8b465ee728b)
Start importing Assets/Oculus/VR/Editor/BuildingBlocks/BlockData/CameraRig/Prefabs/OVRCameraRig.prefab using Guid(4b650a383c3760f449b65ff48bccdd5f) Importer(815301076,1909f56bfc062723c751e8b465ee728b) [PhysX] Initialized MultithreadedTaskDispatcher with 32 workers.
 -> (artifact id: '86827ce5c6137947703c0ddbac3e1dfe') in 0.019806 seconds
Number of updated asset objects reloaded before import = 0
Number of asset objects unloaded after import = 29
========================================================================
Received Import Request.
  Time since last request: 33.156301 seconds.
  path: Assets/Oculus/VR/Scripts/OVRCameraRig.cs
  artifactKey: Guid(df9f338034892c44ebb62d97894772f1) Importer(815301076,1909f56bfc062723c751e8b465ee728b)
Start importing Assets/Oculus/VR/Scripts/OVRCameraRig.cs using Guid(df9f338034892c44ebb62d97894772f1) Importer(815301076,1909f56bfc062723c751e8b465ee728b) [PhysX] Initialized MultithreadedTaskDispatcher with 32 workers.
 -> (artifact id: '49e4ccd14573a0a2a0409203536d8f0e') in 0.001812 seconds
Number of updated asset objects reloaded before import = 0
Number of asset objects unloaded after import = 0
========================================================================
Received Import Request.
  Time since last request: 4.178444 seconds.
  path: Assets/Oculus/Interaction/OVRIntegration/Runtime/Scripts/Input/OVRCameraRigRef.cs
  artifactKey: Guid(a7b47e36715521d4e8a30d2c5b6e83e2) Importer(815301076,1909f56bfc062723c751e8b465ee728b)
Start importing Assets/Oculus/Interaction/OVRIntegration/Runtime/Scripts/Input/OVRCameraRigRef.cs using Guid(a7b47e36715521d4e8a30d2c5b6e83e2) Importer(815301076,1909f56bfc062723c751e8b465ee728b) [PhysX] Initialized MultithreadedTaskDispatcher with 32 workers.
 -> (artifact id: 'fd74b6b51c8d5d87bd2ef99ae9868aa0') in 0.001448 seconds
Number of updated asset objects reloaded before import = 0
Number of asset objects unloaded after import = 0
========================================================================
Received Import Request.
  Time since last request: 67.478536 seconds.
  path: Assets/Oculus/SampleFramework/Usage/TouchPro/Prefabs/Ui/UiPanelPf (Controls - LocalizedHaptics).prefab
  artifactKey: Guid(6f4845ad3efc4e343bb7dc7de09c0b54) Importer(815301076,1909f56bfc062723c751e8b465ee728b)
Start importing Assets/Oculus/SampleFramework/Usage/TouchPro/Prefabs/Ui/UiPanelPf (Controls - LocalizedHaptics).prefab using Guid(6f4845ad3efc4e343bb7dc7de09c0b54) Importer(815301076,1909f56bfc062723c751e8b465ee728b) [PhysX] Initialized MultithreadedTaskDispatcher with 32 workers.
 -> (artifact id: '9d5a7008e3093dd01b53305a52ff5c97') in 0.005354 seconds
Number of updated asset objects reloaded before import = 0
Number of asset objects unloaded after import = 86
========================================================================
Received Import Request.
  Time since last request: 18.656134 seconds.
  path: Assets/Oculus/SampleFramework/Usage/TouchPro/LocalizedHapticsSample.unity
  artifactKey: Guid(11d7e44745b2f574db3a261b31ca4fd9) Importer(815301076,1909f56bfc062723c751e8b465ee728b)
Start importing Assets/Oculus/SampleFramework/Usage/TouchPro/LocalizedHapticsSample.unity using Guid(11d7e44745b2f574db3a261b31ca4fd9) Importer(815301076,1909f56bfc062723c751e8b465ee728b) [PhysX] Initialized MultithreadedTaskDispatcher with 32 workers.
 -> (artifact id: '8c8489e664c86903ef2f9035dc527fa8') in 0.001131 seconds
Number of updated asset objects reloaded before import = 0
Number of asset objects unloaded after import = 0
========================================================================
Received Import Request.
  Time since last request: 15.467229 seconds.
  path: Packages/com.unity.collab-proxy/Editor/Assets/Images/d_iconaddedlocal.png
  artifactKey: Guid(0c6a2a64ca9f9c946a7dbbd1674cf5bd) Importer(815301076,1909f56bfc062723c751e8b465ee728b)
Start importing Packages/com.unity.collab-proxy/Editor/Assets/Images/d_iconaddedlocal.png using Guid(0c6a2a64ca9f9c946a7dbbd1674cf5bd) Importer(815301076,1909f56bfc062723c751e8b465ee728b) [PhysX] Initialized MultithreadedTaskDispatcher with 32 workers.
[PhysX] Initialized MultithreadedTaskDispatcher with 32 workers.
 -> (artifact id: 'ef93cc436c0fdf506cc415b04a503aee') in 0.057016 seconds
Number of updated asset objects reloaded before import = 0
Number of asset objects unloaded after import = 2
========================================================================
Received Import Request.
  Time since last request: 0.024678 seconds.
  path: Packages/com.unity.collab-proxy/Editor/Assets/Images/d_iconcheckedoutlocaloverlay@2x.png
  artifactKey: Guid(8d98ab6168c3e91439339f1908b8fe97) Importer(815301076,1909f56bfc062723c751e8b465ee728b)
Start importing Packages/com.unity.collab-proxy/Editor/Assets/Images/d_iconcheckedoutlocaloverlay@2x.png using Guid(8d98ab6168c3e91439339f1908b8fe97) Importer(815301076,1909f56bfc062723c751e8b465ee728b) [PhysX] Initialized MultithreadedTaskDispatcher with 32 workers.
[PhysX] Initialized MultithreadedTaskDispatcher with 32 workers.
 -> (artifact id: 'c724623224b8bf8c4753e814c777ed8c') in 0.028220 seconds
Number of updated asset objects reloaded before import = 0
Number of asset objects unloaded after import = 2
========================================================================
Received Import Request.
  Time since last request: 0.028748 seconds.
  path: Packages/com.unity.collab-proxy/Editor/Assets/Images/d_iconlockedlocaloverlay.png
  artifactKey: Guid(71c45f80bffdb9145ad2c456254c862e) Importer(815301076,1909f56bfc062723c751e8b465ee728b)
Start importing Packages/com.unity.collab-proxy/Editor/Assets/Images/d_iconlockedlocaloverlay.png using Guid(71c45f80bffdb9145ad2c456254c862e) Importer(815301076,1909f56bfc062723c751e8b465ee728b) [PhysX] Initialized MultithreadedTaskDispatcher with 32 workers.
[PhysX] Initialized MultithreadedTaskDispatcher with 32 workers.
 -> (artifact id: '86d040599b80a393d977ecd23c9d0944') in 0.021568 seconds
Number of updated asset objects reloaded before import = 0
Number of asset objects unloaded after import = 2
========================================================================
Received Import Request.
  Time since last request: 0.032945 seconds.
  path: Packages/com.unity.collab-proxy/Editor/Assets/Images/iconaddedlocal@2x.png
  artifactKey: Guid(a67b58d6cddcd4345b1e001340de5a76) Importer(815301076,1909f56bfc062723c751e8b465ee728b)
Start importing Packages/com.unity.collab-proxy/Editor/Assets/Images/iconaddedlocal@2x.png using Guid(a67b58d6cddcd4345b1e001340de5a76) Importer(815301076,1909f56bfc062723c751e8b465ee728b) [PhysX] Initialized MultithreadedTaskDispatcher with 32 workers.
[PhysX] Initialized MultithreadedTaskDispatcher with 32 workers.
 -> (artifact id: '0f11eb007e0da789d407aabae914a223') in 0.042695 seconds
Number of updated asset objects reloaded before import = 0
Number of asset objects unloaded after import = 2
========================================================================
Received Import Request.
  Time since last request: 0.000445 seconds.
  path: Packages/com.unity.collab-proxy/Editor/Assets/Images/icondeletedlocaloverlay.png
  artifactKey: Guid(cd221d2235472c94491e607ae42942dd) Importer(815301076,1909f56bfc062723c751e8b465ee728b)
Start importing Packages/com.unity.collab-proxy/Editor/Assets/Images/icondeletedlocaloverlay.png using Guid(cd221d2235472c94491e607ae42942dd) Importer(815301076,1909f56bfc062723c751e8b465ee728b) [PhysX] Initialized MultithreadedTaskDispatcher with 32 workers.
[PhysX] Initialized MultithreadedTaskDispatcher with 32 workers.
 -> (artifact id: 'c67e13f2679a9bb1bb916c701529ffb5') in 0.094652 seconds
Number of updated asset objects reloaded before import = 0
Number of asset objects unloaded after import = 3
========================================================================
Received Import Request.
  Time since last request: 0.000017 seconds.
  path: Packages/com.unity.collab-proxy/Editor/Assets/Images/icondeletedlocaloverlay@2x.png
  artifactKey: Guid(a3e491f99ea3ad74f8731ca93e84c497) Importer(815301076,1909f56bfc062723c751e8b465ee728b)
Start importing Packages/com.unity.collab-proxy/Editor/Assets/Images/icondeletedlocaloverlay@2x.png using Guid(a3e491f99ea3ad74f8731ca93e84c497) Importer(815301076,1909f56bfc062723c751e8b465ee728b) [PhysX] Initialized MultithreadedTaskDispatcher with 32 workers.
[PhysX] Initialized MultithreadedTaskDispatcher with 32 workers.
 -> (artifact id: '2adc7ccc88b7704bad35a14ccb8bbe8f') in 0.032793 seconds
Number of updated asset objects reloaded before import = 0
Number of asset objects unloaded after import = 2
========================================================================
Received Import Request.
  Time since last request: 0.000033 seconds.
  path: Packages/com.unity.collab-proxy/Editor/Assets/Images/iconcheckedoutlocaloverlay.png
  artifactKey: Guid(eb591dd22aae343468cc4dd017c550d0) Importer(815301076,1909f56bfc062723c751e8b465ee728b)
Start importing Packages/com.unity.collab-proxy/Editor/Assets/Images/iconcheckedoutlocaloverlay.png using Guid(eb591dd22aae343468cc4dd017c550d0) Importer(815301076,1909f56bfc062723c751e8b465ee728b) [PhysX] Initialized MultithreadedTaskDispatcher with 32 workers.
[PhysX] Initialized MultithreadedTaskDispatcher with 32 workers.
 -> (artifact id: 'a0222d784181a9c9cc4e0878bc04640a') in 0.022859 seconds
Number of updated asset objects reloaded before import = 0
Number of asset objects unloaded after import = 3
========================================================================
Received Import Request.
  Time since last request: 0.000055 seconds.
  path: Packages/com.unity.collab-proxy/Editor/Assets/Images/iconlockedlocaloverlay@2x.png
  artifactKey: Guid(b528c1b33a65cf94ea74f830b54c9acb) Importer(815301076,1909f56bfc062723c751e8b465ee728b)
Start importing Packages/com.unity.collab-proxy/Editor/Assets/Images/iconlockedlocaloverlay@2x.png using Guid(b528c1b33a65cf94ea74f830b54c9acb) Importer(815301076,1909f56bfc062723c751e8b465ee728b) [PhysX] Initialized MultithreadedTaskDispatcher with 32 workers.
[PhysX] Initialized MultithreadedTaskDispatcher with 32 workers.
 -> (artifact id: '9cb7e49c784f99e039a13e1c9d527e1d') in 0.011875 seconds
Number of updated asset objects reloaded before import = 0
Number of asset objects unloaded after import = 2
========================================================================
Received Import Request.
  Time since last request: 32.657700 seconds.
  path: Assets/Oculus/Interaction/OVRIntegration/Editor/Blocks/Interactors/Prefabs/[BB] Hand Physics.prefab
  artifactKey: Guid(5fc002002ecb74800b33f4b96a147701) Importer(815301076,1909f56bfc062723c751e8b465ee728b)
Start importing Assets/Oculus/Interaction/OVRIntegration/Editor/Blocks/Interactors/Prefabs/[BB] Hand Physics.prefab using Guid(5fc002002ecb74800b33f4b96a147701) Importer(815301076,1909f56bfc062723c751e8b465ee728b) [PhysX] Initialized MultithreadedTaskDispatcher with 32 workers.
 -> (artifact id: '747451b575e85a69d58e2f10b96be2dc') in 0.004172 seconds
Number of updated asset objects reloaded before import = 0
Number of asset objects unloaded after import = 6
========================================================================
Received Import Request.
  Time since last request: 0.002149 seconds.
  path: Assets/Oculus/SampleFramework/Usage/Passthrough/Materials/BackgroundSphere.mat
  artifactKey: Guid(039afe42ccf07934083540cfde4596f1) Importer(815301076,1909f56bfc062723c751e8b465ee728b)
Start importing Assets/Oculus/SampleFramework/Usage/Passthrough/Materials/BackgroundSphere.mat using Guid(039afe42ccf07934083540cfde4596f1) Importer(815301076,1909f56bfc062723c751e8b465ee728b) [PhysX] Initialized MultithreadedTaskDispatcher with 32 workers.
[PhysX] Initialized MultithreadedTaskDispatcher with 32 workers.
 -> (artifact id: 'c9c34644232091978183f8c6a55e4083') in 0.044891 seconds
Number of updated asset objects reloaded before import = 0
Number of asset objects unloaded after import = 1
========================================================================
Received Import Request.
  Time since last request: 0.046714 seconds.
  path: Assets/Oculus/LipSync/Prefabs/LipSyncMorphTarget_Female.prefab
  artifactKey: Guid(0d336f164a5a4454db3960b2f9fc7a85) Importer(815301076,1909f56bfc062723c751e8b465ee728b)
Start importing Assets/Oculus/LipSync/Prefabs/LipSyncMorphTarget_Female.prefab using Guid(0d336f164a5a4454db3960b2f9fc7a85) Importer(815301076,1909f56bfc062723c751e8b465ee728b) [PhysX] Initialized MultithreadedTaskDispatcher with 32 workers.
[PhysX] Initialized MultithreadedTaskDispatcher with 32 workers.
 -> (artifact id: 'f2f2840b7529b2a5e1b0518e01a2c481') in 0.911644 seconds
Number of updated asset objects reloaded before import = 0
Number of asset objects unloaded after import = 46
========================================================================
Received Import Request.
  Time since last request: 14.054641 seconds.
  path: Assets/Oculus/SampleFramework/Usage/DistanceGrab/PhysicsMaterials/PlasticPhysMat.physicMaterial
  artifactKey: Guid(20b27a2b09cf5470e866c2708f9f9dc8) Importer(815301076,1909f56bfc062723c751e8b465ee728b)
Start importing Assets/Oculus/SampleFramework/Usage/DistanceGrab/PhysicsMaterials/PlasticPhysMat.physicMaterial using Guid(20b27a2b09cf5470e866c2708f9f9dc8) Importer(815301076,1909f56bfc062723c751e8b465ee728b) [PhysX] Initialized MultithreadedTaskDispatcher with 32 workers.
 -> (artifact id: '0a2ac4c99e76d02b8f18afe3b37dee46') in 0.004308 seconds
Number of updated asset objects reloaded before import = 0
Number of asset objects unloaded after import = 1
========================================================================
Received Import Request.
  Time since last request: 0.011741 seconds.
  path: Assets/Oculus/SampleFramework/Usage/DistanceGrab/PhysicsMaterials/RubberPhysMat.physicMaterial
  artifactKey: Guid(948611cc428a84b569ad7626e6649205) Importer(815301076,1909f56bfc062723c751e8b465ee728b)
Start importing Assets/Oculus/SampleFramework/Usage/DistanceGrab/PhysicsMaterials/RubberPhysMat.physicMaterial using Guid(948611cc428a84b569ad7626e6649205) Importer(815301076,1909f56bfc062723c751e8b465ee728b) [PhysX] Initialized MultithreadedTaskDispatcher with 32 workers.
 -> (artifact id: 'e3ff8753d6047453959e28008b63cbed') in 0.003881 seconds
Number of updated asset objects reloaded before import = 0
Number of asset objects unloaded after import = 1
========================================================================
Received Import Request.
  Time since last request: 38.852231 seconds.
  path: Assets/Oculus/VR/Scripts/Util/OVRPhysicsRaycaster.cs
  artifactKey: Guid(f8e7ff1cdf4c4e74db00c3684108bc9a) Importer(815301076,1909f56bfc062723c751e8b465ee728b)
Start importing Assets/Oculus/VR/Scripts/Util/OVRPhysicsRaycaster.cs using Guid(f8e7ff1cdf4c4e74db00c3684108bc9a) Importer(815301076,1909f56bfc062723c751e8b465ee728b) [PhysX] Initialized MultithreadedTaskDispatcher with 32 workers.
 -> (artifact id: '89c4f8798e946bd5786321cecacb2807') in 0.002262 seconds
Number of updated asset objects reloaded before import = 0
Number of asset objects unloaded after import = 0
========================================================================
Received Import Request.
  Time since last request: 40.947606 seconds.
  path: Assets/Oculus/Voice/Documentation/Samples/BuiltInTimer/Built In Timer - Sample.asset
  artifactKey: Guid(1105bef47c57816459598b667b5175b6) Importer(815301076,1909f56bfc062723c751e8b465ee728b)
Start importing Assets/Oculus/Voice/Documentation/Samples/BuiltInTimer/Built In Timer - Sample.asset using Guid(1105bef47c57816459598b667b5175b6) Importer(815301076,1909f56bfc062723c751e8b465ee728b) [PhysX] Initialized MultithreadedTaskDispatcher with 32 workers.
 -> (artifact id: '0b10afacbd0324221ed5456699f802eb') in 0.002320 seconds
Number of updated asset objects reloaded before import = 0
Number of asset objects unloaded after import = 3
========================================================================
Received Import Request.
  Time since last request: 0.051287 seconds.
  path: Assets/Oculus/Voice/Samples/Chess/Chess With Conduit - WitConfiguration.asset
  artifactKey: Guid(5a0bfe41fa00a484b82cb39a8fd9fb8b) Importer(815301076,1909f56bfc062723c751e8b465ee728b)
Start importing Assets/Oculus/Voice/Samples/Chess/Chess With Conduit - WitConfiguration.asset using Guid(5a0bfe41fa00a484b82cb39a8fd9fb8b) Importer(815301076,1909f56bfc062723c751e8b465ee728b) [PhysX] Initialized MultithreadedTaskDispatcher with 32 workers.
 -> (artifact id: '4b55fa162b7f87c651f2a00da01a1780') in 0.003010 seconds
Number of updated asset objects reloaded before import = 0
Number of asset objects unloaded after import = 1
========================================================================
Received Import Request.
  Time since last request: 0.000234 seconds.
  path: Assets/Oculus/SampleFramework/Usage/DistanceGrab/Prefabs/DistanceGrabSquirtGunPf.prefab
  artifactKey: Guid(22b887b25a8d6409588281047bba5d66) Importer(815301076,1909f56bfc062723c751e8b465ee728b)
Start importing Assets/Oculus/SampleFramework/Usage/DistanceGrab/Prefabs/DistanceGrabSquirtGunPf.prefab using Guid(22b887b25a8d6409588281047bba5d66) Importer(815301076,1909f56bfc062723c751e8b465ee728b) [PhysX] Initialized MultithreadedTaskDispatcher with 32 workers.
[PhysX] Initialized MultithreadedTaskDispatcher with 32 workers.
 -> (artifact id: '077238e756fad81c1cc1265d93a1e436') in 0.303775 seconds
Number of updated asset objects reloaded before import = 0
Number of asset objects unloaded after import = 12
========================================================================
Received Import Request.
  Time since last request: 0.000025 seconds.
  path: Assets/Oculus/Interaction/Samples/Objects/Props/Locomotion/Materials/MetaLocoTutorialUIMat.fbx
  artifactKey: Guid(7cee51529ca3046bd8a94b96d93191ea) Importer(815301076,1909f56bfc062723c751e8b465ee728b)
Start importing Assets/Oculus/Interaction/Samples/Objects/Props/Locomotion/Materials/MetaLocoTutorialUIMat.fbx using Guid(7cee51529ca3046bd8a94b96d93191ea) Importer(815301076,1909f56bfc062723c751e8b465ee728b) [PhysX] Initialized MultithreadedTaskDispatcher with 32 workers.
[PhysX] Initialized MultithreadedTaskDispatcher with 32 workers.
[PhysX] Initialized MultithreadedTaskDispatcher with 32 workers.
[PhysX] Initialized MultithreadedTaskDispatcher with 32 workers.
 -> (artifact id: '15821741fc3d0589987be7676994b074') in 0.194803 seconds
Number of updated asset objects reloaded before import = 0
Number of asset objects unloaded after import = 8
========================================================================
Received Import Request.
  Time since last request: 0.000038 seconds.
  path: Assets/Oculus/Voice/Documentation/Samples/Chess/Chess with Conduit - Sample.asset
  artifactKey: Guid(55ab435aed4205c4d92a39036d22b62e) Importer(815301076,1909f56bfc062723c751e8b465ee728b)
Start importing Assets/Oculus/Voice/Documentation/Samples/Chess/Chess with Conduit - Sample.asset using Guid(55ab435aed4205c4d92a39036d22b62e) Importer(815301076,1909f56bfc062723c751e8b465ee728b) [PhysX] Initialized MultithreadedTaskDispatcher with 32 workers.
 -> (artifact id: '423266896c21ad83496e91689a0cf4a2') in 0.005323 seconds
Number of updated asset objects reloaded before import = 0
Number of asset objects unloaded after import = 3
========================================================================
Received Import Request.
  Time since last request: 0.000029 seconds.
  path: Assets/Oculus/VR/Scripts/BuildingBlocks/Meta.XR.BuildingBlocks.asmdef
  artifactKey: Guid(d0574574baafe9d4aa78d8df4a5e3e5e) Importer(815301076,1909f56bfc062723c751e8b465ee728b)
Start importing Assets/Oculus/VR/Scripts/BuildingBlocks/Meta.XR.BuildingBlocks.asmdef using Guid(d0574574baafe9d4aa78d8df4a5e3e5e) Importer(815301076,1909f56bfc062723c751e8b465ee728b) [PhysX] Initialized MultithreadedTaskDispatcher with 32 workers.
 -> (artifact id: 'd838a6080f971fb7393ad58594c25872') in 0.001760 seconds
Number of updated asset objects reloaded before import = 0
Number of asset objects unloaded after import = 0
========================================================================
Received Import Request.
  Time since last request: 0.000166 seconds.
  path: Assets/Oculus/SampleFramework/Core/CustomHands/Animations/l_hand_squirtgun_squeeze.fbx
  artifactKey: Guid(808dcbebdf91d4538b1a35ab4f5a5684) Importer(815301076,1909f56bfc062723c751e8b465ee728b)
Start importing Assets/Oculus/SampleFramework/Core/CustomHands/Animations/l_hand_squirtgun_squeeze.fbx using Guid(808dcbebdf91d4538b1a35ab4f5a5684) Importer(815301076,1909f56bfc062723c751e8b465ee728b) [PhysX] Initialized MultithreadedTaskDispatcher with 32 workers.
 -> (artifact id: '93c463a06e0c5041290dc7396becc4e7') in 0.005890 seconds
Number of updated asset objects reloaded before import = 0
Number of asset objects unloaded after import = 57
========================================================================
Received Import Request.
  Time since last request: 1.871122 seconds.
  path: Assets/Oculus/SampleFramework/Core/DebugUI/Prefabs/UIHelpers.prefab
  artifactKey: Guid(a9d2de84afb308a4796cc671d3432b4d) Importer(815301076,1909f56bfc062723c751e8b465ee728b)
Start importing Assets/Oculus/SampleFramework/Core/DebugUI/Prefabs/UIHelpers.prefab using Guid(a9d2de84afb308a4796cc671d3432b4d) Importer(815301076,1909f56bfc062723c751e8b465ee728b) [PhysX] Initialized MultithreadedTaskDispatcher with 32 workers.
[PhysX] Initialized MultithreadedTaskDispatcher with 32 workers.
 -> (artifact id: '3f5a2b645a75f9bcef884466bd2a548c') in 0.012946 seconds
Number of updated asset objects reloaded before import = 0
Number of asset objects unloaded after import = 18
Editor requested this worker to shutdown with reason: Scaling down because of idle timeout
TcpMessagingSession - receive error: operation aborted. errorcode: 995, details: 由于线程退出或应用程序请求，已中止 I/O 操作。
AssetImportWorker is now disconnected from the server
Process exiting
Exiting without the bug reporter. Application will terminate with return code 0