Using pre-set license
Built from '2022.3/staging' branch; Version is '2022.3.50f1 (c3db7f8bf9b1) revision 12835711'; Using compiler version '192829333'; Build Type 'Release'
OS: 'Windows 11  (10.0.26100) 64bit CoreCountrySpecific' Language: 'zh' Physical Memory: 16123 MB
BatchMode: 1, IsHumanControllingUs: 0, StartBugReporterOnCrash: 0, Is64bit: 1, IsPro: 1

COMMAND LINE ARGUMENTS:
D:\Unity Hub\editor\2022.3.50f1\Editor\Unity.exe
-adb2
-batchMode
-noUpm
-name
AssetImportWorker7
-projectPath
D:/Unity_project/VR_HW3
-logFile
Logs/AssetImportWorker7.log
-srvPort
63247
Successfully changed project path to: D:/Unity_project/VR_HW3
D:/Unity_project/VR_HW3
[UnityMemory] Configuration Parameters - Can be set up in boot.config
    "memorysetup-bucket-allocator-granularity=16"
    "memorysetup-bucket-allocator-bucket-count=8"
    "memorysetup-bucket-allocator-block-size=33554432"
    "memorysetup-bucket-allocator-block-count=8"
    "memorysetup-main-allocator-block-size=16777216"
    "memorysetup-thread-allocator-block-size=16777216"
    "memorysetup-gfx-main-allocator-block-size=16777216"
    "memorysetup-gfx-thread-allocator-block-size=16777216"
    "memorysetup-cache-allocator-block-size=4194304"
    "memorysetup-typetree-allocator-block-size=2097152"
    "memorysetup-profiler-bucket-allocator-granularity=16"
    "memorysetup-profiler-bucket-allocator-bucket-count=8"
    "memorysetup-profiler-bucket-allocator-block-size=33554432"
    "memorysetup-profiler-bucket-allocator-block-count=8"
    "memorysetup-profiler-allocator-block-size=16777216"
    "memorysetup-profiler-editor-allocator-block-size=1048576"
    "memorysetup-temp-allocator-size-main=16777216"
    "memorysetup-job-temp-allocator-block-size=2097152"
    "memorysetup-job-temp-allocator-block-size-background=1048576"
    "memorysetup-job-temp-allocator-reduction-small-platforms=262144"
    "memorysetup-allocator-temp-initial-block-size-main=262144"
    "memorysetup-allocator-temp-initial-block-size-worker=262144"
    "memorysetup-temp-allocator-size-background-worker=32768"
    "memorysetup-temp-allocator-size-job-worker=262144"
    "memorysetup-temp-allocator-size-preload-manager=33554432"
    "memorysetup-temp-allocator-size-nav-mesh-worker=65536"
    "memorysetup-temp-allocator-size-audio-worker=65536"
    "memorysetup-temp-allocator-size-cloud-worker=32768"
    "memorysetup-temp-allocator-size-gi-baking-worker=262144"
    "memorysetup-temp-allocator-size-gfx=262144"
Player connection [51416]  Target information:

Player connection [51416]  * "[IP] 26.181.25.47 [Port] 0 [Flags] 2 [Guid] 34886214 [EditorId] 34886214 [Version] 1048832 [Id] WindowsEditor(7,lenovo) [Debug] 1 [PackageName] WindowsEditor [ProjectName] Editor" 

Player connection [51416]  * "[IP] 172.17.192.1 [Port] 0 [Flags] 2 [Guid] 34886214 [EditorId] 34886214 [Version] 1048832 [Id] WindowsEditor(7,lenovo) [Debug] 1 [PackageName] WindowsEditor [ProjectName] Editor" 

Player connection [51416]  * "[IP] 183.173.211.123 [Port] 0 [Flags] 2 [Guid] 34886214 [EditorId] 34886214 [Version] 1048832 [Id] WindowsEditor(7,lenovo) [Debug] 1 [PackageName] WindowsEditor [ProjectName] Editor" 

Player connection [51416] Host joined multi-casting on [225.0.0.222:54997]...
Player connection [51416] Host joined alternative multi-casting on [225.0.0.222:34997]...
[PhysX] Initialized MultithreadedTaskDispatcher with 32 workers.
Refreshing native plugins compatible for Editor in 64.56 ms, found 8 plugins.
Preloading 2 native plugins for Editor in 6.40 ms.
Initialize engine version: 2022.3.50f1 (c3db7f8bf9b1)
[Subsystems] Discovering subsystems at path D:/Unity Hub/editor/2022.3.50f1/Editor/Data/Resources/UnitySubsystems
[Subsystems] Discovering subsystems at path D:/Unity_project/VR_HW3/Assets
GfxDevice: creating device client; threaded=0; jobified=0
Direct3D:
    Version:  Direct3D 11.0 [level 11.1]
    Renderer: NVIDIA GeForce RTX 4050 Laptop GPU (ID=0x28e1)
    Vendor:   NVIDIA
    VRAM:     5921 MB
    Driver:   32.0.15.6094
Shader 'Oculus/OVRMRCameraFrameLit': fallback shader 'Alpha-Diffuse' not found
Initialize mono
Mono path[0] = 'D:/Unity Hub/editor/2022.3.50f1/Editor/Data/Managed'
Mono path[1] = 'D:/Unity Hub/editor/2022.3.50f1/Editor/Data/MonoBleedingEdge/lib/mono/unityjit-win32'
Mono config path = 'D:/Unity Hub/editor/2022.3.50f1/Editor/Data/MonoBleedingEdge/etc'
Using monoOptions --debugger-agent=transport=dt_socket,embedding=1,server=y,suspend=n,address=127.0.0.1:56436
Begin MonoManager ReloadAssembly
Registering precompiled unity dll's ...
Register platform support module: D:/Unity Hub/editor/2022.3.50f1/Editor/Data/PlaybackEngines/WebGLSupport/UnityEditor.WebGL.Extensions.dll
Register platform support module: D:/Unity Hub/editor/2022.3.50f1/Editor/Data/PlaybackEngines/WindowsStandaloneSupport/UnityEditor.WindowsStandalone.Extensions.dll
Registered in 0.056383 seconds.
- Loaded All Assemblies, in  0.770 seconds
Native extension for WindowsStandalone target not found
Native extension for WebGL target not found
Mono: successfully reloaded assembly
- Finished resetting the current domain, in  0.294 seconds
Domain Reload Profiling: 1050ms
	BeginReloadAssembly (357ms)
		ExecutionOrderSort (0ms)
		DisableScriptedObjects (0ms)
		BackupInstance (0ms)
		ReleaseScriptingObjects (0ms)
		CreateAndSetChildDomain (1ms)
	RebuildCommonClasses (50ms)
	RebuildNativeTypeToScriptingClass (8ms)
	initialDomainReloadingComplete (143ms)
	LoadAllAssembliesAndSetupDomain (197ms)
		LoadAssemblies (331ms)
		RebuildTransferFunctionScriptingTraits (0ms)
		AnalyzeDomain (191ms)
			TypeCache.Refresh (190ms)
				TypeCache.ScanAssembly (172ms)
			ScanForSourceGeneratedMonoScriptInfo (0ms)
			ResolveRequiredComponents (0ms)
	FinalizeReload (295ms)
		ReleaseScriptCaches (0ms)
		RebuildScriptCaches (0ms)
		SetupLoadedEditorAssemblies (241ms)
			LogAssemblyErrors (0ms)
			InitializePlatformSupportModulesInManaged (22ms)
			SetLoadedEditorAssemblies (5ms)
			RefreshPlugins (0ms)
			BeforeProcessingInitializeOnLoad (3ms)
			ProcessInitializeOnLoadAttributes (165ms)
			ProcessInitializeOnLoadMethodAttributes (47ms)
			AfterProcessingInitializeOnLoad (0ms)
			EditorAssembliesLoaded (0ms)
		ExecutionOrderSort2 (0ms)
		AwakeInstancesAfterBackupRestoration (0ms)
========================================================================
Worker process is ready to serve import requests
Caller must complete domain reload
Begin MonoManager ReloadAssembly
- Loaded All Assemblies, in  1.101 seconds
Native extension for WindowsStandalone target not found
Native extension for WebGL target not found
Mono: successfully reloaded assembly
- Finished resetting the current domain, in  1.023 seconds
Domain Reload Profiling: 2086ms
	BeginReloadAssembly (305ms)
		ExecutionOrderSort (0ms)
		DisableScriptedObjects (6ms)
		BackupInstance (0ms)
		ReleaseScriptingObjects (0ms)
		CreateAndSetChildDomain (22ms)
	RebuildCommonClasses (32ms)
	RebuildNativeTypeToScriptingClass (8ms)
	initialDomainReloadingComplete (65ms)
	LoadAllAssembliesAndSetupDomain (652ms)
		LoadAssemblies (688ms)
		RebuildTransferFunctionScriptingTraits (0ms)
		AnalyzeDomain (189ms)
			TypeCache.Refresh (158ms)
				TypeCache.ScanAssembly (146ms)
			ScanForSourceGeneratedMonoScriptInfo (20ms)
			ResolveRequiredComponents (10ms)
	FinalizeReload (1023ms)
		ReleaseScriptCaches (0ms)
		RebuildScriptCaches (0ms)
		SetupLoadedEditorAssemblies (899ms)
			LogAssemblyErrors (0ms)
			InitializePlatformSupportModulesInManaged (13ms)
			SetLoadedEditorAssemblies (3ms)
			RefreshPlugins (0ms)
			BeforeProcessingInitializeOnLoad (132ms)
			ProcessInitializeOnLoadAttributes (705ms)
			ProcessInitializeOnLoadMethodAttributes (17ms)
			AfterProcessingInitializeOnLoad (29ms)
			EditorAssembliesLoaded (0ms)
		ExecutionOrderSort2 (0ms)
		AwakeInstancesAfterBackupRestoration (11ms)
Shader 'Oculus/OVRMRCameraFrameLit': fallback shader 'Alpha-Diffuse' not found
Launched and connected shader compiler UnityShaderCompiler.exe after 0.12 seconds
Refreshing native plugins compatible for Editor in 38.51 ms, found 8 plugins.
Preloading 2 native plugins for Editor in 0.39 ms.
Unloading 4998 Unused Serialized files (Serialized files now loaded: 0)
Unloading 21 unused Assets / (137.6 KB). Loaded Objects now: 5468.
Memory consumption went from 186.9 MB to 186.7 MB.
Total: 3.737100 ms (FindLiveObjects: 0.313900 ms CreateObjectMapping: 0.117600 ms MarkObjects: 3.168200 ms  DeleteObjects: 0.136200 ms)

AssetImportParameters requested are different than current active one (requested -> active):
  custom:scripting/monoscript/fileName/WitIntent.cs: b16c53bcdd4b02694d33f5fcb8acdf19 -> 
  custom:scripting/monoscript/fileName/GrabPointsPoseFinder.cs: 2ce4e7dd89758cfe15cc84bbdaa5d275 -> 
  custom:scripting/monoscript/fileName/CylinderProximityFieldEditor.cs: 3e379a0d9898211fdf7bd80a30343891 -> 
  custom:scripting/monoscript/fileName/CanvasMeshPointable.cs: c479bafc80e05db87d89b0e734294af3 -> 
  custom:scripting/monoscript/fileName/CylinderEditor.cs: b3e556284986a11c8d6bd82a7d7bef7e -> 
  custom:scripting/monoscript/fileName/GrabPoint.cs: a19e23b452c1156c6e2d489a5b9f5977 -> 
  custom:container-demuxer-ogg: 62fdf1f143b41e24485cea50d1cbac27 -> 
  custom:scripting/monoscript/fileName/OneHandRotateTransformer.cs: b4ad4fec7dbc0022b27ef2f1444e1086 -> 
  custom:scripting/monoscript/fileName/WitTraitValue.cs: c4fc68c99e4126ea4ce1abd10ab830cf -> 
  custom:scripting/monoscript/fileName/IMonoBehaviourFilter.cs: 9cedc3648a1ac103150b8378e75e48c4 -> 
  custom:scripting/monoscript/fileName/BezierSurfaceEditor.cs: 3bfdf637db9318a14fc832066acdc19a -> 
  custom:scripting/monoscript/fileName/SnapSurfaceHelper.cs: 7310cd667c1f6f32da3156d4956a11cb -> 
  custom:scripting/monoscript/fileName/InputDataProviderUpdateTriggerOVR.cs: c642c70bc2d53e104962e39be79e0283 -> 
  custom:scripting/monoscript/fileName/ITween.cs: d765ab2d93516afd5cff5e65cdb523ff -> 
  custom:scripting/monoscript/fileName/DropZoneInteractable.cs: da4c91e5f510c5633065c5ee349670e0 -> 
  custom:scripting/monoscript/fileName/InteractorGroup.cs: 075c37967371ab7213a5d5cca24ff1fc -> 60fe7361e8ecd7ffeba4477da21c55fe
  custom:scripting/monoscript/fileName/WitHttp.cs: 65528eef0357ac8698cea4e277f16a7c -> 
  custom:scripting/monoscript/fileName/BoxProximityField.cs: 8381476084cb2eebc09f6205ab260a5f -> 
  custom:scripting/monoscript/fileName/ProcessStep.cs: c70de6d5eef34fc1abe9451b4eb02d17 -> 
  custom:video-codec-MediaFoundation-h265: 746d11721c4dcdbdad8f713fa42b33f4 -> 
  custom:scripting/monoscript/fileName/WitTrainingUtterance.cs: a06d2df3896850626c28c2eee2f3361f -> 
  custom:scripting/monoscript/fileName/IInteractorComparer.cs: 134007cf487fdfbaee924b7d31a3e8ab -> 
  custom:scripting/monoscript/fileName/ITeleportArc.cs: 1ea6eacef0fbe7453ebeaaedd85bf98c -> 
  custom:scripting/monoscript/fileName/CylinderSurface.cs: 06b7f3fe576c2b562f08ad1445def42f -> 5bee5d43e279f1a3b524f87759982fd3
  custom:scripting/monoscript/fileName/TagMonoBehaviourFilter.cs: 899569d8afa40a8d293811b71b3f0a56 -> 
  custom:scripting/monoscript/fileName/SphereSurface.cs: 6d8b2477044e484ea8579f6f1f45e3a8 -> 
  custom:scripting/monoscript/fileName/LastKnownGoodDataModifier.cs: 0b2c17c40fb2875f055e57a3080d7c9d -> 
  custom:video-decoder-ogg-theora: a1e56fd34408186e4bbccfd4996cb3dc -> 
  custom:scripting/monoscript/fileName/WitEntityRole.cs: 8b2af296196ddab171c9825f773f77da -> 
  custom:scripting/monoscript/fileName/PointableCylinder.cs: 9a62d083874bdd860515054a450ac594 -> 
  custom:scripting/monoscript/fileName/AudioEncoding.cs: f84b3952f084caac261984fbd264acec -> 7f68c8ddbd6875f735f3280c1aa36e92
  custom:scripting/monoscript/fileName/InteractorDriver.cs: 285df5cb75aa79644c75f1cfa1d96ee4 -> 
  custom:framework-win-MediaFoundation: 216162199b28c13a410421893ffa2e32 -> 
  custom:scripting/monoscript/fileName/ISnapPoseProvider.cs: 3ec1f733df4df3213c9abc4abfa84cf1 -> 
  custom:scripting/monoscript/fileName/IDropZoneSlotsProvider.cs: fc82a4709de8cea85e0be7e46ba6942f -> 
  custom:scripting/monoscript/fileName/IAudioInputSource.cs: 9cedc902c969604d8ecab3d4c3d431d7 -> 938d3583ac997fe47e013c96006b1b9d
  custom:scripting/monoscript/fileName/BoxProximityFieldEditor.cs: 3ca172dc25f45b576b1261d9f0fc6a13 -> 
  custom:scripting/monoscript/fileName/ArcRangeModifier.cs: df4e86005874fa14c26dde0e58fe01b3 -> 
  custom:scripting/monoscript/fileName/TrainUtterances.cs: fad5269aa3542e54bceac07b82fa9fb2 -> 
  custom:scripting/monoscript/fileName/OVRSkeletonDataProviders.cs: c9301a8aea506ae86c85f3531883f294 -> 
  custom:scripting/monoscript/fileName/BoxEditor.cs: 6cb10ba4aeba036613100827e384c6dd -> 
  custom:scripting/monoscript/fileName/BoxSurface.cs: 64c4f1d5c8f509e2ebfbbe8cc0454ae3 -> 
  custom:scripting/monoscript/fileName/HandPoseRecordable.cs: be9aebb9e35f1a89cf251d5ebe16b65e -> 
  custom:scripting/monoscript/fileName/TwoHandFreeTransformer.cs: 5484f45a8b713e7524e309309f536d2e -> 
  custom:scripting/monoscript/fileName/InteractorDriverGroup.cs: 25a18cbb0a76e7a8f37930efac2dc5e3 -> 
  custom:scripting/monoscript/fileName/InteractableTransformableConnection.cs: aa199f160bbadaf2d2b7430adb4b19a9 -> 
  custom:scripting/monoscript/fileName/JointLocking.cs: 04ef49fdef9b40429c44bd8bb4f83933 -> 
  custom:scripting/monoscript/fileName/OneHandTranslateTransformer.cs: e5593db0756115f769defd5b1bc42e7e -> 
  custom:CustomObjectIndexerAttribute: 9a22284fe3817be447336de3de66b15e -> 
  custom:scripting/monoscript/fileName/WitResponse.cs: 85febed2f7a25f57ec48693bd452c142 -> 
  custom:scripting/monoscript/fileName/OneEuroFilterRotationHand.cs: b7c0c166a2ca9babc479709621d65436 -> 
  custom:scripting/monoscript/fileName/TagInteractableFilter.cs: 6c02bfd80ff65fe2d5965298b17e0457 -> 
  custom:scripting/monoscript/fileName/PointableCylinderEditor.cs: 6340733d6723a340786b526e9320784f -> 
  custom:container-demuxer-webm: 4f35f7cbe854078d1ac9338744f61a02 -> 
  custom:scripting/monoscript/fileName/PointProximityField.cs: 0f95fb408e97956db7a3762247f8adc0 -> 
  custom:scripting/monoscript/fileName/SnapAddress.cs: c2a235d307f5033a6468630481616552 -> 
  custom:scripting/monoscript/fileName/InteractorGroupMulti.cs: 6bc778766dfc2f0ec0ad2013ae6c3d21 -> 
  custom:scripting/monoscript/fileName/MicBase.cs: 1ee5e56060961d5fcfcdfe4529504890 -> 47b01f48927768722a8422b4ac545006
  custom:scripting/monoscript/fileName/DropZoneSequentialSlotsProvider.cs: 7cdedd3fff635f926ee01eb94826964d -> 
  custom:scripting/monoscript/fileName/SnapPoint.cs: 75b9e5a0f94c20895cbed2ad0cae1535 -> 
  custom:scripting/monoscript/fileName/WitTrait.cs: 3139215512626b390a96d2cb63ff9eda -> 
  custom:scripting/monoscript/fileName/ITransformable.cs: 215a3f4eeb91cb88c54863506271ef62 -> 
  custom:scripting/monoscript/fileName/CoroutineUtility.cs: fab89599511ae356a01c13a28fda4240 -> 821d19c5ac6a7e6baf82a95f7b4d30bf
  custom:scripting/monoscript/fileName/TeleportTurningGate.cs: 575c2ab79bdb37717f3efb10cff4d8ea -> 
  custom:scripting/monoscript/fileName/InputDataProviderUpdateTriggerOVREditor.cs: 296ebd2207288873d91d6a862e3b5272 -> 
  custom:scripting/monoscript/fileName/ColliderSurface.cs: b1cd8447e0ce952dcc7d7b666e8fca92 -> fc86642c94a9542e787a844561e4e4f2
  custom:scripting/monoscript/fileName/IInteractableRegistry.cs: 90647cc400823b41df847a6cbfc29026 -> 
  custom:scripting/monoscript/fileName/OneEuroFilterPositionHand.cs: 39d5de62c6b9f655efb66d407ad08fff -> 
  custom:scripting/monoscript/fileName/TTSStreamToggle.cs: 386098d9b6e67cd0a4ee56f3a7972a48 -> 0132d2e4cd28c22eddc3810c7daa80a8
  custom:scripting/monoscript/fileName/HandGrabInteractorVisual.cs: 4e78a3e45d86e390b096cc34598495d6 -> 
  custom:scripting/monoscript/fileName/WitRole.cs: d05ae217608bc7de182f2476f0c8e04d -> 
  custom:scripting/monoscript/fileName/WitIncomingEntity.cs: 78d455e2834b5f65d08838e068a6b637 -> 
  custom:scripting/monoscript/fileName/CylinderProximityField.cs: d46f096ca0f256553da6db049bd8e1f0 -> 
  custom:scripting/monoscript/fileName/OneEuroFilterRotationDataModifier.cs: bbc3acc82de59e5fbec702d8f8197eed -> 
  custom:scripting/monoscript/fileName/WitEntity.cs: f3634f6b005d657d9256924b6ee7724f -> 
  custom:container-muxer-webm: aa71ff27fc2769a1b78a27578f13a17b -> 
  custom:video-decoder-webm-vp8: 9c59270c3fd7afecdb556c50c9e8de78 -> 
  custom:scripting/monoscript/fileName/Payload.cs: 20bf3ab20e64bae704c38145b44c13ac -> 
  custom:scripting/monoscript/fileName/EnsureWitIntentsStep.cs: b136f8e7ef96058daebe6e4670855769 -> 
  custom:scripting/monoscript/fileName/HandGrabPointEditor.cs: 1de61d722aec3955a0ced3ddd1649237 -> 
  custom:scripting/monoscript/fileName/AimingStabilizedOrigin.cs: 8e9de4ec8ed1eca16b6b5ccdd53afdc0 -> 
  custom:scripting/monoscript/fileName/WitConfigurationData.cs: 1b59f7289bf740e9ef9f2be93d10f3d4 -> 
  custom:scripting/monoscript/fileName/VoiceUnityRequest.cs: e67404959cad22b5a8fdd8bc15940a60 -> 
  custom:scripting/monoscript/fileName/SyncWitEntitiesStep.cs: 2ad573a8b9afd7f1740d493d07a4c0da -> 
  custom:scripting/monoscript/fileName/PointableDelegate.cs: 90647cc400823b41df847a6cbfc29026 -> 
  custom:SearchIndexIgnoredProperties: e643bd26f0fe6173181afceb89e7c659 -> 
  custom:scripting/monoscript/fileName/PointablePlane.cs: 0c63873222e6ee1c4bb906924cab90d1 -> 
  custom:AudioImporter_EditorPlatform: d09bf68614088b80899f8185d706f6e7 -> 
  custom:scripting/monoscript/fileName/SphereEditor.cs: 276cafd8aae7e32d736a0c4daa10ab21 -> 
  custom:scripting/monoscript/fileName/CircleProximityField.cs: 3470d85e5a68b53f46ca8356f6863551 -> 
  custom:scripting/monoscript/fileName/Transformable.cs: 5a246a64658742dc20c886d79003f704 -> 
  custom:scripting/monoscript/fileName/InteractionOVRCameraRig.cs: 19e5e98fb10016c5e6956c7b291d0f17 -> 
  custom:scripting/monoscript/fileName/ObtainIdmData.cs: 93689dcf59e4155113dc068b963c769d -> 
  custom:scripting/monoscript/fileName/HandGrabPoint.cs: f8f9a4aeaae4341c0efe8cc3e2aa5fd8 -> 
  custom:scripting/monoscript/fileName/PointableGroup.cs: aea7bf2c731b6179d62dad93c7f1a961 -> 
  custom:scripting/monoscript/fileName/TransformableUnityEventWrapper.cs: aa0309b765937680c8aa9e4e094215f7 -> 
  custom:scripting/monoscript/fileName/MicDebug.cs: 0703043cca43f55a99276c84b88d73fb -> 75d2f3a208b34ca2e9e43f6d5775eb91
  custom:scripting/monoscript/fileName/OneHandPhysicsJointTransformer.cs: e946e3b4b5cd8cde3f541291179028e9 -> 
  custom:scripting/monoscript/fileName/WitApplication.cs: 19806fe5aebcf74124ed49d589a7e43e -> 
  custom:scripting/monoscript/fileName/IInteractorDriver.cs: fc0a89f4490fc0584b64c6fc827ee895 -> 
  custom:scripting/monoscript/fileName/GrabbableUnityEventWrapper.cs: 33df70b122ad7f22db2cbfaa0b81510a -> 
  custom:scripting/monoscript/fileName/BezierSurface.cs: da0b185221f59d400e85940f5ce71c91 -> 
  custom:scripting/monoscript/fileName/InteractorComparer.cs: 90647cc400823b41df847a6cbfc29026 -> 
  custom:scripting/monoscript/fileName/HandPoseRecorder.cs: d6ebfdaa7663426067642c12a6222914 -> 
  custom:scripting/monoscript/fileName/CanvasRenderTextureMesh.cs: ba9623d0f846f302f4c58ca374ea8422 -> 
  custom:scripting/monoscript/fileName/IProximityField.cs: 1b8f3ef3bb8397988a6923ea34f554a3 -> 
  custom:scripting/monoscript/fileName/HandGrabInteractionUtilities.cs: 5e1b87f0c932124d19544f2653fcf382 -> 
  custom:scripting/monoscript/fileName/OneHandFreeTransformer.cs: 80b454bb7a7e54382c3e5a83c645a9b0 -> 
  custom:scripting/monoscript/fileName/TwoHandPlaneTransformer.cs: 82508aadcccc9aaae16a3d02dab1f1dd -> 
  custom:scripting/monoscript/fileName/IWitHttp.cs: 91506f2edcd3bae61fa15b5c8c35b6d5 -> 
  custom:scripting/monoscript/fileName/JointRotationHistoryModifier.cs: b84eeaa16ce785ca3e0b5335f31473cc -> 
  custom:scripting/monoscript/fileName/TTSWitVoiceData.cs: 879b5b5a667decd113f2ef27fec58193 -> 
  custom:video-encoder-webm-vp8: eb34c28f22e8b96e1ab97ce403110664 -> 
  custom:scripting/monoscript/fileName/FingerGrabAPI.cs: f38129e37b49d6e3a171bd504092712b -> 
  custom:scripting/monoscript/fileName/DummyDataModifier.cs: ebbb5589f565d8685d37bb183b4c3ff4 -> 
  custom:scripting/monoscript/fileName/IDistanceInteractable.cs: c2d2949b74e1e24067c043dc8ee82c5a -> 
  custom:audio-decoder-ogg-vorbis: bf7c407c2cedff20999df2af8eb42d56 -> 
  custom:scripting/monoscript/fileName/SyntheticHandModifier.cs: 873320c031209152e80a3521b7c6e3f2 -> 
  custom:scripting/monoscript/fileName/ISnapSurface.cs: e613c1039942a8c6f8524e6d36ccbc1b -> 
  custom:scripting/monoscript/fileName/HandGrab.cs: 50288240abd576346d83074011541b5b -> 
  custom:scripting/monoscript/fileName/TTSSpeakerInput.cs: 827d47b543f4663c13881e200e539afd -> 9224de466064073281bc72c5b8b2748c
  custom:scripting/monoscript/fileName/OneEuroFilterPositionDataModifier.cs: da29522a4b6eb1cb5f6511bdbdd27a95 -> 
  custom:scripting/monoscript/fileName/WitTrainingEntity.cs: f6d2096c03af45821ae473c66af255f2 -> 
  custom:scripting/monoscript/fileName/WitEntityKeyword.cs: b5b67313fa30a40635477940a31ddbde -> 
  custom:scripting/monoscript/fileName/PointableGrabbableConnection.cs: 35ac7dedcc44186f6f6c7bf3730e6343 -> 
  custom:scripting/monoscript/fileName/FixedScaleDataModifier.cs: 89e1be89d924ac28373337b3361e61dd -> 
  custom:scripting/monoscript/fileName/PointablePlaneEditor.cs: 37a91ecc3d62d378d68629c686a51361 -> 
  custom:scripting/monoscript/fileName/WitTrainer.cs: 5fb3c95ba24e9cf857cd9b4cee94291b -> 
  custom:scripting/monoscript/fileName/IInteractableFilter.cs: 81259a32cb7c13def6a0b70f08c66048 -> 
  custom:scripting/monoscript/fileName/TTSStatusLabel.cs: 17147acb333fe55f1217dee5b341ea9e -> 
  custom:scripting/monoscript/fileName/DropZoneInteractor.cs: 76b4b17e6eac72d8f5a16e87fd0e63b5 -> 
  custom:scripting/monoscript/fileName/IAspectProvider.cs: 9859c5919d893814fee2cdd590f4f949 -> 
  custom:scripting/monoscript/fileName/OnConduitFailedParameterResolutionAttribute.cs: 60901a81960a7c5a81c752381f8034ab -> 
  custom:scripting/monoscript/fileName/Mic.cs: 525051591b471bdbfa16530d37dcb655 -> 5fc48121bdfa6f25d9345006a81f8860
  custom:scripting/monoscript/fileName/TTSCacheToggle.cs: fef530a103c6b74722a7b6f18941e54c -> 410df47b336bde136543845320d773f8
  custom:scripting/monoscript/fileName/MicPermissionsManager.cs: 81a336319435a61331b696a347e78b9e -> f25de0368c3638f9a3bd7e7f63f0755a
  custom:scripting/monoscript/fileName/StepRunner.cs: 6ab640738f608e4b47206553c39b2c58 -> 
  custom:scripting/monoscript/fileName/WitUnityRequest.cs: 2bd88b304dddeb742392b5d5568e7bf7 -> 156bc76d85c310a98e115eec74a771cd
  custom:audio-encoder-webm-vorbis: bf7c407c2cedff20999df2af8eb42d56 -> 
  custom:scripting/monoscript/fileName/CircleProximityFieldEditor.cs: 55b157de94575afe7fdac58cd51e3b1c -> 
  custom:scripting/monoscript/fileName/TTSErrorText.cs: f03cdbc7b1d745067e8f357414e703b1 -> 21a4d51c9f7822c5dae2e2c7e2605044
  custom:scripting/monoscript/fileName/FingerPinchAPI.cs: 478ca37299a2b7ce3d309683ce89043a -> 
  custom:scripting/monoscript/fileName/IPointableSurface.cs: d7a8e441db2730be64c585bb12bf4db1 -> 
  custom:scripting/monoscript/fileName/PhysicsTransformable.cs: 5811faf37734ce7ec9b28418c4758de1 -> 
  custom:scripting/monoscript/fileName/PitchRemap.cs: 5b7277eeb0a8effc4822cb897b70f197 -> 
  custom:scripting/monoscript/fileName/WitOutgoingEntity.cs: c7126ba0b7fa09ef7a925f4dc186e5b7 -> 
  custom:scripting/monoscript/fileName/LocomotionGateVisual.cs: e25bbb39051f52b97c3e93bb37ab390d -> 
  custom:scripting/monoscript/fileName/TTSWitVoiceUtility.cs: eee5b9af7f1fc7fc0da148c8bdf0ad4f -> 
  custom:scripting/monoscript/fileName/HandleEntityResolutionFailureAttribute.cs: c6e2d1dd1bcaba0322547519e0e12ac7 -> 
========================================================================
Received Import Request.
  Time since last request: 287523.914230 seconds.
  path: Assets/Oculus/VR/Editor/OVRLayerAttributeEditor.cs
  artifactKey: Guid(6c08392d306aac74a88ba571af63c985) Importer(2089858483,0ecaa5967403d082aa24f35e1b516d23)
Start importing Assets/Oculus/VR/Editor/OVRLayerAttributeEditor.cs using Guid(6c08392d306aac74a88ba571af63c985) Importer(2089858483,0ecaa5967403d082aa24f35e1b516d23) [PhysX] Initialized MultithreadedTaskDispatcher with 32 workers.
 -> (artifact id: '962aece762bc320b796047d82740fcf9') in 0.113004 seconds
Number of updated asset objects reloaded before import = 0
Number of asset objects unloaded after import = 1
========================================================================
Received Import Request.
  Time since last request: 0.000107 seconds.
  path: Assets/Oculus/VR/Scripts/OVRPassthroughLayer.cs
  artifactKey: Guid(555725d48e9051a4bb6b8d45178c2fdd) Importer(2089858483,0ecaa5967403d082aa24f35e1b516d23)
Start importing Assets/Oculus/VR/Scripts/OVRPassthroughLayer.cs using Guid(555725d48e9051a4bb6b8d45178c2fdd) Importer(2089858483,0ecaa5967403d082aa24f35e1b516d23) [PhysX] Initialized MultithreadedTaskDispatcher with 32 workers.
 -> (artifact id: '705ff34cdb689b7c5966f650887cf662') in 0.016233 seconds
Number of updated asset objects reloaded before import = 0
Number of asset objects unloaded after import = 1
========================================================================
Received Import Request.
  Time since last request: 0.000145 seconds.
  path: Assets/Oculus/VR/Scripts/OVRFaceExpressions.cs
  artifactKey: Guid(a95044baf65b10c4e89b246d2f881ac9) Importer(2089858483,0ecaa5967403d082aa24f35e1b516d23)
Start importing Assets/Oculus/VR/Scripts/OVRFaceExpressions.cs using Guid(a95044baf65b10c4e89b246d2f881ac9) Importer(2089858483,0ecaa5967403d082aa24f35e1b516d23) [PhysX] Initialized MultithreadedTaskDispatcher with 32 workers.
 -> (artifact id: 'a5b2daf163c2926806b60d54b0518b1c') in 0.009590 seconds
Number of updated asset objects reloaded before import = 0
Number of asset objects unloaded after import = 1
========================================================================
Received Import Request.
  Time since last request: 0.000174 seconds.
  path: Assets/Oculus/VR/Textures/Black.png
  artifactKey: Guid(a025c23fceb7d4966b603419f551ce99) Importer(2089858483,0ecaa5967403d082aa24f35e1b516d23)
Start importing Assets/Oculus/VR/Textures/Black.png using Guid(a025c23fceb7d4966b603419f551ce99) Importer(2089858483,0ecaa5967403d082aa24f35e1b516d23) [PhysX] Initialized MultithreadedTaskDispatcher with 32 workers.
 -> (artifact id: '0755d75634c6fc4046f9c691c8c792c6') in 0.082887 seconds
Number of updated asset objects reloaded before import = 0
Number of asset objects unloaded after import = 1
========================================================================
Received Import Request.
  Time since last request: 0.000102 seconds.
  path: Assets/Oculus/VR/Scripts/OVRSceneManager.cs
  artifactKey: Guid(f2253d75e3ddc644b8153409c62dd74e) Importer(2089858483,0ecaa5967403d082aa24f35e1b516d23)
Start importing Assets/Oculus/VR/Scripts/OVRSceneManager.cs using Guid(f2253d75e3ddc644b8153409c62dd74e) Importer(2089858483,0ecaa5967403d082aa24f35e1b516d23) [PhysX] Initialized MultithreadedTaskDispatcher with 32 workers.
 -> (artifact id: '1e35bdd95f68224f61310fcec7b47396') in 0.009553 seconds
Number of updated asset objects reloaded before import = 0
Number of asset objects unloaded after import = 1
========================================================================
Received Import Request.
  Time since last request: 0.000384 seconds.
  path: Assets/Oculus/VR/Textures/gaze_cursor.png
  artifactKey: Guid(077028084dceb584798dade6c58d1978) Importer(2089858483,0ecaa5967403d082aa24f35e1b516d23)
Start importing Assets/Oculus/VR/Textures/gaze_cursor.png using Guid(077028084dceb584798dade6c58d1978) Importer(2089858483,0ecaa5967403d082aa24f35e1b516d23) [PhysX] Initialized MultithreadedTaskDispatcher with 32 workers.
 -> (artifact id: 'cf142b03a197ba00121f82c286a38027') in 0.023027 seconds
Number of updated asset objects reloaded before import = 0
Number of asset objects unloaded after import = 1
========================================================================
Received Import Request.
  Time since last request: 0.000064 seconds.
  path: Assets/Oculus/VR/Textures/gaze_cursor_timer.tga
  artifactKey: Guid(79a33e7a7166c6142ad50f46a9a23d3e) Importer(2089858483,0ecaa5967403d082aa24f35e1b516d23)
Start importing Assets/Oculus/VR/Textures/gaze_cursor_timer.tga using Guid(79a33e7a7166c6142ad50f46a9a23d3e) Importer(2089858483,0ecaa5967403d082aa24f35e1b516d23) [PhysX] Initialized MultithreadedTaskDispatcher with 32 workers.
 -> (artifact id: 'b674ff8ee526236dcf8520dde024e0ac') in 0.021705 seconds
Number of updated asset objects reloaded before import = 0
Number of asset objects unloaded after import = 1
========================================================================
Received Import Request.
  Time since last request: 0.000129 seconds.
  path: Assets/Oculus/VR/Resources/OVRMRChromaKey.cginc
  artifactKey: Guid(680577023e93e564c9b00f18b0164afa) Importer(2089858483,0ecaa5967403d082aa24f35e1b516d23)
Start importing Assets/Oculus/VR/Resources/OVRMRChromaKey.cginc using Guid(680577023e93e564c9b00f18b0164afa) Importer(2089858483,0ecaa5967403d082aa24f35e1b516d23) [PhysX] Initialized MultithreadedTaskDispatcher with 32 workers.
 -> (artifact id: '7cd9919fe40e38d42c0f21674c23cf4e') in 0.010534 seconds
Number of updated asset objects reloaded before import = 0
Number of asset objects unloaded after import = 1
========================================================================
Received Import Request.
  Time since last request: 0.000105 seconds.
  path: Assets/Oculus/VR/Textures/cube_texture.png
  artifactKey: Guid(020d1a102a7f2a14ebf6cefe7b977303) Importer(2089858483,0ecaa5967403d082aa24f35e1b516d23)
Start importing Assets/Oculus/VR/Textures/cube_texture.png using Guid(020d1a102a7f2a14ebf6cefe7b977303) Importer(2089858483,0ecaa5967403d082aa24f35e1b516d23) [PhysX] Initialized MultithreadedTaskDispatcher with 32 workers.
 -> (artifact id: '6ae6655d5ac9153ec497dadef7694450') in 0.020944 seconds
Number of updated asset objects reloaded before import = 0
Number of asset objects unloaded after import = 1
========================================================================
Received Import Request.
  Time since last request: 0.000102 seconds.
  path: Assets/Oculus/VR/Scripts/OVRSceneAnchor.cs
  artifactKey: Guid(8ab3ec25e32ce0c4380714d75e39cb05) Importer(2089858483,0ecaa5967403d082aa24f35e1b516d23)
Start importing Assets/Oculus/VR/Scripts/OVRSceneAnchor.cs using Guid(8ab3ec25e32ce0c4380714d75e39cb05) Importer(2089858483,0ecaa5967403d082aa24f35e1b516d23) [PhysX] Initialized MultithreadedTaskDispatcher with 32 workers.
 -> (artifact id: '5663625771fb773756b36ecad152ec2c') in 0.011599 seconds
Number of updated asset objects reloaded before import = 0
Number of asset objects unloaded after import = 1
========================================================================
Received Import Request.
  Time since last request: 0.000022 seconds.
  path: Assets/Oculus/VR/Scripts/ProcessPort.cs
  artifactKey: Guid(17dd7e783188e83429006afe222c8d1f) Importer(2089858483,0ecaa5967403d082aa24f35e1b516d23)
Start importing Assets/Oculus/VR/Scripts/ProcessPort.cs using Guid(17dd7e783188e83429006afe222c8d1f) Importer(2089858483,0ecaa5967403d082aa24f35e1b516d23) [PhysX] Initialized MultithreadedTaskDispatcher with 32 workers.
 -> (artifact id: '809c851f39a159af8ddd8c12d0cfb26a') in 0.012643 seconds
Number of updated asset objects reloaded before import = 0
Number of asset objects unloaded after import = 1
========================================================================
Received Import Request.
  Time since last request: 0.000090 seconds.
  path: Assets/Oculus/VR/Editor/OVRScreenshotWizard.cs
  artifactKey: Guid(b8b9ee1d7b188284f90d944cd54eb026) Importer(2089858483,0ecaa5967403d082aa24f35e1b516d23)
Start importing Assets/Oculus/VR/Editor/OVRScreenshotWizard.cs using Guid(b8b9ee1d7b188284f90d944cd54eb026) Importer(2089858483,0ecaa5967403d082aa24f35e1b516d23) [PhysX] Initialized MultithreadedTaskDispatcher with 32 workers.
 -> (artifact id: '81149f779a6aacee5a8b8d1f91a65f26') in 0.013440 seconds
Number of updated asset objects reloaded before import = 0
Number of asset objects unloaded after import = 1
========================================================================
Received Import Request.
  Time since last request: 0.000126 seconds.
  path: Assets/Oculus/VR/Editor/OVRPluginInfo.cs
  artifactKey: Guid(1f92d53f052741758304c4518f58f607) Importer(2089858483,0ecaa5967403d082aa24f35e1b516d23)
Start importing Assets/Oculus/VR/Editor/OVRPluginInfo.cs using Guid(1f92d53f052741758304c4518f58f607) Importer(2089858483,0ecaa5967403d082aa24f35e1b516d23) [PhysX] Initialized MultithreadedTaskDispatcher with 32 workers.
 -> (artifact id: 'd4cd488d60c526f3c9993b990bc8a2dc') in 0.014631 seconds
Number of updated asset objects reloaded before import = 0
Number of asset objects unloaded after import = 1
========================================================================
Received Import Request.
  Time since last request: 0.000018 seconds.
  path: Assets/Oculus/VR/Prefabs/OVRPlayerController.prefab
  artifactKey: Guid(ce816f2e6abb0504092c23ed9b970dfd) Importer(2089858483,0ecaa5967403d082aa24f35e1b516d23)
Start importing Assets/Oculus/VR/Prefabs/OVRPlayerController.prefab using Guid(ce816f2e6abb0504092c23ed9b970dfd) Importer(2089858483,0ecaa5967403d082aa24f35e1b516d23) [PhysX] Initialized MultithreadedTaskDispatcher with 32 workers.
 -> (artifact id: 'bd98ca976046a4d86cb5171457bf4aad') in 0.048072 seconds
Number of updated asset objects reloaded before import = 0
Number of asset objects unloaded after import = 38
========================================================================
Received Import Request.
  Time since last request: 2.567026 seconds.
  path: Assets/Oculus/Interaction/Editor/AutoWiring/AutoWiring.cs
  artifactKey: Guid(87e14328c5481cd458e1749181aaa1f5) Importer(2089858483,0ecaa5967403d082aa24f35e1b516d23)
Start importing Assets/Oculus/Interaction/Editor/AutoWiring/AutoWiring.cs using Guid(87e14328c5481cd458e1749181aaa1f5) Importer(2089858483,0ecaa5967403d082aa24f35e1b516d23) [PhysX] Initialized MultithreadedTaskDispatcher with 32 workers.
 -> (artifact id: '2eba07b092dca241a0fc465f88a9329b') in 0.022209 seconds
Number of updated asset objects reloaded before import = 0
Number of asset objects unloaded after import = 1
========================================================================
Received Import Request.
  Time since last request: 0.000411 seconds.
  path: Assets/Oculus/Interaction/Editor/Surfaces/SurfaceDrawing.cs
  artifactKey: Guid(bf88c6307a5127044b8532fafa492449) Importer(2089858483,0ecaa5967403d082aa24f35e1b516d23)
Start importing Assets/Oculus/Interaction/Editor/Surfaces/SurfaceDrawing.cs using Guid(bf88c6307a5127044b8532fafa492449) Importer(2089858483,0ecaa5967403d082aa24f35e1b516d23) [PhysX] Initialized MultithreadedTaskDispatcher with 32 workers.
 -> (artifact id: '668786a194b24a2ae06c0b613966e55a') in 0.027103 seconds
Number of updated asset objects reloaded before import = 0
Number of asset objects unloaded after import = 1
========================================================================
Received Import Request.
  Time since last request: 0.000217 seconds.
  path: Assets/Oculus/Interaction/Runtime/Textures/Reticle-Dot.png
  artifactKey: Guid(aa3a2b3718100f84fb5d8ff9adb8ccb7) Importer(2089858483,0ecaa5967403d082aa24f35e1b516d23)
Start importing Assets/Oculus/Interaction/Runtime/Textures/Reticle-Dot.png using Guid(aa3a2b3718100f84fb5d8ff9adb8ccb7) Importer(2089858483,0ecaa5967403d082aa24f35e1b516d23) [PhysX] Initialized MultithreadedTaskDispatcher with 32 workers.
 -> (artifact id: '7e1feab27d8cdc6df31515f0432879e0') in 0.045099 seconds
Number of updated asset objects reloaded before import = 0
Number of asset objects unloaded after import = 3
========================================================================
Received Import Request.
  Time since last request: 0.000035 seconds.
  path: Assets/Oculus/Interaction/Editor/Surfaces/ClippedCylinderSurfaceEditor.cs
  artifactKey: Guid(3c85fb333acdbe64083291403294e7aa) Importer(2089858483,0ecaa5967403d082aa24f35e1b516d23)
Start importing Assets/Oculus/Interaction/Editor/Surfaces/ClippedCylinderSurfaceEditor.cs using Guid(3c85fb333acdbe64083291403294e7aa) Importer(2089858483,0ecaa5967403d082aa24f35e1b516d23) [PhysX] Initialized MultithreadedTaskDispatcher with 32 workers.
 -> (artifact id: '8a2f4e6bfe0ed44dccb75756a1614799') in 0.008388 seconds
Number of updated asset objects reloaded before import = 0
Number of asset objects unloaded after import = 1
========================================================================
Received Import Request.
  Time since last request: 0.000073 seconds.
  path: Assets/Oculus/Interaction/Samples/Materials/Planet.fbx
  artifactKey: Guid(b18ecf061c91da1439b820dd542f206d) Importer(2089858483,0ecaa5967403d082aa24f35e1b516d23)
Start importing Assets/Oculus/Interaction/Samples/Materials/Planet.fbx using Guid(b18ecf061c91da1439b820dd542f206d) Importer(2089858483,0ecaa5967403d082aa24f35e1b516d23) [PhysX] Initialized MultithreadedTaskDispatcher with 32 workers.
 -> (artifact id: '31e7510ea1dca0a3cb83ede5dca044d3') in 0.072064 seconds
Number of updated asset objects reloaded before import = 0
Number of asset objects unloaded after import = 9
========================================================================
Received Import Request.
  Time since last request: 0.000025 seconds.
  path: Assets/Oculus/Interaction/Samples/Animations/TutorialSnapRotate_0.anim
  artifactKey: Guid(8ab9f54536bd2c8468a988a708b42a5c) Importer(2089858483,0ecaa5967403d082aa24f35e1b516d23)
Start importing Assets/Oculus/Interaction/Samples/Animations/TutorialSnapRotate_0.anim using Guid(8ab9f54536bd2c8468a988a708b42a5c) Importer(2089858483,0ecaa5967403d082aa24f35e1b516d23) [PhysX] Initialized MultithreadedTaskDispatcher with 32 workers.
 -> (artifact id: '07a225b94e45dd59b2ba49636a33705c') in 0.088373 seconds
Number of updated asset objects reloaded before import = 0
Number of asset objects unloaded after import = 1
========================================================================
Received Import Request.
  Time since last request: 0.000179 seconds.
  path: Assets/Oculus/Interaction/Runtime/Textures/fingers_glow_mask.png
  artifactKey: Guid(67be4f15fa1af0c4486fedbfeb87774c) Importer(2089858483,0ecaa5967403d082aa24f35e1b516d23)
Start importing Assets/Oculus/Interaction/Runtime/Textures/fingers_glow_mask.png using Guid(67be4f15fa1af0c4486fedbfeb87774c) Importer(2089858483,0ecaa5967403d082aa24f35e1b516d23) [PhysX] Initialized MultithreadedTaskDispatcher with 32 workers.
 -> (artifact id: 'b4bf8a0f345b5f76da3d13737ca97612') in 0.024441 seconds
Number of updated asset objects reloaded before import = 0
Number of asset objects unloaded after import = 1
========================================================================
Received Import Request.
  Time since last request: 0.000060 seconds.
  path: Assets/Oculus/Interaction/Runtime/Materials/PointerMaterial.mat
  artifactKey: Guid(a5ab67b9bab162c4c991a6570b62c2ed) Importer(2089858483,0ecaa5967403d082aa24f35e1b516d23)
Start importing Assets/Oculus/Interaction/Runtime/Materials/PointerMaterial.mat using Guid(a5ab67b9bab162c4c991a6570b62c2ed) Importer(2089858483,0ecaa5967403d082aa24f35e1b516d23) [PhysX] Initialized MultithreadedTaskDispatcher with 32 workers.
 -> (artifact id: 'd25e79ed2b8865a6142adeb05cd3a705') in 0.016299 seconds
Number of updated asset objects reloaded before import = 0
Number of asset objects unloaded after import = 2
========================================================================
Received Import Request.
  Time since last request: 0.000023 seconds.
  path: Assets/Oculus/Interaction/Runtime/Meshes/HandLeft.asset
  artifactKey: Guid(d62eb29994855484da750dff41b8b018) Importer(2089858483,0ecaa5967403d082aa24f35e1b516d23)
Start importing Assets/Oculus/Interaction/Runtime/Meshes/HandLeft.asset using Guid(d62eb29994855484da750dff41b8b018) Importer(2089858483,0ecaa5967403d082aa24f35e1b516d23) [PhysX] Initialized MultithreadedTaskDispatcher with 32 workers.
 -> (artifact id: '69027a8a17dd97d3e89d841249a66d04') in 0.017904 seconds
Number of updated asset objects reloaded before import = 0
Number of asset objects unloaded after import = 1
========================================================================
Received Import Request.
  Time since last request: 0.000064 seconds.
  path: Assets/Oculus/Interaction/Runtime/Materials/OculusHandPinchMaterial.mat
  artifactKey: Guid(861c253c01be7f7489f64e9ac001a10c) Importer(2089858483,0ecaa5967403d082aa24f35e1b516d23)
Start importing Assets/Oculus/Interaction/Runtime/Materials/OculusHandPinchMaterial.mat using Guid(861c253c01be7f7489f64e9ac001a10c) Importer(2089858483,0ecaa5967403d082aa24f35e1b516d23) [PhysX] Initialized MultithreadedTaskDispatcher with 32 workers.
 -> (artifact id: 'dce88ec24736cd0005c0dfad18a7e860') in 0.039891 seconds
Number of updated asset objects reloaded before import = 0
Number of asset objects unloaded after import = 1
========================================================================
Received Import Request.
  Time since last request: 0.000018 seconds.
  path: Assets/Oculus/Interaction/Editor/PackageUtils/AssetListWindow.cs
  artifactKey: Guid(ecccce924260f0a47ae428db9ff1a6ad) Importer(2089858483,0ecaa5967403d082aa24f35e1b516d23)
Start importing Assets/Oculus/Interaction/Editor/PackageUtils/AssetListWindow.cs using Guid(ecccce924260f0a47ae428db9ff1a6ad) Importer(2089858483,0ecaa5967403d082aa24f35e1b516d23) [PhysX] Initialized MultithreadedTaskDispatcher with 32 workers.
 -> (artifact id: '16f759fca9e4fea7098911a71ba71a52') in 0.009722 seconds
Number of updated asset objects reloaded before import = 0
Number of asset objects unloaded after import = 1
========================================================================
Received Import Request.
  Time since last request: 0.000086 seconds.
  path: Assets/Oculus/Interaction/Editor/Surfaces/ClippedPlaneSurfaceEditor.cs
  artifactKey: Guid(313c3cc53f8d2cb4196f3850d3da63dc) Importer(2089858483,0ecaa5967403d082aa24f35e1b516d23)
Start importing Assets/Oculus/Interaction/Editor/Surfaces/ClippedPlaneSurfaceEditor.cs using Guid(313c3cc53f8d2cb4196f3850d3da63dc) Importer(2089858483,0ecaa5967403d082aa24f35e1b516d23) [PhysX] Initialized MultithreadedTaskDispatcher with 32 workers.
 -> (artifact id: 'b4582d676472e2e35d799ffbb57f7653') in 0.013000 seconds
Number of updated asset objects reloaded before import = 0
Number of asset objects unloaded after import = 1
========================================================================
Received Import Request.
  Time since last request: 0.000178 seconds.
  path: Assets/Oculus/Interaction/Samples/Prefabs/DeprecatedSceneInfo.prefab
  artifactKey: Guid(20a1e5fad20085a48bd7b8e7fb549b93) Importer(2089858483,0ecaa5967403d082aa24f35e1b516d23)
Start importing Assets/Oculus/Interaction/Samples/Prefabs/DeprecatedSceneInfo.prefab using Guid(20a1e5fad20085a48bd7b8e7fb549b93) Importer(2089858483,0ecaa5967403d082aa24f35e1b516d23) [PhysX] Initialized MultithreadedTaskDispatcher with 32 workers.
 -> (artifact id: 'dda2d36e0fde9df565d63963dcbfb46d') in 0.072919 seconds
Number of updated asset objects reloaded before import = 0
Number of asset objects unloaded after import = 26
========================================================================
Received Import Request.
  Time since last request: 0.000023 seconds.
  path: Assets/Oculus/Interaction/Runtime/Materials/DistanceReticle.mat
  artifactKey: Guid(f76ac96be52ce764aa832df99e34d87a) Importer(2089858483,0ecaa5967403d082aa24f35e1b516d23)
Start importing Assets/Oculus/Interaction/Runtime/Materials/DistanceReticle.mat using Guid(f76ac96be52ce764aa832df99e34d87a) Importer(2089858483,0ecaa5967403d082aa24f35e1b516d23) [PhysX] Initialized MultithreadedTaskDispatcher with 32 workers.
 -> (artifact id: '693efb84e6cb35caea7bc9a411291402') in 0.018103 seconds
Number of updated asset objects reloaded before import = 0
Number of asset objects unloaded after import = 2
========================================================================
Received Import Request.
  Time since last request: 0.000027 seconds.
  path: Assets/Oculus/Interaction/Runtime/Shaders/GlowFunctions.cginc
  artifactKey: Guid(a82fbf39518dc40cdb77a4e40dfbfbc9) Importer(2089858483,0ecaa5967403d082aa24f35e1b516d23)
Start importing Assets/Oculus/Interaction/Runtime/Shaders/GlowFunctions.cginc using Guid(a82fbf39518dc40cdb77a4e40dfbfbc9) Importer(2089858483,0ecaa5967403d082aa24f35e1b516d23) [PhysX] Initialized MultithreadedTaskDispatcher with 32 workers.
 -> (artifact id: '6e79d47653627b1a38a204e64db691b9') in 0.012059 seconds
Number of updated asset objects reloaded before import = 0
Number of asset objects unloaded after import = 1
========================================================================
Received Import Request.
  Time since last request: 2.491929 seconds.
  path: Assets/Oculus/Interaction/Samples/Scripts/ScaleModifier.cs
  artifactKey: Guid(586427432b00198488881015ab3989b6) Importer(2089858483,0ecaa5967403d082aa24f35e1b516d23)
Start importing Assets/Oculus/Interaction/Samples/Scripts/ScaleModifier.cs using Guid(586427432b00198488881015ab3989b6) Importer(2089858483,0ecaa5967403d082aa24f35e1b516d23) [PhysX] Initialized MultithreadedTaskDispatcher with 32 workers.
 -> (artifact id: '712a799f7a66190b5c19315bb9ab8f80') in 0.024800 seconds
Number of updated asset objects reloaded before import = 0
Number of asset objects unloaded after import = 1
========================================================================
Received Import Request.
  Time since last request: 0.000474 seconds.
  path: Assets/Oculus/SampleFramework/Usage/AppDeeplink/AppDeeplinkUI.cs
  artifactKey: Guid(027619fb17fc6bc45ae5b76ade2abc42) Importer(2089858483,0ecaa5967403d082aa24f35e1b516d23)
Start importing Assets/Oculus/SampleFramework/Usage/AppDeeplink/AppDeeplinkUI.cs using Guid(027619fb17fc6bc45ae5b76ade2abc42) Importer(2089858483,0ecaa5967403d082aa24f35e1b516d23) [PhysX] Initialized MultithreadedTaskDispatcher with 32 workers.
 -> (artifact id: 'b045d55cfdecdb8e1995dade5dc18a21') in 0.021381 seconds
Number of updated asset objects reloaded before import = 0
Number of asset objects unloaded after import = 1
========================================================================
Received Import Request.
  Time since last request: 0.000276 seconds.
  path: Assets/Oculus/Platform/Scripts/Models/SendInvitesResult.cs
  artifactKey: Guid(151e72aad472909498adcc84af2e45c3) Importer(2089858483,0ecaa5967403d082aa24f35e1b516d23)
Start importing Assets/Oculus/Platform/Scripts/Models/SendInvitesResult.cs using Guid(151e72aad472909498adcc84af2e45c3) Importer(2089858483,0ecaa5967403d082aa24f35e1b516d23) [PhysX] Initialized MultithreadedTaskDispatcher with 32 workers.
 -> (artifact id: '874edc54d59b2165797445f88adc369b') in 0.015837 seconds
Number of updated asset objects reloaded before import = 0
Number of asset objects unloaded after import = 1
========================================================================
Received Import Request.
  Time since last request: 0.000033 seconds.
  path: Assets/Oculus/Platform/Scripts/Models/AvatarEditorResult.cs
  artifactKey: Guid(111644342aafaae42bf28b9579460376) Importer(2089858483,0ecaa5967403d082aa24f35e1b516d23)
Start importing Assets/Oculus/Platform/Scripts/Models/AvatarEditorResult.cs using Guid(111644342aafaae42bf28b9579460376) Importer(2089858483,0ecaa5967403d082aa24f35e1b516d23) [PhysX] Initialized MultithreadedTaskDispatcher with 32 workers.
 -> (artifact id: '5d9b2253dba580afb1890738cf14c1fb') in 0.015397 seconds
Number of updated asset objects reloaded before import = 0
Number of asset objects unloaded after import = 1
========================================================================
Received Import Request.
  Time since last request: 0.000037 seconds.
  path: Assets/Oculus/Platform/Scripts/Models/PingResult.cs
  artifactKey: Guid(0320c45213f79b443bb412b5f3d89e4d) Importer(2089858483,0ecaa5967403d082aa24f35e1b516d23)
Start importing Assets/Oculus/Platform/Scripts/Models/PingResult.cs using Guid(0320c45213f79b443bb412b5f3d89e4d) Importer(2089858483,0ecaa5967403d082aa24f35e1b516d23) [PhysX] Initialized MultithreadedTaskDispatcher with 32 workers.
 -> (artifact id: 'd7eaed4178559397aba05625dd33b440') in 0.014980 seconds
Number of updated asset objects reloaded before import = 0
Number of asset objects unloaded after import = 1
========================================================================
Received Import Request.
  Time since last request: 0.000041 seconds.
  path: Assets/Oculus/Voice/Samples/Shapes/Shapes - Wit.ai Config.zip
  artifactKey: Guid(41f218692e78f7a4eb1d7f60d6bb8c03) Importer(2089858483,0ecaa5967403d082aa24f35e1b516d23)
Start importing Assets/Oculus/Voice/Samples/Shapes/Shapes - Wit.ai Config.zip using Guid(41f218692e78f7a4eb1d7f60d6bb8c03) Importer(2089858483,0ecaa5967403d082aa24f35e1b516d23) [PhysX] Initialized MultithreadedTaskDispatcher with 32 workers.
 -> (artifact id: '3d7d152630a8524226ae923eee91262e') in 0.010226 seconds
Number of updated asset objects reloaded before import = 0
Number of asset objects unloaded after import = 1
========================================================================
Received Import Request.
  Time since last request: 0.000019 seconds.
  path: Assets/Oculus/Platform/Scripts/Models/Room.cs
  artifactKey: Guid(2343d804eee03c8449c527e47f540246) Importer(2089858483,0ecaa5967403d082aa24f35e1b516d23)
Start importing Assets/Oculus/Platform/Scripts/Models/Room.cs using Guid(2343d804eee03c8449c527e47f540246) Importer(2089858483,0ecaa5967403d082aa24f35e1b516d23) [PhysX] Initialized MultithreadedTaskDispatcher with 32 workers.
 -> (artifact id: '9d9d3564004981104257cc12b5b04ad6') in 0.007118 seconds
Number of updated asset objects reloaded before import = 0
Number of asset objects unloaded after import = 1
========================================================================
Received Import Request.
  Time since last request: 0.000018 seconds.
  path: Assets/Oculus/Voice/Samples/LightTraits/Light Traits - WitConfiguration.asset
  artifactKey: Guid(d8ed8d273aaa2224fb3b686d748e6133) Importer(2089858483,0ecaa5967403d082aa24f35e1b516d23)
Start importing Assets/Oculus/Voice/Samples/LightTraits/Light Traits - WitConfiguration.asset using Guid(d8ed8d273aaa2224fb3b686d748e6133) Importer(2089858483,0ecaa5967403d082aa24f35e1b516d23) [PhysX] Initialized MultithreadedTaskDispatcher with 32 workers.
 -> (artifact id: '66e6e5951a8a9388165640ffeb4b2d8c') in 0.011828 seconds
Number of updated asset objects reloaded before import = 0
Number of asset objects unloaded after import = 1
========================================================================
Received Import Request.
  Time since last request: 0.000051 seconds.
  path: Assets/Oculus/Platform/Scripts/Models/Party.cs
  artifactKey: Guid(75e7bda4c90b91a4fb8a49cff91522da) Importer(2089858483,0ecaa5967403d082aa24f35e1b516d23)
Start importing Assets/Oculus/Platform/Scripts/Models/Party.cs using Guid(75e7bda4c90b91a4fb8a49cff91522da) Importer(2089858483,0ecaa5967403d082aa24f35e1b516d23) [PhysX] Initialized MultithreadedTaskDispatcher with 32 workers.
 -> (artifact id: '10f5cd2b410c6fb4aadf4b730adf142d') in 0.009901 seconds
Number of updated asset objects reloaded before import = 0
Number of asset objects unloaded after import = 1
========================================================================
Received Import Request.
  Time since last request: 0.000089 seconds.
  path: Assets/Oculus/SampleFramework/Core/TouchControllers/RightControllerPf.prefab
  artifactKey: Guid(fa4a34fb8bbe14649bca25aee46a5f4e) Importer(2089858483,0ecaa5967403d082aa24f35e1b516d23)
Start importing Assets/Oculus/SampleFramework/Core/TouchControllers/RightControllerPf.prefab using Guid(fa4a34fb8bbe14649bca25aee46a5f4e) Importer(2089858483,0ecaa5967403d082aa24f35e1b516d23) [PhysX] Initialized MultithreadedTaskDispatcher with 32 workers.
 -> (artifact id: '0193748a1981d4c0191bcc6239ba6947') in 0.027333 seconds
Number of updated asset objects reloaded before import = 0
Number of asset objects unloaded after import = 66
========================================================================
Received Import Request.
  Time since last request: 0.000016 seconds.
  path: Assets/Oculus/Platform/Scripts/Models/PlatformInitialize.cs
  artifactKey: Guid(41ea71d90b07889469fbe488e7f7a62c) Importer(2089858483,0ecaa5967403d082aa24f35e1b516d23)
Start importing Assets/Oculus/Platform/Scripts/Models/PlatformInitialize.cs using Guid(41ea71d90b07889469fbe488e7f7a62c) Importer(2089858483,0ecaa5967403d082aa24f35e1b516d23) [PhysX] Initialized MultithreadedTaskDispatcher with 32 workers.
 -> (artifact id: '4e01c92af58403d431b077cca32df619') in 0.011891 seconds
Number of updated asset objects reloaded before import = 0
Number of asset objects unloaded after import = 1
========================================================================
Received Import Request.
  Time since last request: 0.000102 seconds.
  path: Assets/Oculus/Spatializer/scenes/sounds/water.mp3
  artifactKey: Guid(a05d082cd207b4b12a47c089be8b7a62) Importer(2089858483,0ecaa5967403d082aa24f35e1b516d23)
Start importing Assets/Oculus/Spatializer/scenes/sounds/water.mp3 using Guid(a05d082cd207b4b12a47c089be8b7a62) Importer(2089858483,0ecaa5967403d082aa24f35e1b516d23) [PhysX] Initialized MultithreadedTaskDispatcher with 32 workers.
 -> (artifact id: '7a59461bab84ec79853aee7eb51d5ca1') in 0.056815 seconds
Number of updated asset objects reloaded before import = 0
Number of asset objects unloaded after import = 1
========================================================================
Received Import Request.
  Time since last request: 0.000044 seconds.
  path: Assets/Oculus/Spatializer/scenes/materials/SpatializedObject2.mat
  artifactKey: Guid(f54ef0e328359c14b9005f8a48cbd66b) Importer(2089858483,0ecaa5967403d082aa24f35e1b516d23)
Start importing Assets/Oculus/Spatializer/scenes/materials/SpatializedObject2.mat using Guid(f54ef0e328359c14b9005f8a48cbd66b) Importer(2089858483,0ecaa5967403d082aa24f35e1b516d23) [PhysX] Initialized MultithreadedTaskDispatcher with 32 workers.
 -> (artifact id: '337bf8a2e44c8774f767813ef1c602e4') in 0.048107 seconds
Number of updated asset objects reloaded before import = 0
Number of asset objects unloaded after import = 1
========================================================================
Received Import Request.
  Time since last request: 0.000079 seconds.
  path: Assets/Oculus/Platform/Scripts/Models/BlockedUser.cs
  artifactKey: Guid(869034cec828fa747a53da383e478533) Importer(2089858483,0ecaa5967403d082aa24f35e1b516d23)
Start importing Assets/Oculus/Platform/Scripts/Models/BlockedUser.cs using Guid(869034cec828fa747a53da383e478533) Importer(2089858483,0ecaa5967403d082aa24f35e1b516d23) [PhysX] Initialized MultithreadedTaskDispatcher with 32 workers.
 -> (artifact id: '73363c34f6d6a78fa3a40ba66be6fcbb') in 0.015058 seconds
Number of updated asset objects reloaded before import = 0
Number of asset objects unloaded after import = 1
========================================================================
Received Import Request.
  Time since last request: 0.000067 seconds.
  path: Assets/Oculus/LipSync/Scenes/Scripts/LipSyncDemo_SetCurrentTarget.cs
  artifactKey: Guid(c62f9b5ef85d22f449e72c67c610059d) Importer(2089858483,0ecaa5967403d082aa24f35e1b516d23)
Start importing Assets/Oculus/LipSync/Scenes/Scripts/LipSyncDemo_SetCurrentTarget.cs using Guid(c62f9b5ef85d22f449e72c67c610059d) Importer(2089858483,0ecaa5967403d082aa24f35e1b516d23) [PhysX] Initialized MultithreadedTaskDispatcher with 32 workers.
 -> (artifact id: 'c6414a76bcfd72025e809077cec1d4ee') in 0.011324 seconds
Number of updated asset objects reloaded before import = 0
Number of asset objects unloaded after import = 1
========================================================================
Received Import Request.
  Time since last request: 0.000076 seconds.
  path: Assets/Oculus/Platform/Scripts/Models/LivestreamingApplicationStatus.cs
  artifactKey: Guid(706d607bb299def4d9e99e5fe89d0d0d) Importer(2089858483,0ecaa5967403d082aa24f35e1b516d23)
Start importing Assets/Oculus/Platform/Scripts/Models/LivestreamingApplicationStatus.cs using Guid(706d607bb299def4d9e99e5fe89d0d0d) Importer(2089858483,0ecaa5967403d082aa24f35e1b516d23) [PhysX] Initialized MultithreadedTaskDispatcher with 32 workers.
 -> (artifact id: 'c9550624c6b8342ced6ed7c664304e1e') in 0.012388 seconds
Number of updated asset objects reloaded before import = 0
Number of asset objects unloaded after import = 1
========================================================================
Received Import Request.
  Time since last request: 0.000104 seconds.
  path: Assets/Oculus/LipSync/Plugins/Android64/libOVRLipSync.so
  artifactKey: Guid(57850b02365448041958df056264b3e3) Importer(2089858483,0ecaa5967403d082aa24f35e1b516d23)
Start importing Assets/Oculus/LipSync/Plugins/Android64/libOVRLipSync.so using Guid(57850b02365448041958df056264b3e3) Importer(2089858483,0ecaa5967403d082aa24f35e1b516d23) [PhysX] Initialized MultithreadedTaskDispatcher with 32 workers.
 -> (artifact id: '7f7c052490cda4cfb577c6f0e83d1d3f') in 0.019231 seconds
Number of updated asset objects reloaded before import = 0
Number of asset objects unloaded after import = 1
========================================================================
Received Import Request.
  Time since last request: 0.000141 seconds.
  path: Assets/Oculus/LipSync/Models/RobotHead_TextureFlip/CH.png
  artifactKey: Guid(5e6531e8f56b42547b8d2ddf7a7363d1) Importer(2089858483,0ecaa5967403d082aa24f35e1b516d23)
Start importing Assets/Oculus/LipSync/Models/RobotHead_TextureFlip/CH.png using Guid(5e6531e8f56b42547b8d2ddf7a7363d1) Importer(2089858483,0ecaa5967403d082aa24f35e1b516d23) [PhysX] Initialized MultithreadedTaskDispatcher with 32 workers.
 -> (artifact id: 'ae03216a5c4cec8106c88399a29f339e') in 0.022717 seconds
Number of updated asset objects reloaded before import = 0
Number of asset objects unloaded after import = 1
========================================================================
Received Import Request.
  Time since last request: 0.000028 seconds.
  path: Assets/Oculus/Interaction/Samples/Shaders/InteractionCG.cginc
  artifactKey: Guid(ad62366434a0c0d43828de4737c3ed09) Importer(2089858483,0ecaa5967403d082aa24f35e1b516d23)
Start importing Assets/Oculus/Interaction/Samples/Shaders/InteractionCG.cginc using Guid(ad62366434a0c0d43828de4737c3ed09) Importer(2089858483,0ecaa5967403d082aa24f35e1b516d23) [PhysX] Initialized MultithreadedTaskDispatcher with 32 workers.
 -> (artifact id: '102724bbf3cbe49db531645a5834eec9') in 0.018596 seconds
Number of updated asset objects reloaded before import = 0
Number of asset objects unloaded after import = 1
========================================================================
Received Import Request.
  Time since last request: 0.000024 seconds.
  path: Assets/Oculus/Spatializer/scenes/sounds/car.ogg
  artifactKey: Guid(354c37cd61ec24bbcbbc7921d0a71bc1) Importer(2089858483,0ecaa5967403d082aa24f35e1b516d23)
Start importing Assets/Oculus/Spatializer/scenes/sounds/car.ogg using Guid(354c37cd61ec24bbcbbc7921d0a71bc1) Importer(2089858483,0ecaa5967403d082aa24f35e1b516d23) [PhysX] Initialized MultithreadedTaskDispatcher with 32 workers.
 -> (artifact id: '566ef80f0b8166778665399032605001') in 0.052284 seconds
Number of updated asset objects reloaded before import = 0
Number of asset objects unloaded after import = 1
========================================================================
Received Import Request.
  Time since last request: 0.000016 seconds.
  path: Assets/Oculus/Platform/Scripts/Models/LivestreamingVideoStats.cs
  artifactKey: Guid(3f7d781612e6d584782a9c0275cb1331) Importer(2089858483,0ecaa5967403d082aa24f35e1b516d23)
Start importing Assets/Oculus/Platform/Scripts/Models/LivestreamingVideoStats.cs using Guid(3f7d781612e6d584782a9c0275cb1331) Importer(2089858483,0ecaa5967403d082aa24f35e1b516d23) [PhysX] Initialized MultithreadedTaskDispatcher with 32 workers.
 -> (artifact id: '57dc397cf022a71c07039d50f2c9c372') in 0.012497 seconds
Number of updated asset objects reloaded before import = 0
Number of asset objects unloaded after import = 1
========================================================================
Received Import Request.
  Time since last request: 0.000072 seconds.
  path: Assets/Oculus/SampleFramework/Usage/Firebase/AnalyticsUI.cs
  artifactKey: Guid(c6d76db561fffe94987d3c29fb777c0c) Importer(2089858483,0ecaa5967403d082aa24f35e1b516d23)
Start importing Assets/Oculus/SampleFramework/Usage/Firebase/AnalyticsUI.cs using Guid(c6d76db561fffe94987d3c29fb777c0c) Importer(2089858483,0ecaa5967403d082aa24f35e1b516d23) [PhysX] Initialized MultithreadedTaskDispatcher with 32 workers.
 -> (artifact id: 'c26445dbab83769458058fa36ea50375') in 0.011406 seconds
Number of updated asset objects reloaded before import = 0
Number of asset objects unloaded after import = 1
========================================================================
Received Import Request.
  Time since last request: 0.000113 seconds.
  path: Assets/Oculus/Platform/Samples/SimplePlatformSample/DataEntry.cs
  artifactKey: Guid(e10d7d54285902b48a88ddf18008a848) Importer(2089858483,0ecaa5967403d082aa24f35e1b516d23)
Start importing Assets/Oculus/Platform/Samples/SimplePlatformSample/DataEntry.cs using Guid(e10d7d54285902b48a88ddf18008a848) Importer(2089858483,0ecaa5967403d082aa24f35e1b516d23) [PhysX] Initialized MultithreadedTaskDispatcher with 32 workers.
 -> (artifact id: '402c18ca2d5a681544a458ac3d237fb3') in 0.013678 seconds
Number of updated asset objects reloaded before import = 0
Number of asset objects unloaded after import = 1
========================================================================
Received Import Request.
  Time since last request: 0.000022 seconds.
  path: Assets/Oculus/Spatializer/scenes/sounds/scraping.ogg
  artifactKey: Guid(236da4b84bba246d283010b1b2dcf28a) Importer(2089858483,0ecaa5967403d082aa24f35e1b516d23)
Start importing Assets/Oculus/Spatializer/scenes/sounds/scraping.ogg using Guid(236da4b84bba246d283010b1b2dcf28a) Importer(2089858483,0ecaa5967403d082aa24f35e1b516d23) [PhysX] Initialized MultithreadedTaskDispatcher with 32 workers.
 -> (artifact id: '8abf7bf8cd5cfe2854a694514f5cd2a6') in 0.034880 seconds
Number of updated asset objects reloaded before import = 0
Number of asset objects unloaded after import = 1
========================================================================
Received Import Request.
  Time since last request: 0.000083 seconds.
  path: Assets/Oculus/Platform/Plugins/Android64/libovrplatformloader.so
  artifactKey: Guid(a65920506fb12e54987ab0cdb5ea8b5e) Importer(2089858483,0ecaa5967403d082aa24f35e1b516d23)
Start importing Assets/Oculus/Platform/Plugins/Android64/libovrplatformloader.so using Guid(a65920506fb12e54987ab0cdb5ea8b5e) Importer(2089858483,0ecaa5967403d082aa24f35e1b516d23) [PhysX] Initialized MultithreadedTaskDispatcher with 32 workers.
 -> (artifact id: 'b9b71d01a60c80a6bd81ab67ecb84987') in 0.015683 seconds
Number of updated asset objects reloaded before import = 0
Number of asset objects unloaded after import = 1
========================================================================
Received Import Request.
  Time since last request: 0.000117 seconds.
  path: Assets/Oculus/LipSync/Scripts/Helpers/OVRLipSyncDebugConsole.cs
  artifactKey: Guid(c60ad94815c68aa41a786306cd588495) Importer(2089858483,0ecaa5967403d082aa24f35e1b516d23)
Start importing Assets/Oculus/LipSync/Scripts/Helpers/OVRLipSyncDebugConsole.cs using Guid(c60ad94815c68aa41a786306cd588495) Importer(2089858483,0ecaa5967403d082aa24f35e1b516d23) [PhysX] Initialized MultithreadedTaskDispatcher with 32 workers.
 -> (artifact id: '190fc896756b83ead80d03d502056a73') in 0.015903 seconds
Number of updated asset objects reloaded before import = 0
Number of asset objects unloaded after import = 1
========================================================================
Received Import Request.
  Time since last request: 0.000122 seconds.
  path: Assets/Oculus/Platform/Scripts/Models/LeaderboardEntry.cs
  artifactKey: Guid(c6c8aaec7b9e7f7438413bbc91a4fe0b) Importer(2089858483,0ecaa5967403d082aa24f35e1b516d23)
Start importing Assets/Oculus/Platform/Scripts/Models/LeaderboardEntry.cs using Guid(c6c8aaec7b9e7f7438413bbc91a4fe0b) Importer(2089858483,0ecaa5967403d082aa24f35e1b516d23) [PhysX] Initialized MultithreadedTaskDispatcher with 32 workers.
 -> (artifact id: '48733352cd7b8c06772441e7ee8f7549') in 0.010362 seconds
Number of updated asset objects reloaded before import = 0
Number of asset objects unloaded after import = 1
========================================================================
Received Import Request.
  Time since last request: 2.416910 seconds.
  path: Assets/Oculus/Voice/Scripts/Runtime/VoiceSDKConstants.cs
  artifactKey: Guid(e004e2206f7b45a4abcb75148bcccbd8) Importer(2089858483,0ecaa5967403d082aa24f35e1b516d23)
Start importing Assets/Oculus/Voice/Scripts/Runtime/VoiceSDKConstants.cs using Guid(e004e2206f7b45a4abcb75148bcccbd8) Importer(2089858483,0ecaa5967403d082aa24f35e1b516d23) [PhysX] Initialized MultithreadedTaskDispatcher with 32 workers.
 -> (artifact id: '052b51478b4699fbb697f83c7fa214f4') in 0.019881 seconds
Number of updated asset objects reloaded before import = 0
Number of asset objects unloaded after import = 1
========================================================================
Received Import Request.
  Time since last request: 0.000041 seconds.
  path: Assets/Oculus/Interaction/OVRIntegration/Runtime/Prefabs/OVRControllerHands.prefab
  artifactKey: Guid(4c0ee7a14e52ba544b89c2f777670cca) Importer(2089858483,0ecaa5967403d082aa24f35e1b516d23)
Start importing Assets/Oculus/Interaction/OVRIntegration/Runtime/Prefabs/OVRControllerHands.prefab using Guid(4c0ee7a14e52ba544b89c2f777670cca) Importer(2089858483,0ecaa5967403d082aa24f35e1b516d23) [PhysX] Initialized MultithreadedTaskDispatcher with 32 workers.
 -> (artifact id: '9a130c4fafa0c010d6f7cc38f5dc46f0') in 0.047602 seconds
Number of updated asset objects reloaded before import = 0
Number of asset objects unloaded after import = 720
========================================================================
Received Import Request.
  Time since last request: 0.000020 seconds.
  path: Assets/Oculus/Interaction/Editor/Grab/HandGrab/HandPoseEditor.cs
  artifactKey: Guid(25b4f8dbe894a92489fe06cc956a42e0) Importer(2089858483,0ecaa5967403d082aa24f35e1b516d23)
Start importing Assets/Oculus/Interaction/Editor/Grab/HandGrab/HandPoseEditor.cs using Guid(25b4f8dbe894a92489fe06cc956a42e0) Importer(2089858483,0ecaa5967403d082aa24f35e1b516d23) [PhysX] Initialized MultithreadedTaskDispatcher with 32 workers.
 -> (artifact id: '2e35477a01cf434e7da753f83c1bb677') in 0.019039 seconds
Number of updated asset objects reloaded before import = 0
Number of asset objects unloaded after import = 1
========================================================================
Received Import Request.
  Time since last request: 0.000170 seconds.
  path: Assets/Oculus/VR/Textures/MetaQuestTouchPlus/MetaQuestTouchPlus_Normals.png
  artifactKey: Guid(ce67415a9a94bca45a6db7ec544cbd1b) Importer(2089858483,0ecaa5967403d082aa24f35e1b516d23)
Start importing Assets/Oculus/VR/Textures/MetaQuestTouchPlus/MetaQuestTouchPlus_Normals.png using Guid(ce67415a9a94bca45a6db7ec544cbd1b) Importer(2089858483,0ecaa5967403d082aa24f35e1b516d23) [PhysX] Initialized MultithreadedTaskDispatcher with 32 workers.
 -> (artifact id: '649404c08ced647cee49ad295cfacde0') in 0.024668 seconds
Number of updated asset objects reloaded before import = 0
Number of asset objects unloaded after import = 1
========================================================================
Received Import Request.
  Time since last request: 0.000078 seconds.
  path: Assets/Oculus/VR/Scripts/BuildingBlocks/Telemetry.cs
  artifactKey: Guid(d93bbab64ed50ea45b9bc8df3d334c0d) Importer(2089858483,0ecaa5967403d082aa24f35e1b516d23)
Start importing Assets/Oculus/VR/Scripts/BuildingBlocks/Telemetry.cs using Guid(d93bbab64ed50ea45b9bc8df3d334c0d) Importer(2089858483,0ecaa5967403d082aa24f35e1b516d23) [PhysX] Initialized MultithreadedTaskDispatcher with 32 workers.
 -> (artifact id: '3fe815703f25130662aa772a4e0717e2') in 0.014621 seconds
Number of updated asset objects reloaded before import = 0
Number of asset objects unloaded after import = 1
========================================================================
Received Import Request.
  Time since last request: 0.000066 seconds.
  path: Assets/Oculus/VR/Editor/BuildingBlocks/BlockData.cs
  artifactKey: Guid(35c4ad19f06c67e44a2d7ba8d05f31b7) Importer(2089858483,0ecaa5967403d082aa24f35e1b516d23)
Start importing Assets/Oculus/VR/Editor/BuildingBlocks/BlockData.cs using Guid(35c4ad19f06c67e44a2d7ba8d05f31b7) Importer(2089858483,0ecaa5967403d082aa24f35e1b516d23) [PhysX] Initialized MultithreadedTaskDispatcher with 32 workers.
 -> (artifact id: '29d9779bdbbbee76b43e44b422948036') in 0.009880 seconds
Number of updated asset objects reloaded before import = 0
Number of asset objects unloaded after import = 1
========================================================================
Received Import Request.
  Time since last request: 0.000026 seconds.
  path: Assets/Oculus/VR/Textures/MetaQuestTouchPlus/MetaQuestTouchPlus_Metallic.png
  artifactKey: Guid(8cd27a8f4c15ae84bbdb2381fd964a49) Importer(2089858483,0ecaa5967403d082aa24f35e1b516d23)
Start importing Assets/Oculus/VR/Textures/MetaQuestTouchPlus/MetaQuestTouchPlus_Metallic.png using Guid(8cd27a8f4c15ae84bbdb2381fd964a49) Importer(2089858483,0ecaa5967403d082aa24f35e1b516d23) [PhysX] Initialized MultithreadedTaskDispatcher with 32 workers.
 -> (artifact id: '51a110a7737669ddaea542e0236d796d') in 0.020560 seconds
Number of updated asset objects reloaded before import = 0
Number of asset objects unloaded after import = 1
========================================================================
Received Import Request.
  Time since last request: 0.000065 seconds.
  path: Assets/Oculus/Interaction/OVRIntegration/Runtime/Prefabs/OVRControllers.prefab
  artifactKey: Guid(fbfc588a949bb1a42b20e5bddc4cf8cf) Importer(2089858483,0ecaa5967403d082aa24f35e1b516d23)
Start importing Assets/Oculus/Interaction/OVRIntegration/Runtime/Prefabs/OVRControllers.prefab using Guid(fbfc588a949bb1a42b20e5bddc4cf8cf) Importer(2089858483,0ecaa5967403d082aa24f35e1b516d23) [PhysX] Initialized MultithreadedTaskDispatcher with 32 workers.
 -> (artifact id: '7ef91e44a4d2e56803162040b989c002') in 0.032798 seconds
Number of updated asset objects reloaded before import = 0
Number of asset objects unloaded after import = 570
========================================================================
Received Import Request.
  Time since last request: 0.000018 seconds.
  path: Assets/Oculus/VR/Shaders/OVRVirtualKeyboard/VirtualKeyboardMMBias.shader
  artifactKey: Guid(502519190e12db54c8dd6a9322721a70) Importer(2089858483,0ecaa5967403d082aa24f35e1b516d23)
Start importing Assets/Oculus/VR/Shaders/OVRVirtualKeyboard/VirtualKeyboardMMBias.shader using Guid(502519190e12db54c8dd6a9322721a70) Importer(2089858483,0ecaa5967403d082aa24f35e1b516d23) [PhysX] Initialized MultithreadedTaskDispatcher with 32 workers.
 -> (artifact id: '610db79f19ee1705857494178493db48') in 0.012309 seconds
Number of updated asset objects reloaded before import = 0
Number of asset objects unloaded after import = 1
========================================================================
Received Import Request.
  Time since last request: 0.000019 seconds.
  path: Assets/Oculus/VR/Scripts/Util/OVRSkeletonRenderer.cs
  artifactKey: Guid(54c16b381e28e8d479237771d234dbae) Importer(2089858483,0ecaa5967403d082aa24f35e1b516d23)
Start importing Assets/Oculus/VR/Scripts/Util/OVRSkeletonRenderer.cs using Guid(54c16b381e28e8d479237771d234dbae) Importer(2089858483,0ecaa5967403d082aa24f35e1b516d23) [PhysX] Initialized MultithreadedTaskDispatcher with 32 workers.
 -> (artifact id: '3574a98343045824cb672c7cc9cb81bd') in 0.013263 seconds
Number of updated asset objects reloaded before import = 0
Number of asset objects unloaded after import = 1
========================================================================
Received Import Request.
  Time since last request: 0.000117 seconds.
  path: Assets/Oculus/VR/Scripts/OVRVirtualKeyboard/OVRVirtualKeyboardHandInputHandler.cs
  artifactKey: Guid(5ebea44303b77ad4abd1700cb283ba6b) Importer(2089858483,0ecaa5967403d082aa24f35e1b516d23)
Start importing Assets/Oculus/VR/Scripts/OVRVirtualKeyboard/OVRVirtualKeyboardHandInputHandler.cs using Guid(5ebea44303b77ad4abd1700cb283ba6b) Importer(2089858483,0ecaa5967403d082aa24f35e1b516d23) [PhysX] Initialized MultithreadedTaskDispatcher with 32 workers.
 -> (artifact id: 'd6c58f244eb1a17e5940c993d5fa38d1') in 0.014322 seconds
Number of updated asset objects reloaded before import = 0
Number of asset objects unloaded after import = 1
========================================================================
Received Import Request.
  Time since last request: 0.000021 seconds.
  path: Assets/Oculus/AudioManager/Scripts/Audio/Editor/MixerSnapshotPropertyDrawer.cs
  artifactKey: Guid(82a91f30f2305c14dbfd2cc3c289dc59) Importer(2089858483,0ecaa5967403d082aa24f35e1b516d23)
Start importing Assets/Oculus/AudioManager/Scripts/Audio/Editor/MixerSnapshotPropertyDrawer.cs using Guid(82a91f30f2305c14dbfd2cc3c289dc59) Importer(2089858483,0ecaa5967403d082aa24f35e1b516d23) [PhysX] Initialized MultithreadedTaskDispatcher with 32 workers.
 -> (artifact id: 'c8cd74fbdec6361d0f97507f0f5a8d93') in 0.012022 seconds
Number of updated asset objects reloaded before import = 0
Number of asset objects unloaded after import = 1
========================================================================
Received Import Request.
  Time since last request: 0.000178 seconds.
  path: Assets/Oculus/VR/Meshes/OculusTouchForQuest2/OculusTouchForQuest2_Left.fbx
  artifactKey: Guid(8b83018900d13bb4f8e0ad895cb004e5) Importer(2089858483,0ecaa5967403d082aa24f35e1b516d23)
Start importing Assets/Oculus/VR/Meshes/OculusTouchForQuest2/OculusTouchForQuest2_Left.fbx using Guid(8b83018900d13bb4f8e0ad895cb004e5) Importer(2089858483,0ecaa5967403d082aa24f35e1b516d23) [PhysX] Initialized MultithreadedTaskDispatcher with 32 workers.
 -> (artifact id: '4f52332601a2172e229f3f2456e621a4') in 0.077490 seconds
Number of updated asset objects reloaded before import = 0
Number of asset objects unloaded after import = 47
========================================================================
Received Import Request.
  Time since last request: 0.000024 seconds.
  path: Assets/Oculus/VR/Scripts/Util/OVRObjectPool.cs
  artifactKey: Guid(acabf7b7905ecaa4e8bc2cb28efaabcc) Importer(2089858483,0ecaa5967403d082aa24f35e1b516d23)
Start importing Assets/Oculus/VR/Scripts/Util/OVRObjectPool.cs using Guid(acabf7b7905ecaa4e8bc2cb28efaabcc) Importer(2089858483,0ecaa5967403d082aa24f35e1b516d23) [PhysX] Initialized MultithreadedTaskDispatcher with 32 workers.
 -> (artifact id: '84e118dac1ef749acc48ee373202c765') in 0.010434 seconds
Number of updated asset objects reloaded before import = 0
Number of asset objects unloaded after import = 1
========================================================================
Received Import Request.
  Time since last request: 0.000079 seconds.
  path: Assets/Oculus/VR/Scripts/Editor/OVROverlayDestRectEditor.shader
  artifactKey: Guid(7c52c9bacdbb59f4a973dd1849d03106) Importer(2089858483,0ecaa5967403d082aa24f35e1b516d23)
Start importing Assets/Oculus/VR/Scripts/Editor/OVROverlayDestRectEditor.shader using Guid(7c52c9bacdbb59f4a973dd1849d03106) Importer(2089858483,0ecaa5967403d082aa24f35e1b516d23) [PhysX] Initialized MultithreadedTaskDispatcher with 32 workers.
 -> (artifact id: '0ebfc5d28145fd6589a5bd7326405991') in 0.011756 seconds
Number of updated asset objects reloaded before import = 0
Number of asset objects unloaded after import = 1
========================================================================
Received Import Request.
  Time since last request: 0.000139 seconds.
  path: Assets/Oculus/VR/Scripts/Editor/OVRManagerEditor.cs
  artifactKey: Guid(9b07d18088099f94fa00fc15e64b2b17) Importer(2089858483,0ecaa5967403d082aa24f35e1b516d23)
Start importing Assets/Oculus/VR/Scripts/Editor/OVRManagerEditor.cs using Guid(9b07d18088099f94fa00fc15e64b2b17) Importer(2089858483,0ecaa5967403d082aa24f35e1b516d23) [PhysX] Initialized MultithreadedTaskDispatcher with 32 workers.
 -> (artifact id: '3fb3cc57bd31790d6552c575db10bead') in 0.015284 seconds
Number of updated asset objects reloaded before import = 0
Number of asset objects unloaded after import = 1
========================================================================
Received Import Request.
  Time since last request: 0.000021 seconds.
  path: Assets/Oculus/Interaction/Editor/Grab/HandGrab/HandWristOffsetUndoWizard.cs
  artifactKey: Guid(070da65b3b3353149bcd22ecad3b01ef) Importer(2089858483,0ecaa5967403d082aa24f35e1b516d23)
Start importing Assets/Oculus/Interaction/Editor/Grab/HandGrab/HandWristOffsetUndoWizard.cs using Guid(070da65b3b3353149bcd22ecad3b01ef) Importer(2089858483,0ecaa5967403d082aa24f35e1b516d23) [PhysX] Initialized MultithreadedTaskDispatcher with 32 workers.
 -> (artifact id: '07d8a3b1bb5ad9dc53fe12a5f564142f') in 0.019714 seconds
Number of updated asset objects reloaded before import = 0
Number of asset objects unloaded after import = 1
========================================================================
Received Import Request.
  Time since last request: 0.000017 seconds.
  path: Assets/Oculus/Interaction/OVRIntegration/Runtime/Prefabs/OVRHmd.prefab
  artifactKey: Guid(46b60c6fd5ee4fb4eb2aab6fc3de5c50) Importer(2089858483,0ecaa5967403d082aa24f35e1b516d23)
Start importing Assets/Oculus/Interaction/OVRIntegration/Runtime/Prefabs/OVRHmd.prefab using Guid(46b60c6fd5ee4fb4eb2aab6fc3de5c50) Importer(2089858483,0ecaa5967403d082aa24f35e1b516d23) [PhysX] Initialized MultithreadedTaskDispatcher with 32 workers.
 -> (artifact id: '6095feeee0ab4bd4a98f78b456a5c6af') in 0.019589 seconds
Number of updated asset objects reloaded before import = 0
Number of asset objects unloaded after import = 13
========================================================================
Received Import Request.
  Time since last request: 0.000087 seconds.
  path: Assets/Oculus/VR/Textures/OculusTouchForRift/touchController_albedo.png
  artifactKey: Guid(063f7a502a7e06e428090710e8286b2b) Importer(2089858483,0ecaa5967403d082aa24f35e1b516d23)
Start importing Assets/Oculus/VR/Textures/OculusTouchForRift/touchController_albedo.png using Guid(063f7a502a7e06e428090710e8286b2b) Importer(2089858483,0ecaa5967403d082aa24f35e1b516d23) [PhysX] Initialized MultithreadedTaskDispatcher with 32 workers.
 -> (artifact id: '996dd0ad92b08c12036b35116cf3e712') in 0.029451 seconds
Number of updated asset objects reloaded before import = 0
Number of asset objects unloaded after import = 1
========================================================================
Received Import Request.
  Time since last request: 0.000066 seconds.
  path: Assets/Oculus/VR/Editor/Scenes/OVRTransitionScene.unity
  artifactKey: Guid(d04724945584d684c80c6c509a8ece34) Importer(2089858483,0ecaa5967403d082aa24f35e1b516d23)
Start importing Assets/Oculus/VR/Editor/Scenes/OVRTransitionScene.unity using Guid(d04724945584d684c80c6c509a8ece34) Importer(2089858483,0ecaa5967403d082aa24f35e1b516d23) [PhysX] Initialized MultithreadedTaskDispatcher with 32 workers.
 -> (artifact id: 'c4c134d270657caf8525c3afb71f46d8') in 0.007880 seconds
Number of updated asset objects reloaded before import = 0
Number of asset objects unloaded after import = 1
========================================================================
Received Import Request.
  Time since last request: 0.000044 seconds.
  path: Assets/Oculus/VR/Editor/BuildingBlocks/AssemblyInfo.cs
  artifactKey: Guid(89d1c103ecef0574f9c16f7e43beb56b) Importer(2089858483,0ecaa5967403d082aa24f35e1b516d23)
Start importing Assets/Oculus/VR/Editor/BuildingBlocks/AssemblyInfo.cs using Guid(89d1c103ecef0574f9c16f7e43beb56b) Importer(2089858483,0ecaa5967403d082aa24f35e1b516d23) [PhysX] Initialized MultithreadedTaskDispatcher with 32 workers.
 -> (artifact id: '60f84991d020581c808596c7b6fe5a4a') in 0.009720 seconds
Number of updated asset objects reloaded before import = 0
Number of asset objects unloaded after import = 1
========================================================================
Received Import Request.
  Time since last request: 0.000018 seconds.
  path: Assets/Oculus/VR/Textures/MetaQuestTouchPro/controller_r_lo_BaseColor.png
  artifactKey: Guid(9f1871411a4175a49a72069635000987) Importer(2089858483,0ecaa5967403d082aa24f35e1b516d23)
Start importing Assets/Oculus/VR/Textures/MetaQuestTouchPro/controller_r_lo_BaseColor.png using Guid(9f1871411a4175a49a72069635000987) Importer(2089858483,0ecaa5967403d082aa24f35e1b516d23) [PhysX] Initialized MultithreadedTaskDispatcher with 32 workers.
 -> (artifact id: '834e26d2de8f1f63d63c6294216686a4') in 0.022886 seconds
Number of updated asset objects reloaded before import = 0
Number of asset objects unloaded after import = 1
========================================================================
Received Import Request.
  Time since last request: 0.000118 seconds.
  path: Assets/Oculus/VR/Scripts/Util/OVRRaycaster.cs
  artifactKey: Guid(7aaf960227867044282d921171d2d7ac) Importer(2089858483,0ecaa5967403d082aa24f35e1b516d23)
Start importing Assets/Oculus/VR/Scripts/Util/OVRRaycaster.cs using Guid(7aaf960227867044282d921171d2d7ac) Importer(2089858483,0ecaa5967403d082aa24f35e1b516d23) [PhysX] Initialized MultithreadedTaskDispatcher with 32 workers.
 -> (artifact id: '7b603f5f930e495ec277234744575852') in 0.012448 seconds
Number of updated asset objects reloaded before import = 0
Number of asset objects unloaded after import = 1
========================================================================
Received Import Request.
  Time since last request: 0.000098 seconds.
  path: Assets/Oculus/AudioManager/Scripts/Audio/Editor/OSPPropsPropertyDrawer.cs
  artifactKey: Guid(9fc79251b168140d68851f1e8c283514) Importer(2089858483,0ecaa5967403d082aa24f35e1b516d23)
Start importing Assets/Oculus/AudioManager/Scripts/Audio/Editor/OSPPropsPropertyDrawer.cs using Guid(9fc79251b168140d68851f1e8c283514) Importer(2089858483,0ecaa5967403d082aa24f35e1b516d23) [PhysX] Initialized MultithreadedTaskDispatcher with 32 workers.
 -> (artifact id: 'afa56fb27891af6f99e78aa0e7da379b') in 0.008926 seconds
Number of updated asset objects reloaded before import = 0
Number of asset objects unloaded after import = 1
========================================================================
Received Import Request.
  Time since last request: 0.000106 seconds.
  path: Assets/Oculus/VR/Scripts/Editor/OVRCustomFaceEditor.cs
  artifactKey: Guid(a8f1a97fd76f665479039628101a634f) Importer(2089858483,0ecaa5967403d082aa24f35e1b516d23)
Start importing Assets/Oculus/VR/Scripts/Editor/OVRCustomFaceEditor.cs using Guid(a8f1a97fd76f665479039628101a634f) Importer(2089858483,0ecaa5967403d082aa24f35e1b516d23) [PhysX] Initialized MultithreadedTaskDispatcher with 32 workers.
 -> (artifact id: '5dc580c74b1e4a9a635ea56934478da5') in 0.009636 seconds
Number of updated asset objects reloaded before import = 0
Number of asset objects unloaded after import = 1
========================================================================
Received Import Request.
  Time since last request: 2.335582 seconds.
  path: Assets/Oculus/Interaction/Runtime/Animations/Hands/HandFist_l_.anim
  artifactKey: Guid(86c200927e07323488de63f1cbcf1907) Importer(2089858483,0ecaa5967403d082aa24f35e1b516d23)
Start importing Assets/Oculus/Interaction/Runtime/Animations/Hands/HandFist_l_.anim using Guid(86c200927e07323488de63f1cbcf1907) Importer(2089858483,0ecaa5967403d082aa24f35e1b516d23) [PhysX] Initialized MultithreadedTaskDispatcher with 32 workers.
 -> (artifact id: '818238535efb7bcd81071496480cbabd') in 0.021012 seconds
Number of updated asset objects reloaded before import = 0
Number of asset objects unloaded after import = 1
========================================================================
Received Import Request.
  Time since last request: 0.000018 seconds.
  path: Assets/Oculus/Interaction/Samples/Audio/Prefabs/BasicRayBackAudio.prefab
  artifactKey: Guid(1d7be4acb4bd00648841123ed349dc57) Importer(2089858483,0ecaa5967403d082aa24f35e1b516d23)
Start importing Assets/Oculus/Interaction/Samples/Audio/Prefabs/BasicRayBackAudio.prefab using Guid(1d7be4acb4bd00648841123ed349dc57) Importer(2089858483,0ecaa5967403d082aa24f35e1b516d23) [PhysX] Initialized MultithreadedTaskDispatcher with 32 workers.
 -> (artifact id: 'd8cc74dafa1004a61a7f6fe602f56cdb') in 0.035993 seconds
Number of updated asset objects reloaded before import = 0
Number of asset objects unloaded after import = 7
========================================================================
Received Import Request.
  Time since last request: 0.000135 seconds.
  path: Assets/Oculus/Interaction/Runtime/Scripts/Throw/ControllerPoseInputDevice.cs
  artifactKey: Guid(05e1160b52479574a9092dd2fef44bfe) Importer(2089858483,0ecaa5967403d082aa24f35e1b516d23)
Start importing Assets/Oculus/Interaction/Runtime/Scripts/Throw/ControllerPoseInputDevice.cs using Guid(05e1160b52479574a9092dd2fef44bfe) Importer(2089858483,0ecaa5967403d082aa24f35e1b516d23) [PhysX] Initialized MultithreadedTaskDispatcher with 32 workers.
 -> (artifact id: 'b680678d3f7f4c0d53d2a20649bace0e') in 0.020064 seconds
Number of updated asset objects reloaded before import = 0
Number of asset objects unloaded after import = 1
========================================================================
Received Import Request.
  Time since last request: 0.000072 seconds.
  path: Assets/Oculus/Interaction/Samples/Audio/Content/Interaction_BasicPoke_ToyButton_Press_03.wav
  artifactKey: Guid(354b04977aec15c42819ef6947075146) Importer(2089858483,0ecaa5967403d082aa24f35e1b516d23)
Start importing Assets/Oculus/Interaction/Samples/Audio/Content/Interaction_BasicPoke_ToyButton_Press_03.wav using Guid(354b04977aec15c42819ef6947075146) Importer(2089858483,0ecaa5967403d082aa24f35e1b516d23) [PhysX] Initialized MultithreadedTaskDispatcher with 32 workers.
 -> (artifact id: '97266d12ff185c1b604db32f120b97b3') in 0.039434 seconds
Number of updated asset objects reloaded before import = 0
Number of asset objects unloaded after import = 1
========================================================================
Received Import Request.
  Time since last request: 0.000060 seconds.
  path: Assets/Oculus/Interaction/Runtime/Prefabs/Debug/PointableDebugVisual.prefab
  artifactKey: Guid(edb63bed74183984992e5146f6e58bf4) Importer(2089858483,0ecaa5967403d082aa24f35e1b516d23)
Start importing Assets/Oculus/Interaction/Runtime/Prefabs/Debug/PointableDebugVisual.prefab using Guid(edb63bed74183984992e5146f6e58bf4) Importer(2089858483,0ecaa5967403d082aa24f35e1b516d23) [PhysX] Initialized MultithreadedTaskDispatcher with 32 workers.
 -> (artifact id: '9e66b44b8f02a136c06cca79501358f7') in 0.018196 seconds
Number of updated asset objects reloaded before import = 0
Number of asset objects unloaded after import = 7
========================================================================
Received Import Request.
  Time since last request: 0.000102 seconds.
  path: Assets/Oculus/Interaction/Runtime/ThirdParty/InterfaceSupport/LICENSE.txt
  artifactKey: Guid(b4104bbb012ef2b4b9e1d89fcb33b495) Importer(2089858483,0ecaa5967403d082aa24f35e1b516d23)
Start importing Assets/Oculus/Interaction/Runtime/ThirdParty/InterfaceSupport/LICENSE.txt using Guid(b4104bbb012ef2b4b9e1d89fcb33b495) Importer(2089858483,0ecaa5967403d082aa24f35e1b516d23) [PhysX] Initialized MultithreadedTaskDispatcher with 32 workers.
 -> (artifact id: '5acc30451b815271647e2f090702161a') in 0.008428 seconds
Number of updated asset objects reloaded before import = 0
Number of asset objects unloaded after import = 1
========================================================================
Received Import Request.
  Time since last request: 0.000017 seconds.
  path: Assets/Oculus/Interaction/Samples/Audio/Content/Interaction_PoseDetection_ThumbsUp_01.wav
  artifactKey: Guid(e37b07310ea895b42aab47a925469ea2) Importer(2089858483,0ecaa5967403d082aa24f35e1b516d23)
Start importing Assets/Oculus/Interaction/Samples/Audio/Content/Interaction_PoseDetection_ThumbsUp_01.wav using Guid(e37b07310ea895b42aab47a925469ea2) Importer(2089858483,0ecaa5967403d082aa24f35e1b516d23) [PhysX] Initialized MultithreadedTaskDispatcher with 32 workers.
 -> (artifact id: 'a536c187a04e9119f3a53642b36baf27') in 0.025288 seconds
Number of updated asset objects reloaded before import = 0
Number of asset objects unloaded after import = 1
========================================================================
Received Import Request.
  Time since last request: 0.000027 seconds.
  path: Assets/Oculus/Interaction/Runtime/Scripts/HandGlow/HandPokeOvershootGlow.cs
  artifactKey: Guid(b07be626a8e824a5aaed89fffbde2fc7) Importer(2089858483,0ecaa5967403d082aa24f35e1b516d23)
Start importing Assets/Oculus/Interaction/Runtime/Scripts/HandGlow/HandPokeOvershootGlow.cs using Guid(b07be626a8e824a5aaed89fffbde2fc7) Importer(2089858483,0ecaa5967403d082aa24f35e1b516d23) [PhysX] Initialized MultithreadedTaskDispatcher with 32 workers.
 -> (artifact id: 'de0f85598d4ecee47472f026092508a9') in 0.011145 seconds
Number of updated asset objects reloaded before import = 0
Number of asset objects unloaded after import = 1
========================================================================
Received Import Request.
  Time since last request: 0.000085 seconds.
  path: Assets/Oculus/Interaction/Samples/Audio/Content/Interaction_PoseDetection_Rock_02.wav
  artifactKey: Guid(46ea7610960363c418d8f456b08b9cbc) Importer(2089858483,0ecaa5967403d082aa24f35e1b516d23)
Start importing Assets/Oculus/Interaction/Samples/Audio/Content/Interaction_PoseDetection_Rock_02.wav using Guid(46ea7610960363c418d8f456b08b9cbc) Importer(2089858483,0ecaa5967403d082aa24f35e1b516d23) [PhysX] Initialized MultithreadedTaskDispatcher with 32 workers.
 -> (artifact id: '2851e1814040bf51f806b44b718035be') in 0.026786 seconds
Number of updated asset objects reloaded before import = 0
Number of asset objects unloaded after import = 1
========================================================================
Received Import Request.
  Time since last request: 0.000086 seconds.
  path: Assets/Oculus/Interaction/Samples/Audio/Content/Interaction_Object_Resize_01.wav
  artifactKey: Guid(deddf0b6994a9b543a2b4ffd829e8cad) Importer(2089858483,0ecaa5967403d082aa24f35e1b516d23)
Start importing Assets/Oculus/Interaction/Samples/Audio/Content/Interaction_Object_Resize_01.wav using Guid(deddf0b6994a9b543a2b4ffd829e8cad) Importer(2089858483,0ecaa5967403d082aa24f35e1b516d23) [PhysX] Initialized MultithreadedTaskDispatcher with 32 workers.
 -> (artifact id: 'c9ed663742353c30fbdb1d09e655e23c') in 0.024844 seconds
Number of updated asset objects reloaded before import = 0
Number of asset objects unloaded after import = 1
========================================================================
Received Import Request.
  Time since last request: 0.000178 seconds.
  path: Assets/Oculus/Interaction/Samples/Audio/Content/Interaction_PoseDetection_Stop_02.wav
  artifactKey: Guid(ac747ae94ae63b14da0640929cb8cb60) Importer(2089858483,0ecaa5967403d082aa24f35e1b516d23)
Start importing Assets/Oculus/Interaction/Samples/Audio/Content/Interaction_PoseDetection_Stop_02.wav using Guid(ac747ae94ae63b14da0640929cb8cb60) Importer(2089858483,0ecaa5967403d082aa24f35e1b516d23) [PhysX] Initialized MultithreadedTaskDispatcher with 32 workers.
 -> (artifact id: '729463420b28fb5a65f09c164632b9f0') in 0.027229 seconds
Number of updated asset objects reloaded before import = 0
Number of asset objects unloaded after import = 1
========================================================================
Received Import Request.
  Time since last request: 0.000103 seconds.
  path: Assets/Oculus/Interaction/Samples/Audio/Content/Interaction_PoseDetection_Rock_03.wav
  artifactKey: Guid(c3ea51fe00965254cb5625d550ec777a) Importer(2089858483,0ecaa5967403d082aa24f35e1b516d23)
Start importing Assets/Oculus/Interaction/Samples/Audio/Content/Interaction_PoseDetection_Rock_03.wav using Guid(c3ea51fe00965254cb5625d550ec777a) Importer(2089858483,0ecaa5967403d082aa24f35e1b516d23) [PhysX] Initialized MultithreadedTaskDispatcher with 32 workers.
 -> (artifact id: '823daf481a69f52950e1c5c1a2690511') in 0.037023 seconds
Number of updated asset objects reloaded before import = 0
Number of asset objects unloaded after import = 1
========================================================================
Received Import Request.
  Time since last request: 0.000145 seconds.
  path: Assets/Oculus/Interaction/Runtime/Animations/Hands/ThumbUp_l_.anim
  artifactKey: Guid(d383e35b8d2f63f4f8258d5eadab871e) Importer(2089858483,0ecaa5967403d082aa24f35e1b516d23)
Start importing Assets/Oculus/Interaction/Runtime/Animations/Hands/ThumbUp_l_.anim using Guid(d383e35b8d2f63f4f8258d5eadab871e) Importer(2089858483,0ecaa5967403d082aa24f35e1b516d23) [PhysX] Initialized MultithreadedTaskDispatcher with 32 workers.
 -> (artifact id: 'b2f4944364d62f3961221968348841d1') in 0.012560 seconds
Number of updated asset objects reloaded before import = 0
Number of asset objects unloaded after import = 1
========================================================================
Received Import Request.
  Time since last request: 0.000081 seconds.
  path: Assets/Oculus/Interaction/Samples/Audio/Content/Interaction_BasicRay_Press.wav
  artifactKey: Guid(0ae074243bcbf57468d433ad4f78acbb) Importer(2089858483,0ecaa5967403d082aa24f35e1b516d23)
Start importing Assets/Oculus/Interaction/Samples/Audio/Content/Interaction_BasicRay_Press.wav using Guid(0ae074243bcbf57468d433ad4f78acbb) Importer(2089858483,0ecaa5967403d082aa24f35e1b516d23) [PhysX] Initialized MultithreadedTaskDispatcher with 32 workers.
 -> (artifact id: '38fc477dda890051dbd643dd20c0f382') in 0.030632 seconds
Number of updated asset objects reloaded before import = 0
Number of asset objects unloaded after import = 1
========================================================================
Received Import Request.
  Time since last request: 0.000017 seconds.
  path: Assets/Oculus/Interaction/Samples/Audio/Content/Interaction_BasicGrab_Release_04.wav
  artifactKey: Guid(72e37686c6837804ab84e2f347c8e3ee) Importer(2089858483,0ecaa5967403d082aa24f35e1b516d23)
Start importing Assets/Oculus/Interaction/Samples/Audio/Content/Interaction_BasicGrab_Release_04.wav using Guid(72e37686c6837804ab84e2f347c8e3ee) Importer(2089858483,0ecaa5967403d082aa24f35e1b516d23) [PhysX] Initialized MultithreadedTaskDispatcher with 32 workers.
 -> (artifact id: '3a5ae1d281dcc768541bffc83d18c5f0') in 0.049375 seconds
Number of updated asset objects reloaded before import = 0
Number of asset objects unloaded after import = 1
========================================================================
Received Import Request.
  Time since last request: 0.000026 seconds.
  path: Assets/Oculus/Interaction/Runtime/DefaultSettings/Locomotion/LocomotionMiddleFeatureStateThresholds.asset
  artifactKey: Guid(bbc76e58e0c1ec14cbc8dfa7e35244e3) Importer(2089858483,0ecaa5967403d082aa24f35e1b516d23)
Start importing Assets/Oculus/Interaction/Runtime/DefaultSettings/Locomotion/LocomotionMiddleFeatureStateThresholds.asset using Guid(bbc76e58e0c1ec14cbc8dfa7e35244e3) Importer(2089858483,0ecaa5967403d082aa24f35e1b516d23) [PhysX] Initialized MultithreadedTaskDispatcher with 32 workers.
 -> (artifact id: '628b7b378a1fec30befb4c23e47f1673') in 0.014174 seconds
Number of updated asset objects reloaded before import = 0
Number of asset objects unloaded after import = 1
========================================================================
Received Import Request.
  Time since last request: 0.000028 seconds.
  path: Assets/Oculus/Interaction/Samples/Audio/Content/Interaction_PoseDetection_Stop_03.wav
  artifactKey: Guid(05069c5421bd2de43aaae9a9d2df1099) Importer(2089858483,0ecaa5967403d082aa24f35e1b516d23)
Start importing Assets/Oculus/Interaction/Samples/Audio/Content/Interaction_PoseDetection_Stop_03.wav using Guid(05069c5421bd2de43aaae9a9d2df1099) Importer(2089858483,0ecaa5967403d082aa24f35e1b516d23) [PhysX] Initialized MultithreadedTaskDispatcher with 32 workers.
 -> (artifact id: '13ab2b36bef10fa0d5a01b84eb71d270') in 0.025084 seconds
Number of updated asset objects reloaded before import = 0
Number of asset objects unloaded after import = 1
========================================================================
Received Import Request.
  Time since last request: 0.000122 seconds.
  path: Assets/Oculus/Interaction/Samples/Audio/Content/Interaction_PoseDetection_ThumbsUp_02.wav
  artifactKey: Guid(09261974b330663419f6e892d56cee88) Importer(2089858483,0ecaa5967403d082aa24f35e1b516d23)
Start importing Assets/Oculus/Interaction/Samples/Audio/Content/Interaction_PoseDetection_ThumbsUp_02.wav using Guid(09261974b330663419f6e892d56cee88) Importer(2089858483,0ecaa5967403d082aa24f35e1b516d23) [PhysX] Initialized MultithreadedTaskDispatcher with 32 workers.
 -> (artifact id: '9e5f08bbe93f7fd7d1e8db30de267e90') in 0.037409 seconds
Number of updated asset objects reloaded before import = 0
Number of asset objects unloaded after import = 1
========================================================================
Received Import Request.
  Time since last request: 0.000023 seconds.
  path: Assets/Oculus/Interaction/Samples/Audio/Prefabs/ComplexGrabBoxOpenAudio.prefab
  artifactKey: Guid(90d935fa9881f0f41b1b06b5b64c7bc9) Importer(2089858483,0ecaa5967403d082aa24f35e1b516d23)
Start importing Assets/Oculus/Interaction/Samples/Audio/Prefabs/ComplexGrabBoxOpenAudio.prefab using Guid(90d935fa9881f0f41b1b06b5b64c7bc9) Importer(2089858483,0ecaa5967403d082aa24f35e1b516d23) [PhysX] Initialized MultithreadedTaskDispatcher with 32 workers.
 -> (artifact id: '5de67c5cb1a06bc9d67c9e9f081b806d') in 0.039294 seconds
Number of updated asset objects reloaded before import = 0
Number of asset objects unloaded after import = 9
========================================================================
Received Import Request.
  Time since last request: 0.000019 seconds.
  path: Assets/Oculus/Interaction/Samples/Audio/Content/Interaction_BasicGrab_Grab_02.wav
  artifactKey: Guid(cbaf8af418050074d94500378f012f45) Importer(2089858483,0ecaa5967403d082aa24f35e1b516d23)
Start importing Assets/Oculus/Interaction/Samples/Audio/Content/Interaction_BasicGrab_Grab_02.wav using Guid(cbaf8af418050074d94500378f012f45) Importer(2089858483,0ecaa5967403d082aa24f35e1b516d23) [PhysX] Initialized MultithreadedTaskDispatcher with 32 workers.
 -> (artifact id: 'ed3f91050673b0deb78d17289abb1998') in 0.039326 seconds
Number of updated asset objects reloaded before import = 0
Number of asset objects unloaded after import = 1
========================================================================
Received Import Request.
  Time since last request: 0.000023 seconds.
  path: Assets/Oculus/Interaction/Runtime/Scripts/Polyline/PolylineRenderer.cs
  artifactKey: Guid(a8deeb2e797810849b17ddd2591f22a5) Importer(2089858483,0ecaa5967403d082aa24f35e1b516d23)
Start importing Assets/Oculus/Interaction/Runtime/Scripts/Polyline/PolylineRenderer.cs using Guid(a8deeb2e797810849b17ddd2591f22a5) Importer(2089858483,0ecaa5967403d082aa24f35e1b516d23) [PhysX] Initialized MultithreadedTaskDispatcher with 32 workers.
 -> (artifact id: '13c240cbb4a498b89166cf98bdbafcdc') in 0.018913 seconds
Number of updated asset objects reloaded before import = 0
Number of asset objects unloaded after import = 1
========================================================================
Received Import Request.
  Time since last request: 0.000069 seconds.
  path: Assets/Oculus/Interaction/Runtime/Scripts/Grab/FingerRawPinchInjector.cs
  artifactKey: Guid(77279ac005404794d8e29e385f50c9c2) Importer(2089858483,0ecaa5967403d082aa24f35e1b516d23)
Start importing Assets/Oculus/Interaction/Runtime/Scripts/Grab/FingerRawPinchInjector.cs using Guid(77279ac005404794d8e29e385f50c9c2) Importer(2089858483,0ecaa5967403d082aa24f35e1b516d23) [PhysX] Initialized MultithreadedTaskDispatcher with 32 workers.
 -> (artifact id: 'f9bc0d4c6b1166c9d6d6738d543ea831') in 0.015044 seconds
Number of updated asset objects reloaded before import = 0
Number of asset objects unloaded after import = 1
========================================================================
Received Import Request.
  Time since last request: 0.000024 seconds.
  path: Assets/Oculus/Interaction/Samples/Audio/Prefabs/ComplexGrabDollGrabAudio.prefab
  artifactKey: Guid(9fdd9006dc8671941ab523fa2e51e3a8) Importer(2089858483,0ecaa5967403d082aa24f35e1b516d23)
Start importing Assets/Oculus/Interaction/Samples/Audio/Prefabs/ComplexGrabDollGrabAudio.prefab using Guid(9fdd9006dc8671941ab523fa2e51e3a8) Importer(2089858483,0ecaa5967403d082aa24f35e1b516d23) [PhysX] Initialized MultithreadedTaskDispatcher with 32 workers.
 -> (artifact id: '59c3f164c7d2eef426cda3dee4f7dce5') in 0.039621 seconds
Number of updated asset objects reloaded before import = 0
Number of asset objects unloaded after import = 11
========================================================================
Received Import Request.
  Time since last request: 0.000021 seconds.
  path: Assets/Oculus/Interaction/Runtime/Scripts/Unity/PointableCanvasUnityEventWrapper.cs
  artifactKey: Guid(f5626a0b1dc955a43be59ce7ea116678) Importer(2089858483,0ecaa5967403d082aa24f35e1b516d23)
Start importing Assets/Oculus/Interaction/Runtime/Scripts/Unity/PointableCanvasUnityEventWrapper.cs using Guid(f5626a0b1dc955a43be59ce7ea116678) Importer(2089858483,0ecaa5967403d082aa24f35e1b516d23) [PhysX] Initialized MultithreadedTaskDispatcher with 32 workers.
 -> (artifact id: 'd2233738e8b2eac6126e163af986dbea') in 0.011846 seconds
Number of updated asset objects reloaded before import = 0
Number of asset objects unloaded after import = 1
========================================================================
Received Import Request.
  Time since last request: 0.000187 seconds.
  path: Assets/Oculus/Interaction/Runtime/Scripts/Utils/ProgressCurve.cs
  artifactKey: Guid(b5e7786aac2a4568a735ea49fe66f278) Importer(2089858483,0ecaa5967403d082aa24f35e1b516d23)
Start importing Assets/Oculus/Interaction/Runtime/Scripts/Utils/ProgressCurve.cs using Guid(b5e7786aac2a4568a735ea49fe66f278) Importer(2089858483,0ecaa5967403d082aa24f35e1b516d23) [PhysX] Initialized MultithreadedTaskDispatcher with 32 workers.
 -> (artifact id: '2ce9ff3d84edd9f34eae39da3d294b11') in 0.014332 seconds
Number of updated asset objects reloaded before import = 0
Number of asset objects unloaded after import = 1
========================================================================
Received Import Request.
  Time since last request: 0.000021 seconds.
  path: Assets/Oculus/Interaction/Runtime/Scripts/Unity/PhysicsGrabbable.cs
  artifactKey: Guid(1bedaac29a943f844a7074b53c8bdf9f) Importer(2089858483,0ecaa5967403d082aa24f35e1b516d23)
Start importing Assets/Oculus/Interaction/Runtime/Scripts/Unity/PhysicsGrabbable.cs using Guid(1bedaac29a943f844a7074b53c8bdf9f) Importer(2089858483,0ecaa5967403d082aa24f35e1b516d23) [PhysX] Initialized MultithreadedTaskDispatcher with 32 workers.
 -> (artifact id: '48812cb5133a2de6adbe2ad2eab1a6d8') in 0.012799 seconds
Number of updated asset objects reloaded before import = 0
Number of asset objects unloaded after import = 1
========================================================================
Received Import Request.
  Time since last request: 0.000077 seconds.
  path: Assets/Oculus/Interaction/Runtime/Scripts/Utils/SurfaceUtils.cs
  artifactKey: Guid(ac17132688fa96946843f199ad9da593) Importer(2089858483,0ecaa5967403d082aa24f35e1b516d23)
Start importing Assets/Oculus/Interaction/Runtime/Scripts/Utils/SurfaceUtils.cs using Guid(ac17132688fa96946843f199ad9da593) Importer(2089858483,0ecaa5967403d082aa24f35e1b516d23) [PhysX] Initialized MultithreadedTaskDispatcher with 32 workers.
 -> (artifact id: 'f91acb386001d2ef1b683027a63fb0b0') in 0.014030 seconds
Number of updated asset objects reloaded before import = 0
Number of asset objects unloaded after import = 1
========================================================================
Received Import Request.
  Time since last request: 0.000255 seconds.
  path: Assets/Oculus/Interaction/Samples/Audio/Content/Interaction_Object_Impact_02.wav
  artifactKey: Guid(2cb38d6272069334da3b06fb6d75c673) Importer(2089858483,0ecaa5967403d082aa24f35e1b516d23)
Start importing Assets/Oculus/Interaction/Samples/Audio/Content/Interaction_Object_Impact_02.wav using Guid(2cb38d6272069334da3b06fb6d75c673) Importer(2089858483,0ecaa5967403d082aa24f35e1b516d23) [PhysX] Initialized MultithreadedTaskDispatcher with 32 workers.
 -> (artifact id: '86b04eebfacc0f32fea14c0086776183') in 0.029751 seconds
Number of updated asset objects reloaded before import = 0
Number of asset objects unloaded after import = 1
========================================================================
Received Import Request.
  Time since last request: 0.000060 seconds.
  path: Assets/Oculus/Interaction/Runtime/Prefabs/Debug/ActiveStateDebugTreeNodeVertical.prefab
  artifactKey: Guid(e1bdcfaab96307149a62e5c148b5ced1) Importer(2089858483,0ecaa5967403d082aa24f35e1b516d23)
Start importing Assets/Oculus/Interaction/Runtime/Prefabs/Debug/ActiveStateDebugTreeNodeVertical.prefab using Guid(e1bdcfaab96307149a62e5c148b5ced1) Importer(2089858483,0ecaa5967403d082aa24f35e1b516d23) [PhysX] Initialized MultithreadedTaskDispatcher with 32 workers.
 -> (artifact id: 'a3c3e669a6c86c67bfb4b7a5a7a3cd28') in 0.025407 seconds
Number of updated asset objects reloaded before import = 0
Number of asset objects unloaded after import = 38
========================================================================
Received Import Request.
  Time since last request: 0.000023 seconds.
  path: Assets/Oculus/Interaction/Runtime/Prefabs/Poke/HandPokeInteractor.prefab
  artifactKey: Guid(424c2298facd2bf419beffd69e8cc855) Importer(2089858483,0ecaa5967403d082aa24f35e1b516d23)
Start importing Assets/Oculus/Interaction/Runtime/Prefabs/Poke/HandPokeInteractor.prefab using Guid(424c2298facd2bf419beffd69e8cc855) Importer(2089858483,0ecaa5967403d082aa24f35e1b516d23) [PhysX] Initialized MultithreadedTaskDispatcher with 32 workers.
 -> (artifact id: '56b1261a777506dec9c605e0d3c23c0a') in 0.047080 seconds
Number of updated asset objects reloaded before import = 0
Number of asset objects unloaded after import = 18
========================================================================
Received Import Request.
  Time since last request: 0.000018 seconds.
  path: Assets/Oculus/Interaction/Runtime/Scripts/PoseDetection/JointVelocityActiveState.cs
  artifactKey: Guid(91629c29fa7084f4bb4cd2da4084251f) Importer(2089858483,0ecaa5967403d082aa24f35e1b516d23)
Start importing Assets/Oculus/Interaction/Runtime/Scripts/PoseDetection/JointVelocityActiveState.cs using Guid(91629c29fa7084f4bb4cd2da4084251f) Importer(2089858483,0ecaa5967403d082aa24f35e1b516d23) [PhysX] Initialized MultithreadedTaskDispatcher with 32 workers.
 -> (artifact id: '23a8abfa1ca0e507fbddd3f9a1014ef3') in 0.011694 seconds
Number of updated asset objects reloaded before import = 0
Number of asset objects unloaded after import = 1
========================================================================
Received Import Request.
  Time since last request: 0.000117 seconds.
  path: Assets/Oculus/Interaction/Samples/Audio/Content/Interaction_Locomotion_Exit.wav
  artifactKey: Guid(4a0124413f6c41543a1bdffc9f0fe78c) Importer(2089858483,0ecaa5967403d082aa24f35e1b516d23)
Start importing Assets/Oculus/Interaction/Samples/Audio/Content/Interaction_Locomotion_Exit.wav using Guid(4a0124413f6c41543a1bdffc9f0fe78c) Importer(2089858483,0ecaa5967403d082aa24f35e1b516d23) [PhysX] Initialized MultithreadedTaskDispatcher with 32 workers.
 -> (artifact id: 'cba8de53ec90cf4fb2aa9e7f9d1cfcb1') in 0.024782 seconds
Number of updated asset objects reloaded before import = 0
Number of asset objects unloaded after import = 1
========================================================================
Received Import Request.
  Time since last request: 0.000108 seconds.
  path: Assets/Oculus/Interaction/Runtime/Prefabs/Locomotion/TeleportHotspot with ViewPoint.prefab
  artifactKey: Guid(9182fed62dbbec447a9b74fbb040b109) Importer(2089858483,0ecaa5967403d082aa24f35e1b516d23)
Start importing Assets/Oculus/Interaction/Runtime/Prefabs/Locomotion/TeleportHotspot with ViewPoint.prefab using Guid(9182fed62dbbec447a9b74fbb040b109) Importer(2089858483,0ecaa5967403d082aa24f35e1b516d23) [PhysX] Initialized MultithreadedTaskDispatcher with 32 workers.
 -> (artifact id: '41a9ca3a5017c980f5fbe8763c1ff28a') in 0.041264 seconds
Number of updated asset objects reloaded before import = 0
Number of asset objects unloaded after import = 47
========================================================================
Received Import Request.
  Time since last request: 0.000021 seconds.
  path: Assets/Oculus/Interaction/Runtime/Prefabs/Poke/PokeInteractable.prefab
  artifactKey: Guid(5fca3702cdf1a214a94e69dcfa704e17) Importer(2089858483,0ecaa5967403d082aa24f35e1b516d23)
Start importing Assets/Oculus/Interaction/Runtime/Prefabs/Poke/PokeInteractable.prefab using Guid(5fca3702cdf1a214a94e69dcfa704e17) Importer(2089858483,0ecaa5967403d082aa24f35e1b516d23) [PhysX] Initialized MultithreadedTaskDispatcher with 32 workers.
 -> (artifact id: 'a65bbb5eb229097f81ac1216caa362c7') in 0.032783 seconds
Number of updated asset objects reloaded before import = 0
Number of asset objects unloaded after import = 22
========================================================================
Received Import Request.
  Time since last request: 0.000033 seconds.
  path: Assets/Oculus/Interaction/Samples/Audio/Prefabs/ComplexGrabBoxCloseAudio.prefab
  artifactKey: Guid(04329f21de844334384f7b115a24e88b) Importer(2089858483,0ecaa5967403d082aa24f35e1b516d23)
Start importing Assets/Oculus/Interaction/Samples/Audio/Prefabs/ComplexGrabBoxCloseAudio.prefab using Guid(04329f21de844334384f7b115a24e88b) Importer(2089858483,0ecaa5967403d082aa24f35e1b516d23) [PhysX] Initialized MultithreadedTaskDispatcher with 32 workers.
 -> (artifact id: '4441e4830fa1af0f21d21b8261a2a414') in 0.023579 seconds
Number of updated asset objects reloaded before import = 0
Number of asset objects unloaded after import = 9
========================================================================
Received Import Request.
  Time since last request: 1.688092 seconds.
  path: Assets/Oculus/Interaction/Samples/Audio/Prefabs/PoseDetectionScissorsAudio.prefab
  artifactKey: Guid(4ca0d7083f32f334b908e0a6b72aa2c8) Importer(2089858483,0ecaa5967403d082aa24f35e1b516d23)
Start importing Assets/Oculus/Interaction/Samples/Audio/Prefabs/PoseDetectionScissorsAudio.prefab using Guid(4ca0d7083f32f334b908e0a6b72aa2c8) Importer(2089858483,0ecaa5967403d082aa24f35e1b516d23) [PhysX] Initialized MultithreadedTaskDispatcher with 32 workers.
 -> (artifact id: '0a18492ae9751e1f3dc5904d85bf000e') in 0.060434 seconds
Number of updated asset objects reloaded before import = 0
Number of asset objects unloaded after import = 9
========================================================================
Received Import Request.
  Time since last request: 0.000054 seconds.
  path: Assets/Oculus/Interaction/Samples/Scripts/Body/BodyPoseSwitcher.cs
  artifactKey: Guid(7de5613aa5f224248b2cef5814c0a1e4) Importer(2089858483,0ecaa5967403d082aa24f35e1b516d23)
Start importing Assets/Oculus/Interaction/Samples/Scripts/Body/BodyPoseSwitcher.cs using Guid(7de5613aa5f224248b2cef5814c0a1e4) Importer(2089858483,0ecaa5967403d082aa24f35e1b516d23) [PhysX] Initialized MultithreadedTaskDispatcher with 32 workers.
 -> (artifact id: '0717b132db864e3df93ba8f9821804cd') in 0.016918 seconds
Number of updated asset objects reloaded before import = 0
Number of asset objects unloaded after import = 1
========================================================================
Received Import Request.
  Time since last request: 0.000016 seconds.
  path: Assets/Oculus/SampleFramework/Core/DistanceGrab/Scripts/PauseOnInputLoss.cs
  artifactKey: Guid(9f71ea22b736c3c4fa9f6b17401f974d) Importer(2089858483,0ecaa5967403d082aa24f35e1b516d23)
Start importing Assets/Oculus/SampleFramework/Core/DistanceGrab/Scripts/PauseOnInputLoss.cs using Guid(9f71ea22b736c3c4fa9f6b17401f974d) Importer(2089858483,0ecaa5967403d082aa24f35e1b516d23) [PhysX] Initialized MultithreadedTaskDispatcher with 32 workers.
 -> (artifact id: 'dfa37e3dde6408756d7190444d42ede1') in 0.010804 seconds
Number of updated asset objects reloaded before import = 0
Number of asset objects unloaded after import = 1
========================================================================
Received Import Request.
  Time since last request: 0.000097 seconds.
  path: Assets/Oculus/SampleFramework/Core/CustomHands/Animations/l_hand_thumbs_up_anim.fbx
  artifactKey: Guid(38245a3244d4c904e9a7c93dfc8ffbaf) Importer(2089858483,0ecaa5967403d082aa24f35e1b516d23)
Start importing Assets/Oculus/SampleFramework/Core/CustomHands/Animations/l_hand_thumbs_up_anim.fbx using Guid(38245a3244d4c904e9a7c93dfc8ffbaf) Importer(2089858483,0ecaa5967403d082aa24f35e1b516d23) [PhysX] Initialized MultithreadedTaskDispatcher with 32 workers.
 -> (artifact id: '712d91e2f377cad0eee94ad32bfa8629') in 0.022242 seconds
Number of updated asset objects reloaded before import = 0
Number of asset objects unloaded after import = 55
========================================================================
Received Import Request.
  Time since last request: 0.000018 seconds.
  path: Assets/Oculus/LipSync/Models/FemaleHead_Morph/Materials/shirt.mat
  artifactKey: Guid(0ad01ecbcffbb4c91af7ffa1ebc14f74) Importer(2089858483,0ecaa5967403d082aa24f35e1b516d23)
Start importing Assets/Oculus/LipSync/Models/FemaleHead_Morph/Materials/shirt.mat using Guid(0ad01ecbcffbb4c91af7ffa1ebc14f74) Importer(2089858483,0ecaa5967403d082aa24f35e1b516d23) [PhysX] Initialized MultithreadedTaskDispatcher with 32 workers.
 -> (artifact id: 'eaa463dbd70549fc1b38552582eb1ed3') in 0.012073 seconds
Number of updated asset objects reloaded before import = 0
Number of asset objects unloaded after import = 1
========================================================================
Received Import Request.
  Time since last request: 0.000260 seconds.
  path: Assets/Oculus/SampleFramework/Core/Locomotion/Scripts/TeleportOrientationHandler360.cs
  artifactKey: Guid(d2051e49b4d4201418c42b0244b2bb47) Importer(2089858483,0ecaa5967403d082aa24f35e1b516d23)
Start importing Assets/Oculus/SampleFramework/Core/Locomotion/Scripts/TeleportOrientationHandler360.cs using Guid(d2051e49b4d4201418c42b0244b2bb47) Importer(2089858483,0ecaa5967403d082aa24f35e1b516d23) [PhysX] Initialized MultithreadedTaskDispatcher with 32 workers.
 -> (artifact id: '5ca836368fa0981b149a28e5bc697fe6') in 0.012348 seconds
Number of updated asset objects reloaded before import = 0
Number of asset objects unloaded after import = 1
========================================================================
Received Import Request.
  Time since last request: 0.000022 seconds.
  path: Assets/Oculus/Interaction/Samples/Objects/Environment/BasicPoseExamples.prefab
  artifactKey: Guid(a823fe55a7107c04abd21f4ede9425b3) Importer(2089858483,0ecaa5967403d082aa24f35e1b516d23)
Start importing Assets/Oculus/Interaction/Samples/Objects/Environment/BasicPoseExamples.prefab using Guid(a823fe55a7107c04abd21f4ede9425b3) Importer(2089858483,0ecaa5967403d082aa24f35e1b516d23) [PhysX] Initialized MultithreadedTaskDispatcher with 32 workers.
 -> (artifact id: 'f59d6c2f6d19a82cab6a571d86d54b47') in 0.031339 seconds
Number of updated asset objects reloaded before import = 0
Number of asset objects unloaded after import = 1146
========================================================================
Received Import Request.
  Time since last request: 0.000018 seconds.
  path: Assets/Oculus/SampleFramework/Core/Locomotion/Scripts/TeleportInputHandlerHMD.cs
  artifactKey: Guid(810484434e07d83468e261ce07d92106) Importer(2089858483,0ecaa5967403d082aa24f35e1b516d23)
Start importing Assets/Oculus/SampleFramework/Core/Locomotion/Scripts/TeleportInputHandlerHMD.cs using Guid(810484434e07d83468e261ce07d92106) Importer(2089858483,0ecaa5967403d082aa24f35e1b516d23) [PhysX] Initialized MultithreadedTaskDispatcher with 32 workers.
 -> (artifact id: '3db4c2b047e37de9d3d536795d0a672d') in 0.013344 seconds
Number of updated asset objects reloaded before import = 0
Number of asset objects unloaded after import = 1
========================================================================
Received Import Request.
  Time since last request: 0.000111 seconds.
  path: Assets/Oculus/SampleFramework/Core/TouchControllers/Animations/r_controller_neutral_anim.fbx
  artifactKey: Guid(e704c090dc2948b4c9f8934d0dc4714e) Importer(2089858483,0ecaa5967403d082aa24f35e1b516d23)
Start importing Assets/Oculus/SampleFramework/Core/TouchControllers/Animations/r_controller_neutral_anim.fbx using Guid(e704c090dc2948b4c9f8934d0dc4714e) Importer(2089858483,0ecaa5967403d082aa24f35e1b516d23) [PhysX] Initialized MultithreadedTaskDispatcher with 32 workers.
 -> (artifact id: '35f9ae86592f607863acda26cf9d034f') in 0.023974 seconds
Number of updated asset objects reloaded before import = 0
Number of asset objects unloaded after import = 22
========================================================================
Received Import Request.
  Time since last request: 0.000016 seconds.
  path: Assets/Oculus/Interaction/Samples/Poses/Shapes/FingersAllNotClosed.asset
  artifactKey: Guid(4a3b8e6157d10b6478b98530bd35dcae) Importer(2089858483,0ecaa5967403d082aa24f35e1b516d23)
Start importing Assets/Oculus/Interaction/Samples/Poses/Shapes/FingersAllNotClosed.asset using Guid(4a3b8e6157d10b6478b98530bd35dcae) Importer(2089858483,0ecaa5967403d082aa24f35e1b516d23) [PhysX] Initialized MultithreadedTaskDispatcher with 32 workers.
 -> (artifact id: '8c6c8a78b02d18307432c8b39e8d56c6') in 0.016537 seconds
Number of updated asset objects reloaded before import = 0
Number of asset objects unloaded after import = 1
========================================================================
Received Import Request.
  Time since last request: 0.000124 seconds.
  path: Assets/Oculus/SampleFramework/Core/Locomotion/Materials/MeterGrid.mat
  artifactKey: Guid(912cbad78358a1d48b357480224f4ad9) Importer(2089858483,0ecaa5967403d082aa24f35e1b516d23)
Start importing Assets/Oculus/SampleFramework/Core/Locomotion/Materials/MeterGrid.mat using Guid(912cbad78358a1d48b357480224f4ad9) Importer(2089858483,0ecaa5967403d082aa24f35e1b516d23) [PhysX] Initialized MultithreadedTaskDispatcher with 32 workers.
 -> (artifact id: '0e8e77215e3a1e8ba6fba36f2707d82e') in 0.052682 seconds
Number of updated asset objects reloaded before import = 0
Number of asset objects unloaded after import = 1
========================================================================
Received Import Request.
  Time since last request: 0.000046 seconds.
  path: Assets/Oculus/Interaction/Samples/Scenes/Examples/SnapExamples.unity
  artifactKey: Guid(01ca63189b69e00488487d660224a315) Importer(2089858483,0ecaa5967403d082aa24f35e1b516d23)
Start importing Assets/Oculus/Interaction/Samples/Scenes/Examples/SnapExamples.unity using Guid(01ca63189b69e00488487d660224a315) Importer(2089858483,0ecaa5967403d082aa24f35e1b516d23) [PhysX] Initialized MultithreadedTaskDispatcher with 32 workers.
 -> (artifact id: 'a6cdd28aa9ba20aa205c510b0fdc89b0') in 0.010157 seconds
Number of updated asset objects reloaded before import = 0
Number of asset objects unloaded after import = 1
========================================================================
Received Import Request.
  Time since last request: 0.000120 seconds.
  path: Assets/Oculus/Interaction/Samples/Scripts/HandGrabRecord/TimerUIControl.cs
  artifactKey: Guid(acb15a35c5f64f043adf3c8fd8d3fe99) Importer(2089858483,0ecaa5967403d082aa24f35e1b516d23)
Start importing Assets/Oculus/Interaction/Samples/Scripts/HandGrabRecord/TimerUIControl.cs using Guid(acb15a35c5f64f043adf3c8fd8d3fe99) Importer(2089858483,0ecaa5967403d082aa24f35e1b516d23) [PhysX] Initialized MultithreadedTaskDispatcher with 32 workers.
 -> (artifact id: '1f868ae56555bc46552ca4b1cc85880c') in 0.011516 seconds
Number of updated asset objects reloaded before import = 0
Number of asset objects unloaded after import = 1
========================================================================
Received Import Request.
  Time since last request: 0.000022 seconds.
  path: Assets/Oculus/SampleFramework/Core/DebugUI/Scripts/LaserPointer.cs
  artifactKey: Guid(b558aa8ebb866bd4da56c536a7b4eb71) Importer(2089858483,0ecaa5967403d082aa24f35e1b516d23)
Start importing Assets/Oculus/SampleFramework/Core/DebugUI/Scripts/LaserPointer.cs using Guid(b558aa8ebb866bd4da56c536a7b4eb71) Importer(2089858483,0ecaa5967403d082aa24f35e1b516d23) [PhysX] Initialized MultithreadedTaskDispatcher with 32 workers.
 -> (artifact id: 'e9b2c044785e65c49389febf04b08b7a') in 0.008270 seconds
Number of updated asset objects reloaded before import = 0
Number of asset objects unloaded after import = 1
========================================================================
Received Import Request.
  Time since last request: 0.000362 seconds.
  path: Assets/Oculus/Interaction/Samples/Poses/Shapes/ThumbClosed.asset
  artifactKey: Guid(f4bd1264636288c4c8322cdb04ae93b2) Importer(2089858483,0ecaa5967403d082aa24f35e1b516d23)
Start importing Assets/Oculus/Interaction/Samples/Poses/Shapes/ThumbClosed.asset using Guid(f4bd1264636288c4c8322cdb04ae93b2) Importer(2089858483,0ecaa5967403d082aa24f35e1b516d23) [PhysX] Initialized MultithreadedTaskDispatcher with 32 workers.
 -> (artifact id: '23675ce234352e050c004428a5593d60') in 0.008795 seconds
Number of updated asset objects reloaded before import = 0
Number of asset objects unloaded after import = 1
========================================================================
Received Import Request.
  Time since last request: 0.000094 seconds.
  path: Assets/Oculus/SampleFramework/Core/HandsInteraction/Prefabs/InteractableToolsSDKDriver.prefab
  artifactKey: Guid(2ced187cdc1b6b94da2fd30a37e8bc41) Importer(2089858483,0ecaa5967403d082aa24f35e1b516d23)
Start importing Assets/Oculus/SampleFramework/Core/HandsInteraction/Prefabs/InteractableToolsSDKDriver.prefab using Guid(2ced187cdc1b6b94da2fd30a37e8bc41) Importer(2089858483,0ecaa5967403d082aa24f35e1b516d23) [PhysX] Initialized MultithreadedTaskDispatcher with 32 workers.
 -> (artifact id: '829924fcfcc626a3ed400513d1a7673c') in 0.024286 seconds
Number of updated asset objects reloaded before import = 0
Number of asset objects unloaded after import = 72
========================================================================
Received Import Request.
  Time since last request: 0.000018 seconds.
  path: Assets/Oculus/SampleFramework/Core/DebugUI/Textures/button9slice.png
  artifactKey: Guid(eec623c29607b1447ac4dc6de3cdda6a) Importer(2089858483,0ecaa5967403d082aa24f35e1b516d23)
Start importing Assets/Oculus/SampleFramework/Core/DebugUI/Textures/button9slice.png using Guid(eec623c29607b1447ac4dc6de3cdda6a) Importer(2089858483,0ecaa5967403d082aa24f35e1b516d23) [PhysX] Initialized MultithreadedTaskDispatcher with 32 workers.
 -> (artifact id: '9901098e3f864f0a9cec71418b59d1a0') in 0.022940 seconds
Number of updated asset objects reloaded before import = 0
Number of asset objects unloaded after import = 3
========================================================================
Received Import Request.
  Time since last request: 0.000217 seconds.
  path: Assets/Oculus/SampleFramework/Core/TouchControllers/Animations/l_controller_neutral_anim.fbx
  artifactKey: Guid(1bbe91ce7bea2ba4ea9a1d8e71dccffc) Importer(2089858483,0ecaa5967403d082aa24f35e1b516d23)
Start importing Assets/Oculus/SampleFramework/Core/TouchControllers/Animations/l_controller_neutral_anim.fbx using Guid(1bbe91ce7bea2ba4ea9a1d8e71dccffc) Importer(2089858483,0ecaa5967403d082aa24f35e1b516d23) [PhysX] Initialized MultithreadedTaskDispatcher with 32 workers.
 -> (artifact id: '0d32c2e6db4b188605b70b36e246d94e') in 0.018075 seconds
Number of updated asset objects reloaded before import = 0
Number of asset objects unloaded after import = 22
========================================================================
Received Import Request.
  Time since last request: 0.000093 seconds.
  path: Assets/Oculus/SampleFramework/Core/HandsInteraction/Prefabs/FingerTipPokeToolRing.prefab
  artifactKey: Guid(b6168aea9d5fbf2448d74ed414bdca3b) Importer(2089858483,0ecaa5967403d082aa24f35e1b516d23)
Start importing Assets/Oculus/SampleFramework/Core/HandsInteraction/Prefabs/FingerTipPokeToolRing.prefab using Guid(b6168aea9d5fbf2448d74ed414bdca3b) Importer(2089858483,0ecaa5967403d082aa24f35e1b516d23) [PhysX] Initialized MultithreadedTaskDispatcher with 32 workers.
 -> (artifact id: '1abe84314d2e5f1e1aee088e7b2b3d69') in 0.011731 seconds
Number of updated asset objects reloaded before import = 0
Number of asset objects unloaded after import = 12
========================================================================
Received Import Request.
  Time since last request: 0.000022 seconds.
  path: Assets/Oculus/SampleFramework/Core/CustomHands/Materials/Hands_transparent.mat
  artifactKey: Guid(944feb076639a4d39b750e3cb5d7dfab) Importer(2089858483,0ecaa5967403d082aa24f35e1b516d23)
Start importing Assets/Oculus/SampleFramework/Core/CustomHands/Materials/Hands_transparent.mat using Guid(944feb076639a4d39b750e3cb5d7dfab) Importer(2089858483,0ecaa5967403d082aa24f35e1b516d23) [PhysX] Initialized MultithreadedTaskDispatcher with 32 workers.
 -> (artifact id: 'f69ba3acba9e642afad8c686c5fdaf44') in 0.035710 seconds
Number of updated asset objects reloaded before import = 0
Number of asset objects unloaded after import = 1
========================================================================
Received Import Request.
  Time since last request: 0.000159 seconds.
  path: Assets/Oculus/Interaction/Samples/Audio/Prefabs/PoseDetectionThumbsUpAudio.prefab
  artifactKey: Guid(e41dda0e6564ae74f8d1d1e1a555975b) Importer(2089858483,0ecaa5967403d082aa24f35e1b516d23)
Start importing Assets/Oculus/Interaction/Samples/Audio/Prefabs/PoseDetectionThumbsUpAudio.prefab using Guid(e41dda0e6564ae74f8d1d1e1a555975b) Importer(2089858483,0ecaa5967403d082aa24f35e1b516d23) [PhysX] Initialized MultithreadedTaskDispatcher with 32 workers.
 -> (artifact id: '71302c97608d3abd6f9530dde1e23036') in 0.024364 seconds
Number of updated asset objects reloaded before import = 0
Number of asset objects unloaded after import = 9
========================================================================
Received Import Request.
  Time since last request: 0.000016 seconds.
  path: Assets/Oculus/Interaction/Samples/Objects/Environment/DistanceGrabInfoCards.prefab
  artifactKey: Guid(39d7bb953a67ea943a2dd67ff7b0549c) Importer(2089858483,0ecaa5967403d082aa24f35e1b516d23)
Start importing Assets/Oculus/Interaction/Samples/Objects/Environment/DistanceGrabInfoCards.prefab using Guid(39d7bb953a67ea943a2dd67ff7b0549c) Importer(2089858483,0ecaa5967403d082aa24f35e1b516d23) [PhysX] Initialized MultithreadedTaskDispatcher with 32 workers.
 -> (artifact id: '784a4cdac56448289061fd39cec99275') in 0.018088 seconds
Number of updated asset objects reloaded before import = 0
Number of asset objects unloaded after import = 119
========================================================================
Received Import Request.
  Time since last request: 0.000016 seconds.
  path: Assets/Oculus/SampleFramework/Core/Locomotion/Scripts/TeleportAimHandler.cs
  artifactKey: Guid(05141a0b7df32dd4e914f070c2c43fdd) Importer(2089858483,0ecaa5967403d082aa24f35e1b516d23)
Start importing Assets/Oculus/SampleFramework/Core/Locomotion/Scripts/TeleportAimHandler.cs using Guid(05141a0b7df32dd4e914f070c2c43fdd) Importer(2089858483,0ecaa5967403d082aa24f35e1b516d23) [PhysX] Initialized MultithreadedTaskDispatcher with 32 workers.
 -> (artifact id: 'daca8725c0331680b7e58cd77932ecc0') in 0.010757 seconds
Number of updated asset objects reloaded before import = 0
Number of asset objects unloaded after import = 1
========================================================================
Received Import Request.
  Time since last request: 0.000139 seconds.
  path: Assets/Oculus/SampleFramework/Core/Locomotion/Materials/lambert1.mat
  artifactKey: Guid(24774b6e918e3c24a833857353a28b1b) Importer(2089858483,0ecaa5967403d082aa24f35e1b516d23)
Start importing Assets/Oculus/SampleFramework/Core/Locomotion/Materials/lambert1.mat using Guid(24774b6e918e3c24a833857353a28b1b) Importer(2089858483,0ecaa5967403d082aa24f35e1b516d23) [PhysX] Initialized MultithreadedTaskDispatcher with 32 workers.
 -> (artifact id: '03ff409738f9c988be2c1f3784aae678') in 0.012133 seconds
Number of updated asset objects reloaded before import = 0
Number of asset objects unloaded after import = 1
========================================================================
Received Import Request.
  Time since last request: 0.000085 seconds.
  path: Assets/Oculus/Interaction/Samples/Scenes/Examples/PoseExamples.unity
  artifactKey: Guid(4fe358b21fe17764db89a9ab9f202327) Importer(2089858483,0ecaa5967403d082aa24f35e1b516d23)
Start importing Assets/Oculus/Interaction/Samples/Scenes/Examples/PoseExamples.unity using Guid(4fe358b21fe17764db89a9ab9f202327) Importer(2089858483,0ecaa5967403d082aa24f35e1b516d23) [PhysX] Initialized MultithreadedTaskDispatcher with 32 workers.
 -> (artifact id: 'f8ec32b08e90a996a13168cc0942549d') in 0.006821 seconds
Number of updated asset objects reloaded before import = 0
Number of asset objects unloaded after import = 1
========================================================================
Received Import Request.
  Time since last request: 0.000128 seconds.
  path: Assets/Oculus/SampleFramework/Core/CustomHands/Animations/r_hand_relax_3qtr_fist_anim.fbx
  artifactKey: Guid(649ee9096089b1342bee9132e3ccc8bd) Importer(2089858483,0ecaa5967403d082aa24f35e1b516d23)
Start importing Assets/Oculus/SampleFramework/Core/CustomHands/Animations/r_hand_relax_3qtr_fist_anim.fbx using Guid(649ee9096089b1342bee9132e3ccc8bd) Importer(2089858483,0ecaa5967403d082aa24f35e1b516d23) [PhysX] Initialized MultithreadedTaskDispatcher with 32 workers.
 -> (artifact id: '0a8200abd389c4f825d4201c1637106f') in 0.019832 seconds
Number of updated asset objects reloaded before import = 0
Number of asset objects unloaded after import = 55
========================================================================
Received Import Request.
  Time since last request: 0.000029 seconds.
  path: Assets/Oculus/SampleFramework/Core/TouchControllers/Animations/r_controller_joy_SE_anim.fbx
  artifactKey: Guid(6420c67c5b49c8449bbb7ebd21187173) Importer(2089858483,0ecaa5967403d082aa24f35e1b516d23)
Start importing Assets/Oculus/SampleFramework/Core/TouchControllers/Animations/r_controller_joy_SE_anim.fbx using Guid(6420c67c5b49c8449bbb7ebd21187173) Importer(2089858483,0ecaa5967403d082aa24f35e1b516d23) [PhysX] Initialized MultithreadedTaskDispatcher with 32 workers.
 -> (artifact id: 'c1f0b4cd29b7f3ce000b0326ad9c361f') in 0.019328 seconds
Number of updated asset objects reloaded before import = 0
Number of asset objects unloaded after import = 22
========================================================================
Received Import Request.
  Time since last request: 0.000031 seconds.
  path: Assets/Oculus/SampleFramework/Core/HandsInteraction/Scripts/InteractableToolsInputRouter.cs
  artifactKey: Guid(85fb71180be543b44a6c8c1e4253dce4) Importer(2089858483,0ecaa5967403d082aa24f35e1b516d23)
Start importing Assets/Oculus/SampleFramework/Core/HandsInteraction/Scripts/InteractableToolsInputRouter.cs using Guid(85fb71180be543b44a6c8c1e4253dce4) Importer(2089858483,0ecaa5967403d082aa24f35e1b516d23) [PhysX] Initialized MultithreadedTaskDispatcher with 32 workers.
 -> (artifact id: '1155c6f6b686b995f9ad037d0576faf1') in 0.013051 seconds
Number of updated asset objects reloaded before import = 0
Number of asset objects unloaded after import = 1
========================================================================
Received Import Request.
  Time since last request: 0.000113 seconds.
  path: Assets/Oculus/Interaction/Samples/Objects/Props/HoverButtons.prefab
  artifactKey: Guid(4bf459842f45eb648a8e314fa01c55b6) Importer(2089858483,0ecaa5967403d082aa24f35e1b516d23)
Start importing Assets/Oculus/Interaction/Samples/Objects/Props/HoverButtons.prefab using Guid(4bf459842f45eb648a8e314fa01c55b6) Importer(2089858483,0ecaa5967403d082aa24f35e1b516d23) [PhysX] Initialized MultithreadedTaskDispatcher with 32 workers.
 -> (artifact id: '51c1694d6af08b0e53a90449ab9c3457') in 0.024335 seconds
Number of updated asset objects reloaded before import = 0
Number of asset objects unloaded after import = 225
========================================================================
Received Import Request.
  Time since last request: 0.000016 seconds.
  path: Assets/Oculus/SampleFramework/Core/CustomHands/Animations/l_hand_relax_3qtr_fist_anim.fbx
  artifactKey: Guid(79e0d96a3e30fec46a930ab7dd95ef5f) Importer(2089858483,0ecaa5967403d082aa24f35e1b516d23)
Start importing Assets/Oculus/SampleFramework/Core/CustomHands/Animations/l_hand_relax_3qtr_fist_anim.fbx using Guid(79e0d96a3e30fec46a930ab7dd95ef5f) Importer(2089858483,0ecaa5967403d082aa24f35e1b516d23) [PhysX] Initialized MultithreadedTaskDispatcher with 32 workers.
 -> (artifact id: '17fa51a4c5d3c8a0cd6750bf45b67e39') in 0.017736 seconds
Number of updated asset objects reloaded before import = 0
Number of asset objects unloaded after import = 55
========================================================================
Received Import Request.
  Time since last request: 0.000016 seconds.
  path: Assets/Oculus/SampleFramework/Core/CustomHands/Animations/r_hand_hold_billiard_ball_anim.fbx
  artifactKey: Guid(49313745e0e0842789ab3723bbc0d74c) Importer(2089858483,0ecaa5967403d082aa24f35e1b516d23)
Start importing Assets/Oculus/SampleFramework/Core/CustomHands/Animations/r_hand_hold_billiard_ball_anim.fbx using Guid(49313745e0e0842789ab3723bbc0d74c) Importer(2089858483,0ecaa5967403d082aa24f35e1b516d23) [PhysX] Initialized MultithreadedTaskDispatcher with 32 workers.
 -> (artifact id: 'f565b3b74833ee111c17c04e87ffa366') in 0.021993 seconds
Number of updated asset objects reloaded before import = 0
Number of asset objects unloaded after import = 57
========================================================================
Received Import Request.
  Time since last request: 0.000022 seconds.
  path: Assets/Oculus/Platform/Samples/VrHoops/Scripts/LocalPlayer.cs
  artifactKey: Guid(ac564d79b10fc01448f93b8dcc74d3d0) Importer(2089858483,0ecaa5967403d082aa24f35e1b516d23)
Start importing Assets/Oculus/Platform/Samples/VrHoops/Scripts/LocalPlayer.cs using Guid(ac564d79b10fc01448f93b8dcc74d3d0) Importer(2089858483,0ecaa5967403d082aa24f35e1b516d23) [PhysX] Initialized MultithreadedTaskDispatcher with 32 workers.
 -> (artifact id: '9c37fd283452f0f792054db8cb904929') in 0.009636 seconds
Number of updated asset objects reloaded before import = 0
Number of asset objects unloaded after import = 1
========================================================================
Received Import Request.
  Time since last request: 0.000181 seconds.
  path: Assets/Oculus/SampleFramework/Core/TouchControllers/Animations/l_controller_neutral_grip_button_mask_anim.fbx
  artifactKey: Guid(4961dc65df2786046be6f0e39b28da7e) Importer(2089858483,0ecaa5967403d082aa24f35e1b516d23)
Start importing Assets/Oculus/SampleFramework/Core/TouchControllers/Animations/l_controller_neutral_grip_button_mask_anim.fbx using Guid(4961dc65df2786046be6f0e39b28da7e) Importer(2089858483,0ecaa5967403d082aa24f35e1b516d23) [PhysX] Initialized MultithreadedTaskDispatcher with 32 workers.
 -> (artifact id: 'e9453fc375a4c21a18cd2df1004304cd') in 0.021587 seconds
Number of updated asset objects reloaded before import = 0
Number of asset objects unloaded after import = 22
========================================================================
Received Import Request.
  Time since last request: 0.000016 seconds.
  path: Assets/Oculus/SampleFramework/Core/Locomotion/Scripts/TeleportTargetHandlerNavMesh.cs
  artifactKey: Guid(246f3f7eae8a20948859c718121d1c69) Importer(2089858483,0ecaa5967403d082aa24f35e1b516d23)
Start importing Assets/Oculus/SampleFramework/Core/Locomotion/Scripts/TeleportTargetHandlerNavMesh.cs using Guid(246f3f7eae8a20948859c718121d1c69) Importer(2089858483,0ecaa5967403d082aa24f35e1b516d23) [PhysX] Initialized MultithreadedTaskDispatcher with 32 workers.
 -> (artifact id: '22e3ade7f5f0c531276a86109fb7c22c') in 0.007600 seconds
Number of updated asset objects reloaded before import = 0
Number of asset objects unloaded after import = 1
========================================================================
Received Import Request.
  Time since last request: 0.000078 seconds.
  path: Assets/Oculus/SampleFramework/Core/Locomotion/Scripts/TeleportOrientationHandlerThumbstick.cs
  artifactKey: Guid(2bb0f5a590bee8641b2298ad4ad21c1c) Importer(2089858483,0ecaa5967403d082aa24f35e1b516d23)
Start importing Assets/Oculus/SampleFramework/Core/Locomotion/Scripts/TeleportOrientationHandlerThumbstick.cs using Guid(2bb0f5a590bee8641b2298ad4ad21c1c) Importer(2089858483,0ecaa5967403d082aa24f35e1b516d23) [PhysX] Initialized MultithreadedTaskDispatcher with 32 workers.
 -> (artifact id: '060f473c482a46145703247a1db2ed70') in 0.009577 seconds
Number of updated asset objects reloaded before import = 0
Number of asset objects unloaded after import = 1
========================================================================
Received Import Request.
  Time since last request: 0.000133 seconds.
  path: Assets/Oculus/SampleFramework/Core/HandsInteraction/Scripts/ColliderZone.cs
  artifactKey: Guid(7430c31486e4539459813e743a41d02b) Importer(2089858483,0ecaa5967403d082aa24f35e1b516d23)
Start importing Assets/Oculus/SampleFramework/Core/HandsInteraction/Scripts/ColliderZone.cs using Guid(7430c31486e4539459813e743a41d02b) Importer(2089858483,0ecaa5967403d082aa24f35e1b516d23) [PhysX] Initialized MultithreadedTaskDispatcher with 32 workers.
 -> (artifact id: '6bab299dae229c6098c8a864cf3249f6') in 0.009696 seconds
Number of updated asset objects reloaded before import = 0
Number of asset objects unloaded after import = 1
========================================================================
Received Import Request.
  Time since last request: 0.000131 seconds.
  path: Assets/Oculus/SampleFramework/Core/Locomotion/Scripts/TeleportInputHandlerTouch.cs
  artifactKey: Guid(c4133858333ed264ebae0d70265b7b6b) Importer(2089858483,0ecaa5967403d082aa24f35e1b516d23)
Start importing Assets/Oculus/SampleFramework/Core/Locomotion/Scripts/TeleportInputHandlerTouch.cs using Guid(c4133858333ed264ebae0d70265b7b6b) Importer(2089858483,0ecaa5967403d082aa24f35e1b516d23) [PhysX] Initialized MultithreadedTaskDispatcher with 32 workers.
 -> (artifact id: '9dbafc2395c50b5fe67494ad7f8d0bc2') in 0.034940 seconds
Number of updated asset objects reloaded before import = 0
Number of asset objects unloaded after import = 1
========================================================================
Received Import Request.
  Time since last request: 0.000014 seconds.
  path: Assets/Oculus/Interaction/Samples/Prefabs/HandPose/StopPose.prefab
  artifactKey: Guid(0e1b2ff3bedb5c0498180178216f13d0) Importer(2089858483,0ecaa5967403d082aa24f35e1b516d23)
Start importing Assets/Oculus/Interaction/Samples/Prefabs/HandPose/StopPose.prefab using Guid(0e1b2ff3bedb5c0498180178216f13d0) Importer(2089858483,0ecaa5967403d082aa24f35e1b516d23) [PhysX] Initialized MultithreadedTaskDispatcher with 32 workers.
 -> (artifact id: '5cb39c6f7ce4a0d55df93de5ff568fca') in 0.028101 seconds
Number of updated asset objects reloaded before import = 0
Number of asset objects unloaded after import = 20
========================================================================
Received Import Request.
  Time since last request: 0.000018 seconds.
  path: Assets/Oculus/SampleFramework/Core/CustomHands/Animations/l_hand_cap_touch_thumb_mask_anim.fbx
  artifactKey: Guid(73af2d5eb4aa5f84c9489fec88acb742) Importer(2089858483,0ecaa5967403d082aa24f35e1b516d23)
Start importing Assets/Oculus/SampleFramework/Core/CustomHands/Animations/l_hand_cap_touch_thumb_mask_anim.fbx using Guid(73af2d5eb4aa5f84c9489fec88acb742) Importer(2089858483,0ecaa5967403d082aa24f35e1b516d23) [PhysX] Initialized MultithreadedTaskDispatcher with 32 workers.
 -> (artifact id: '0816d7db62c885f2b8006e4b19b243f7') in 0.021459 seconds
Number of updated asset objects reloaded before import = 0
Number of asset objects unloaded after import = 55
========================================================================
Received Import Request.
  Time since last request: 0.000118 seconds.
  path: Assets/Oculus/Interaction/Samples/Poses/Shapes/FingersIndexNotClosed.asset
  artifactKey: Guid(21d6228e5f79fc2419931ea0be65f57b) Importer(2089858483,0ecaa5967403d082aa24f35e1b516d23)
Start importing Assets/Oculus/Interaction/Samples/Poses/Shapes/FingersIndexNotClosed.asset using Guid(21d6228e5f79fc2419931ea0be65f57b) Importer(2089858483,0ecaa5967403d082aa24f35e1b516d23) [PhysX] Initialized MultithreadedTaskDispatcher with 32 workers.
 -> (artifact id: 'e801d119a29454431dfe559ba94e4344') in 0.009921 seconds
Number of updated asset objects reloaded before import = 0
Number of asset objects unloaded after import = 1
========================================================================
Received Import Request.
  Time since last request: 0.000174 seconds.
  path: Assets/Oculus/Platform/Samples/VrVoiceChat/Scripts/PlatformManager.cs
  artifactKey: Guid(ffdbd4c8c89d94aae95321b8d5850c7a) Importer(2089858483,0ecaa5967403d082aa24f35e1b516d23)
Start importing Assets/Oculus/Platform/Samples/VrVoiceChat/Scripts/PlatformManager.cs using Guid(ffdbd4c8c89d94aae95321b8d5850c7a) Importer(2089858483,0ecaa5967403d082aa24f35e1b516d23) [PhysX] Initialized MultithreadedTaskDispatcher with 32 workers.
 -> (artifact id: 'ed93ea6b769e361a13dd3fc778fa7ce1') in 0.007076 seconds
Number of updated asset objects reloaded before import = 0
Number of asset objects unloaded after import = 1
========================================================================
Received Import Request.
  Time since last request: 0.000087 seconds.
  path: Assets/Oculus/Interaction/Samples/Objects/Props/SampleCanvas.prefab
  artifactKey: Guid(a9cf11e13b54579409527dfbfd718499) Importer(2089858483,0ecaa5967403d082aa24f35e1b516d23)
Start importing Assets/Oculus/Interaction/Samples/Objects/Props/SampleCanvas.prefab using Guid(a9cf11e13b54579409527dfbfd718499) Importer(2089858483,0ecaa5967403d082aa24f35e1b516d23) [PhysX] Initialized MultithreadedTaskDispatcher with 32 workers.
 -> (artifact id: 'de835ad055b27d720acdd45c1b186304') in 0.027837 seconds
Number of updated asset objects reloaded before import = 0
Number of asset objects unloaded after import = 125
========================================================================
Received Import Request.
  Time since last request: 0.000017 seconds.
  path: Assets/Oculus/SampleFramework/Core/HandsInteraction/Scripts/ButtonTriggerZone.cs
  artifactKey: Guid(286a680ab908503489d2d5449f01c521) Importer(2089858483,0ecaa5967403d082aa24f35e1b516d23)
Start importing Assets/Oculus/SampleFramework/Core/HandsInteraction/Scripts/ButtonTriggerZone.cs using Guid(286a680ab908503489d2d5449f01c521) Importer(2089858483,0ecaa5967403d082aa24f35e1b516d23) [PhysX] Initialized MultithreadedTaskDispatcher with 32 workers.
 -> (artifact id: '57c74e06d8187514a3c423b1b69df6e2') in 0.007844 seconds
Number of updated asset objects reloaded before import = 0
Number of asset objects unloaded after import = 1
========================================================================
Received Import Request.
  Time since last request: 0.000032 seconds.
  path: Assets/Oculus/Platform/Samples/VrHoops/Scripts/AIPlayer.cs
  artifactKey: Guid(71702635af79217469ed41ba39db8d5a) Importer(2089858483,0ecaa5967403d082aa24f35e1b516d23)
Start importing Assets/Oculus/Platform/Samples/VrHoops/Scripts/AIPlayer.cs using Guid(71702635af79217469ed41ba39db8d5a) Importer(2089858483,0ecaa5967403d082aa24f35e1b516d23) [PhysX] Initialized MultithreadedTaskDispatcher with 32 workers.
 -> (artifact id: '8cf58bb4afe2b1925671953c42967df7') in 0.010172 seconds
Number of updated asset objects reloaded before import = 0
Number of asset objects unloaded after import = 1
========================================================================
Received Import Request.
  Time since last request: 0.000019 seconds.
  path: Assets/Oculus/SampleFramework/Core/CustomHands/Models/LeftHandAnimator.controller
  artifactKey: Guid(17cc85983dec7534ab8d35297a9f9f05) Importer(2089858483,0ecaa5967403d082aa24f35e1b516d23)
Start importing Assets/Oculus/SampleFramework/Core/CustomHands/Models/LeftHandAnimator.controller using Guid(17cc85983dec7534ab8d35297a9f9f05) Importer(2089858483,0ecaa5967403d082aa24f35e1b516d23) [PhysX] Initialized MultithreadedTaskDispatcher with 32 workers.
 -> (artifact id: 'b680cea9b4ea5f7e6d71d103aa3f92d6') in 0.023531 seconds
Number of updated asset objects reloaded before import = 0
Number of asset objects unloaded after import = 31
========================================================================
Received Import Request.
  Time since last request: 0.000017 seconds.
  path: Assets/Oculus/SampleFramework/Core/TouchControllers/Animations/r_controller_button02_anim.fbx
  artifactKey: Guid(77560bac273e50e43a1954458b47de17) Importer(2089858483,0ecaa5967403d082aa24f35e1b516d23)
Start importing Assets/Oculus/SampleFramework/Core/TouchControllers/Animations/r_controller_button02_anim.fbx using Guid(77560bac273e50e43a1954458b47de17) Importer(2089858483,0ecaa5967403d082aa24f35e1b516d23) [PhysX] Initialized MultithreadedTaskDispatcher with 32 workers.
 -> (artifact id: '0e7ce4681138516b9ec8af80baf981fb') in 0.018981 seconds
Number of updated asset objects reloaded before import = 0
Number of asset objects unloaded after import = 22
========================================================================
Received Import Request.
  Time since last request: 0.000016 seconds.
  path: Assets/Oculus/SampleFramework/Core/CustomHands/Animations/r_hand_squirtgun_hold.fbx
  artifactKey: Guid(da9d238ccd8894d5bad0dbb14cf41280) Importer(2089858483,0ecaa5967403d082aa24f35e1b516d23)
Start importing Assets/Oculus/SampleFramework/Core/CustomHands/Animations/r_hand_squirtgun_hold.fbx using Guid(da9d238ccd8894d5bad0dbb14cf41280) Importer(2089858483,0ecaa5967403d082aa24f35e1b516d23) [PhysX] Initialized MultithreadedTaskDispatcher with 32 workers.
 -> (artifact id: '478b99a339c4fc4396b82b55e9b6fe1e') in 0.020570 seconds
Number of updated asset objects reloaded before import = 0
Number of asset objects unloaded after import = 57
========================================================================
Received Import Request.
  Time since last request: 1.349724 seconds.
  path: Assets/Oculus/SampleFramework/Core/TouchControllers/Materials/R_controller_gloss_MAT.mat
  artifactKey: Guid(6dca398ec6487b142811f0497ed47f6d) Importer(2089858483,0ecaa5967403d082aa24f35e1b516d23)
Start importing Assets/Oculus/SampleFramework/Core/TouchControllers/Materials/R_controller_gloss_MAT.mat using Guid(6dca398ec6487b142811f0497ed47f6d) Importer(2089858483,0ecaa5967403d082aa24f35e1b516d23) [PhysX] Initialized MultithreadedTaskDispatcher with 32 workers.
 -> (artifact id: 'd604a929ebae5e2088468d9bd4a98877') in 0.026983 seconds
Number of updated asset objects reloaded before import = 0
Number of asset objects unloaded after import = 2
========================================================================
Received Import Request.
  Time since last request: 0.001491 seconds.
  path: Assets/Oculus/SampleFramework/Usage/SceneManager/Scenes/CustomSceneManager.unity
  artifactKey: Guid(b3263182281814244905f0625a6328b5) Importer(2089858483,0ecaa5967403d082aa24f35e1b516d23)
Start importing Assets/Oculus/SampleFramework/Usage/SceneManager/Scenes/CustomSceneManager.unity using Guid(b3263182281814244905f0625a6328b5) Importer(2089858483,0ecaa5967403d082aa24f35e1b516d23) [PhysX] Initialized MultithreadedTaskDispatcher with 32 workers.
 -> (artifact id: '59ff43f520bf340b53102b3e5918511c') in 0.011207 seconds
Number of updated asset objects reloaded before import = 0
Number of asset objects unloaded after import = 1
========================================================================
Received Import Request.
  Time since last request: 0.000304 seconds.
  path: Assets/Oculus/SampleFramework/Usage/OVROverlayCanvas/Shaders/UI Default Correct.shader
  artifactKey: Guid(e720ef9c6dcfbe4489d043ddf61706f8) Importer(2089858483,0ecaa5967403d082aa24f35e1b516d23)
Start importing Assets/Oculus/SampleFramework/Usage/OVROverlayCanvas/Shaders/UI Default Correct.shader using Guid(e720ef9c6dcfbe4489d043ddf61706f8) Importer(2089858483,0ecaa5967403d082aa24f35e1b516d23) [PhysX] Initialized MultithreadedTaskDispatcher with 32 workers.
 -> (artifact id: 'ed9c9511ad09782a0a7d0cebcf8378d0') in 0.013602 seconds
Number of updated asset objects reloaded before import = 0
Number of asset objects unloaded after import = 1
========================================================================
Received Import Request.
  Time since last request: 0.000026 seconds.
  path: Assets/Oculus/SampleFramework/Usage/HandsTrainExample/TrainScene/Lightmap-31_comp_dir.png
  artifactKey: Guid(cdb2da7b40ee5134bba65cfc8010f65e) Importer(2089858483,0ecaa5967403d082aa24f35e1b516d23)
Start importing Assets/Oculus/SampleFramework/Usage/HandsTrainExample/TrainScene/Lightmap-31_comp_dir.png using Guid(cdb2da7b40ee5134bba65cfc8010f65e) Importer(2089858483,0ecaa5967403d082aa24f35e1b516d23) [PhysX] Initialized MultithreadedTaskDispatcher with 32 workers.
 -> (artifact id: '9e2ccc705f9e7bb3b1a271e3f3e9f7c0') in 0.021899 seconds
Number of updated asset objects reloaded before import = 0
Number of asset objects unloaded after import = 1
========================================================================
Received Import Request.
  Time since last request: 0.000016 seconds.
  path: Assets/Oculus/SampleFramework/Usage/SceneManager/Materials/Ball Hidden.mat
  artifactKey: Guid(9827083418370bd4383a7507ca039547) Importer(2089858483,0ecaa5967403d082aa24f35e1b516d23)
Start importing Assets/Oculus/SampleFramework/Usage/SceneManager/Materials/Ball Hidden.mat using Guid(9827083418370bd4383a7507ca039547) Importer(2089858483,0ecaa5967403d082aa24f35e1b516d23) [PhysX] Initialized MultithreadedTaskDispatcher with 32 workers.
 -> (artifact id: '60b2abdd8da940db5affda2eb9355554') in 0.013725 seconds
Number of updated asset objects reloaded before import = 0
Number of asset objects unloaded after import = 1
========================================================================
Received Import Request.
  Time since last request: 0.000150 seconds.
  path: Assets/Oculus/SampleFramework/Usage/Passthrough/Scenes/SelectivePassthrough.unity
  artifactKey: Guid(0e7861142f653584586c707ede59072e) Importer(2089858483,0ecaa5967403d082aa24f35e1b516d23)
Start importing Assets/Oculus/SampleFramework/Usage/Passthrough/Scenes/SelectivePassthrough.unity using Guid(0e7861142f653584586c707ede59072e) Importer(2089858483,0ecaa5967403d082aa24f35e1b516d23) [PhysX] Initialized MultithreadedTaskDispatcher with 32 workers.
 -> (artifact id: '2631c30b297c4ee6cb913e326b239ce4') in 0.012213 seconds
Number of updated asset objects reloaded before import = 0
Number of asset objects unloaded after import = 1
========================================================================
Received Import Request.
  Time since last request: 0.000095 seconds.
  path: Assets/Oculus/SampleFramework/Usage/Passthrough/Scripts/SPPquad.cs
  artifactKey: Guid(232631f957b49a94b952c7117d9c3d40) Importer(2089858483,0ecaa5967403d082aa24f35e1b516d23)
Start importing Assets/Oculus/SampleFramework/Usage/Passthrough/Scripts/SPPquad.cs using Guid(232631f957b49a94b952c7117d9c3d40) Importer(2089858483,0ecaa5967403d082aa24f35e1b516d23) [PhysX] Initialized MultithreadedTaskDispatcher with 32 workers.
 -> (artifact id: '4bb93ecf89cb3142a8d367813fb0921d') in 0.007668 seconds
Number of updated asset objects reloaded before import = 0
Number of asset objects unloaded after import = 1
========================================================================
Received Import Request.
  Time since last request: 0.000056 seconds.
  path: Assets/Oculus/SampleFramework/Usage/HandsTrainExample/TrainScene/Lightmap-32_comp_shadowmask.png
  artifactKey: Guid(19f4665a5d494664986e0cfd2113e391) Importer(2089858483,0ecaa5967403d082aa24f35e1b516d23)
Start importing Assets/Oculus/SampleFramework/Usage/HandsTrainExample/TrainScene/Lightmap-32_comp_shadowmask.png using Guid(19f4665a5d494664986e0cfd2113e391) Importer(2089858483,0ecaa5967403d082aa24f35e1b516d23) [PhysX] Initialized MultithreadedTaskDispatcher with 32 workers.
 -> (artifact id: '961c17fe4d3a0ff4220a118978973506') in 0.018147 seconds
Number of updated asset objects reloaded before import = 0
Number of asset objects unloaded after import = 1
========================================================================
Received Import Request.
  Time since last request: 0.000071 seconds.
  path: Assets/Oculus/SampleFramework/Usage/Passthrough/Materials/EdgeGlow.tga
  artifactKey: Guid(fb7fa0fc41f43754b862769848783352) Importer(2089858483,0ecaa5967403d082aa24f35e1b516d23)
Start importing Assets/Oculus/SampleFramework/Usage/Passthrough/Materials/EdgeGlow.tga using Guid(fb7fa0fc41f43754b862769848783352) Importer(2089858483,0ecaa5967403d082aa24f35e1b516d23) [PhysX] Initialized MultithreadedTaskDispatcher with 32 workers.
 -> (artifact id: 'de53ca076e5a7b1e69da6881d25850f6') in 0.019395 seconds
Number of updated asset objects reloaded before import = 0
Number of asset objects unloaded after import = 1
========================================================================
Received Import Request.
  Time since last request: 0.000025 seconds.
  path: Assets/Oculus/SampleFramework/Usage/Locomotion/Textures/grid_01.png
  artifactKey: Guid(31fd698dbf26540c3b49357badd5aedd) Importer(2089858483,0ecaa5967403d082aa24f35e1b516d23)
Start importing Assets/Oculus/SampleFramework/Usage/Locomotion/Textures/grid_01.png using Guid(31fd698dbf26540c3b49357badd5aedd) Importer(2089858483,0ecaa5967403d082aa24f35e1b516d23) [PhysX] Initialized MultithreadedTaskDispatcher with 32 workers.
 -> (artifact id: '0ffcbeac2db37e89baa39f03ce37e12b') in 0.018349 seconds
Number of updated asset objects reloaded before import = 0
Number of asset objects unloaded after import = 1
========================================================================
Received Import Request.
  Time since last request: 0.000068 seconds.
  path: Assets/Oculus/SampleFramework/Usage/Passthrough/Scripts/OverlayPassthrough.cs
  artifactKey: Guid(a9f68e69bcc45cf43abc834cb9713e41) Importer(2089858483,0ecaa5967403d082aa24f35e1b516d23)
Start importing Assets/Oculus/SampleFramework/Usage/Passthrough/Scripts/OverlayPassthrough.cs using Guid(a9f68e69bcc45cf43abc834cb9713e41) Importer(2089858483,0ecaa5967403d082aa24f35e1b516d23) [PhysX] Initialized MultithreadedTaskDispatcher with 32 workers.
 -> (artifact id: 'a9e2e459d5a7313469f38fe46a2fcc02') in 0.006583 seconds
Number of updated asset objects reloaded before import = 0
Number of asset objects unloaded after import = 1
========================================================================
Received Import Request.
  Time since last request: 0.000201 seconds.
  path: Assets/Oculus/SampleFramework/Usage/Passthrough/Materials/DropShadow.tga
  artifactKey: Guid(258e18cf9c21e8e46a8676e92debc25c) Importer(2089858483,0ecaa5967403d082aa24f35e1b516d23)
Start importing Assets/Oculus/SampleFramework/Usage/Passthrough/Materials/DropShadow.tga using Guid(258e18cf9c21e8e46a8676e92debc25c) Importer(2089858483,0ecaa5967403d082aa24f35e1b516d23) [PhysX] Initialized MultithreadedTaskDispatcher with 32 workers.
 -> (artifact id: '564ee873c22769b65c517624c7651b14') in 0.015891 seconds
Number of updated asset objects reloaded before import = 0
Number of asset objects unloaded after import = 1
========================================================================
Received Import Request.
  Time since last request: 0.000056 seconds.
  path: Assets/Oculus/SampleFramework/Usage/HandsTrainExample/TrainScene/Lightmap-34_comp_light.exr
  artifactKey: Guid(1f49a33c8089cc44f85b49e29f45bfe9) Importer(2089858483,0ecaa5967403d082aa24f35e1b516d23)
Start importing Assets/Oculus/SampleFramework/Usage/HandsTrainExample/TrainScene/Lightmap-34_comp_light.exr using Guid(1f49a33c8089cc44f85b49e29f45bfe9) Importer(2089858483,0ecaa5967403d082aa24f35e1b516d23) [PhysX] Initialized MultithreadedTaskDispatcher with 32 workers.
 -> (artifact id: 'e8c9c4ff2a186b98b301b6a5aa292576') in 0.019221 seconds
Number of updated asset objects reloaded before import = 0
Number of asset objects unloaded after import = 1
========================================================================
Received Import Request.
  Time since last request: 0.000052 seconds.
  path: Assets/Oculus/SampleFramework/Usage/Passthrough/Materials/WhiteUnlit.mat
  artifactKey: Guid(89681c510a2d4144f82986df469f44a1) Importer(2089858483,0ecaa5967403d082aa24f35e1b516d23)
Start importing Assets/Oculus/SampleFramework/Usage/Passthrough/Materials/WhiteUnlit.mat using Guid(89681c510a2d4144f82986df469f44a1) Importer(2089858483,0ecaa5967403d082aa24f35e1b516d23) [PhysX] Initialized MultithreadedTaskDispatcher with 32 workers.
 -> (artifact id: 'f63f8e771420e76eb5dd3b8776078647') in 0.011253 seconds
Number of updated asset objects reloaded before import = 0
Number of asset objects unloaded after import = 1
========================================================================
Received Import Request.
  Time since last request: 0.000016 seconds.
  path: Assets/Oculus/SampleFramework/Usage/Passthrough/Materials/OculusGraffiti.tga
  artifactKey: Guid(50eb925d2a9fd0f41983e420da3d7e4c) Importer(2089858483,0ecaa5967403d082aa24f35e1b516d23)
Start importing Assets/Oculus/SampleFramework/Usage/Passthrough/Materials/OculusGraffiti.tga using Guid(50eb925d2a9fd0f41983e420da3d7e4c) Importer(2089858483,0ecaa5967403d082aa24f35e1b516d23) [PhysX] Initialized MultithreadedTaskDispatcher with 32 workers.
 -> (artifact id: '0a4f6d967af2fc5b0bb8b61240955dbc') in 0.020407 seconds
Number of updated asset objects reloaded before import = 0
Number of asset objects unloaded after import = 1
========================================================================
Received Import Request.
  Time since last request: 0.000097 seconds.
  path: Assets/Oculus/SampleFramework/Usage/DistanceGrab/PhysicsMaterials/RubberPhysMat.physicMaterial
  artifactKey: Guid(948611cc428a84b569ad7626e6649205) Importer(2089858483,0ecaa5967403d082aa24f35e1b516d23)
Start importing Assets/Oculus/SampleFramework/Usage/DistanceGrab/PhysicsMaterials/RubberPhysMat.physicMaterial using Guid(948611cc428a84b569ad7626e6649205) Importer(2089858483,0ecaa5967403d082aa24f35e1b516d23) [PhysX] Initialized MultithreadedTaskDispatcher with 32 workers.
 -> (artifact id: 'd7d9799c043031f1c3f4c5731071ae94') in 0.009050 seconds
Number of updated asset objects reloaded before import = 0
Number of asset objects unloaded after import = 1
========================================================================
Received Import Request.
  Time since last request: 0.000021 seconds.
  path: Assets/Oculus/SampleFramework/Usage/HandsTrainExample/Textures/diorama_paint_diorama_main_elements_DiffuseGlossiness.png
  artifactKey: Guid(67dce7e8b86381241a992e155b539e5a) Importer(2089858483,0ecaa5967403d082aa24f35e1b516d23)
Start importing Assets/Oculus/SampleFramework/Usage/HandsTrainExample/Textures/diorama_paint_diorama_main_elements_DiffuseGlossiness.png using Guid(67dce7e8b86381241a992e155b539e5a) Importer(2089858483,0ecaa5967403d082aa24f35e1b516d23) [PhysX] Initialized MultithreadedTaskDispatcher with 32 workers.
 -> (artifact id: '4416b8a6222400ff407a785082b43719') in 0.021538 seconds
Number of updated asset objects reloaded before import = 0
Number of asset objects unloaded after import = 1
========================================================================
Received Import Request.
  Time since last request: 0.000127 seconds.
  path: Assets/Oculus/SampleFramework/Usage/HandsTrainExample/TrainScene/Lightmap-37_comp_light.exr
  artifactKey: Guid(0637d88f2a3e67b4c81bc5f9465383fc) Importer(2089858483,0ecaa5967403d082aa24f35e1b516d23)
Start importing Assets/Oculus/SampleFramework/Usage/HandsTrainExample/TrainScene/Lightmap-37_comp_light.exr using Guid(0637d88f2a3e67b4c81bc5f9465383fc) Importer(2089858483,0ecaa5967403d082aa24f35e1b516d23) [PhysX] Initialized MultithreadedTaskDispatcher with 32 workers.
 -> (artifact id: '2806dbcb2e982fe88948c76c494c4643') in 0.020105 seconds
Number of updated asset objects reloaded before import = 0
Number of asset objects unloaded after import = 1
========================================================================
Received Import Request.
  Time since last request: 0.000043 seconds.
  path: Assets/Oculus/SampleFramework/Usage/Passthrough/Materials/BackgroundColor.shader
  artifactKey: Guid(43c7ac0d65589e040afaa622faa8842d) Importer(2089858483,0ecaa5967403d082aa24f35e1b516d23)
Start importing Assets/Oculus/SampleFramework/Usage/Passthrough/Materials/BackgroundColor.shader using Guid(43c7ac0d65589e040afaa622faa8842d) Importer(2089858483,0ecaa5967403d082aa24f35e1b516d23) [PhysX] Initialized MultithreadedTaskDispatcher with 32 workers.
 -> (artifact id: '31668a4085f747726e985f3067c97de6') in 0.010215 seconds
Number of updated asset objects reloaded before import = 0
Number of asset objects unloaded after import = 1
========================================================================
Received Import Request.
  Time since last request: 0.000035 seconds.
  path: Assets/Oculus/SampleFramework/Usage/HandsTrainExample/Scripts/WindmillBladesController.cs
  artifactKey: Guid(5c4a207e5bbb3c044b6c3eb819981d8b) Importer(2089858483,0ecaa5967403d082aa24f35e1b516d23)
Start importing Assets/Oculus/SampleFramework/Usage/HandsTrainExample/Scripts/WindmillBladesController.cs using Guid(5c4a207e5bbb3c044b6c3eb819981d8b) Importer(2089858483,0ecaa5967403d082aa24f35e1b516d23) [PhysX] Initialized MultithreadedTaskDispatcher with 32 workers.
 -> (artifact id: '06306877b17d7e80a5d7dd3fa665e84e') in 0.009022 seconds
Number of updated asset objects reloaded before import = 0
Number of asset objects unloaded after import = 1
========================================================================
Received Import Request.
  Time since last request: 0.000060 seconds.
  path: Assets/Oculus/SampleFramework/Usage/HandsTrainExample/Textures/XingLight.png
  artifactKey: Guid(11b03a969a56a6541938a82c96221de5) Importer(2089858483,0ecaa5967403d082aa24f35e1b516d23)
Start importing Assets/Oculus/SampleFramework/Usage/HandsTrainExample/Textures/XingLight.png using Guid(11b03a969a56a6541938a82c96221de5) Importer(2089858483,0ecaa5967403d082aa24f35e1b516d23) [PhysX] Initialized MultithreadedTaskDispatcher with 32 workers.
 -> (artifact id: 'b07c0cc6e149bd50fe9fda18b10f9a24') in 0.015191 seconds
Number of updated asset objects reloaded before import = 0
Number of asset objects unloaded after import = 1
========================================================================
Received Import Request.
  Time since last request: 0.000085 seconds.
  path: Assets/Oculus/SampleFramework/Usage/SceneManager/Shaders/PassthroughShadow.shader
  artifactKey: Guid(5d402e219e5eb574d8ce99c3af0ecdde) Importer(2089858483,0ecaa5967403d082aa24f35e1b516d23)
Start importing Assets/Oculus/SampleFramework/Usage/SceneManager/Shaders/PassthroughShadow.shader using Guid(5d402e219e5eb574d8ce99c3af0ecdde) Importer(2089858483,0ecaa5967403d082aa24f35e1b516d23) [PhysX] Initialized MultithreadedTaskDispatcher with 32 workers.
 -> (artifact id: '934c93ff19c9ed36f4506a695e459640') in 0.011736 seconds
Number of updated asset objects reloaded before import = 0
Number of asset objects unloaded after import = 1
========================================================================
Received Import Request.
  Time since last request: 0.000089 seconds.
  path: Assets/Oculus/SampleFramework/Usage/Passthrough/Materials/FlashlightGlow.mat
  artifactKey: Guid(0f3abb54da8820c4891cbee10f6f037e) Importer(2089858483,0ecaa5967403d082aa24f35e1b516d23)
Start importing Assets/Oculus/SampleFramework/Usage/Passthrough/Materials/FlashlightGlow.mat using Guid(0f3abb54da8820c4891cbee10f6f037e) Importer(2089858483,0ecaa5967403d082aa24f35e1b516d23) [PhysX] Initialized MultithreadedTaskDispatcher with 32 workers.
 -> (artifact id: '72db1cec6fd96fca5da5f1ae9f752394') in 0.029974 seconds
Number of updated asset objects reloaded before import = 0
Number of asset objects unloaded after import = 1
========================================================================
Received Import Request.
  Time since last request: 0.000029 seconds.
  path: Assets/Oculus/SampleFramework/Usage/Passthrough/Materials/MenuBackground.mat
  artifactKey: Guid(cd0bb29d1f8a53e4b9356e3da1632421) Importer(2089858483,0ecaa5967403d082aa24f35e1b516d23)
Start importing Assets/Oculus/SampleFramework/Usage/Passthrough/Materials/MenuBackground.mat using Guid(cd0bb29d1f8a53e4b9356e3da1632421) Importer(2089858483,0ecaa5967403d082aa24f35e1b516d23) [PhysX] Initialized MultithreadedTaskDispatcher with 32 workers.
 -> (artifact id: '0b7530f1e0926995426a11aaab765f46') in 0.011716 seconds
Number of updated asset objects reloaded before import = 0
Number of asset objects unloaded after import = 1
========================================================================
Received Import Request.
  Time since last request: 0.000080 seconds.
  path: Assets/Oculus/SampleFramework/Usage/HandsTrainExample/Prefabs/LeftSegment.prefab
  artifactKey: Guid(bc23f966b19084442a7a67d85bc6abdb) Importer(2089858483,0ecaa5967403d082aa24f35e1b516d23)
Start importing Assets/Oculus/SampleFramework/Usage/HandsTrainExample/Prefabs/LeftSegment.prefab using Guid(bc23f966b19084442a7a67d85bc6abdb) Importer(2089858483,0ecaa5967403d082aa24f35e1b516d23) [PhysX] Initialized MultithreadedTaskDispatcher with 32 workers.
 -> (artifact id: '857b8c542d026b362c095a596eb0411c') in 0.014016 seconds
Number of updated asset objects reloaded before import = 0
Number of asset objects unloaded after import = 7
========================================================================
Received Import Request.
  Time since last request: 0.000016 seconds.
  path: Assets/Oculus/SampleFramework/Usage/Locomotion/Models/Cube_1_8.fbx
  artifactKey: Guid(5e499b0e5bd2f4813ac6a5fc723b3d44) Importer(2089858483,0ecaa5967403d082aa24f35e1b516d23)
Start importing Assets/Oculus/SampleFramework/Usage/Locomotion/Models/Cube_1_8.fbx using Guid(5e499b0e5bd2f4813ac6a5fc723b3d44) Importer(2089858483,0ecaa5967403d082aa24f35e1b516d23) [PhysX] Initialized MultithreadedTaskDispatcher with 32 workers.
 -> (artifact id: 'da55ff88c1974b9648ad338f46a7ce7a') in 0.018152 seconds
Number of updated asset objects reloaded before import = 0
Number of asset objects unloaded after import = 7
========================================================================
Received Import Request.
  Time since last request: 0.000019 seconds.
  path: Assets/Oculus/SampleFramework/Usage/Passthrough/Materials/SignGlow.mat
  artifactKey: Guid(4987a147e31e8044ea7e0762e6f1780a) Importer(2089858483,0ecaa5967403d082aa24f35e1b516d23)
Start importing Assets/Oculus/SampleFramework/Usage/Passthrough/Materials/SignGlow.mat using Guid(4987a147e31e8044ea7e0762e6f1780a) Importer(2089858483,0ecaa5967403d082aa24f35e1b516d23) [PhysX] Initialized MultithreadedTaskDispatcher with 32 workers.
 -> (artifact id: '66812cc3e96164e70d65745c7a228a88') in 0.010484 seconds
Number of updated asset objects reloaded before import = 0
Number of asset objects unloaded after import = 1
========================================================================
Received Import Request.
  Time since last request: 0.000052 seconds.
  path: Assets/Oculus/SampleFramework/Usage/HandsTrainExample/Materials/SmokeMat.mat
  artifactKey: Guid(463470a59e6ccd448999b90b0fe8a1b4) Importer(2089858483,0ecaa5967403d082aa24f35e1b516d23)
Start importing Assets/Oculus/SampleFramework/Usage/HandsTrainExample/Materials/SmokeMat.mat using Guid(463470a59e6ccd448999b90b0fe8a1b4) Importer(2089858483,0ecaa5967403d082aa24f35e1b516d23) [PhysX] Initialized MultithreadedTaskDispatcher with 32 workers.
 -> (artifact id: '3fbd9d6363fcaa0c36d5bd3a4d2dbef3') in 0.018299 seconds
Number of updated asset objects reloaded before import = 0
Number of asset objects unloaded after import = 2
========================================================================
Received Import Request.
  Time since last request: 0.000166 seconds.
  path: Assets/Oculus/SampleFramework/Usage/OVROverlayCanvas/Materials/UI Default Correct.mat
  artifactKey: Guid(c303ccfd63b005d4bbdb8f0bbf9e834b) Importer(2089858483,0ecaa5967403d082aa24f35e1b516d23)
Start importing Assets/Oculus/SampleFramework/Usage/OVROverlayCanvas/Materials/UI Default Correct.mat using Guid(c303ccfd63b005d4bbdb8f0bbf9e834b) Importer(2089858483,0ecaa5967403d082aa24f35e1b516d23) [PhysX] Initialized MultithreadedTaskDispatcher with 32 workers.
 -> (artifact id: '0d3cfdab586ba3de03e21fbc67737a69') in 0.011127 seconds
Number of updated asset objects reloaded before import = 0
Number of asset objects unloaded after import = 1
========================================================================
Received Import Request.
  Time since last request: 0.000071 seconds.
  path: Assets/Oculus/SampleFramework/Usage/Locomotion/Models/WedgeFloor_08.fbx
  artifactKey: Guid(9b2d906e356b541488fc78ab4a17243b) Importer(2089858483,0ecaa5967403d082aa24f35e1b516d23)
Start importing Assets/Oculus/SampleFramework/Usage/Locomotion/Models/WedgeFloor_08.fbx using Guid(9b2d906e356b541488fc78ab4a17243b) Importer(2089858483,0ecaa5967403d082aa24f35e1b516d23) [PhysX] Initialized MultithreadedTaskDispatcher with 32 workers.
 -> (artifact id: '79edb758dfc3a81d1ec1267f14e62c32') in 0.017846 seconds
Number of updated asset objects reloaded before import = 0
Number of asset objects unloaded after import = 7
========================================================================
Received Import Request.
  Time since last request: 0.000020 seconds.
  path: Assets/Oculus/SampleFramework/Usage/HandsTrainExample/TrainScene/Lightmap-34_comp_shadowmask.png
  artifactKey: Guid(d0c2e0ff440c28b499ddeaba470a3405) Importer(2089858483,0ecaa5967403d082aa24f35e1b516d23)
Start importing Assets/Oculus/SampleFramework/Usage/HandsTrainExample/TrainScene/Lightmap-34_comp_shadowmask.png using Guid(d0c2e0ff440c28b499ddeaba470a3405) Importer(2089858483,0ecaa5967403d082aa24f35e1b516d23) [PhysX] Initialized MultithreadedTaskDispatcher with 32 workers.
 -> (artifact id: 'dbda6b5ceeeef316958f5af00c5e40e4') in 0.029202 seconds
Number of updated asset objects reloaded before import = 0
Number of asset objects unloaded after import = 1
========================================================================
Received Import Request.
  Time since last request: 0.000025 seconds.
  path: Assets/Oculus/SampleFramework/Usage/Locomotion/Textures/floor_wood_02_msm.png
  artifactKey: Guid(ed587ec08f0b14bb58a1cd80e8d4fedc) Importer(2089858483,0ecaa5967403d082aa24f35e1b516d23)
Start importing Assets/Oculus/SampleFramework/Usage/Locomotion/Textures/floor_wood_02_msm.png using Guid(ed587ec08f0b14bb58a1cd80e8d4fedc) Importer(2089858483,0ecaa5967403d082aa24f35e1b516d23) [PhysX] Initialized MultithreadedTaskDispatcher with 32 workers.
 -> (artifact id: '86a21ab390f5280fcbb1d593a518d8c2') in 0.023692 seconds
Number of updated asset objects reloaded before import = 0
Number of asset objects unloaded after import = 1
========================================================================
Received Import Request.
  Time since last request: 0.000047 seconds.
  path: Assets/Oculus/SampleFramework/Usage/Passthrough/Materials/BackgroundSphere.mat
  artifactKey: Guid(039afe42ccf07934083540cfde4596f1) Importer(2089858483,0ecaa5967403d082aa24f35e1b516d23)
Start importing Assets/Oculus/SampleFramework/Usage/Passthrough/Materials/BackgroundSphere.mat using Guid(039afe42ccf07934083540cfde4596f1) Importer(2089858483,0ecaa5967403d082aa24f35e1b516d23) [PhysX] Initialized MultithreadedTaskDispatcher with 32 workers.
 -> (artifact id: 'a914efc07e15872e2592f7bf18161d5d') in 0.011763 seconds
Number of updated asset objects reloaded before import = 0
Number of asset objects unloaded after import = 1
========================================================================
Received Import Request.
  Time since last request: 0.000089 seconds.
  path: Assets/Oculus/SampleFramework/Usage/OVROverlayCanvas/Scripts/OVROverlayCanvas.cs
  artifactKey: Guid(1a2598d6fa300904caa7c672805a8263) Importer(2089858483,0ecaa5967403d082aa24f35e1b516d23)
Start importing Assets/Oculus/SampleFramework/Usage/OVROverlayCanvas/Scripts/OVROverlayCanvas.cs using Guid(1a2598d6fa300904caa7c672805a8263) Importer(2089858483,0ecaa5967403d082aa24f35e1b516d23) [PhysX] Initialized MultithreadedTaskDispatcher with 32 workers.
 -> (artifact id: '873c5a82830ecbb004e64508ae632b17') in 0.014217 seconds
Number of updated asset objects reloaded before import = 0
Number of asset objects unloaded after import = 1
========================================================================
Received Import Request.
  Time since last request: 0.000072 seconds.
  path: Assets/Oculus/SampleFramework/Usage/SharedAssets/Materials/SoccerWhite.mat
  artifactKey: Guid(a6f1778430eac934d8d2b1514f4b023f) Importer(2089858483,0ecaa5967403d082aa24f35e1b516d23)
Start importing Assets/Oculus/SampleFramework/Usage/SharedAssets/Materials/SoccerWhite.mat using Guid(a6f1778430eac934d8d2b1514f4b023f) Importer(2089858483,0ecaa5967403d082aa24f35e1b516d23) [PhysX] Initialized MultithreadedTaskDispatcher with 32 workers.
 -> (artifact id: '8531d44fb632b1cd54ad298afcace7a6') in 0.020465 seconds
Number of updated asset objects reloaded before import = 0
Number of asset objects unloaded after import = 1
========================================================================
Received Import Request.
  Time since last request: 0.000027 seconds.
  path: Assets/Oculus/SampleFramework/Usage/Passthrough/Prefabs/OculusLogo.fbx
  artifactKey: Guid(b2ff3fe2d8faa954bb86008c932356d5) Importer(2089858483,0ecaa5967403d082aa24f35e1b516d23)
Start importing Assets/Oculus/SampleFramework/Usage/Passthrough/Prefabs/OculusLogo.fbx using Guid(b2ff3fe2d8faa954bb86008c932356d5) Importer(2089858483,0ecaa5967403d082aa24f35e1b516d23) [PhysX] Initialized MultithreadedTaskDispatcher with 32 workers.
 -> (artifact id: 'c1d45cf235d7a0dbfafd9afbb23dc94b') in 0.021654 seconds
Number of updated asset objects reloaded before import = 0
Number of asset objects unloaded after import = 8
========================================================================
Received Import Request.
  Time since last request: 0.000029 seconds.
  path: Assets/Oculus/SampleFramework/Usage/OVROverlay/Textures/Tile_Texture_CinemaText.png
  artifactKey: Guid(695537b83ff4c854ba3a62d3350a26ec) Importer(2089858483,0ecaa5967403d082aa24f35e1b516d23)
Start importing Assets/Oculus/SampleFramework/Usage/OVROverlay/Textures/Tile_Texture_CinemaText.png using Guid(695537b83ff4c854ba3a62d3350a26ec) Importer(2089858483,0ecaa5967403d082aa24f35e1b516d23) [PhysX] Initialized MultithreadedTaskDispatcher with 32 workers.
 -> (artifact id: '9015b4e077fb061b178ea86bcf430b8c') in 0.021920 seconds
Number of updated asset objects reloaded before import = 0
Number of asset objects unloaded after import = 1
========================================================================
Received Import Request.
  Time since last request: 0.000056 seconds.
  path: Assets/Oculus/SampleFramework/Usage/SharedAssets/Materials/MAT_room_atlas_02.mat
  artifactKey: Guid(ceac5ee61756b458c8653efdc49480ec) Importer(2089858483,0ecaa5967403d082aa24f35e1b516d23)
Start importing Assets/Oculus/SampleFramework/Usage/SharedAssets/Materials/MAT_room_atlas_02.mat using Guid(ceac5ee61756b458c8653efdc49480ec) Importer(2089858483,0ecaa5967403d082aa24f35e1b516d23) [PhysX] Initialized MultithreadedTaskDispatcher with 32 workers.
 -> (artifact id: 'af98245950478d43ef9fc8f4b9338158') in 0.037580 seconds
Number of updated asset objects reloaded before import = 0
Number of asset objects unloaded after import = 2
========================================================================
Received Import Request.
  Time since last request: 0.000016 seconds.
  path: Assets/Oculus/SampleFramework/Core/Video/Scripts/ButtonDownListener.cs
  artifactKey: Guid(7185ca706364c3546a56069a45a679f6) Importer(2089858483,0ecaa5967403d082aa24f35e1b516d23)
Start importing Assets/Oculus/SampleFramework/Core/Video/Scripts/ButtonDownListener.cs using Guid(7185ca706364c3546a56069a45a679f6) Importer(2089858483,0ecaa5967403d082aa24f35e1b516d23) [PhysX] Initialized MultithreadedTaskDispatcher with 32 workers.
 -> (artifact id: 'f9496079462113cdd0a54ad07496a28d') in 0.008608 seconds
Number of updated asset objects reloaded before import = 0
Number of asset objects unloaded after import = 1
========================================================================
Received Import Request.
  Time since last request: 0.000089 seconds.
  path: Assets/Oculus/SampleFramework/Usage/OVROverlay/Prefabs/UIOverlay.prefab
  artifactKey: Guid(e086febeacfefad48b5a9c4dd2eba552) Importer(2089858483,0ecaa5967403d082aa24f35e1b516d23)
Start importing Assets/Oculus/SampleFramework/Usage/OVROverlay/Prefabs/UIOverlay.prefab using Guid(e086febeacfefad48b5a9c4dd2eba552) Importer(2089858483,0ecaa5967403d082aa24f35e1b516d23) [PhysX] Initialized MultithreadedTaskDispatcher with 32 workers.
 -> (artifact id: '8de094fffef1cadea68c998d943e6b82') in 0.016938 seconds
Number of updated asset objects reloaded before import = 0
Number of asset objects unloaded after import = 6
========================================================================
Received Import Request.
  Time since last request: 0.000078 seconds.
  path: Assets/Oculus/SampleFramework/Usage/HandsTrainExample/TrainScene/Lightmap-20_comp_light.exr
  artifactKey: Guid(0b85e3412eacb134e903b1bda35cbac4) Importer(2089858483,0ecaa5967403d082aa24f35e1b516d23)
Start importing Assets/Oculus/SampleFramework/Usage/HandsTrainExample/TrainScene/Lightmap-20_comp_light.exr using Guid(0b85e3412eacb134e903b1bda35cbac4) Importer(2089858483,0ecaa5967403d082aa24f35e1b516d23) [PhysX] Initialized MultithreadedTaskDispatcher with 32 workers.
 -> (artifact id: '4aebe6b6136a3e8cfd5d25ba772c2383') in 0.019748 seconds
Number of updated asset objects reloaded before import = 0
Number of asset objects unloaded after import = 1
========================================================================
Received Import Request.
  Time since last request: 0.000367 seconds.
  path: Assets/Oculus/SampleFramework/Usage/HandsTrainExample/Scripts/TrainButtonVisualController.cs
  artifactKey: Guid(605a8ce1870f78943ac552405ac9888b) Importer(2089858483,0ecaa5967403d082aa24f35e1b516d23)
Start importing Assets/Oculus/SampleFramework/Usage/HandsTrainExample/Scripts/TrainButtonVisualController.cs using Guid(605a8ce1870f78943ac552405ac9888b) Importer(2089858483,0ecaa5967403d082aa24f35e1b516d23) [PhysX] Initialized MultithreadedTaskDispatcher with 32 workers.
 -> (artifact id: 'fedc8119a48a87f39b9a2d2e3718c782') in 0.012220 seconds
Number of updated asset objects reloaded before import = 0
Number of asset objects unloaded after import = 1
========================================================================
Received Import Request.
  Time since last request: 0.000021 seconds.
  path: Assets/Oculus/SampleFramework/Usage/Locomotion/Models/Cube_1x4.fbx
  artifactKey: Guid(24da116da1bdc42f9baa1d364abfbf73) Importer(2089858483,0ecaa5967403d082aa24f35e1b516d23)
Start importing Assets/Oculus/SampleFramework/Usage/Locomotion/Models/Cube_1x4.fbx using Guid(24da116da1bdc42f9baa1d364abfbf73) Importer(2089858483,0ecaa5967403d082aa24f35e1b516d23) [PhysX] Initialized MultithreadedTaskDispatcher with 32 workers.
 -> (artifact id: '08bda8018aa88e63735bbc83649ef007') in 0.018746 seconds
Number of updated asset objects reloaded before import = 0
Number of asset objects unloaded after import = 7
========================================================================
Received Import Request.
  Time since last request: 0.000020 seconds.
  path: Assets/Oculus/SampleFramework/Usage/HandsTrainExample/TrainScene/Lightmap-36_comp_light.exr
  artifactKey: Guid(29f91df4d499e964aac915afaa33c14f) Importer(2089858483,0ecaa5967403d082aa24f35e1b516d23)
Start importing Assets/Oculus/SampleFramework/Usage/HandsTrainExample/TrainScene/Lightmap-36_comp_light.exr using Guid(29f91df4d499e964aac915afaa33c14f) Importer(2089858483,0ecaa5967403d082aa24f35e1b516d23) [PhysX] Initialized MultithreadedTaskDispatcher with 32 workers.
 -> (artifact id: '3056f41766622423d5a49d8699d7cade') in 0.016839 seconds
Number of updated asset objects reloaded before import = 0
Number of asset objects unloaded after import = 1
========================================================================
Received Import Request.
  Time since last request: 0.000098 seconds.
  path: Assets/Oculus/SampleFramework/Usage/HandsTrainExample/TrainScene/Lightmap-38_comp_shadowmask.png
  artifactKey: Guid(1ef35304c37043044a0d217e94fb2cb3) Importer(2089858483,0ecaa5967403d082aa24f35e1b516d23)
Start importing Assets/Oculus/SampleFramework/Usage/HandsTrainExample/TrainScene/Lightmap-38_comp_shadowmask.png using Guid(1ef35304c37043044a0d217e94fb2cb3) Importer(2089858483,0ecaa5967403d082aa24f35e1b516d23) [PhysX] Initialized MultithreadedTaskDispatcher with 32 workers.
 -> (artifact id: 'ba2792c7546a8639f00a4e58922a724c') in 0.020305 seconds
Number of updated asset objects reloaded before import = 0
Number of asset objects unloaded after import = 1
========================================================================
Received Import Request.
  Time since last request: 0.000104 seconds.
  path: Assets/Oculus/SampleFramework/Usage/HandsTrainExample/TrainScene/Lightmap-23_comp_dir.png
  artifactKey: Guid(4fcbfd257f7cb8b40a4aa875d78e3c43) Importer(2089858483,0ecaa5967403d082aa24f35e1b516d23)
Start importing Assets/Oculus/SampleFramework/Usage/HandsTrainExample/TrainScene/Lightmap-23_comp_dir.png using Guid(4fcbfd257f7cb8b40a4aa875d78e3c43) Importer(2089858483,0ecaa5967403d082aa24f35e1b516d23) [PhysX] Initialized MultithreadedTaskDispatcher with 32 workers.
 -> (artifact id: '69ecdf80eef49fd8d76dadc52659f80f') in 0.018254 seconds
Number of updated asset objects reloaded before import = 0
Number of asset objects unloaded after import = 1
========================================================================
Received Import Request.
  Time since last request: 0.000177 seconds.
  path: Assets/Oculus/SampleFramework/Usage/SharedAssets/Materials/SoccerBlack.mat
  artifactKey: Guid(d8661ef17e8fdf545a46589f2ebce4a7) Importer(2089858483,0ecaa5967403d082aa24f35e1b516d23)
Start importing Assets/Oculus/SampleFramework/Usage/SharedAssets/Materials/SoccerBlack.mat using Guid(d8661ef17e8fdf545a46589f2ebce4a7) Importer(2089858483,0ecaa5967403d082aa24f35e1b516d23) [PhysX] Initialized MultithreadedTaskDispatcher with 32 workers.
 -> (artifact id: '0ffeb02c9125305d00a25e2efa2ed5c0') in 0.010238 seconds
Number of updated asset objects reloaded before import = 0
Number of asset objects unloaded after import = 1
========================================================================
Received Import Request.
  Time since last request: 0.000216 seconds.
  path: Assets/Oculus/SampleFramework/Usage/HandsTrainExample/Materials/GridMat.mat
  artifactKey: Guid(ef9e1306ede8d0f48b798c2341d75ffc) Importer(2089858483,0ecaa5967403d082aa24f35e1b516d23)
Start importing Assets/Oculus/SampleFramework/Usage/HandsTrainExample/Materials/GridMat.mat using Guid(ef9e1306ede8d0f48b798c2341d75ffc) Importer(2089858483,0ecaa5967403d082aa24f35e1b516d23) [PhysX] Initialized MultithreadedTaskDispatcher with 32 workers.
 -> (artifact id: 'a03fe0128d57e8d58a49b12762b50fc4') in 0.016998 seconds
Number of updated asset objects reloaded before import = 0
Number of asset objects unloaded after import = 2
========================================================================
Received Import Request.
  Time since last request: 0.000098 seconds.
  path: Assets/Oculus/SampleFramework/Usage/HandsTrainExample/Scripts/SelectionCylinder.cs
  artifactKey: Guid(6d778f6e8fb868247b9f0c8ef05dfe41) Importer(2089858483,0ecaa5967403d082aa24f35e1b516d23)
Start importing Assets/Oculus/SampleFramework/Usage/HandsTrainExample/Scripts/SelectionCylinder.cs using Guid(6d778f6e8fb868247b9f0c8ef05dfe41) Importer(2089858483,0ecaa5967403d082aa24f35e1b516d23) [PhysX] Initialized MultithreadedTaskDispatcher with 32 workers.
 -> (artifact id: 'b486ab135f68e10f6b21414eea53b9e5') in 0.009498 seconds
Number of updated asset objects reloaded before import = 0
Number of asset objects unloaded after import = 1
========================================================================
Received Import Request.
  Time since last request: 0.000084 seconds.
  path: Assets/Oculus/SampleFramework/Usage/HandsTrainExample/Materials/XingLightMaterial.mat
  artifactKey: Guid(b99b44499a77b3645b481d4f7d0ddf33) Importer(2089858483,0ecaa5967403d082aa24f35e1b516d23)
Start importing Assets/Oculus/SampleFramework/Usage/HandsTrainExample/Materials/XingLightMaterial.mat using Guid(b99b44499a77b3645b481d4f7d0ddf33) Importer(2089858483,0ecaa5967403d082aa24f35e1b516d23) [PhysX] Initialized MultithreadedTaskDispatcher with 32 workers.
 -> (artifact id: 'b6e059162dff32325ab47a2d8d72cc52') in 0.015566 seconds
Number of updated asset objects reloaded before import = 0
Number of asset objects unloaded after import = 2
========================================================================
Received Import Request.
  Time since last request: 0.000015 seconds.
  path: Assets/Oculus/SampleFramework/Usage/Locomotion/Models/WallsAndDoors1.fbx
  artifactKey: Guid(7f7518ef7c1664f7c8bfe2470aebce5c) Importer(2089858483,0ecaa5967403d082aa24f35e1b516d23)
Start importing Assets/Oculus/SampleFramework/Usage/Locomotion/Models/WallsAndDoors1.fbx using Guid(7f7518ef7c1664f7c8bfe2470aebce5c) Importer(2089858483,0ecaa5967403d082aa24f35e1b516d23) [PhysX] Initialized MultithreadedTaskDispatcher with 32 workers.
 -> (artifact id: '984c784dee3701e0c25bd0532ba9d604') in 0.022913 seconds
Number of updated asset objects reloaded before import = 0
Number of asset objects unloaded after import = 7
========================================================================
Received Import Request.
  Time since last request: 0.000216 seconds.
  path: Assets/Oculus/SampleFramework/Usage/HandsTrainExample/TrainScene/Lightmap-21_comp_shadowmask.png
  artifactKey: Guid(a16c5b013f74cb74fa9d3a39f68c6225) Importer(2089858483,0ecaa5967403d082aa24f35e1b516d23)
Start importing Assets/Oculus/SampleFramework/Usage/HandsTrainExample/TrainScene/Lightmap-21_comp_shadowmask.png using Guid(a16c5b013f74cb74fa9d3a39f68c6225) Importer(2089858483,0ecaa5967403d082aa24f35e1b516d23) [PhysX] Initialized MultithreadedTaskDispatcher with 32 workers.
 -> (artifact id: '4e85e90f316de87d8a528ce2044496aa') in 0.021136 seconds
Number of updated asset objects reloaded before import = 0
Number of asset objects unloaded after import = 1
========================================================================
Received Import Request.
  Time since last request: 0.000043 seconds.
  path: Assets/Oculus/SampleFramework/Usage/HandsTrainExample/TrainScene/Lightmap-18_comp_dir.png
  artifactKey: Guid(83d168c12d2c9ed4d987473407e985aa) Importer(2089858483,0ecaa5967403d082aa24f35e1b516d23)
Start importing Assets/Oculus/SampleFramework/Usage/HandsTrainExample/TrainScene/Lightmap-18_comp_dir.png using Guid(83d168c12d2c9ed4d987473407e985aa) Importer(2089858483,0ecaa5967403d082aa24f35e1b516d23) [PhysX] Initialized MultithreadedTaskDispatcher with 32 workers.
 -> (artifact id: '61f0460168c8aa73645706cb8e76f0db') in 0.017397 seconds
Number of updated asset objects reloaded before import = 0
Number of asset objects unloaded after import = 1
========================================================================
Received Import Request.
  Time since last request: 0.000238 seconds.
  path: Assets/Oculus/SampleFramework/Usage/Locomotion/Models/Cube_1_2.fbx
  artifactKey: Guid(540bca11e17b14edb9461efe36f0d52b) Importer(2089858483,0ecaa5967403d082aa24f35e1b516d23)
Start importing Assets/Oculus/SampleFramework/Usage/Locomotion/Models/Cube_1_2.fbx using Guid(540bca11e17b14edb9461efe36f0d52b) Importer(2089858483,0ecaa5967403d082aa24f35e1b516d23) [PhysX] Initialized MultithreadedTaskDispatcher with 32 workers.
 -> (artifact id: '130ad2d09a1fa05031002742c765a26f') in 0.058590 seconds
Number of updated asset objects reloaded before import = 0
Number of asset objects unloaded after import = 7
========================================================================
Received Import Request.
  Time since last request: 0.000024 seconds.
  path: Assets/Oculus/SampleFramework/Usage/Locomotion/Models/WedgeCeiling_05.fbx
  artifactKey: Guid(0db44a75a6ba3476584b15903acffef4) Importer(2089858483,0ecaa5967403d082aa24f35e1b516d23)
Start importing Assets/Oculus/SampleFramework/Usage/Locomotion/Models/WedgeCeiling_05.fbx using Guid(0db44a75a6ba3476584b15903acffef4) Importer(2089858483,0ecaa5967403d082aa24f35e1b516d23) [PhysX] Initialized MultithreadedTaskDispatcher with 32 workers.
 -> (artifact id: '7db53cd657e7cf24ddbb2f1f30dc7982') in 0.022699 seconds
Number of updated asset objects reloaded before import = 0
Number of asset objects unloaded after import = 7
========================================================================
Received Import Request.
  Time since last request: 0.000017 seconds.
  path: Assets/Oculus/SampleFramework/Usage/Locomotion/Scripts/LocomotionSampleSupport.cs
  artifactKey: Guid(d18bd321411666d42af10047cfc9d02f) Importer(2089858483,0ecaa5967403d082aa24f35e1b516d23)
Start importing Assets/Oculus/SampleFramework/Usage/Locomotion/Scripts/LocomotionSampleSupport.cs using Guid(d18bd321411666d42af10047cfc9d02f) Importer(2089858483,0ecaa5967403d082aa24f35e1b516d23) [PhysX] Initialized MultithreadedTaskDispatcher with 32 workers.
 -> (artifact id: '0d8f8724e8b1caecc9b1006bd0d4ac35') in 0.011718 seconds
Number of updated asset objects reloaded before import = 0
Number of asset objects unloaded after import = 1
========================================================================
Received Import Request.
  Time since last request: 0.000113 seconds.
  path: Assets/Oculus/SampleFramework/Usage/SceneManager/Prefabs/RoomLightPrefab.prefab
  artifactKey: Guid(931021efef836d04ebf007a05ec77da5) Importer(2089858483,0ecaa5967403d082aa24f35e1b516d23)
Start importing Assets/Oculus/SampleFramework/Usage/SceneManager/Prefabs/RoomLightPrefab.prefab using Guid(931021efef836d04ebf007a05ec77da5) Importer(2089858483,0ecaa5967403d082aa24f35e1b516d23) [PhysX] Initialized MultithreadedTaskDispatcher with 32 workers.
 -> (artifact id: '68edc3f216eac66c5b1bb553cc3ec6c6') in 0.009994 seconds
Number of updated asset objects reloaded before import = 0
Number of asset objects unloaded after import = 7
========================================================================
Received Import Request.
  Time since last request: 0.000015 seconds.
  path: Assets/Oculus/SampleFramework/Usage/Passthrough/Materials/ColorWheel.png
  artifactKey: Guid(5515134bbb0515545a347aafbba91666) Importer(2089858483,0ecaa5967403d082aa24f35e1b516d23)
Start importing Assets/Oculus/SampleFramework/Usage/Passthrough/Materials/ColorWheel.png using Guid(5515134bbb0515545a347aafbba91666) Importer(2089858483,0ecaa5967403d082aa24f35e1b516d23) [PhysX] Initialized MultithreadedTaskDispatcher with 32 workers.
 -> (artifact id: 'e06f403ce6f6da1cc7ffe9502b855b46') in 0.020104 seconds
Number of updated asset objects reloaded before import = 0
Number of asset objects unloaded after import = 3
========================================================================
Received Import Request.
  Time since last request: 0.000158 seconds.
  path: Assets/Oculus/SampleFramework/Usage/HandsTrainExample/Models/TrainPalette.FBX
  artifactKey: Guid(bd0bb729cb6159b4ab21c5f62cad24ee) Importer(2089858483,0ecaa5967403d082aa24f35e1b516d23)
Start importing Assets/Oculus/SampleFramework/Usage/HandsTrainExample/Models/TrainPalette.FBX using Guid(bd0bb729cb6159b4ab21c5f62cad24ee) Importer(2089858483,0ecaa5967403d082aa24f35e1b516d23) [PhysX] Initialized MultithreadedTaskDispatcher with 32 workers.
 -> (artifact id: '6edb1c189dfd57ba091ef02a5732bfa9') in 0.187564 seconds
Number of updated asset objects reloaded before import = 0
Number of asset objects unloaded after import = 578
========================================================================
Received Import Request.
  Time since last request: 0.000023 seconds.
  path: Assets/Oculus/SampleFramework/Usage/Passthrough/Materials/OculusGlow.tga
  artifactKey: Guid(3064a1cc057852f4d908ef6ffd3dd2dc) Importer(2089858483,0ecaa5967403d082aa24f35e1b516d23)
Start importing Assets/Oculus/SampleFramework/Usage/Passthrough/Materials/OculusGlow.tga using Guid(3064a1cc057852f4d908ef6ffd3dd2dc) Importer(2089858483,0ecaa5967403d082aa24f35e1b516d23) [PhysX] Initialized MultithreadedTaskDispatcher with 32 workers.
 -> (artifact id: '146d303919c35c399b577723b593db12') in 0.017880 seconds
Number of updated asset objects reloaded before import = 0
Number of asset objects unloaded after import = 1
========================================================================
Received Import Request.
  Time since last request: 0.667012 seconds.
  path: Assets/Oculus/SampleFramework/Usage/SharedAssets/Models/block_wood_01.fbx
  artifactKey: Guid(6ec0c875cb1c94e40afcad0a0161eb4e) Importer(2089858483,0ecaa5967403d082aa24f35e1b516d23)
Start importing Assets/Oculus/SampleFramework/Usage/SharedAssets/Models/block_wood_01.fbx using Guid(6ec0c875cb1c94e40afcad0a0161eb4e) Importer(2089858483,0ecaa5967403d082aa24f35e1b516d23) [PhysX] Initialized MultithreadedTaskDispatcher with 32 workers.
 -> (artifact id: '7d9b8f53d8e86ee250abbe7b2a71e8f3') in 0.029976 seconds
Number of updated asset objects reloaded before import = 0
Number of asset objects unloaded after import = 7
========================================================================
Received Import Request.
  Time since last request: 0.000282 seconds.
  path: Assets/Oculus/Interaction/Runtime/Scripts/Interaction/Grabbable/OneGrabRotateTransformer.cs
  artifactKey: Guid(124f4583f657475469a45ab6fca8f921) Importer(2089858483,0ecaa5967403d082aa24f35e1b516d23)
Start importing Assets/Oculus/Interaction/Runtime/Scripts/Interaction/Grabbable/OneGrabRotateTransformer.cs using Guid(124f4583f657475469a45ab6fca8f921) Importer(2089858483,0ecaa5967403d082aa24f35e1b516d23) [PhysX] Initialized MultithreadedTaskDispatcher with 32 workers.
 -> (artifact id: 'ff0e8c858d4c621a5241f464c70698fb') in 0.023319 seconds
Number of updated asset objects reloaded before import = 0
Number of asset objects unloaded after import = 1
========================================================================
Received Import Request.
  Time since last request: 0.000085 seconds.
  path: Assets/Oculus/VR/Editor/BuildingBlocks/Thumbnails/bb_thumb_default.png
  artifactKey: Guid(a00dd5b2fe81d584c8cc0d02eaa05b7b) Importer(2089858483,0ecaa5967403d082aa24f35e1b516d23)
Start importing Assets/Oculus/VR/Editor/BuildingBlocks/Thumbnails/bb_thumb_default.png using Guid(a00dd5b2fe81d584c8cc0d02eaa05b7b) Importer(2089858483,0ecaa5967403d082aa24f35e1b516d23) [PhysX] Initialized MultithreadedTaskDispatcher with 32 workers.
 -> (artifact id: 'c313b3f32fad8ac0158332cbde8bb91b') in 0.030737 seconds
Number of updated asset objects reloaded before import = 0
Number of asset objects unloaded after import = 1
========================================================================
Received Import Request.
  Time since last request: 0.000062 seconds.
  path: Assets/Oculus/Interaction/Runtime/Scripts/Interaction/Core/HandActiveState.cs
  artifactKey: Guid(bebfb74b97b000d4899abbd61f49aa40) Importer(2089858483,0ecaa5967403d082aa24f35e1b516d23)
Start importing Assets/Oculus/Interaction/Runtime/Scripts/Interaction/Core/HandActiveState.cs using Guid(bebfb74b97b000d4899abbd61f49aa40) Importer(2089858483,0ecaa5967403d082aa24f35e1b516d23) [PhysX] Initialized MultithreadedTaskDispatcher with 32 workers.
 -> (artifact id: '81c7defeb944624940ff4f0073dac1d7') in 0.018436 seconds
Number of updated asset objects reloaded before import = 0
Number of asset objects unloaded after import = 1
========================================================================
Received Import Request.
  Time since last request: 0.000014 seconds.
  path: Assets/Oculus/Interaction/Runtime/Scripts/Input/Hands/JointsRadiusFeature.cs
  artifactKey: Guid(4dffc2a801520fb4cbe2c11894faf431) Importer(2089858483,0ecaa5967403d082aa24f35e1b516d23)
Start importing Assets/Oculus/Interaction/Runtime/Scripts/Input/Hands/JointsRadiusFeature.cs using Guid(4dffc2a801520fb4cbe2c11894faf431) Importer(2089858483,0ecaa5967403d082aa24f35e1b516d23) [PhysX] Initialized MultithreadedTaskDispatcher with 32 workers.
 -> (artifact id: 'e168cacf2e092ad4eed8523d6b63ab3d') in 0.019976 seconds
Number of updated asset objects reloaded before import = 0
Number of asset objects unloaded after import = 1
========================================================================
Received Import Request.
  Time since last request: 0.000015 seconds.
  path: Assets/Oculus/Interaction/Runtime/Scripts/Input/OneEuroFilter/HandFilterParameterBlock.cs
  artifactKey: Guid(8cb1d32171371c744947b9c3f1911fb8) Importer(2089858483,0ecaa5967403d082aa24f35e1b516d23)
Start importing Assets/Oculus/Interaction/Runtime/Scripts/Input/OneEuroFilter/HandFilterParameterBlock.cs using Guid(8cb1d32171371c744947b9c3f1911fb8) Importer(2089858483,0ecaa5967403d082aa24f35e1b516d23) [PhysX] Initialized MultithreadedTaskDispatcher with 32 workers.
 -> (artifact id: '082f33d1d1b0bc7ba755a18136e8a3c4') in 0.012907 seconds
Number of updated asset objects reloaded before import = 0
Number of asset objects unloaded after import = 1
========================================================================
Received Import Request.
  Time since last request: 0.000021 seconds.
  path: Assets/Oculus/Interaction/OVRIntegration/Runtime/Prefabs/TouchHandGrab/OVRHandSphereMap.prefab
  artifactKey: Guid(47e21ad323ffa484e9de5d3013133bf6) Importer(2089858483,0ecaa5967403d082aa24f35e1b516d23)
Start importing Assets/Oculus/Interaction/OVRIntegration/Runtime/Prefabs/TouchHandGrab/OVRHandSphereMap.prefab using Guid(47e21ad323ffa484e9de5d3013133bf6) Importer(2089858483,0ecaa5967403d082aa24f35e1b516d23) [PhysX] Initialized MultithreadedTaskDispatcher with 32 workers.
 -> (artifact id: 'e88b1850cf46edd93911382fce36cae1') in 0.034886 seconds
Number of updated asset objects reloaded before import = 0
Number of asset objects unloaded after import = 287
========================================================================
Received Import Request.
  Time since last request: 0.000048 seconds.
  path: Assets/Oculus/Voice/Scripts/Editor/Windows/VoiceSDKWizardWindow.cs
  artifactKey: Guid(9e81c43e4b4674634a8e8b4e34733945) Importer(2089858483,0ecaa5967403d082aa24f35e1b516d23)
Start importing Assets/Oculus/Voice/Scripts/Editor/Windows/VoiceSDKWizardWindow.cs using Guid(9e81c43e4b4674634a8e8b4e34733945) Importer(2089858483,0ecaa5967403d082aa24f35e1b516d23) [PhysX] Initialized MultithreadedTaskDispatcher with 32 workers.
 -> (artifact id: '19d919bf915c6fbcdd0f61a2e78bb8c0') in 0.017234 seconds
Number of updated asset objects reloaded before import = 0
Number of asset objects unloaded after import = 1
========================================================================
Received Import Request.
  Time since last request: 0.000151 seconds.
  path: Assets/Oculus/Interaction/Runtime/Scripts/Interaction/Visuals/HandConfidenceVisual.cs
  artifactKey: Guid(769480f79b2529649ab1ec4bc9d4a54f) Importer(2089858483,0ecaa5967403d082aa24f35e1b516d23)
Start importing Assets/Oculus/Interaction/Runtime/Scripts/Interaction/Visuals/HandConfidenceVisual.cs using Guid(769480f79b2529649ab1ec4bc9d4a54f) Importer(2089858483,0ecaa5967403d082aa24f35e1b516d23) [PhysX] Initialized MultithreadedTaskDispatcher with 32 workers.
 -> (artifact id: 'd86ad32340813aefa09b94376d5fa4a6') in 0.014490 seconds
Number of updated asset objects reloaded before import = 0
Number of asset objects unloaded after import = 1
========================================================================
Received Import Request.
  Time since last request: 0.000181 seconds.
  path: Assets/Oculus/Voice/Documentation/Samples/LiveUnderstanding/LiveUnderstanding.jpg
  artifactKey: Guid(46f63a0a90188954eb3a578b4defe785) Importer(2089858483,0ecaa5967403d082aa24f35e1b516d23)
Start importing Assets/Oculus/Voice/Documentation/Samples/LiveUnderstanding/LiveUnderstanding.jpg using Guid(46f63a0a90188954eb3a578b4defe785) Importer(2089858483,0ecaa5967403d082aa24f35e1b516d23) [PhysX] Initialized MultithreadedTaskDispatcher with 32 workers.
 -> (artifact id: '804f6a0d9e1c13b59f82499915c46d3d') in 0.025323 seconds
Number of updated asset objects reloaded before import = 0
Number of asset objects unloaded after import = 1
========================================================================
Received Import Request.
  Time since last request: 0.000044 seconds.
  path: Assets/Oculus/Interaction/Runtime/Scripts/Selection/Hands/HandPinchOffset.cs
  artifactKey: Guid(9c2beb69c900ccf4984646ad420b1e17) Importer(2089858483,0ecaa5967403d082aa24f35e1b516d23)
Start importing Assets/Oculus/Interaction/Runtime/Scripts/Selection/Hands/HandPinchOffset.cs using Guid(9c2beb69c900ccf4984646ad420b1e17) Importer(2089858483,0ecaa5967403d082aa24f35e1b516d23) [PhysX] Initialized MultithreadedTaskDispatcher with 32 workers.
 -> (artifact id: 'c33f70cdbd839be33f1d5b6e93869bfe') in 0.014346 seconds
Number of updated asset objects reloaded before import = 0
Number of asset objects unloaded after import = 1
========================================================================
Received Import Request.
  Time since last request: 0.000028 seconds.
  path: Assets/Oculus/Interaction/Runtime/Scripts/Interaction/Pointable/PointerInteractor.cs
  artifactKey: Guid(f216563e1c1b20f4e820a032fe20f87d) Importer(2089858483,0ecaa5967403d082aa24f35e1b516d23)
Start importing Assets/Oculus/Interaction/Runtime/Scripts/Interaction/Pointable/PointerInteractor.cs using Guid(f216563e1c1b20f4e820a032fe20f87d) Importer(2089858483,0ecaa5967403d082aa24f35e1b516d23) [PhysX] Initialized MultithreadedTaskDispatcher with 32 workers.
 -> (artifact id: 'c28fd3a0ff24ba206e84c7f5cdb94c39') in 0.009953 seconds
Number of updated asset objects reloaded before import = 0
Number of asset objects unloaded after import = 1
========================================================================
Received Import Request.
  Time since last request: 0.000415 seconds.
  path: Assets/Oculus/Interaction/Runtime/Scripts/Interaction/Grabbable/ITransformer.cs
  artifactKey: Guid(c880bfe4676ff2b48b00aabbbbb64d7e) Importer(2089858483,0ecaa5967403d082aa24f35e1b516d23)
Start importing Assets/Oculus/Interaction/Runtime/Scripts/Interaction/Grabbable/ITransformer.cs using Guid(c880bfe4676ff2b48b00aabbbbb64d7e) Importer(2089858483,0ecaa5967403d082aa24f35e1b516d23) [PhysX] Initialized MultithreadedTaskDispatcher with 32 workers.
 -> (artifact id: 'b8e6ec917558a8cf9c0d4af779b76589') in 0.011784 seconds
Number of updated asset objects reloaded before import = 0
Number of asset objects unloaded after import = 1
========================================================================
Received Import Request.
  Time since last request: 0.000066 seconds.
  path: Assets/Oculus/Interaction/Runtime/Scripts/Selection/Hands/HandJointsPose.cs
  artifactKey: Guid(d92c1a7dc2e30b24da860439b4faf7b8) Importer(2089858483,0ecaa5967403d082aa24f35e1b516d23)
Start importing Assets/Oculus/Interaction/Runtime/Scripts/Selection/Hands/HandJointsPose.cs using Guid(d92c1a7dc2e30b24da860439b4faf7b8) Importer(2089858483,0ecaa5967403d082aa24f35e1b516d23) [PhysX] Initialized MultithreadedTaskDispatcher with 32 workers.
 -> (artifact id: 'd5e4b1ac54b5ebd7c77e17cf6557f805') in 0.009479 seconds
Number of updated asset objects reloaded before import = 0
Number of asset objects unloaded after import = 1
========================================================================
Received Import Request.
  Time since last request: 0.000395 seconds.
  path: Assets/Oculus/Interaction/Runtime/Scripts/Interaction/Core/InteractorState.cs
  artifactKey: Guid(31bb3bcc725d37d46bfbc93aec2ebc37) Importer(2089858483,0ecaa5967403d082aa24f35e1b516d23)
Start importing Assets/Oculus/Interaction/Runtime/Scripts/Interaction/Core/InteractorState.cs using Guid(31bb3bcc725d37d46bfbc93aec2ebc37) Importer(2089858483,0ecaa5967403d082aa24f35e1b516d23) [PhysX] Initialized MultithreadedTaskDispatcher with 32 workers.
 -> (artifact id: '9e42ef8bd78b5ad9046d0cdd78b606a8') in 0.014372 seconds
Number of updated asset objects reloaded before import = 0
Number of asset objects unloaded after import = 1
========================================================================
Received Import Request.
  Time since last request: 0.000017 seconds.
  path: Assets/Oculus/SampleFramework/Usage/SharedAssets/Textures/block_wood_01_nml.png
  artifactKey: Guid(8ae0377f4bf34c04d803e6bbeb1c3077) Importer(2089858483,0ecaa5967403d082aa24f35e1b516d23)
Start importing Assets/Oculus/SampleFramework/Usage/SharedAssets/Textures/block_wood_01_nml.png using Guid(8ae0377f4bf34c04d803e6bbeb1c3077) Importer(2089858483,0ecaa5967403d082aa24f35e1b516d23) [PhysX] Initialized MultithreadedTaskDispatcher with 32 workers.
 -> (artifact id: '7d62b63b946807009ef97d6c01d0fdce') in 0.022022 seconds
Number of updated asset objects reloaded before import = 0
Number of asset objects unloaded after import = 1
========================================================================
Received Import Request.
  Time since last request: 0.000074 seconds.
  path: Assets/Oculus/Voice/Samples/LightTraits/Scripts/Meta.Voice.Samples.LightTraits.asmdef
  artifactKey: Guid(ac951830c89a0234c9b864f11aa2ae73) Importer(2089858483,0ecaa5967403d082aa24f35e1b516d23)
Start importing Assets/Oculus/Voice/Samples/LightTraits/Scripts/Meta.Voice.Samples.LightTraits.asmdef using Guid(ac951830c89a0234c9b864f11aa2ae73) Importer(2089858483,0ecaa5967403d082aa24f35e1b516d23) [PhysX] Initialized MultithreadedTaskDispatcher with 32 workers.
 -> (artifact id: '98b070f26d082fa742dd70656bfa5941') in 0.008505 seconds
Number of updated asset objects reloaded before import = 0
Number of asset objects unloaded after import = 1
========================================================================
Received Import Request.
  Time since last request: 0.000236 seconds.
  path: Assets/Oculus/Voice/Lib/PlatformCompatibility/Plugins/voicesdk_core.jar
  artifactKey: Guid(6ed8e0fc79c6b704499850c068ba0ac1) Importer(2089858483,0ecaa5967403d082aa24f35e1b516d23)
Start importing Assets/Oculus/Voice/Lib/PlatformCompatibility/Plugins/voicesdk_core.jar using Guid(6ed8e0fc79c6b704499850c068ba0ac1) Importer(2089858483,0ecaa5967403d082aa24f35e1b516d23) [PhysX] Initialized MultithreadedTaskDispatcher with 32 workers.
 -> (artifact id: '7ce9eade89b4d7144abe62746867540e') in 0.012913 seconds
Number of updated asset objects reloaded before import = 0
Number of asset objects unloaded after import = 1
========================================================================
Received Import Request.
  Time since last request: 0.000210 seconds.
  path: Assets/Oculus/Interaction/Runtime/Scripts/Input/Hands/HandPrimitives.cs
  artifactKey: Guid(3140fee102ed8c2489e5442c16b1b36f) Importer(2089858483,0ecaa5967403d082aa24f35e1b516d23)
Start importing Assets/Oculus/Interaction/Runtime/Scripts/Input/Hands/HandPrimitives.cs using Guid(3140fee102ed8c2489e5442c16b1b36f) Importer(2089858483,0ecaa5967403d082aa24f35e1b516d23) [PhysX] Initialized MultithreadedTaskDispatcher with 32 workers.
 -> (artifact id: '72420455f78a110643a06a859d8b0f6c') in 0.013242 seconds
Number of updated asset objects reloaded before import = 0
Number of asset objects unloaded after import = 1
========================================================================
Received Import Request.
  Time since last request: 0.000041 seconds.
  path: Assets/Oculus/Interaction/Runtime/Scripts/Selection/Hands/HandTransformScaler.cs
  artifactKey: Guid(5a52cc62b98662b4e9ac356027b2b070) Importer(2089858483,0ecaa5967403d082aa24f35e1b516d23)
Start importing Assets/Oculus/Interaction/Runtime/Scripts/Selection/Hands/HandTransformScaler.cs using Guid(5a52cc62b98662b4e9ac356027b2b070) Importer(2089858483,0ecaa5967403d082aa24f35e1b516d23) [PhysX] Initialized MultithreadedTaskDispatcher with 32 workers.
 -> (artifact id: '5f4d68f50aece7873110110ce076282c') in 0.010206 seconds
Number of updated asset objects reloaded before import = 0
Number of asset objects unloaded after import = 1
========================================================================
Received Import Request.
  Time since last request: 0.000035 seconds.
  path: Assets/Oculus/SampleFramework/Usage/SharedAssets/Textures/triangles.png
  artifactKey: Guid(53aa997cbf3a15e48b78352b94e3f1b9) Importer(2089858483,0ecaa5967403d082aa24f35e1b516d23)
Start importing Assets/Oculus/SampleFramework/Usage/SharedAssets/Textures/triangles.png using Guid(53aa997cbf3a15e48b78352b94e3f1b9) Importer(2089858483,0ecaa5967403d082aa24f35e1b516d23) [PhysX] Initialized MultithreadedTaskDispatcher with 32 workers.
 -> (artifact id: '970be96713a694d3a68a51743c6d22d7') in 0.023467 seconds
Number of updated asset objects reloaded before import = 0
Number of asset objects unloaded after import = 1
========================================================================
Received Import Request.
  Time since last request: 0.000324 seconds.
  path: Assets/Oculus/Interaction/Runtime/Scripts/Unity/Input/InputKey.cs
  artifactKey: Guid(9c623d571545a954eb981f14cf5e3eef) Importer(2089858483,0ecaa5967403d082aa24f35e1b516d23)
Start importing Assets/Oculus/Interaction/Runtime/Scripts/Unity/Input/InputKey.cs using Guid(9c623d571545a954eb981f14cf5e3eef) Importer(2089858483,0ecaa5967403d082aa24f35e1b516d23) [PhysX] Initialized MultithreadedTaskDispatcher with 32 workers.
 -> (artifact id: '1a6fa11cb6e67b86e8f6d9fadb68ef12') in 0.013477 seconds
Number of updated asset objects reloaded before import = 0
Number of asset objects unloaded after import = 1
========================================================================
Received Import Request.
  Time since last request: 0.000110 seconds.
  path: Assets/Oculus/Interaction/Runtime/Scripts/PoseDetection/Debug/ActiveStateNodeUIHorizontal.cs
  artifactKey: Guid(4bf41478a1af76e48b69aa772f7b81fd) Importer(2089858483,0ecaa5967403d082aa24f35e1b516d23)
Start importing Assets/Oculus/Interaction/Runtime/Scripts/PoseDetection/Debug/ActiveStateNodeUIHorizontal.cs using Guid(4bf41478a1af76e48b69aa772f7b81fd) Importer(2089858483,0ecaa5967403d082aa24f35e1b516d23) [PhysX] Initialized MultithreadedTaskDispatcher with 32 workers.
 -> (artifact id: '1fd70029079f1fd7d4de6dcac301422f') in 0.017199 seconds
Number of updated asset objects reloaded before import = 0
Number of asset objects unloaded after import = 1
========================================================================
Received Import Request.
  Time since last request: 0.000152 seconds.
  path: Assets/Oculus/Interaction/Runtime/Scripts/Interaction/Core/InteractableGroup.cs
  artifactKey: Guid(8514192a85a2a7e4a8ddac63837c54dc) Importer(2089858483,0ecaa5967403d082aa24f35e1b516d23)
Start importing Assets/Oculus/Interaction/Runtime/Scripts/Interaction/Core/InteractableGroup.cs using Guid(8514192a85a2a7e4a8ddac63837c54dc) Importer(2089858483,0ecaa5967403d082aa24f35e1b516d23) [PhysX] Initialized MultithreadedTaskDispatcher with 32 workers.
 -> (artifact id: '881fb528a7542901d399512fdba978be') in 0.018335 seconds
Number of updated asset objects reloaded before import = 0
Number of asset objects unloaded after import = 1
========================================================================
Received Import Request.
  Time since last request: 0.000016 seconds.
  path: Assets/Oculus/SampleFramework/Usage/SharedAssets/Textures/metal_brushed_01_dif.png
  artifactKey: Guid(9e9f33564fb38524f86c25e26d1e10d4) Importer(2089858483,0ecaa5967403d082aa24f35e1b516d23)
Start importing Assets/Oculus/SampleFramework/Usage/SharedAssets/Textures/metal_brushed_01_dif.png using Guid(9e9f33564fb38524f86c25e26d1e10d4) Importer(2089858483,0ecaa5967403d082aa24f35e1b516d23) [PhysX] Initialized MultithreadedTaskDispatcher with 32 workers.
 -> (artifact id: '9677feb6a455bcbeea5cd905ee769f48') in 0.025388 seconds
Number of updated asset objects reloaded before import = 0
Number of asset objects unloaded after import = 1
========================================================================
Received Import Request.
  Time since last request: 0.000019 seconds.
  path: Assets/Oculus/Voice/Lib/Wit.ai/Resources/wit-ai-title.png
  artifactKey: Guid(6a61dbb599169b64ca5584c8eebeb69e) Importer(2089858483,0ecaa5967403d082aa24f35e1b516d23)
Start importing Assets/Oculus/Voice/Lib/Wit.ai/Resources/wit-ai-title.png using Guid(6a61dbb599169b64ca5584c8eebeb69e) Importer(2089858483,0ecaa5967403d082aa24f35e1b516d23) [PhysX] Initialized MultithreadedTaskDispatcher with 32 workers.
 -> (artifact id: '60787bf27169c3fa124454df4e2fdac6') in 0.027683 seconds
Number of updated asset objects reloaded before import = 0
Number of asset objects unloaded after import = 3
========================================================================
Received Import Request.
  Time since last request: 0.000305 seconds.
  path: Assets/Oculus/Voice/Samples/LightTraits/Materials/LightOff.mat
  artifactKey: Guid(c4f46a0758bdd324b8f3a941cd6e0038) Importer(2089858483,0ecaa5967403d082aa24f35e1b516d23)
Start importing Assets/Oculus/Voice/Samples/LightTraits/Materials/LightOff.mat using Guid(c4f46a0758bdd324b8f3a941cd6e0038) Importer(2089858483,0ecaa5967403d082aa24f35e1b516d23) [PhysX] Initialized MultithreadedTaskDispatcher with 32 workers.
 -> (artifact id: '959345723af95967a2d8a66a565db3c9') in 0.046994 seconds
Number of updated asset objects reloaded before import = 0
Number of asset objects unloaded after import = 1
========================================================================
Received Import Request.
  Time since last request: 0.000428 seconds.
  path: Assets/Oculus/SampleFramework/Usage/SpatialAnchor/Scripts/SpatialAnchorLoader.cs
  artifactKey: Guid(432567d157dd9b1478a34a3d58ae077c) Importer(2089858483,0ecaa5967403d082aa24f35e1b516d23)
Start importing Assets/Oculus/SampleFramework/Usage/SpatialAnchor/Scripts/SpatialAnchorLoader.cs using Guid(432567d157dd9b1478a34a3d58ae077c) Importer(2089858483,0ecaa5967403d082aa24f35e1b516d23) [PhysX] Initialized MultithreadedTaskDispatcher with 32 workers.
 -> (artifact id: '3c15998003218239cea146339ed26d23') in 0.010639 seconds
Number of updated asset objects reloaded before import = 0
Number of asset objects unloaded after import = 1
========================================================================
Received Import Request.
  Time since last request: 0.000240 seconds.
  path: Assets/Oculus/Voice/Documentation/Samples/ShapesConduit/Shapes with Conduit - Sample.asset
  artifactKey: Guid(5757f344bdd268949b1dde4f5a3bb51c) Importer(2089858483,0ecaa5967403d082aa24f35e1b516d23)
Start importing Assets/Oculus/Voice/Documentation/Samples/ShapesConduit/Shapes with Conduit - Sample.asset using Guid(5757f344bdd268949b1dde4f5a3bb51c) Importer(2089858483,0ecaa5967403d082aa24f35e1b516d23) [PhysX] Initialized MultithreadedTaskDispatcher with 32 workers.
 -> (artifact id: '84745e6498c0492f2fc1ffb68732adee') in 0.023966 seconds
Number of updated asset objects reloaded before import = 0
Number of asset objects unloaded after import = 3
========================================================================
Received Import Request.
  Time since last request: 0.000023 seconds.
  path: Assets/Oculus/Interaction/Runtime/Scripts/Interaction/Pointable/IPointable.cs
  artifactKey: Guid(90a2258da6342e64a99514248849f619) Importer(2089858483,0ecaa5967403d082aa24f35e1b516d23)
Start importing Assets/Oculus/Interaction/Runtime/Scripts/Interaction/Pointable/IPointable.cs using Guid(90a2258da6342e64a99514248849f619) Importer(2089858483,0ecaa5967403d082aa24f35e1b516d23) [PhysX] Initialized MultithreadedTaskDispatcher with 32 workers.
 -> (artifact id: 'bdf963c394c86a38e85347921bc470d7') in 0.011972 seconds
Number of updated asset objects reloaded before import = 0
Number of asset objects unloaded after import = 1
========================================================================
Received Import Request.
  Time since last request: 0.000119 seconds.
  path: Assets/Oculus/VR/Editor/BuildingBlocks/Animations/bb_outline_02.png
  artifactKey: Guid(c3dddeff90af1e84497f7197f61cc5f4) Importer(2089858483,0ecaa5967403d082aa24f35e1b516d23)
Start importing Assets/Oculus/VR/Editor/BuildingBlocks/Animations/bb_outline_02.png using Guid(c3dddeff90af1e84497f7197f61cc5f4) Importer(2089858483,0ecaa5967403d082aa24f35e1b516d23) [PhysX] Initialized MultithreadedTaskDispatcher with 32 workers.
 -> (artifact id: 'ec152749d3f006a50d19bf93dfb74415') in 0.024538 seconds
Number of updated asset objects reloaded before import = 0
Number of asset objects unloaded after import = 1
========================================================================
Received Import Request.
  Time since last request: 0.000062 seconds.
  path: Assets/Oculus/Interaction/Runtime/Scripts/Interaction/Grabbable/Grabbable.cs
  artifactKey: Guid(43f86b14a27b52f4f9298c33015b5c26) Importer(2089858483,0ecaa5967403d082aa24f35e1b516d23)
Start importing Assets/Oculus/Interaction/Runtime/Scripts/Interaction/Grabbable/Grabbable.cs using Guid(43f86b14a27b52f4f9298c33015b5c26) Importer(2089858483,0ecaa5967403d082aa24f35e1b516d23) [PhysX] Initialized MultithreadedTaskDispatcher with 32 workers.
 -> (artifact id: '6cfb5d6a2d4aac7eb348dfcefdf52322') in 0.014415 seconds
Number of updated asset objects reloaded before import = 0
Number of asset objects unloaded after import = 1
========================================================================
Received Import Request.
  Time since last request: 0.000041 seconds.
  path: Assets/Oculus/VR/Scripts/OVRAnchor/OVRAnchorComponents/OVRSemanticLabels.cs
  artifactKey: Guid(efe24f81961b460eb43781a3f72460ed) Importer(2089858483,0ecaa5967403d082aa24f35e1b516d23)
Start importing Assets/Oculus/VR/Scripts/OVRAnchor/OVRAnchorComponents/OVRSemanticLabels.cs using Guid(efe24f81961b460eb43781a3f72460ed) Importer(2089858483,0ecaa5967403d082aa24f35e1b516d23) [PhysX] Initialized MultithreadedTaskDispatcher with 32 workers.
 -> (artifact id: '762bb392cb612920c93609cbc6802de4') in 0.014562 seconds
Number of updated asset objects reloaded before import = 0
Number of asset objects unloaded after import = 1
========================================================================
Received Import Request.
  Time since last request: 0.000074 seconds.
  path: Assets/Oculus/Interaction/Runtime/Scripts/Input/HMD/HmdDataSourceConfig.cs
  artifactKey: Guid(5e6945eb8bd2e9941a48a55b14cda4d5) Importer(2089858483,0ecaa5967403d082aa24f35e1b516d23)
Start importing Assets/Oculus/Interaction/Runtime/Scripts/Input/HMD/HmdDataSourceConfig.cs using Guid(5e6945eb8bd2e9941a48a55b14cda4d5) Importer(2089858483,0ecaa5967403d082aa24f35e1b516d23) [PhysX] Initialized MultithreadedTaskDispatcher with 32 workers.
 -> (artifact id: 'f72ccef3d999d9b8f195eb965ea154d7') in 0.015440 seconds
Number of updated asset objects reloaded before import = 0
Number of asset objects unloaded after import = 1
========================================================================
Received Import Request.
  Time since last request: 0.000276 seconds.
  path: Assets/Oculus/SampleFramework/Usage/SharedAssets/Textures/room_atlas_02_msm.png
  artifactKey: Guid(67864649fed594cd490c78b56dc9aea9) Importer(2089858483,0ecaa5967403d082aa24f35e1b516d23)
Start importing Assets/Oculus/SampleFramework/Usage/SharedAssets/Textures/room_atlas_02_msm.png using Guid(67864649fed594cd490c78b56dc9aea9) Importer(2089858483,0ecaa5967403d082aa24f35e1b516d23) [PhysX] Initialized MultithreadedTaskDispatcher with 32 workers.
 -> (artifact id: '5f1198994288d86a31be9b3046c5f3d6') in 0.020941 seconds
Number of updated asset objects reloaded before import = 0
Number of asset objects unloaded after import = 1
========================================================================
Received Import Request.
  Time since last request: 0.000118 seconds.
  path: Assets/Oculus/SampleFramework/Usage/TouchPro/Materials/GroundMat.mat
  artifactKey: Guid(dc32b8fb317b6d5488f28b92e6f61860) Importer(2089858483,0ecaa5967403d082aa24f35e1b516d23)
Start importing Assets/Oculus/SampleFramework/Usage/TouchPro/Materials/GroundMat.mat using Guid(dc32b8fb317b6d5488f28b92e6f61860) Importer(2089858483,0ecaa5967403d082aa24f35e1b516d23) [PhysX] Initialized MultithreadedTaskDispatcher with 32 workers.
 -> (artifact id: '0184ccc7ef2011796b1a84e77a0c1f49') in 0.019435 seconds
Number of updated asset objects reloaded before import = 0
Number of asset objects unloaded after import = 2
========================================================================
Received Import Request.
  Time since last request: 0.000016 seconds.
  path: Assets/Oculus/SampleFramework/Usage/SharedAssets/Skyboxes/skybox02_openGL.png
  artifactKey: Guid(07664bb37bf9e46daae750bb6d5ad790) Importer(2089858483,0ecaa5967403d082aa24f35e1b516d23)
Start importing Assets/Oculus/SampleFramework/Usage/SharedAssets/Skyboxes/skybox02_openGL.png using Guid(07664bb37bf9e46daae750bb6d5ad790) Importer(2089858483,0ecaa5967403d082aa24f35e1b516d23) [PhysX] Initialized MultithreadedTaskDispatcher with 32 workers.
 -> (artifact id: 'ad479f7037977518478fc926b33f6179') in 0.051483 seconds
Number of updated asset objects reloaded before import = 0
Number of asset objects unloaded after import = 1
========================================================================
Received Import Request.
  Time since last request: 0.000218 seconds.
  path: Assets/Oculus/Voice/Samples/TTSVoices/Scripts/TTSSpeakerEffectSelect.cs
  artifactKey: Guid(6048a14add38e0449b1e683cd42a6958) Importer(2089858483,0ecaa5967403d082aa24f35e1b516d23)
Start importing Assets/Oculus/Voice/Samples/TTSVoices/Scripts/TTSSpeakerEffectSelect.cs using Guid(6048a14add38e0449b1e683cd42a6958) Importer(2089858483,0ecaa5967403d082aa24f35e1b516d23) [PhysX] Initialized MultithreadedTaskDispatcher with 32 workers.
 -> (artifact id: '1737b5e3beabce86744b3c7b7cd2ee3d') in 0.015564 seconds
Number of updated asset objects reloaded before import = 0
Number of asset objects unloaded after import = 1
========================================================================
Received Import Request.
  Time since last request: 0.000069 seconds.
  path: Assets/Oculus/SampleFramework/Usage/SharedAssets/Prefabs/OculusWaterBottlePf.prefab
  artifactKey: Guid(44c054c23ca023940ae65542cf6d9185) Importer(2089858483,0ecaa5967403d082aa24f35e1b516d23)
Start importing Assets/Oculus/SampleFramework/Usage/SharedAssets/Prefabs/OculusWaterBottlePf.prefab using Guid(44c054c23ca023940ae65542cf6d9185) Importer(2089858483,0ecaa5967403d082aa24f35e1b516d23) [PhysX] Initialized MultithreadedTaskDispatcher with 32 workers.
 -> (artifact id: '713ade9a60fc602208892eb54ef2ff28') in 0.037902 seconds
Number of updated asset objects reloaded before import = 0
Number of asset objects unloaded after import = 10
========================================================================
Received Import Request.
  Time since last request: 0.000019 seconds.
  path: Assets/Oculus/VR/Meshes/MetaQuestTouchPro/Materials/batteryIndicator_mat.mat
  artifactKey: Guid(3abd38e0d18db6c49b2c96961d69d024) Importer(2089858483,0ecaa5967403d082aa24f35e1b516d23)
Start importing Assets/Oculus/VR/Meshes/MetaQuestTouchPro/Materials/batteryIndicator_mat.mat using Guid(3abd38e0d18db6c49b2c96961d69d024) Importer(2089858483,0ecaa5967403d082aa24f35e1b516d23) [PhysX] Initialized MultithreadedTaskDispatcher with 32 workers.
 -> (artifact id: '53a607f28c6ca29fd8a84e44ebc31115') in 0.044453 seconds
Number of updated asset objects reloaded before import = 0
Number of asset objects unloaded after import = 2
========================================================================
Received Import Request.
  Time since last request: 0.000027 seconds.
  path: Assets/Oculus/Voice/Lib/PlatformCompatibility/Plugins/voicesdk_platform_logger.jar
  artifactKey: Guid(86e073f28b6dd8c4d9b6b3b6fe638b31) Importer(2089858483,0ecaa5967403d082aa24f35e1b516d23)
Start importing Assets/Oculus/Voice/Lib/PlatformCompatibility/Plugins/voicesdk_platform_logger.jar using Guid(86e073f28b6dd8c4d9b6b3b6fe638b31) Importer(2089858483,0ecaa5967403d082aa24f35e1b516d23) [PhysX] Initialized MultithreadedTaskDispatcher with 32 workers.
 -> (artifact id: '26b1aaa7de96ea514930d6e8f84d5dd1') in 0.014606 seconds
Number of updated asset objects reloaded before import = 0
Number of asset objects unloaded after import = 1
========================================================================
Received Import Request.
  Time since last request: 0.000118 seconds.
  path: Assets/Oculus/Interaction/OVRIntegration/Runtime/Scripts/Input/FromOVRHandDataSource.cs
  artifactKey: Guid(4855895ba1c44959a306beb7ae318fc2) Importer(2089858483,0ecaa5967403d082aa24f35e1b516d23)
Start importing Assets/Oculus/Interaction/OVRIntegration/Runtime/Scripts/Input/FromOVRHandDataSource.cs using Guid(4855895ba1c44959a306beb7ae318fc2) Importer(2089858483,0ecaa5967403d082aa24f35e1b516d23) [PhysX] Initialized MultithreadedTaskDispatcher with 32 workers.
 -> (artifact id: '295c8683a94c5821bc49f0278d20a2cf') in 0.017633 seconds
Number of updated asset objects reloaded before import = 0
Number of asset objects unloaded after import = 1
========================================================================
Received Import Request.
  Time since last request: 0.000120 seconds.
  path: Assets/Oculus/Interaction/Runtime/Scripts/Interaction/Core/Interactor.cs
  artifactKey: Guid(569aada7077c43349ad26c2b000ff744) Importer(2089858483,0ecaa5967403d082aa24f35e1b516d23)
Start importing Assets/Oculus/Interaction/Runtime/Scripts/Interaction/Core/Interactor.cs using Guid(569aada7077c43349ad26c2b000ff744) Importer(2089858483,0ecaa5967403d082aa24f35e1b516d23) [PhysX] Initialized MultithreadedTaskDispatcher with 32 workers.
 -> (artifact id: '112a188269ffaebd2eed6c19cac3f4ad') in 0.010484 seconds
Number of updated asset objects reloaded before import = 0
Number of asset objects unloaded after import = 1
========================================================================
Received Import Request.
  Time since last request: 0.000106 seconds.
  path: Assets/Oculus/Voice/Documentation/Samples/Chess/Chess with Conduit - Sample.asset
  artifactKey: Guid(55ab435aed4205c4d92a39036d22b62e) Importer(2089858483,0ecaa5967403d082aa24f35e1b516d23)
Start importing Assets/Oculus/Voice/Documentation/Samples/Chess/Chess with Conduit - Sample.asset using Guid(55ab435aed4205c4d92a39036d22b62e) Importer(2089858483,0ecaa5967403d082aa24f35e1b516d23) [PhysX] Initialized MultithreadedTaskDispatcher with 32 workers.
 -> (artifact id: '9cff6436247a220b011dbdc17e8a8cf8') in 0.013264 seconds
Number of updated asset objects reloaded before import = 0
Number of asset objects unloaded after import = 3
========================================================================
Received Import Request.
  Time since last request: 0.000024 seconds.
  path: Assets/Oculus/Interaction/Runtime/Scripts/Body/Input/BodySkeletonMapping.cs
  artifactKey: Guid(c0163dd25f6c25141bbe3c5b18171c50) Importer(2089858483,0ecaa5967403d082aa24f35e1b516d23)
Start importing Assets/Oculus/Interaction/Runtime/Scripts/Body/Input/BodySkeletonMapping.cs using Guid(c0163dd25f6c25141bbe3c5b18171c50) Importer(2089858483,0ecaa5967403d082aa24f35e1b516d23) [PhysX] Initialized MultithreadedTaskDispatcher with 32 workers.
 -> (artifact id: '8ee8aec1eeead23ea838a040cee617f4') in 0.016525 seconds
Number of updated asset objects reloaded before import = 0
Number of asset objects unloaded after import = 1
========================================================================
Received Import Request.
  Time since last request: 0.000123 seconds.
  path: Assets/Oculus/SampleFramework/Usage/SharedAssets/Prefabs/TablePfWithOccluder.prefab
  artifactKey: Guid(fafab64117ad71941baff8ea40eedbd7) Importer(2089858483,0ecaa5967403d082aa24f35e1b516d23)
Start importing Assets/Oculus/SampleFramework/Usage/SharedAssets/Prefabs/TablePfWithOccluder.prefab using Guid(fafab64117ad71941baff8ea40eedbd7) Importer(2089858483,0ecaa5967403d082aa24f35e1b516d23) [PhysX] Initialized MultithreadedTaskDispatcher with 32 workers.
 -> (artifact id: '9b7cb3c2fcbbb0285c6b40f091275269') in 0.013639 seconds
Number of updated asset objects reloaded before import = 0
Number of asset objects unloaded after import = 15
========================================================================
Received Import Request.
  Time since last request: 0.000220 seconds.
  path: Assets/Oculus/VR/Editor/BuildingBlocks/Animations/bb_outline_03.png
  artifactKey: Guid(c91f1eb70a4bdfb4490ddb0b55d7870d) Importer(2089858483,0ecaa5967403d082aa24f35e1b516d23)
Start importing Assets/Oculus/VR/Editor/BuildingBlocks/Animations/bb_outline_03.png using Guid(c91f1eb70a4bdfb4490ddb0b55d7870d) Importer(2089858483,0ecaa5967403d082aa24f35e1b516d23) [PhysX] Initialized MultithreadedTaskDispatcher with 32 workers.
 -> (artifact id: '7c697375441e3b96f11db9e6b50d95ae') in 0.017737 seconds
Number of updated asset objects reloaded before import = 0
Number of asset objects unloaded after import = 1
========================================================================
Received Import Request.
  Time since last request: 0.000124 seconds.
  path: Assets/Oculus/VR/Editor/BuildingBlocks/Icons/ovr_icon_download.png
  artifactKey: Guid(c586018950d40664784457f6025fac43) Importer(2089858483,0ecaa5967403d082aa24f35e1b516d23)
Start importing Assets/Oculus/VR/Editor/BuildingBlocks/Icons/ovr_icon_download.png using Guid(c586018950d40664784457f6025fac43) Importer(2089858483,0ecaa5967403d082aa24f35e1b516d23) [PhysX] Initialized MultithreadedTaskDispatcher with 32 workers.
 -> (artifact id: 'f7243a576e6fee0a47ba71bc84eb3f3b') in 0.033912 seconds
Number of updated asset objects reloaded before import = 0
Number of asset objects unloaded after import = 1
========================================================================
Received Import Request.
  Time since last request: 0.000068 seconds.
  path: Assets/Oculus/Voice/Samples/TTSVoices/Scripts/Meta.Voice.Samples.TTSVoices.asmdef
  artifactKey: Guid(c4ae70944d4b73049b04afa3a1e912a7) Importer(2089858483,0ecaa5967403d082aa24f35e1b516d23)
Start importing Assets/Oculus/Voice/Samples/TTSVoices/Scripts/Meta.Voice.Samples.TTSVoices.asmdef using Guid(c4ae70944d4b73049b04afa3a1e912a7) Importer(2089858483,0ecaa5967403d082aa24f35e1b516d23) [PhysX] Initialized MultithreadedTaskDispatcher with 32 workers.
 -> (artifact id: '8463dc9b544a498586722a3ae15caf30') in 0.016093 seconds
Number of updated asset objects reloaded before import = 0
Number of asset objects unloaded after import = 1
========================================================================
Received Import Request.
  Time since last request: 0.000064 seconds.
  path: Assets/Oculus/Interaction/OVRIntegration/Editor/Blocks/Interactors/Hand Physics.asset
  artifactKey: Guid(8e2df80a30bbc4ce48689606b6842175) Importer(2089858483,0ecaa5967403d082aa24f35e1b516d23)
Start importing Assets/Oculus/Interaction/OVRIntegration/Editor/Blocks/Interactors/Hand Physics.asset using Guid(8e2df80a30bbc4ce48689606b6842175) Importer(2089858483,0ecaa5967403d082aa24f35e1b516d23) [PhysX] Initialized MultithreadedTaskDispatcher with 32 workers.
 -> (artifact id: 'f291b9fb708cb47d019f632f91daf793') in 0.026357 seconds
Number of updated asset objects reloaded before import = 0
Number of asset objects unloaded after import = 6
========================================================================
Received Import Request.
  Time since last request: 0.000071 seconds.
  path: Assets/Oculus/Voice/Scripts/Editor/Windows/WelcomeWizard.cs
  artifactKey: Guid(1969028d6c8d24d5c83929e0d846ac21) Importer(2089858483,0ecaa5967403d082aa24f35e1b516d23)
Start importing Assets/Oculus/Voice/Scripts/Editor/Windows/WelcomeWizard.cs using Guid(1969028d6c8d24d5c83929e0d846ac21) Importer(2089858483,0ecaa5967403d082aa24f35e1b516d23) [PhysX] Initialized MultithreadedTaskDispatcher with 32 workers.
 -> (artifact id: 'c276abac8c3b6a91ed32c89a5f0c3804') in 0.020011 seconds
Number of updated asset objects reloaded before import = 0
Number of asset objects unloaded after import = 1
========================================================================
Received Import Request.
  Time since last request: 0.000214 seconds.
  path: Assets/Oculus/Voice/Scripts/Editor/Utility/VoiceSDKMenu.cs
  artifactKey: Guid(edfc5f7f2010aa340af1f2b286930dc6) Importer(2089858483,0ecaa5967403d082aa24f35e1b516d23)
Start importing Assets/Oculus/Voice/Scripts/Editor/Utility/VoiceSDKMenu.cs using Guid(edfc5f7f2010aa340af1f2b286930dc6) Importer(2089858483,0ecaa5967403d082aa24f35e1b516d23) [PhysX] Initialized MultithreadedTaskDispatcher with 32 workers.
 -> (artifact id: '3946a57845bc4f08ea7e27d9fc7a5d85') in 0.025794 seconds
Number of updated asset objects reloaded before import = 0
Number of asset objects unloaded after import = 1
========================================================================
Received Import Request.
  Time since last request: 0.000151 seconds.
  path: Assets/Oculus/VR/Meshes/MetaQuestTouchPlus/Materials/MetaQuestTouchPlusMATphong_right.mat
  artifactKey: Guid(4b13877204bf5394c80dc8b6e469ec13) Importer(2089858483,0ecaa5967403d082aa24f35e1b516d23)
Start importing Assets/Oculus/VR/Meshes/MetaQuestTouchPlus/Materials/MetaQuestTouchPlusMATphong_right.mat using Guid(4b13877204bf5394c80dc8b6e469ec13) Importer(2089858483,0ecaa5967403d082aa24f35e1b516d23) [PhysX] Initialized MultithreadedTaskDispatcher with 32 workers.
 -> (artifact id: 'e15b5e74ce5360b38f7b304e4707d76d') in 0.047074 seconds
Number of updated asset objects reloaded before import = 0
Number of asset objects unloaded after import = 4
========================================================================
Received Import Request.
  Time since last request: 0.000017 seconds.
  path: Assets/Oculus/Voice/Samples/TTSVoices/Prefabs/TTSSpeakerPanel.prefab
  artifactKey: Guid(6ff7fbfe0243d604ea0d362d82d4baf2) Importer(2089858483,0ecaa5967403d082aa24f35e1b516d23)
Start importing Assets/Oculus/Voice/Samples/TTSVoices/Prefabs/TTSSpeakerPanel.prefab using Guid(6ff7fbfe0243d604ea0d362d82d4baf2) Importer(2089858483,0ecaa5967403d082aa24f35e1b516d23) [PhysX] Initialized MultithreadedTaskDispatcher with 32 workers.
 -> (artifact id: '036d95ce1a395a6aaef22017a804595a') in 0.046890 seconds
Number of updated asset objects reloaded before import = 0
Number of asset objects unloaded after import = 328
========================================================================
Received Import Request.
  Time since last request: 0.253710 seconds.
  path: Assets/Oculus/Interaction/Runtime/ThirdParty/InterfaceSupport/Editor/InterfaceDrawer.cs
  artifactKey: Guid(b2fd211401b34f246897eb204ff3ca43) Importer(2089858483,0ecaa5967403d082aa24f35e1b516d23)
Start importing Assets/Oculus/Interaction/Runtime/ThirdParty/InterfaceSupport/Editor/InterfaceDrawer.cs using Guid(b2fd211401b34f246897eb204ff3ca43) Importer(2089858483,0ecaa5967403d082aa24f35e1b516d23) [PhysX] Initialized MultithreadedTaskDispatcher with 32 workers.
 -> (artifact id: '1ff73226d1586a0f37dbfde91660f2a7') in 0.019300 seconds
Number of updated asset objects reloaded before import = 0
Number of asset objects unloaded after import = 1
========================================================================
Received Import Request.
  Time since last request: 0.000190 seconds.
  path: Assets/Oculus/Interaction/Samples/Objects/Environment/Room/Textures/furnitureDiffuse.png
  artifactKey: Guid(fb267f285579d3a4ba0ce049610fea7e) Importer(2089858483,0ecaa5967403d082aa24f35e1b516d23)
Start importing Assets/Oculus/Interaction/Samples/Objects/Environment/Room/Textures/furnitureDiffuse.png using Guid(fb267f285579d3a4ba0ce049610fea7e) Importer(2089858483,0ecaa5967403d082aa24f35e1b516d23) [PhysX] Initialized MultithreadedTaskDispatcher with 32 workers.
 -> (artifact id: 'df13c80d52f1c92f742d15d09d9ee258') in 0.023680 seconds
Number of updated asset objects reloaded before import = 0
Number of asset objects unloaded after import = 1
========================================================================
Received Import Request.
  Time since last request: 0.000129 seconds.
  path: Assets/Oculus/Interaction/Samples/Objects/Environment/Screen/Screen.prefab
  artifactKey: Guid(f9900ece3d50eea4c96eae31b98ab9bb) Importer(2089858483,0ecaa5967403d082aa24f35e1b516d23)
Start importing Assets/Oculus/Interaction/Samples/Objects/Environment/Screen/Screen.prefab using Guid(f9900ece3d50eea4c96eae31b98ab9bb) Importer(2089858483,0ecaa5967403d082aa24f35e1b516d23) [PhysX] Initialized MultithreadedTaskDispatcher with 32 workers.
 -> (artifact id: '2c4a6a07e11c2eecdad464916d923a72') in 0.028268 seconds
Number of updated asset objects reloaded before import = 0
Number of asset objects unloaded after import = 12
========================================================================
Received Import Request.
  Time since last request: 0.000016 seconds.
  path: Assets/Oculus/Voice/Lib/Wit.ai/Scripts/Runtime/Events/WitResponseEvent.cs
  artifactKey: Guid(7ef88cd3e80185c4a90060968bd7c213) Importer(2089858483,0ecaa5967403d082aa24f35e1b516d23)
Start importing Assets/Oculus/Voice/Lib/Wit.ai/Scripts/Runtime/Events/WitResponseEvent.cs using Guid(7ef88cd3e80185c4a90060968bd7c213) Importer(2089858483,0ecaa5967403d082aa24f35e1b516d23) [PhysX] Initialized MultithreadedTaskDispatcher with 32 workers.
 -> (artifact id: '3dd58958671ed9af27f22da60ea05608') in 0.010629 seconds
Number of updated asset objects reloaded before import = 0
Number of asset objects unloaded after import = 1
========================================================================
Received Import Request.
  Time since last request: 0.000216 seconds.
  path: Assets/Oculus/SampleFramework/Usage/DistanceGrab/Prefabs/GrabOffsetsAndPoses/GrabOffsetSportsBottle.prefab
  artifactKey: Guid(802a502bbd864114696daa6c2001c156) Importer(2089858483,0ecaa5967403d082aa24f35e1b516d23)
Start importing Assets/Oculus/SampleFramework/Usage/DistanceGrab/Prefabs/GrabOffsetsAndPoses/GrabOffsetSportsBottle.prefab using Guid(802a502bbd864114696daa6c2001c156) Importer(2089858483,0ecaa5967403d082aa24f35e1b516d23) [PhysX] Initialized MultithreadedTaskDispatcher with 32 workers.
 -> (artifact id: '1237a870375ec5828981778507882fc3') in 0.012878 seconds
Number of updated asset objects reloaded before import = 0
Number of asset objects unloaded after import = 4
========================================================================
Received Import Request.
  Time since last request: 0.000157 seconds.
  path: Assets/Oculus/Interaction/Samples/Objects/Environment/Locomotion/Textures/LocomotionRoom/MetaLocomotionBalcony.png
  artifactKey: Guid(6cafd05c3286c784fb8daeac86f3317c) Importer(2089858483,0ecaa5967403d082aa24f35e1b516d23)
Start importing Assets/Oculus/Interaction/Samples/Objects/Environment/Locomotion/Textures/LocomotionRoom/MetaLocomotionBalcony.png using Guid(6cafd05c3286c784fb8daeac86f3317c) Importer(2089858483,0ecaa5967403d082aa24f35e1b516d23) [PhysX] Initialized MultithreadedTaskDispatcher with 32 workers.
 -> (artifact id: 'e3f1ee01230019f88801f34083e473f9') in 0.025650 seconds
Number of updated asset objects reloaded before import = 0
Number of asset objects unloaded after import = 1
========================================================================
Received Import Request.
  Time since last request: 0.000109 seconds.
  path: Assets/Oculus/Voice/Features/Hub/Scripts/Editor/UIComponents/FoldoutHierarchy.cs
  artifactKey: Guid(5b3b26502f774dd2b597ed1657a8f0a4) Importer(2089858483,0ecaa5967403d082aa24f35e1b516d23)
Start importing Assets/Oculus/Voice/Features/Hub/Scripts/Editor/UIComponents/FoldoutHierarchy.cs using Guid(5b3b26502f774dd2b597ed1657a8f0a4) Importer(2089858483,0ecaa5967403d082aa24f35e1b516d23) [PhysX] Initialized MultithreadedTaskDispatcher with 32 workers.
 -> (artifact id: '9bdf847ad4655c665b13d869ed50040f') in 0.009978 seconds
Number of updated asset objects reloaded before import = 0
Number of asset objects unloaded after import = 1
========================================================================
Received Import Request.
  Time since last request: 0.000087 seconds.
  path: Assets/Oculus/Interaction/Samples/Objects/Environment/Locomotion/Models/Materials/LocomotionGardenMat.mat
  artifactKey: Guid(32e0f3fc945e5eb41a11daceb28df255) Importer(2089858483,0ecaa5967403d082aa24f35e1b516d23)
Start importing Assets/Oculus/Interaction/Samples/Objects/Environment/Locomotion/Models/Materials/LocomotionGardenMat.mat using Guid(32e0f3fc945e5eb41a11daceb28df255) Importer(2089858483,0ecaa5967403d082aa24f35e1b516d23) [PhysX] Initialized MultithreadedTaskDispatcher with 32 workers.
 -> (artifact id: 'da1528e42c20434238711618ad832592') in 0.017129 seconds
Number of updated asset objects reloaded before import = 0
Number of asset objects unloaded after import = 2
========================================================================
Received Import Request.
  Time since last request: 0.000199 seconds.
  path: Assets/Oculus/SampleFramework/Core/DebugUI/Fonts/Montserrat/Montserrat-Bold.ttf
  artifactKey: Guid(7e89e80fce8fc06478c726f2f3de7863) Importer(2089858483,0ecaa5967403d082aa24f35e1b516d23)
Start importing Assets/Oculus/SampleFramework/Core/DebugUI/Fonts/Montserrat/Montserrat-Bold.ttf using Guid(7e89e80fce8fc06478c726f2f3de7863) Importer(2089858483,0ecaa5967403d082aa24f35e1b516d23) [PhysX] Initialized MultithreadedTaskDispatcher with 32 workers.
 -> (artifact id: 'a047edb1c177485f57f9c29bbabfa60b') in 0.017584 seconds
Number of updated asset objects reloaded before import = 0
Number of asset objects unloaded after import = 3
========================================================================
Received Import Request.
  Time since last request: 0.000255 seconds.
  path: Assets/Oculus/Interaction/Samples/Objects/Props/Box/Box.prefab
  artifactKey: Guid(be890165f0b028b4c959cf9729b55f4d) Importer(2089858483,0ecaa5967403d082aa24f35e1b516d23)
Start importing Assets/Oculus/Interaction/Samples/Objects/Props/Box/Box.prefab using Guid(be890165f0b028b4c959cf9729b55f4d) Importer(2089858483,0ecaa5967403d082aa24f35e1b516d23) [PhysX] Initialized MultithreadedTaskDispatcher with 32 workers.
 -> (artifact id: 'c9f57185e2f7529d23d6fe683e7369b2') in 0.055724 seconds
Number of updated asset objects reloaded before import = 0
Number of asset objects unloaded after import = 69
========================================================================
Received Import Request.
  Time since last request: 0.000018 seconds.
  path: Assets/Oculus/Voice/Features/Hub/Scripts/Editor/Utilities/ContextFinder.cs
  artifactKey: Guid(c235113b0b6c484a8f361e84786d7467) Importer(2089858483,0ecaa5967403d082aa24f35e1b516d23)
Start importing Assets/Oculus/Voice/Features/Hub/Scripts/Editor/Utilities/ContextFinder.cs using Guid(c235113b0b6c484a8f361e84786d7467) Importer(2089858483,0ecaa5967403d082aa24f35e1b516d23) [PhysX] Initialized MultithreadedTaskDispatcher with 32 workers.
 -> (artifact id: '7a7d2fc0546e645e3b21d5d5b7f5419e') in 0.018304 seconds
Number of updated asset objects reloaded before import = 0
Number of asset objects unloaded after import = 1
========================================================================
Received Import Request.
  Time since last request: 0.000247 seconds.
  path: Assets/Oculus/Interaction/Runtime/Scripts/Interaction/Models/Locomotion/Turn/LocomotionTurnerInteractorEventsWrapper.cs
  artifactKey: Guid(844c1cd4384ce9842aa33815b2b35c6d) Importer(2089858483,0ecaa5967403d082aa24f35e1b516d23)
Start importing Assets/Oculus/Interaction/Runtime/Scripts/Interaction/Models/Locomotion/Turn/LocomotionTurnerInteractorEventsWrapper.cs using Guid(844c1cd4384ce9842aa33815b2b35c6d) Importer(2089858483,0ecaa5967403d082aa24f35e1b516d23) [PhysX] Initialized MultithreadedTaskDispatcher with 32 workers.
 -> (artifact id: '68ba0b77cbdfcef0201e8e54c58220e3') in 0.019000 seconds
Number of updated asset objects reloaded before import = 0
Number of asset objects unloaded after import = 1
========================================================================
Received Import Request.
  Time since last request: 0.000151 seconds.
  path: Assets/Oculus/Voice/Features/VoiceHub/Scripts/Editor/VoiceSDKHub.cs
  artifactKey: Guid(050c329a8c264b9bb8dd4042708376ed) Importer(2089858483,0ecaa5967403d082aa24f35e1b516d23)
Start importing Assets/Oculus/Voice/Features/VoiceHub/Scripts/Editor/VoiceSDKHub.cs using Guid(050c329a8c264b9bb8dd4042708376ed) Importer(2089858483,0ecaa5967403d082aa24f35e1b516d23) [PhysX] Initialized MultithreadedTaskDispatcher with 32 workers.
 -> (artifact id: '1c5adada89b74f3776e6d3539a2c702c') in 0.016980 seconds
Number of updated asset objects reloaded before import = 0
Number of asset objects unloaded after import = 1
========================================================================
Received Import Request.
  Time since last request: 0.000218 seconds.
  path: Assets/Oculus/Interaction/Runtime/Scripts/Interaction/Models/Snap/ISnapPoseDelegate.cs
  artifactKey: Guid(6699830888e86054a834cfb1c996c9df) Importer(2089858483,0ecaa5967403d082aa24f35e1b516d23)
Start importing Assets/Oculus/Interaction/Runtime/Scripts/Interaction/Models/Snap/ISnapPoseDelegate.cs using Guid(6699830888e86054a834cfb1c996c9df) Importer(2089858483,0ecaa5967403d082aa24f35e1b516d23) [PhysX] Initialized MultithreadedTaskDispatcher with 32 workers.
 -> (artifact id: 'cf047de20d5cdcd54843e28fc50779c4') in 0.013040 seconds
Number of updated asset objects reloaded before import = 0
Number of asset objects unloaded after import = 1
========================================================================
Received Import Request.
  Time since last request: 0.000024 seconds.
  path: Assets/Oculus/VR/Editor/BuildingBlocks/BlockData/HandTracking/Textures/bb_thumb_handtracking.png
  artifactKey: Guid(d53aa1789d7879a43a2e31d261a304b7) Importer(2089858483,0ecaa5967403d082aa24f35e1b516d23)
Start importing Assets/Oculus/VR/Editor/BuildingBlocks/BlockData/HandTracking/Textures/bb_thumb_handtracking.png using Guid(d53aa1789d7879a43a2e31d261a304b7) Importer(2089858483,0ecaa5967403d082aa24f35e1b516d23) [PhysX] Initialized MultithreadedTaskDispatcher with 32 workers.
 -> (artifact id: 'e73648287e1632e5a3918619c4b0d322') in 0.025007 seconds
Number of updated asset objects reloaded before import = 0
Number of asset objects unloaded after import = 1
========================================================================
Received Import Request.
  Time since last request: 0.000230 seconds.
  path: Assets/Oculus/SampleFramework/Usage/SharedAssets/Skyboxes/Sky_01/Skybox01_Left+X.png
  artifactKey: Guid(2d6e238331f1a403e881deb3adfc097a) Importer(2089858483,0ecaa5967403d082aa24f35e1b516d23)
Start importing Assets/Oculus/SampleFramework/Usage/SharedAssets/Skyboxes/Sky_01/Skybox01_Left+X.png using Guid(2d6e238331f1a403e881deb3adfc097a) Importer(2089858483,0ecaa5967403d082aa24f35e1b516d23) [PhysX] Initialized MultithreadedTaskDispatcher with 32 workers.
 -> (artifact id: '58369c87f8bad777399cbb8280644fdc') in 0.020233 seconds
Number of updated asset objects reloaded before import = 0
Number of asset objects unloaded after import = 1
========================================================================
Received Import Request.
  Time since last request: 0.000022 seconds.
  path: Assets/Oculus/Spatializer/scenes/Standard Assets/Character Controllers/Sources/PrototypeCharacter/Materials/constructor_done.mat
  artifactKey: Guid(ca49380a71a2bb64c830d06bd421b9d1) Importer(2089858483,0ecaa5967403d082aa24f35e1b516d23)
Start importing Assets/Oculus/Spatializer/scenes/Standard Assets/Character Controllers/Sources/PrototypeCharacter/Materials/constructor_done.mat using Guid(ca49380a71a2bb64c830d06bd421b9d1) Importer(2089858483,0ecaa5967403d082aa24f35e1b516d23) [PhysX] Initialized MultithreadedTaskDispatcher with 32 workers.
 -> (artifact id: '07546ede37b2044a052592251838e768') in 0.022495 seconds
Number of updated asset objects reloaded before import = 0
Number of asset objects unloaded after import = 2
========================================================================
Received Import Request.
  Time since last request: 0.000017 seconds.
  path: Assets/Oculus/SampleFramework/Usage/SceneManager/Prefabs/FurniturePrefabs/GenericPrefab.prefab
  artifactKey: Guid(4448d19be5174b04aaffd0f79363db90) Importer(2089858483,0ecaa5967403d082aa24f35e1b516d23)
Start importing Assets/Oculus/SampleFramework/Usage/SceneManager/Prefabs/FurniturePrefabs/GenericPrefab.prefab using Guid(4448d19be5174b04aaffd0f79363db90) Importer(2089858483,0ecaa5967403d082aa24f35e1b516d23) [PhysX] Initialized MultithreadedTaskDispatcher with 32 workers.
 -> (artifact id: '82f60701ede83d8a59e39aed2a40cbb4') in 0.022804 seconds
Number of updated asset objects reloaded before import = 0
Number of asset objects unloaded after import = 10
========================================================================
Received Import Request.
  Time since last request: 0.000015 seconds.
  path: Assets/Oculus/Voice/Lib/Wit.ai/Lib/Conduit/Editor/FileIo.cs
  artifactKey: Guid(d239aca707f74b2a8e8c10afc02c40ae) Importer(2089858483,0ecaa5967403d082aa24f35e1b516d23)
Start importing Assets/Oculus/Voice/Lib/Wit.ai/Lib/Conduit/Editor/FileIo.cs using Guid(d239aca707f74b2a8e8c10afc02c40ae) Importer(2089858483,0ecaa5967403d082aa24f35e1b516d23) [PhysX] Initialized MultithreadedTaskDispatcher with 32 workers.
 -> (artifact id: 'd263da41cf617eff52507fd1510de760') in 0.014574 seconds
Number of updated asset objects reloaded before import = 0
Number of asset objects unloaded after import = 1
========================================================================
Received Import Request.
  Time since last request: 0.000138 seconds.
  path: Assets/Oculus/Voice/Lib/Wit.ai/Lib/Conduit/Runtime/AssemblyInfo.cs
  artifactKey: Guid(be470d525c534cf291b00602ef1196c5) Importer(2089858483,0ecaa5967403d082aa24f35e1b516d23)
Start importing Assets/Oculus/Voice/Lib/Wit.ai/Lib/Conduit/Runtime/AssemblyInfo.cs using Guid(be470d525c534cf291b00602ef1196c5) Importer(2089858483,0ecaa5967403d082aa24f35e1b516d23) [PhysX] Initialized MultithreadedTaskDispatcher with 32 workers.
 -> (artifact id: '68e4bc412a610ff053b52b8eacb7ff08') in 0.014834 seconds
Number of updated asset objects reloaded before import = 0
Number of asset objects unloaded after import = 1
========================================================================
Received Import Request.
  Time since last request: 0.000124 seconds.
  path: Assets/Oculus/Voice/Features/VoiceHub/Hub/Pages/Conduit.md
  artifactKey: Guid(d3c7b6411c2a637478c26f92bab6ad4b) Importer(2089858483,0ecaa5967403d082aa24f35e1b516d23)
Start importing Assets/Oculus/Voice/Features/VoiceHub/Hub/Pages/Conduit.md using Guid(d3c7b6411c2a637478c26f92bab6ad4b) Importer(2089858483,0ecaa5967403d082aa24f35e1b516d23) [PhysX] Initialized MultithreadedTaskDispatcher with 32 workers.
 -> (artifact id: '38304e981f125597f19ae097f98c55b3') in 0.013844 seconds
Number of updated asset objects reloaded before import = 0
Number of asset objects unloaded after import = 1
========================================================================
Received Import Request.
  Time since last request: 0.000042 seconds.
  path: Assets/Oculus/Interaction/Samples/Objects/Environment/SmallRoom/Materials/SmallRoomRugMat.mat
  artifactKey: Guid(3a6d0ab7749e563469ec011e460ffac0) Importer(2089858483,0ecaa5967403d082aa24f35e1b516d23)
Start importing Assets/Oculus/Interaction/Samples/Objects/Environment/SmallRoom/Materials/SmallRoomRugMat.mat using Guid(3a6d0ab7749e563469ec011e460ffac0) Importer(2089858483,0ecaa5967403d082aa24f35e1b516d23) [PhysX] Initialized MultithreadedTaskDispatcher with 32 workers.
 -> (artifact id: 'ded95ebd5d0317cc1ffa695169dbdde4') in 0.021656 seconds
Number of updated asset objects reloaded before import = 0
Number of asset objects unloaded after import = 3
========================================================================
Received Import Request.
  Time since last request: 0.000025 seconds.
  path: Assets/Oculus/SampleFramework/Core/HandsInteraction/Scripts/Tools/FingerTipPokeToolView.cs
  artifactKey: Guid(f58463a8ddf862a45a7a5dbd85d11ffd) Importer(2089858483,0ecaa5967403d082aa24f35e1b516d23)
Start importing Assets/Oculus/SampleFramework/Core/HandsInteraction/Scripts/Tools/FingerTipPokeToolView.cs using Guid(f58463a8ddf862a45a7a5dbd85d11ffd) Importer(2089858483,0ecaa5967403d082aa24f35e1b516d23) [PhysX] Initialized MultithreadedTaskDispatcher with 32 workers.
 -> (artifact id: '42133052f97b484cae32b790c5094228') in 0.008021 seconds
Number of updated asset objects reloaded before import = 0
Number of asset objects unloaded after import = 1
========================================================================
Received Import Request.
  Time since last request: 0.000034 seconds.
  path: Assets/Oculus/Interaction/Runtime/Scripts/Interaction/Models/HandGrab/HandGrabInteraction.cs
  artifactKey: Guid(54a0d0559acca5744bafb0dd9a1d9d36) Importer(2089858483,0ecaa5967403d082aa24f35e1b516d23)
Start importing Assets/Oculus/Interaction/Runtime/Scripts/Interaction/Models/HandGrab/HandGrabInteraction.cs using Guid(54a0d0559acca5744bafb0dd9a1d9d36) Importer(2089858483,0ecaa5967403d082aa24f35e1b516d23) [PhysX] Initialized MultithreadedTaskDispatcher with 32 workers.
 -> (artifact id: 'a51cba8f43beb0797d876e715c5b393b') in 0.013529 seconds
Number of updated asset objects reloaded before import = 0
Number of asset objects unloaded after import = 1
========================================================================
Received Import Request.
  Time since last request: 0.000078 seconds.
  path: Assets/Oculus/SampleFramework/Usage/TouchPro/Prefabs/Ui/UiPanelGroupPf.prefab
  artifactKey: Guid(50fdc7791c1824048b0ba560f3bf7e1c) Importer(2089858483,0ecaa5967403d082aa24f35e1b516d23)
Start importing Assets/Oculus/SampleFramework/Usage/TouchPro/Prefabs/Ui/UiPanelGroupPf.prefab using Guid(50fdc7791c1824048b0ba560f3bf7e1c) Importer(2089858483,0ecaa5967403d082aa24f35e1b516d23) [PhysX] Initialized MultithreadedTaskDispatcher with 32 workers.
 -> (artifact id: 'f665074b1ed899fa6dd404e117ea1937') in 0.025936 seconds
Number of updated asset objects reloaded before import = 0
Number of asset objects unloaded after import = 812
========================================================================
Received Import Request.
  Time since last request: 0.000017 seconds.
  path: Assets/Oculus/Interaction/Samples/Objects/Environment/Tooltips/DialogVideos/DialogVideos2.renderTexture
  artifactKey: Guid(f62ca745d9c6bfe46a6d464337da6069) Importer(2089858483,0ecaa5967403d082aa24f35e1b516d23)
Start importing Assets/Oculus/Interaction/Samples/Objects/Environment/Tooltips/DialogVideos/DialogVideos2.renderTexture using Guid(f62ca745d9c6bfe46a6d464337da6069) Importer(2089858483,0ecaa5967403d082aa24f35e1b516d23) [PhysX] Initialized MultithreadedTaskDispatcher with 32 workers.
 -> (artifact id: 'ad5ab52a1382a5bc84497f3f53899e37') in 0.020247 seconds
Number of updated asset objects reloaded before import = 0
Number of asset objects unloaded after import = 1
========================================================================
Received Import Request.
  Time since last request: 0.000134 seconds.
  path: Assets/Oculus/Interaction/Samples/Objects/Props/IconBox/IconBox.prefab
  artifactKey: Guid(08bd653119f9db54fb91155eb09c459a) Importer(2089858483,0ecaa5967403d082aa24f35e1b516d23)
Start importing Assets/Oculus/Interaction/Samples/Objects/Props/IconBox/IconBox.prefab using Guid(08bd653119f9db54fb91155eb09c459a) Importer(2089858483,0ecaa5967403d082aa24f35e1b516d23) [PhysX] Initialized MultithreadedTaskDispatcher with 32 workers.
 -> (artifact id: 'fd8c4eb048595a073f32927a6fcfb75e') in 0.037157 seconds
Number of updated asset objects reloaded before import = 0
Number of asset objects unloaded after import = 43
========================================================================
Received Import Request.
  Time since last request: 0.000015 seconds.
  path: Assets/Oculus/Voice/Lib/Wit.ai/Scripts/Runtime/Interfaces/IAudioInputEvents.cs
  artifactKey: Guid(a4991a6984f5b45ad9d87b19e4181f55) Importer(2089858483,0ecaa5967403d082aa24f35e1b516d23)
Start importing Assets/Oculus/Voice/Lib/Wit.ai/Scripts/Runtime/Interfaces/IAudioInputEvents.cs using Guid(a4991a6984f5b45ad9d87b19e4181f55) Importer(2089858483,0ecaa5967403d082aa24f35e1b516d23) [PhysX] Initialized MultithreadedTaskDispatcher with 32 workers.
 -> (artifact id: 'bb935605bed71748c67d29f11a093ea4') in 0.006079 seconds
Number of updated asset objects reloaded before import = 0
Number of asset objects unloaded after import = 1
========================================================================
Received Import Request.
  Time since last request: 0.000030 seconds.
  path: Assets/Oculus/Interaction/OVRIntegration/Editor/Blocks/Interactors/Prefabs/[BB] Grab Interactor.prefab
  artifactKey: Guid(cd2af620b985a894881abfc004e150ec) Importer(2089858483,0ecaa5967403d082aa24f35e1b516d23)
Start importing Assets/Oculus/Interaction/OVRIntegration/Editor/Blocks/Interactors/Prefabs/[BB] Grab Interactor.prefab using Guid(cd2af620b985a894881abfc004e150ec) Importer(2089858483,0ecaa5967403d082aa24f35e1b516d23) [PhysX] Initialized MultithreadedTaskDispatcher with 32 workers.
 -> (artifact id: '3dbf596166983b18a9d444815fa3fef9') in 0.019388 seconds
Number of updated asset objects reloaded before import = 0
Number of asset objects unloaded after import = 43
========================================================================
Received Import Request.
  Time since last request: 0.000016 seconds.
  path: Assets/Oculus/Interaction/Runtime/Scripts/Interaction/Models/Grab/GrabInteractor.cs
  artifactKey: Guid(acb743c666c1ab34e928a0b62c2fa862) Importer(2089858483,0ecaa5967403d082aa24f35e1b516d23)
Start importing Assets/Oculus/Interaction/Runtime/Scripts/Interaction/Models/Grab/GrabInteractor.cs using Guid(acb743c666c1ab34e928a0b62c2fa862) Importer(2089858483,0ecaa5967403d082aa24f35e1b516d23) [PhysX] Initialized MultithreadedTaskDispatcher with 32 workers.
 -> (artifact id: '89f8c433c9c0e45a1a3eba2c12cfbcea') in 0.010533 seconds
Number of updated asset objects reloaded before import = 0
Number of asset objects unloaded after import = 1
========================================================================
Received Import Request.
  Time since last request: 0.000019 seconds.
  path: Assets/Oculus/Spatializer/scenes/Standard Assets/Character Controllers/Sources/Scripts/MouseLook.cs
  artifactKey: Guid(68ec2fe99d1108b9d0006a298d76c639) Importer(2089858483,0ecaa5967403d082aa24f35e1b516d23)
Start importing Assets/Oculus/Spatializer/scenes/Standard Assets/Character Controllers/Sources/Scripts/MouseLook.cs using Guid(68ec2fe99d1108b9d0006a298d76c639) Importer(2089858483,0ecaa5967403d082aa24f35e1b516d23) [PhysX] Initialized MultithreadedTaskDispatcher with 32 workers.
 -> (artifact id: 'f49b46b34b48754c74c30200551f442b') in 0.008554 seconds
Number of updated asset objects reloaded before import = 0
Number of asset objects unloaded after import = 1
========================================================================
Received Import Request.
  Time since last request: 0.000251 seconds.
  path: Assets/Oculus/SampleFramework/Usage/TouchPro/Prefabs/StylusTip/StylusTipBreadCrumbPf.prefab
  artifactKey: Guid(737cbb352eac8f04d8242de1c303e9fa) Importer(2089858483,0ecaa5967403d082aa24f35e1b516d23)
Start importing Assets/Oculus/SampleFramework/Usage/TouchPro/Prefabs/StylusTip/StylusTipBreadCrumbPf.prefab using Guid(737cbb352eac8f04d8242de1c303e9fa) Importer(2089858483,0ecaa5967403d082aa24f35e1b516d23) [PhysX] Initialized MultithreadedTaskDispatcher with 32 workers.
 -> (artifact id: '890df6a86a3bd718b42235c79aae190a') in 0.017251 seconds
Number of updated asset objects reloaded before import = 0
Number of asset objects unloaded after import = 6
========================================================================
Received Import Request.
  Time since last request: 0.000020 seconds.
  path: Assets/Oculus/SampleFramework/Usage/SharedAssets/Skyboxes/Sky_01/Skybox01_Back-Z.png
  artifactKey: Guid(c3a31c33995374cb6a46e7a0fa5113cb) Importer(2089858483,0ecaa5967403d082aa24f35e1b516d23)
Start importing Assets/Oculus/SampleFramework/Usage/SharedAssets/Skyboxes/Sky_01/Skybox01_Back-Z.png using Guid(c3a31c33995374cb6a46e7a0fa5113cb) Importer(2089858483,0ecaa5967403d082aa24f35e1b516d23) [PhysX] Initialized MultithreadedTaskDispatcher with 32 workers.
 -> (artifact id: '1ed60ebcfb3b14ce6273b00d1292f425') in 0.027737 seconds
Number of updated asset objects reloaded before import = 0
Number of asset objects unloaded after import = 1
========================================================================
Received Import Request.
  Time since last request: 0.000027 seconds.
  path: Assets/Oculus/Voice/Scripts/Runtime/Bindings/Android/VoiceSDKConfigBinding.cs
  artifactKey: Guid(114218fd50f24874adaaf0e91a865d75) Importer(2089858483,0ecaa5967403d082aa24f35e1b516d23)
Start importing Assets/Oculus/Voice/Scripts/Runtime/Bindings/Android/VoiceSDKConfigBinding.cs using Guid(114218fd50f24874adaaf0e91a865d75) Importer(2089858483,0ecaa5967403d082aa24f35e1b516d23) [PhysX] Initialized MultithreadedTaskDispatcher with 32 workers.
 -> (artifact id: '1d860f17a3cbcd4ca174cea639b431b0') in 0.022593 seconds
Number of updated asset objects reloaded before import = 0
Number of asset objects unloaded after import = 1
========================================================================
Received Import Request.
  Time since last request: 0.000173 seconds.
  path: Assets/Oculus/Interaction/Samples/Objects/Environment/Tooltips/DialogVideos/DialogVideos.renderTexture
  artifactKey: Guid(111856c8bcade9a44a279d27230f0203) Importer(2089858483,0ecaa5967403d082aa24f35e1b516d23)
Start importing Assets/Oculus/Interaction/Samples/Objects/Environment/Tooltips/DialogVideos/DialogVideos.renderTexture using Guid(111856c8bcade9a44a279d27230f0203) Importer(2089858483,0ecaa5967403d082aa24f35e1b516d23) [PhysX] Initialized MultithreadedTaskDispatcher with 32 workers.
 -> (artifact id: '91b3d9dfc2012691e47821705c0ddbed') in 0.016939 seconds
Number of updated asset objects reloaded before import = 0
Number of asset objects unloaded after import = 1
========================================================================
Received Import Request.
  Time since last request: 0.000037 seconds.
  path: Assets/Oculus/Interaction/Samples/Objects/Props/StonePolyhedra/StoneOctahedron.prefab
  artifactKey: Guid(63b105a6ee122134295e170669579854) Importer(2089858483,0ecaa5967403d082aa24f35e1b516d23)
Start importing Assets/Oculus/Interaction/Samples/Objects/Props/StonePolyhedra/StoneOctahedron.prefab using Guid(63b105a6ee122134295e170669579854) Importer(2089858483,0ecaa5967403d082aa24f35e1b516d23) [PhysX] Initialized MultithreadedTaskDispatcher with 32 workers.
 -> (artifact id: '369aaba0853962f36a18574025ea6f1a') in 0.079847 seconds
Number of updated asset objects reloaded before import = 0
Number of asset objects unloaded after import = 147
========================================================================
Received Import Request.
  Time since last request: 0.000019 seconds.
  path: Assets/Oculus/Interaction/Samples/Objects/Environment/Locomotion/Models/Materials/LocomotionFloorMat.mat
  artifactKey: Guid(af517cb464bac334f905a338f89ff4e8) Importer(2089858483,0ecaa5967403d082aa24f35e1b516d23)
Start importing Assets/Oculus/Interaction/Samples/Objects/Environment/Locomotion/Models/Materials/LocomotionFloorMat.mat using Guid(af517cb464bac334f905a338f89ff4e8) Importer(2089858483,0ecaa5967403d082aa24f35e1b516d23) [PhysX] Initialized MultithreadedTaskDispatcher with 32 workers.
 -> (artifact id: 'e6257ef860386cc8062688ac1d4d55a8') in 0.017415 seconds
Number of updated asset objects reloaded before import = 0
Number of asset objects unloaded after import = 3
========================================================================
Received Import Request.
  Time since last request: 0.000017 seconds.
  path: Assets/Oculus/Voice/Lib/Wit.ai/Scripts/Runtime/Requests/VoiceServiceRequestResults.cs
  artifactKey: Guid(1888bdd84781aa14d8993f1d9ca09384) Importer(2089858483,0ecaa5967403d082aa24f35e1b516d23)
Start importing Assets/Oculus/Voice/Lib/Wit.ai/Scripts/Runtime/Requests/VoiceServiceRequestResults.cs using Guid(1888bdd84781aa14d8993f1d9ca09384) Importer(2089858483,0ecaa5967403d082aa24f35e1b516d23) [PhysX] Initialized MultithreadedTaskDispatcher with 32 workers.
 -> (artifact id: 'dbf53c5e0c4c9534bbedca018c38d5e4') in 0.015122 seconds
Number of updated asset objects reloaded before import = 0
Number of asset objects unloaded after import = 1
========================================================================
Received Import Request.
  Time since last request: 0.000123 seconds.
  path: Assets/Oculus/Interaction/Samples/Objects/Props/Torch/Materials/torchMaterial.mat
  artifactKey: Guid(88f3e02252cf62c41bf2d9f45cc4d551) Importer(2089858483,0ecaa5967403d082aa24f35e1b516d23)
Start importing Assets/Oculus/Interaction/Samples/Objects/Props/Torch/Materials/torchMaterial.mat using Guid(88f3e02252cf62c41bf2d9f45cc4d551) Importer(2089858483,0ecaa5967403d082aa24f35e1b516d23) [PhysX] Initialized MultithreadedTaskDispatcher with 32 workers.
 -> (artifact id: '5db96a2cf0e30e4628be13b6f2ed794f') in 0.028022 seconds
Number of updated asset objects reloaded before import = 0
Number of asset objects unloaded after import = 3
========================================================================
Received Import Request.
  Time since last request: 0.000116 seconds.
  path: Assets/Oculus/Voice/Features/Hub/Scripts/Editor/Inspectors/SamplesPageInspector.cs
  artifactKey: Guid(d28e3c645082479ea5149b09828c745c) Importer(2089858483,0ecaa5967403d082aa24f35e1b516d23)
Start importing Assets/Oculus/Voice/Features/Hub/Scripts/Editor/Inspectors/SamplesPageInspector.cs using Guid(d28e3c645082479ea5149b09828c745c) Importer(2089858483,0ecaa5967403d082aa24f35e1b516d23) [PhysX] Initialized MultithreadedTaskDispatcher with 32 workers.
 -> (artifact id: 'bd79e039ec559834c8193a1345cf553c') in 0.014576 seconds
Number of updated asset objects reloaded before import = 0
Number of asset objects unloaded after import = 1
========================================================================
Received Import Request.
  Time since last request: 0.000091 seconds.
  path: Assets/Oculus/Voice/Features/Hub/Scripts/Runtime/Interfaces/IMetaHubPage.cs
  artifactKey: Guid(816e6d4cdf174cf1981d648ac98b115c) Importer(2089858483,0ecaa5967403d082aa24f35e1b516d23)
Start importing Assets/Oculus/Voice/Features/Hub/Scripts/Runtime/Interfaces/IMetaHubPage.cs using Guid(816e6d4cdf174cf1981d648ac98b115c) Importer(2089858483,0ecaa5967403d082aa24f35e1b516d23) [PhysX] Initialized MultithreadedTaskDispatcher with 32 workers.
 -> (artifact id: '957c032e04be04830658b60dff6e59a3') in 0.011488 seconds
Number of updated asset objects reloaded before import = 0
Number of asset objects unloaded after import = 1
========================================================================
Received Import Request.
  Time since last request: 0.000017 seconds.
  path: Assets/Oculus/SampleFramework/Usage/DistanceGrab/Prefabs/OutlineItems/DistanceGrabBillardBall10Pf.prefab
  artifactKey: Guid(6163b6f161e808a42b2cd59a7ed32c34) Importer(2089858483,0ecaa5967403d082aa24f35e1b516d23)
Start importing Assets/Oculus/SampleFramework/Usage/DistanceGrab/Prefabs/OutlineItems/DistanceGrabBillardBall10Pf.prefab using Guid(6163b6f161e808a42b2cd59a7ed32c34) Importer(2089858483,0ecaa5967403d082aa24f35e1b516d23) [PhysX] Initialized MultithreadedTaskDispatcher with 32 workers.
 -> (artifact id: '4a559e488b7a5038dc3d6896bc3c268d') in 0.024703 seconds
Number of updated asset objects reloaded before import = 0
Number of asset objects unloaded after import = 11
========================================================================
Received Import Request.
  Time since last request: 0.000018 seconds.
  path: Assets/Oculus/Interaction/Samples/Objects/Environment/Tooltips/DialogVideos/Instruction_TouchGrab.mp4
  artifactKey: Guid(048e32cae8e80b247835e0fe39b2898b) Importer(2089858483,0ecaa5967403d082aa24f35e1b516d23)
Start importing Assets/Oculus/Interaction/Samples/Objects/Environment/Tooltips/DialogVideos/Instruction_TouchGrab.mp4 using Guid(048e32cae8e80b247835e0fe39b2898b) Importer(2089858483,0ecaa5967403d082aa24f35e1b516d23) [PhysX] Initialized MultithreadedTaskDispatcher with 32 workers.
 -> (artifact id: '405bc42cef9b33a953827dd695efadff') in 0.013289 seconds
Number of updated asset objects reloaded before import = 0
Number of asset objects unloaded after import = 1
========================================================================
Received Import Request.
  Time since last request: 0.000022 seconds.
  path: Assets/Oculus/Interaction/Samples/Objects/Props/ChessPiece/Materials/ChessPieceMaterial.mat
  artifactKey: Guid(1ca71802d51bae64a8033f42a2b05713) Importer(2089858483,0ecaa5967403d082aa24f35e1b516d23)
Start importing Assets/Oculus/Interaction/Samples/Objects/Props/ChessPiece/Materials/ChessPieceMaterial.mat using Guid(1ca71802d51bae64a8033f42a2b05713) Importer(2089858483,0ecaa5967403d082aa24f35e1b516d23) [PhysX] Initialized MultithreadedTaskDispatcher with 32 workers.
 -> (artifact id: 'fc4c0f31dc6dd046d1055876dd81b547') in 0.025395 seconds
Number of updated asset objects reloaded before import = 0
Number of asset objects unloaded after import = 2
========================================================================
Received Import Request.
  Time since last request: 0.000176 seconds.
  path: Assets/Oculus/Voice/Lib/Wit.ai/Scripts/Runtime/Events/EventRegistry.cs
  artifactKey: Guid(bb347bc947a144a4895c273b88f7baff) Importer(2089858483,0ecaa5967403d082aa24f35e1b516d23)
Start importing Assets/Oculus/Voice/Lib/Wit.ai/Scripts/Runtime/Events/EventRegistry.cs using Guid(bb347bc947a144a4895c273b88f7baff) Importer(2089858483,0ecaa5967403d082aa24f35e1b516d23) [PhysX] Initialized MultithreadedTaskDispatcher with 32 workers.
 -> (artifact id: 'c846ded78e2b8653424a7bd399ff56c4') in 0.009055 seconds
Number of updated asset objects reloaded before import = 0
Number of asset objects unloaded after import = 1
========================================================================
Received Import Request.
  Time since last request: 0.000048 seconds.
  path: Assets/Oculus/Interaction/Runtime/Scripts/Interaction/Models/HandGrab/HandGrabTarget.cs
  artifactKey: Guid(3abe3ff74adb27a44a07a06780b1edb2) Importer(2089858483,0ecaa5967403d082aa24f35e1b516d23)
Start importing Assets/Oculus/Interaction/Runtime/Scripts/Interaction/Models/HandGrab/HandGrabTarget.cs using Guid(3abe3ff74adb27a44a07a06780b1edb2) Importer(2089858483,0ecaa5967403d082aa24f35e1b516d23) [PhysX] Initialized MultithreadedTaskDispatcher with 32 workers.
 -> (artifact id: 'b2de96afc80971388cf7497f46e3e081') in 0.013994 seconds
Number of updated asset objects reloaded before import = 0
Number of asset objects unloaded after import = 1
========================================================================
Received Import Request.
  Time since last request: 0.000135 seconds.
  path: Assets/Oculus/Interaction/Samples/Objects/Props/Box/Materials/BoxMat.fbx
  artifactKey: Guid(6875b23b07de548a7be1538361ed683b) Importer(2089858483,0ecaa5967403d082aa24f35e1b516d23)
Start importing Assets/Oculus/Interaction/Samples/Objects/Props/Box/Materials/BoxMat.fbx using Guid(6875b23b07de548a7be1538361ed683b) Importer(2089858483,0ecaa5967403d082aa24f35e1b516d23) [PhysX] Initialized MultithreadedTaskDispatcher with 32 workers.
 -> (artifact id: '51e9bb425c454704c6690645be64c796') in 0.025049 seconds
Number of updated asset objects reloaded before import = 0
Number of asset objects unloaded after import = 10
========================================================================
Received Import Request.
  Time since last request: 0.000016 seconds.
  path: Assets/Oculus/Voice/Lib/Wit.ai/Features/TTS/Scripts/Editor/TTSWitInspector.cs
  artifactKey: Guid(2f6696f09b6647cda45870d07c064cab) Importer(2089858483,0ecaa5967403d082aa24f35e1b516d23)
Start importing Assets/Oculus/Voice/Lib/Wit.ai/Features/TTS/Scripts/Editor/TTSWitInspector.cs using Guid(2f6696f09b6647cda45870d07c064cab) Importer(2089858483,0ecaa5967403d082aa24f35e1b516d23) [PhysX] Initialized MultithreadedTaskDispatcher with 32 workers.
 -> (artifact id: 'a109e65879703ffaf3a86157990fa1d6') in 0.017181 seconds
Number of updated asset objects reloaded before import = 0
Number of asset objects unloaded after import = 1
========================================================================
Received Import Request.
  Time since last request: 0.000089 seconds.
  path: Assets/Oculus/Voice/Lib/Wit.ai/Scripts/Runtime/Events/UnityEventListeners/TranscriptionEventListener.cs
  artifactKey: Guid(d4753c88442c94393b915563ef1b41cf) Importer(2089858483,0ecaa5967403d082aa24f35e1b516d23)
Start importing Assets/Oculus/Voice/Lib/Wit.ai/Scripts/Runtime/Events/UnityEventListeners/TranscriptionEventListener.cs using Guid(d4753c88442c94393b915563ef1b41cf) Importer(2089858483,0ecaa5967403d082aa24f35e1b516d23) [PhysX] Initialized MultithreadedTaskDispatcher with 32 workers.
 -> (artifact id: 'e56423178a74af885bf49d4067e43bf8') in 0.014824 seconds
Number of updated asset objects reloaded before import = 0
Number of asset objects unloaded after import = 1
========================================================================
Received Import Request.
  Time since last request: 0.000038 seconds.
  path: Assets/Oculus/Voice/Lib/Wit.ai/Features/TTS/Scripts/Runtime/TTSService.cs
  artifactKey: Guid(f18e4991da1755f4cbb87c883f205186) Importer(2089858483,0ecaa5967403d082aa24f35e1b516d23)
Start importing Assets/Oculus/Voice/Lib/Wit.ai/Features/TTS/Scripts/Runtime/TTSService.cs using Guid(f18e4991da1755f4cbb87c883f205186) Importer(2089858483,0ecaa5967403d082aa24f35e1b516d23) [PhysX] Initialized MultithreadedTaskDispatcher with 32 workers.
 -> (artifact id: '7d8d1c1ada48bc1909654c068e0aaf9f') in 0.011418 seconds
Number of updated asset objects reloaded before import = 0
Number of asset objects unloaded after import = 1
========================================================================
Received Import Request.
  Time since last request: 0.000078 seconds.
  path: Assets/Oculus/Voice/Lib/Wit.ai/Lib/Wit/Runtime/Data/Info/WitEntityInfo.cs
  artifactKey: Guid(cd368515d5c02434b9c9e94b1e0ac94f) Importer(2089858483,0ecaa5967403d082aa24f35e1b516d23)
Start importing Assets/Oculus/Voice/Lib/Wit.ai/Lib/Wit/Runtime/Data/Info/WitEntityInfo.cs using Guid(cd368515d5c02434b9c9e94b1e0ac94f) Importer(2089858483,0ecaa5967403d082aa24f35e1b516d23) [PhysX] Initialized MultithreadedTaskDispatcher with 32 workers.
 -> (artifact id: '7c745010b0325c0ab3cae383fa35fccb') in 0.010189 seconds
Number of updated asset objects reloaded before import = 0
Number of asset objects unloaded after import = 1
========================================================================
Received Import Request.
  Time since last request: 0.000065 seconds.
  path: Assets/Oculus/Voice/Lib/Wit.ai/Features/TTS/Scripts/Runtime/Data/TTSVoiceSettings.cs
  artifactKey: Guid(5dbbd0a6d06807d4f8a3190785a267f4) Importer(2089858483,0ecaa5967403d082aa24f35e1b516d23)
Start importing Assets/Oculus/Voice/Lib/Wit.ai/Features/TTS/Scripts/Runtime/Data/TTSVoiceSettings.cs using Guid(5dbbd0a6d06807d4f8a3190785a267f4) Importer(2089858483,0ecaa5967403d082aa24f35e1b516d23) [PhysX] Initialized MultithreadedTaskDispatcher with 32 workers.
 -> (artifact id: '6257cc32c459d1cc3717d4d4b7d0c743') in 0.015652 seconds
Number of updated asset objects reloaded before import = 0
Number of asset objects unloaded after import = 1
========================================================================
Received Import Request.
  Time since last request: 0.000069 seconds.
  path: Assets/Oculus/Voice/Lib/Wit.ai/Lib/Wit/Runtime/Requests/NLP/INLPTextRequest.cs
  artifactKey: Guid(866c73d63712e2b4d9d567d1f6775ee4) Importer(2089858483,0ecaa5967403d082aa24f35e1b516d23)
Start importing Assets/Oculus/Voice/Lib/Wit.ai/Lib/Wit/Runtime/Requests/NLP/INLPTextRequest.cs using Guid(866c73d63712e2b4d9d567d1f6775ee4) Importer(2089858483,0ecaa5967403d082aa24f35e1b516d23) [PhysX] Initialized MultithreadedTaskDispatcher with 32 workers.
 -> (artifact id: '4152789db655a4d4e3a3f8d2887db00c') in 0.015244 seconds
Number of updated asset objects reloaded before import = 0
Number of asset objects unloaded after import = 1
========================================================================
Received Import Request.
  Time since last request: 0.000078 seconds.
  path: Assets/Oculus/Voice/Lib/Wit.ai/Scripts/Runtime/Lib/Mic/Common/Meta.VoiceSDK.Mic.Common.asmdef
  artifactKey: Guid(92a2c14febc027049bf15fe8da646123) Importer(2089858483,0ecaa5967403d082aa24f35e1b516d23)
Start importing Assets/Oculus/Voice/Lib/Wit.ai/Scripts/Runtime/Lib/Mic/Common/Meta.VoiceSDK.Mic.Common.asmdef using Guid(92a2c14febc027049bf15fe8da646123) Importer(2089858483,0ecaa5967403d082aa24f35e1b516d23) [PhysX] Initialized MultithreadedTaskDispatcher with 32 workers.
 -> (artifact id: 'c47560fc155800b2181903ac520434a7') in 0.013685 seconds
Number of updated asset objects reloaded before import = 0
Number of asset objects unloaded after import = 1
========================================================================
Received Import Request.
  Time since last request: 0.000068 seconds.
  path: Assets/Oculus/Voice/Lib/Wit.ai/Scripts/Runtime/Data/Entities/DynamicEntityDataProvider.cs
  artifactKey: Guid(4b4e835dcc764fee99862c3c535ab5fa) Importer(2089858483,0ecaa5967403d082aa24f35e1b516d23)
Start importing Assets/Oculus/Voice/Lib/Wit.ai/Scripts/Runtime/Data/Entities/DynamicEntityDataProvider.cs using Guid(4b4e835dcc764fee99862c3c535ab5fa) Importer(2089858483,0ecaa5967403d082aa24f35e1b516d23) [PhysX] Initialized MultithreadedTaskDispatcher with 32 workers.
 -> (artifact id: 'a3571236dc21e55f854efc52ddea7cba') in 0.012929 seconds
Number of updated asset objects reloaded before import = 0
Number of asset objects unloaded after import = 1
========================================================================
Received Import Request.
  Time since last request: 0.000016 seconds.
  path: Assets/Oculus/Voice/Lib/Wit.ai/Lib/Wit/Runtime/Requests/UnityRequests/WitMessageVRequest.cs
  artifactKey: Guid(98b465745519f504888c717bbafb1ddf) Importer(2089858483,0ecaa5967403d082aa24f35e1b516d23)
Start importing Assets/Oculus/Voice/Lib/Wit.ai/Lib/Wit/Runtime/Requests/UnityRequests/WitMessageVRequest.cs using Guid(98b465745519f504888c717bbafb1ddf) Importer(2089858483,0ecaa5967403d082aa24f35e1b516d23) [PhysX] Initialized MultithreadedTaskDispatcher with 32 workers.
 -> (artifact id: '5975977496597a4cf153e3a9e7b9e129') in 0.014717 seconds
Number of updated asset objects reloaded before import = 0
Number of asset objects unloaded after import = 1
========================================================================
Received Import Request.
  Time since last request: 0.000175 seconds.
  path: Assets/Oculus/Interaction/Runtime/Scripts/Interaction/Models/Locomotion/Teleport/Visuals/TeleportReticleDrawer.cs
  artifactKey: Guid(3f372cf1215ef50499f9b9d82e05831a) Importer(2089858483,0ecaa5967403d082aa24f35e1b516d23)
Start importing Assets/Oculus/Interaction/Runtime/Scripts/Interaction/Models/Locomotion/Teleport/Visuals/TeleportReticleDrawer.cs using Guid(3f372cf1215ef50499f9b9d82e05831a) Importer(2089858483,0ecaa5967403d082aa24f35e1b516d23) [PhysX] Initialized MultithreadedTaskDispatcher with 32 workers.
 -> (artifact id: 'c601b70d41acf5711ad676c723c63969') in 0.016819 seconds
Number of updated asset objects reloaded before import = 0
Number of asset objects unloaded after import = 1
========================================================================
Received Import Request.
  Time since last request: 0.000016 seconds.
  path: Assets/Oculus/Voice/Lib/Wit.ai/Lib/Conduit/Runtime/Data/Manifest.cs
  artifactKey: Guid(2a055042a4a73484bae8e97b47ef15d6) Importer(2089858483,0ecaa5967403d082aa24f35e1b516d23)
Start importing Assets/Oculus/Voice/Lib/Wit.ai/Lib/Conduit/Runtime/Data/Manifest.cs using Guid(2a055042a4a73484bae8e97b47ef15d6) Importer(2089858483,0ecaa5967403d082aa24f35e1b516d23) [PhysX] Initialized MultithreadedTaskDispatcher with 32 workers.
 -> (artifact id: '16dc6f3862d2f274f54572a4c2c4abad') in 0.014272 seconds
Number of updated asset objects reloaded before import = 0
Number of asset objects unloaded after import = 1
========================================================================
Received Import Request.
  Time since last request: 0.000017 seconds.
  path: Assets/Oculus/Voice/Lib/Wit.ai/Features/TTS/Scripts/Runtime/Events/TTSWebRequestEvents.cs
  artifactKey: Guid(59d937d620dd3ea45abde93fe056c240) Importer(2089858483,0ecaa5967403d082aa24f35e1b516d23)
Start importing Assets/Oculus/Voice/Lib/Wit.ai/Features/TTS/Scripts/Runtime/Events/TTSWebRequestEvents.cs using Guid(59d937d620dd3ea45abde93fe056c240) Importer(2089858483,0ecaa5967403d082aa24f35e1b516d23) [PhysX] Initialized MultithreadedTaskDispatcher with 32 workers.
 -> (artifact id: 'be5ea3b0a0133c42a8a0498f7698a03a') in 0.011661 seconds
Number of updated asset objects reloaded before import = 0
Number of asset objects unloaded after import = 1
========================================================================
Received Import Request.
  Time since last request: 0.000191 seconds.
  path: Assets/Oculus/Voice/Lib/Wit.ai/Lib/Conduit/Editor/Training/KeywordsDelta.cs
  artifactKey: Guid(59244493b3074e128bc55157264df6ab) Importer(2089858483,0ecaa5967403d082aa24f35e1b516d23)
Start importing Assets/Oculus/Voice/Lib/Wit.ai/Lib/Conduit/Editor/Training/KeywordsDelta.cs using Guid(59244493b3074e128bc55157264df6ab) Importer(2089858483,0ecaa5967403d082aa24f35e1b516d23) [PhysX] Initialized MultithreadedTaskDispatcher with 32 workers.
 -> (artifact id: 'da8d33bdd22f89a385b085fdc5289c48') in 0.010499 seconds
Number of updated asset objects reloaded before import = 0
Number of asset objects unloaded after import = 1
========================================================================
Received Import Request.
  Time since last request: 0.000015 seconds.
  path: Assets/Oculus/Voice/Lib/Wit.ai/Scripts/Runtime/Wit.cs
  artifactKey: Guid(89cc923dc7c7b4f0b91a7df096c80b00) Importer(2089858483,0ecaa5967403d082aa24f35e1b516d23)
Start importing Assets/Oculus/Voice/Lib/Wit.ai/Scripts/Runtime/Wit.cs using Guid(89cc923dc7c7b4f0b91a7df096c80b00) Importer(2089858483,0ecaa5967403d082aa24f35e1b516d23) [PhysX] Initialized MultithreadedTaskDispatcher with 32 workers.
 -> (artifact id: '2ab6626d3407d8ac08df93c3966f5091') in 0.007752 seconds
Number of updated asset objects reloaded before import = 0
Number of asset objects unloaded after import = 1
========================================================================
Received Import Request.
  Time since last request: 0.000116 seconds.
  path: Assets/Oculus/Voice/Lib/Wit.ai/Scripts/Runtime/Settings/WitSettings.cs
  artifactKey: Guid(5a695d15581a2024cac6928977c6fb3b) Importer(2089858483,0ecaa5967403d082aa24f35e1b516d23)
Start importing Assets/Oculus/Voice/Lib/Wit.ai/Scripts/Runtime/Settings/WitSettings.cs using Guid(5a695d15581a2024cac6928977c6fb3b) Importer(2089858483,0ecaa5967403d082aa24f35e1b516d23) [PhysX] Initialized MultithreadedTaskDispatcher with 32 workers.
 -> (artifact id: 'da492502f36df85b77c5ce0c46f52ec8') in 0.010779 seconds
Number of updated asset objects reloaded before import = 0
Number of asset objects unloaded after import = 1
========================================================================
Received Import Request.
  Time since last request: 0.000017 seconds.
  path: Assets/Oculus/VR/Editor/BuildingBlocks/BlockData/EyeGaze/bb_data_eyegaze.asset
  artifactKey: Guid(bb4c0ea9ba5f6dd439fcd251d8c8d449) Importer(2089858483,0ecaa5967403d082aa24f35e1b516d23)
Start importing Assets/Oculus/VR/Editor/BuildingBlocks/BlockData/EyeGaze/bb_data_eyegaze.asset using Guid(bb4c0ea9ba5f6dd439fcd251d8c8d449) Importer(2089858483,0ecaa5967403d082aa24f35e1b516d23) [PhysX] Initialized MultithreadedTaskDispatcher with 32 workers.
 -> (artifact id: '8489ebd1ef1362852dd3ae1b489ffeef') in 0.013511 seconds
Number of updated asset objects reloaded before import = 0
Number of asset objects unloaded after import = 6
========================================================================
Received Import Request.
  Time since last request: 0.000020 seconds.
  path: Assets/Oculus/Interaction/Samples/Objects/Props/BigRedButton/Models/BigRedButton.fbx
  artifactKey: Guid(4f056151902f3214fb1294871c8c9718) Importer(2089858483,0ecaa5967403d082aa24f35e1b516d23)
Start importing Assets/Oculus/Interaction/Samples/Objects/Props/BigRedButton/Models/BigRedButton.fbx using Guid(4f056151902f3214fb1294871c8c9718) Importer(2089858483,0ecaa5967403d082aa24f35e1b516d23) [PhysX] Initialized MultithreadedTaskDispatcher with 32 workers.
 -> (artifact id: '5adb98899871784db2d0c8306d608b2f') in 0.019820 seconds
Number of updated asset objects reloaded before import = 0
Number of asset objects unloaded after import = 19
========================================================================
Received Import Request.
  Time since last request: 0.000018 seconds.
  path: Assets/Oculus/Interaction/Runtime/Scripts/Interaction/Models/Poke/PokeInteractable.cs
  artifactKey: Guid(317e663e2bb60ea408fe22b908b59295) Importer(2089858483,0ecaa5967403d082aa24f35e1b516d23)
Start importing Assets/Oculus/Interaction/Runtime/Scripts/Interaction/Models/Poke/PokeInteractable.cs using Guid(317e663e2bb60ea408fe22b908b59295) Importer(2089858483,0ecaa5967403d082aa24f35e1b516d23) [PhysX] Initialized MultithreadedTaskDispatcher with 32 workers.
 -> (artifact id: '8939946c7fcba14bd7c569dfa254e793') in 0.008680 seconds
Number of updated asset objects reloaded before import = 0
Number of asset objects unloaded after import = 1
========================================================================
Received Import Request.
  Time since last request: 0.000058 seconds.
  path: Assets/Oculus/Voice/Lib/Wit.ai/Lib/Conduit/Editor/ManifestGenerator.cs
  artifactKey: Guid(3f5fec4cff960d649b987f8236ae0c12) Importer(2089858483,0ecaa5967403d082aa24f35e1b516d23)
Start importing Assets/Oculus/Voice/Lib/Wit.ai/Lib/Conduit/Editor/ManifestGenerator.cs using Guid(3f5fec4cff960d649b987f8236ae0c12) Importer(2089858483,0ecaa5967403d082aa24f35e1b516d23) [PhysX] Initialized MultithreadedTaskDispatcher with 32 workers.
 -> (artifact id: '7b86d0aa559c301a6e69983fc76a5dfe') in 0.013219 seconds
Number of updated asset objects reloaded before import = 0
Number of asset objects unloaded after import = 1
========================================================================
Received Import Request.
  Time since last request: 0.000036 seconds.
  path: Assets/Oculus/Interaction/Samples/Objects/Props/Torch/Textures/torchTexture_Albedo.png
  artifactKey: Guid(556db76eed328a140ab90ca35c835f01) Importer(2089858483,0ecaa5967403d082aa24f35e1b516d23)
Start importing Assets/Oculus/Interaction/Samples/Objects/Props/Torch/Textures/torchTexture_Albedo.png using Guid(556db76eed328a140ab90ca35c835f01) Importer(2089858483,0ecaa5967403d082aa24f35e1b516d23) [PhysX] Initialized MultithreadedTaskDispatcher with 32 workers.
 -> (artifact id: '078e44628a01870c79da7cbc087492fa') in 0.017256 seconds
Number of updated asset objects reloaded before import = 0
Number of asset objects unloaded after import = 1
========================================================================
Received Import Request.
  Time since last request: 0.000127 seconds.
  path: Assets/Oculus/Interaction/OVRIntegration/Editor/Blocks/SyntheticHands/Prefabs/[BB] Left Hand Synthetic.prefab
  artifactKey: Guid(81b0c6f02d961984eb074b9834c049ae) Importer(2089858483,0ecaa5967403d082aa24f35e1b516d23)
Start importing Assets/Oculus/Interaction/OVRIntegration/Editor/Blocks/SyntheticHands/Prefabs/[BB] Left Hand Synthetic.prefab using Guid(81b0c6f02d961984eb074b9834c049ae) Importer(2089858483,0ecaa5967403d082aa24f35e1b516d23) [PhysX] Initialized MultithreadedTaskDispatcher with 32 workers.
 -> (artifact id: 'adf0752226787c78bd5a0bc1f9ec6fd3') in 0.016219 seconds
Number of updated asset objects reloaded before import = 0
Number of asset objects unloaded after import = 172
========================================================================
Received Import Request.
  Time since last request: 0.000020 seconds.
  path: Assets/Oculus/Interaction/OVRIntegration/Runtime/Prefabs/DistanceHandGrab/Reticles/OVRRightHandReticle.prefab
  artifactKey: Guid(9fa0825d6b962924e8124b0b7d0595f8) Importer(2089858483,0ecaa5967403d082aa24f35e1b516d23)
Start importing Assets/Oculus/Interaction/OVRIntegration/Runtime/Prefabs/DistanceHandGrab/Reticles/OVRRightHandReticle.prefab using Guid(9fa0825d6b962924e8124b0b7d0595f8) Importer(2089858483,0ecaa5967403d082aa24f35e1b516d23) [PhysX] Initialized MultithreadedTaskDispatcher with 32 workers.
 -> (artifact id: '1611d07202045dd499937cc83e950eb0') in 0.022947 seconds
Number of updated asset objects reloaded before import = 0
Number of asset objects unloaded after import = 176
========================================================================
Received Import Request.
  Time since last request: 0.000016 seconds.
  path: Assets/Oculus/Interaction/OVRIntegration/Editor/Blocks/Interactors/Prefabs/[BB] Hand Poke.prefab
  artifactKey: Guid(62a3c5a0973fc4f48a1039ab80b76232) Importer(2089858483,0ecaa5967403d082aa24f35e1b516d23)
Start importing Assets/Oculus/Interaction/OVRIntegration/Editor/Blocks/Interactors/Prefabs/[BB] Hand Poke.prefab using Guid(62a3c5a0973fc4f48a1039ab80b76232) Importer(2089858483,0ecaa5967403d082aa24f35e1b516d23) [PhysX] Initialized MultithreadedTaskDispatcher with 32 workers.
 -> (artifact id: '71c30135ebbdc628f5a1be9039c7a227') in 0.017570 seconds
Number of updated asset objects reloaded before import = 0
Number of asset objects unloaded after import = 18
========================================================================
Received Import Request.
  Time since last request: 0.000017 seconds.
  path: Assets/Oculus/Interaction/Runtime/Scripts/Interaction/Models/DistanceHandGrab/DistanceHandGrabInteractor.cs
  artifactKey: Guid(635f432b0b5a8c44992364202b2f5d5b) Importer(2089858483,0ecaa5967403d082aa24f35e1b516d23)
Start importing Assets/Oculus/Interaction/Runtime/Scripts/Interaction/Models/DistanceHandGrab/DistanceHandGrabInteractor.cs using Guid(635f432b0b5a8c44992364202b2f5d5b) Importer(2089858483,0ecaa5967403d082aa24f35e1b516d23) [PhysX] Initialized MultithreadedTaskDispatcher with 32 workers.
 -> (artifact id: '59183ca8f895597ba1e2fe50ff7609a9') in 0.010076 seconds
Number of updated asset objects reloaded before import = 0
Number of asset objects unloaded after import = 1
========================================================================
Received Import Request.
  Time since last request: 0.000070 seconds.
  path: Assets/Oculus/Interaction/Samples/Objects/Environment/Screen/Models/ScreenMesh.fbx
  artifactKey: Guid(5dd40ba251cb98747a696b72bc347fe9) Importer(2089858483,0ecaa5967403d082aa24f35e1b516d23)
Start importing Assets/Oculus/Interaction/Samples/Objects/Environment/Screen/Models/ScreenMesh.fbx using Guid(5dd40ba251cb98747a696b72bc347fe9) Importer(2089858483,0ecaa5967403d082aa24f35e1b516d23) [PhysX] Initialized MultithreadedTaskDispatcher with 32 workers.
 -> (artifact id: '5a4707181410c028135e7c85e2f1fb4d') in 0.022760 seconds
Number of updated asset objects reloaded before import = 0
Number of asset objects unloaded after import = 8
========================================================================
Received Import Request.
  Time since last request: 0.000022 seconds.
  path: Assets/Oculus/Interaction/Runtime/Scripts/Interaction/Models/Locomotion/Teleport/Visuals/ReticleDataTeleport.cs
  artifactKey: Guid(5e617737c781e534eb8e2c4ace64b133) Importer(2089858483,0ecaa5967403d082aa24f35e1b516d23)
Start importing Assets/Oculus/Interaction/Runtime/Scripts/Interaction/Models/Locomotion/Teleport/Visuals/ReticleDataTeleport.cs using Guid(5e617737c781e534eb8e2c4ace64b133) Importer(2089858483,0ecaa5967403d082aa24f35e1b516d23) [PhysX] Initialized MultithreadedTaskDispatcher with 32 workers.
 -> (artifact id: '0560f7f7216ab7b3888867279a1b254b') in 0.011073 seconds
Number of updated asset objects reloaded before import = 0
Number of asset objects unloaded after import = 1
========================================================================
Received Import Request.
  Time since last request: 0.000052 seconds.
  path: Assets/Oculus/Interaction/Samples/Objects/Props/ToyBox/ToyBoxes_AlbedoRoughness.tga
  artifactKey: Guid(0345fa7493edf4c4c8caa553737fa198) Importer(2089858483,0ecaa5967403d082aa24f35e1b516d23)
Start importing Assets/Oculus/Interaction/Samples/Objects/Props/ToyBox/ToyBoxes_AlbedoRoughness.tga using Guid(0345fa7493edf4c4c8caa553737fa198) Importer(2089858483,0ecaa5967403d082aa24f35e1b516d23) [PhysX] Initialized MultithreadedTaskDispatcher with 32 workers.
 -> (artifact id: '541e35c5d3f9473ae904d354cf73b112') in 0.018072 seconds
Number of updated asset objects reloaded before import = 0
Number of asset objects unloaded after import = 1
========================================================================
Received Import Request.
  Time since last request: 0.000078 seconds.
  path: Assets/Oculus/Voice/Lib/Wit.ai/Scripts/Editor/Windows/PropertyDrawers/WitVoiceInfoPropertyDrawer.cs
  artifactKey: Guid(0a7a004ba58791f498c8b7033b511e4b) Importer(2089858483,0ecaa5967403d082aa24f35e1b516d23)
Start importing Assets/Oculus/Voice/Lib/Wit.ai/Scripts/Editor/Windows/PropertyDrawers/WitVoiceInfoPropertyDrawer.cs using Guid(0a7a004ba58791f498c8b7033b511e4b) Importer(2089858483,0ecaa5967403d082aa24f35e1b516d23) [PhysX] Initialized MultithreadedTaskDispatcher with 32 workers.
 -> (artifact id: '66543cf03d44c4f56504639e8dfd97da') in 0.016674 seconds
Number of updated asset objects reloaded before import = 0
Number of asset objects unloaded after import = 1
========================================================================
Received Import Request.
  Time since last request: 0.000109 seconds.
  path: Assets/Oculus/Interaction/OVRIntegration/Editor/Blocks/HandTracking/Scripts/OVRInteractionHandTrackingBlockData.cs
  artifactKey: Guid(6c4826b5532d66e4db4bdf87d3e73a7d) Importer(2089858483,0ecaa5967403d082aa24f35e1b516d23)
Start importing Assets/Oculus/Interaction/OVRIntegration/Editor/Blocks/HandTracking/Scripts/OVRInteractionHandTrackingBlockData.cs using Guid(6c4826b5532d66e4db4bdf87d3e73a7d) Importer(2089858483,0ecaa5967403d082aa24f35e1b516d23) [PhysX] Initialized MultithreadedTaskDispatcher with 32 workers.
 -> (artifact id: 'a827bc1cf358f6a1bfa09ad049844c3d') in 0.013350 seconds
Number of updated asset objects reloaded before import = 0
Number of asset objects unloaded after import = 1
========================================================================
Received Import Request.
  Time since last request: 0.000166 seconds.
  path: Assets/Oculus/Voice/Lib/Wit.ai/Features/Dictation/Scripts/Runtime/Dictation/ServiceReferences/DictationServiceReference.cs
  artifactKey: Guid(a487e94faee3e430989a08cd6d770e3d) Importer(2089858483,0ecaa5967403d082aa24f35e1b516d23)
Start importing Assets/Oculus/Voice/Lib/Wit.ai/Features/Dictation/Scripts/Runtime/Dictation/ServiceReferences/DictationServiceReference.cs using Guid(a487e94faee3e430989a08cd6d770e3d) Importer(2089858483,0ecaa5967403d082aa24f35e1b516d23) [PhysX] Initialized MultithreadedTaskDispatcher with 32 workers.
 -> (artifact id: '8615ccfa398ef8822a9430a5ef624db1') in 0.012818 seconds
Number of updated asset objects reloaded before import = 0
Number of asset objects unloaded after import = 1
========================================================================
Received Import Request.
  Time since last request: 0.000084 seconds.
  path: Assets/Oculus/SampleFramework/Core/HandsInteraction/Scripts/Tools/RayTool.cs
  artifactKey: Guid(e5a3ef75653a3e84281bf84f8b8575c5) Importer(2089858483,0ecaa5967403d082aa24f35e1b516d23)
Start importing Assets/Oculus/SampleFramework/Core/HandsInteraction/Scripts/Tools/RayTool.cs using Guid(e5a3ef75653a3e84281bf84f8b8575c5) Importer(2089858483,0ecaa5967403d082aa24f35e1b516d23) [PhysX] Initialized MultithreadedTaskDispatcher with 32 workers.
 -> (artifact id: 'ed70cd423824b07f027b06adc1cbbde7') in 0.015024 seconds
Number of updated asset objects reloaded before import = 0
Number of asset objects unloaded after import = 1
========================================================================
Received Import Request.
  Time since last request: 0.000100 seconds.
  path: Assets/Oculus/Voice/Lib/Wit.ai/Lib/Wit/Runtime/Requests/NLP/INLPRequestOptions.cs
  artifactKey: Guid(8dfaad28c11935c428e6124ee46feb87) Importer(2089858483,0ecaa5967403d082aa24f35e1b516d23)
Start importing Assets/Oculus/Voice/Lib/Wit.ai/Lib/Wit/Runtime/Requests/NLP/INLPRequestOptions.cs using Guid(8dfaad28c11935c428e6124ee46feb87) Importer(2089858483,0ecaa5967403d082aa24f35e1b516d23) [PhysX] Initialized MultithreadedTaskDispatcher with 32 workers.
 -> (artifact id: '91f395e22ee3c2a543483e6e7265bc25') in 0.061830 seconds
Number of updated asset objects reloaded before import = 0
Number of asset objects unloaded after import = 1
========================================================================
Received Import Request.
  Time since last request: 0.000077 seconds.
  path: Assets/Oculus/Voice/Lib/Wit.ai/Scripts/Runtime/Settings/WitSettingsUtility.cs
  artifactKey: Guid(8bc34db9a626d384ca92576365f67f9d) Importer(2089858483,0ecaa5967403d082aa24f35e1b516d23)
Start importing Assets/Oculus/Voice/Lib/Wit.ai/Scripts/Runtime/Settings/WitSettingsUtility.cs using Guid(8bc34db9a626d384ca92576365f67f9d) Importer(2089858483,0ecaa5967403d082aa24f35e1b516d23) [PhysX] Initialized MultithreadedTaskDispatcher with 32 workers.
 -> (artifact id: '57b693658c8706d1211b05072d4aff45') in 0.014107 seconds
Number of updated asset objects reloaded before import = 0
Number of asset objects unloaded after import = 1
========================================================================
Received Import Request.
  Time since last request: 0.000076 seconds.
  path: Assets/Oculus/Voice/Lib/Wit.ai/Lib/Conduit/Runtime/Attributes/ConduitActionAttribute.cs
  artifactKey: Guid(63c4a0078c9c30843ada8b6fdcd71f41) Importer(2089858483,0ecaa5967403d082aa24f35e1b516d23)
Start importing Assets/Oculus/Voice/Lib/Wit.ai/Lib/Conduit/Runtime/Attributes/ConduitActionAttribute.cs using Guid(63c4a0078c9c30843ada8b6fdcd71f41) Importer(2089858483,0ecaa5967403d082aa24f35e1b516d23) [PhysX] Initialized MultithreadedTaskDispatcher with 32 workers.
 -> (artifact id: '51a70b7f23c482b55c61400e731a915a') in 0.010502 seconds
Number of updated asset objects reloaded before import = 0
Number of asset objects unloaded after import = 1
========================================================================
Received Import Request.
  Time since last request: 0.000106 seconds.
  path: Assets/Oculus/Voice/Lib/Wit.ai/Scripts/Runtime/WitRequestFactory.cs
  artifactKey: Guid(7a8e8cc89a798e94d9d5d98cd0ed924f) Importer(2089858483,0ecaa5967403d082aa24f35e1b516d23)
Start importing Assets/Oculus/Voice/Lib/Wit.ai/Scripts/Runtime/WitRequestFactory.cs using Guid(7a8e8cc89a798e94d9d5d98cd0ed924f) Importer(2089858483,0ecaa5967403d082aa24f35e1b516d23) [PhysX] Initialized MultithreadedTaskDispatcher with 32 workers.
 -> (artifact id: '617e66cf0c29f6633a42afcea0a33768') in 0.014734 seconds
Number of updated asset objects reloaded before import = 0
Number of asset objects unloaded after import = 1
========================================================================
Received Import Request.
  Time since last request: 0.000108 seconds.
  path: Assets/Oculus/VR/Editor/BuildingBlocks/BlockData/VirtualKeyboard/Scripts/VirtualKeyboardBlockData.cs
  artifactKey: Guid(e75160a1bbe3a6945aac30180acc8570) Importer(2089858483,0ecaa5967403d082aa24f35e1b516d23)
Start importing Assets/Oculus/VR/Editor/BuildingBlocks/BlockData/VirtualKeyboard/Scripts/VirtualKeyboardBlockData.cs using Guid(e75160a1bbe3a6945aac30180acc8570) Importer(2089858483,0ecaa5967403d082aa24f35e1b516d23) [PhysX] Initialized MultithreadedTaskDispatcher with 32 workers.
 -> (artifact id: '0d07d8a35571df0e8da157d140fd7e22') in 0.017387 seconds
Number of updated asset objects reloaded before import = 0
Number of asset objects unloaded after import = 1
========================================================================
Received Import Request.
  Time since last request: 0.000104 seconds.
  path: Assets/Oculus/Interaction/Samples/Objects/Environment/SmallRoom/Materials/SmallRoomFabricMat.mat
  artifactKey: Guid(8ad3dfbb5f0703a4f911a6aad201242c) Importer(2089858483,0ecaa5967403d082aa24f35e1b516d23)
Start importing Assets/Oculus/Interaction/Samples/Objects/Environment/SmallRoom/Materials/SmallRoomFabricMat.mat using Guid(8ad3dfbb5f0703a4f911a6aad201242c) Importer(2089858483,0ecaa5967403d082aa24f35e1b516d23) [PhysX] Initialized MultithreadedTaskDispatcher with 32 workers.
 -> (artifact id: 'a25bd7dcd2a3aa1e4407ad7c1d2f2ac6') in 0.025302 seconds
Number of updated asset objects reloaded before import = 0
Number of asset objects unloaded after import = 3
========================================================================
Received Import Request.
  Time since last request: 0.000019 seconds.
  path: Assets/Oculus/Voice/Lib/Wit.ai/Features/TTS/Scripts/Editor/Facebook.Wit.TTS.Editor.asmdef
  artifactKey: Guid(e31cc0253d8f956459091c800a16d68d) Importer(2089858483,0ecaa5967403d082aa24f35e1b516d23)
Start importing Assets/Oculus/Voice/Lib/Wit.ai/Features/TTS/Scripts/Editor/Facebook.Wit.TTS.Editor.asmdef using Guid(e31cc0253d8f956459091c800a16d68d) Importer(2089858483,0ecaa5967403d082aa24f35e1b516d23) [PhysX] Initialized MultithreadedTaskDispatcher with 32 workers.
 -> (artifact id: '8a4289e603946c9ce3cc0b56ddfc7a8e') in 0.015595 seconds
Number of updated asset objects reloaded before import = 0
Number of asset objects unloaded after import = 1
========================================================================
Received Import Request.
  Time since last request: 0.000084 seconds.
  path: Assets/Oculus/Interaction/Samples/Scripts/HandGrabUse/Effects/WaterSpray/WaterSprayNozzleTransformer.cs
  artifactKey: Guid(b1302feb954c92f43bb3d72f377721ee) Importer(2089858483,0ecaa5967403d082aa24f35e1b516d23)
Start importing Assets/Oculus/Interaction/Samples/Scripts/HandGrabUse/Effects/WaterSpray/WaterSprayNozzleTransformer.cs using Guid(b1302feb954c92f43bb3d72f377721ee) Importer(2089858483,0ecaa5967403d082aa24f35e1b516d23) [PhysX] Initialized MultithreadedTaskDispatcher with 32 workers.
 -> (artifact id: '242c7bdb9f83e034553592aed83cc387') in 0.020413 seconds
Number of updated asset objects reloaded before import = 0
Number of asset objects unloaded after import = 1
========================================================================
Received Import Request.
  Time since last request: 0.000106 seconds.
  path: Assets/Oculus/Voice/Lib/Wit.ai/Features/TTS/Scripts/Runtime/Integrations/TTSWit.cs
  artifactKey: Guid(a6b3124b830442d45b9f357ff99b152f) Importer(2089858483,0ecaa5967403d082aa24f35e1b516d23)
Start importing Assets/Oculus/Voice/Lib/Wit.ai/Features/TTS/Scripts/Runtime/Integrations/TTSWit.cs using Guid(a6b3124b830442d45b9f357ff99b152f) Importer(2089858483,0ecaa5967403d082aa24f35e1b516d23) [PhysX] Initialized MultithreadedTaskDispatcher with 32 workers.
 -> (artifact id: '485e982fe0730875820aa52343ee97da') in 0.016342 seconds
Number of updated asset objects reloaded before import = 0
Number of asset objects unloaded after import = 1
========================================================================
Received Import Request.
  Time since last request: 0.000200 seconds.
  path: Assets/Oculus/Interaction/Samples/Objects/Environment/Locomotion/Models/Materials/LocomotionSecondFloorMat.mat
  artifactKey: Guid(5e426836f715e474996d06b5072c34c7) Importer(2089858483,0ecaa5967403d082aa24f35e1b516d23)
Start importing Assets/Oculus/Interaction/Samples/Objects/Environment/Locomotion/Models/Materials/LocomotionSecondFloorMat.mat using Guid(5e426836f715e474996d06b5072c34c7) Importer(2089858483,0ecaa5967403d082aa24f35e1b516d23) [PhysX] Initialized MultithreadedTaskDispatcher with 32 workers.
 -> (artifact id: '6b24c7690be96d6b1a5ab79851065bde') in 0.026664 seconds
Number of updated asset objects reloaded before import = 0
Number of asset objects unloaded after import = 3
========================================================================
Received Import Request.
  Time since last request: 0.000020 seconds.
  path: Assets/Oculus/SampleFramework/Usage/Passthrough/Materials/skybox/bottom.jpg
  artifactKey: Guid(7cbf94c9a4e2f4272810594d615faa56) Importer(2089858483,0ecaa5967403d082aa24f35e1b516d23)
Start importing Assets/Oculus/SampleFramework/Usage/Passthrough/Materials/skybox/bottom.jpg using Guid(7cbf94c9a4e2f4272810594d615faa56) Importer(2089858483,0ecaa5967403d082aa24f35e1b516d23) [PhysX] Initialized MultithreadedTaskDispatcher with 32 workers.
 -> (artifact id: '759107b9fba4e9dd8fd1a5116760cfac') in 0.018233 seconds
Number of updated asset objects reloaded before import = 0
Number of asset objects unloaded after import = 1
========================================================================
Received Import Request.
  Time since last request: 0.000018 seconds.
  path: Assets/Oculus/Interaction/Samples/Objects/Props/Mug/Models/mugMeshConvexHulls.fbx
  artifactKey: Guid(3acf8e63bb5a41040a058efda523d4b1) Importer(2089858483,0ecaa5967403d082aa24f35e1b516d23)
Start importing Assets/Oculus/Interaction/Samples/Objects/Props/Mug/Models/mugMeshConvexHulls.fbx using Guid(3acf8e63bb5a41040a058efda523d4b1) Importer(2089858483,0ecaa5967403d082aa24f35e1b516d23) [PhysX] Initialized MultithreadedTaskDispatcher with 32 workers.
 -> (artifact id: 'dec68ce13d89aeb8caf52aa314b71a45') in 0.041317 seconds
Number of updated asset objects reloaded before import = 0
Number of asset objects unloaded after import = 69
========================================================================
Received Import Request.
  Time since last request: 0.000021 seconds.
  path: Assets/Oculus/VR/Editor/BuildingBlocks/BlockData/SurfaceProjectedPassthrough/Prefabs/Surface-projectedPTplane.prefab
  artifactKey: Guid(d86075f5e938af942905e75439b41cb7) Importer(2089858483,0ecaa5967403d082aa24f35e1b516d23)
Start importing Assets/Oculus/VR/Editor/BuildingBlocks/BlockData/SurfaceProjectedPassthrough/Prefabs/Surface-projectedPTplane.prefab using Guid(d86075f5e938af942905e75439b41cb7) Importer(2089858483,0ecaa5967403d082aa24f35e1b516d23) [PhysX] Initialized MultithreadedTaskDispatcher with 32 workers.
 -> (artifact id: '1622522db796e6c6ec3988c008783582') in 0.014944 seconds
Number of updated asset objects reloaded before import = 0
Number of asset objects unloaded after import = 9
========================================================================
Received Import Request.
  Time since last request: 0.000016 seconds.
  path: Assets/Oculus/Voice/Lib/Wit.ai/Scripts/Editor/CallbackHandlers/WitIntentMatcherEditor.cs
  artifactKey: Guid(5ef9650649f4f6740a0b7d5b6b4e5dd2) Importer(2089858483,0ecaa5967403d082aa24f35e1b516d23)
Start importing Assets/Oculus/Voice/Lib/Wit.ai/Scripts/Editor/CallbackHandlers/WitIntentMatcherEditor.cs using Guid(5ef9650649f4f6740a0b7d5b6b4e5dd2) Importer(2089858483,0ecaa5967403d082aa24f35e1b516d23) [PhysX] Initialized MultithreadedTaskDispatcher with 32 workers.
 -> (artifact id: 'd781fb1c7fceae6b3dfc607699508a76') in 0.013918 seconds
Number of updated asset objects reloaded before import = 0
Number of asset objects unloaded after import = 1
========================================================================
Received Import Request.
  Time since last request: 0.000111 seconds.
  path: Assets/Oculus/Interaction/Runtime/Scripts/Interaction/Models/Ray/Visuals/RayInteractorDebugGizmos.cs
  artifactKey: Guid(3eaa08bdea5589544bb1031fe7dcd8d7) Importer(2089858483,0ecaa5967403d082aa24f35e1b516d23)
Start importing Assets/Oculus/Interaction/Runtime/Scripts/Interaction/Models/Ray/Visuals/RayInteractorDebugGizmos.cs using Guid(3eaa08bdea5589544bb1031fe7dcd8d7) Importer(2089858483,0ecaa5967403d082aa24f35e1b516d23) [PhysX] Initialized MultithreadedTaskDispatcher with 32 workers.
 -> (artifact id: '30dde31d84f2c8b6a6eae28c57aa3214') in 0.013056 seconds
Number of updated asset objects reloaded before import = 0
Number of asset objects unloaded after import = 1
========================================================================
Received Import Request.
  Time since last request: 0.000088 seconds.
  path: Assets/Oculus/Voice/Features/Hub/Scripts/Editor/Windows/ImageViewer.cs
  artifactKey: Guid(e775846ae33248d98afc58bedcbd6c12) Importer(2089858483,0ecaa5967403d082aa24f35e1b516d23)
Start importing Assets/Oculus/Voice/Features/Hub/Scripts/Editor/Windows/ImageViewer.cs using Guid(e775846ae33248d98afc58bedcbd6c12) Importer(2089858483,0ecaa5967403d082aa24f35e1b516d23) [PhysX] Initialized MultithreadedTaskDispatcher with 32 workers.
 -> (artifact id: '3237df4a693838b676cad2f010e2bd8c') in 0.011259 seconds
Number of updated asset objects reloaded before import = 0
Number of asset objects unloaded after import = 1
========================================================================
Received Import Request.
  Time since last request: 0.000047 seconds.
  path: Assets/Oculus/Interaction/Samples/Objects/Environment/Tooltips/DialogVideos/Instruction_Poke_Button.mp4
  artifactKey: Guid(17b4a7a6ecf9f014d883a8d6ed71b5fa) Importer(2089858483,0ecaa5967403d082aa24f35e1b516d23)
Start importing Assets/Oculus/Interaction/Samples/Objects/Environment/Tooltips/DialogVideos/Instruction_Poke_Button.mp4 using Guid(17b4a7a6ecf9f014d883a8d6ed71b5fa) Importer(2089858483,0ecaa5967403d082aa24f35e1b516d23) [PhysX] Initialized MultithreadedTaskDispatcher with 32 workers.
 -> (artifact id: 'd708a5f86ac5d354aa0a808dc616054d') in 0.013754 seconds
Number of updated asset objects reloaded before import = 0
Number of asset objects unloaded after import = 1
========================================================================
Received Import Request.
  Time since last request: 0.000015 seconds.
  path: Assets/Oculus/Voice/Lib/Wit.ai/Lib/Conduit/Runtime/ConduitDispatcher.cs
  artifactKey: Guid(b327d23147b4341479d1bb7afece1b60) Importer(2089858483,0ecaa5967403d082aa24f35e1b516d23)
Start importing Assets/Oculus/Voice/Lib/Wit.ai/Lib/Conduit/Runtime/ConduitDispatcher.cs using Guid(b327d23147b4341479d1bb7afece1b60) Importer(2089858483,0ecaa5967403d082aa24f35e1b516d23) [PhysX] Initialized MultithreadedTaskDispatcher with 32 workers.
 -> (artifact id: '8b7654fcb0d71b1cb64b488bab455ab3') in 0.015608 seconds
Number of updated asset objects reloaded before import = 0
Number of asset objects unloaded after import = 1
========================================================================
Received Import Request.
  Time since last request: 0.000103 seconds.
  path: Assets/Oculus/Voice/Lib/Wit.ai/Scripts/Editor/Windows/PropertyDrawers/WitTraitValuePropertyDrawer.cs
  artifactKey: Guid(67b2adf7a4ec9ed4485af59ae3df4e21) Importer(2089858483,0ecaa5967403d082aa24f35e1b516d23)
Start importing Assets/Oculus/Voice/Lib/Wit.ai/Scripts/Editor/Windows/PropertyDrawers/WitTraitValuePropertyDrawer.cs using Guid(67b2adf7a4ec9ed4485af59ae3df4e21) Importer(2089858483,0ecaa5967403d082aa24f35e1b516d23) [PhysX] Initialized MultithreadedTaskDispatcher with 32 workers.
 -> (artifact id: '30e6a2232d645787ecb39a64bbc9dbdd') in 0.011279 seconds
Number of updated asset objects reloaded before import = 0
Number of asset objects unloaded after import = 1
========================================================================
Received Import Request.
  Time since last request: 0.000085 seconds.
  path: Assets/Oculus/VR/Editor/BuildingBlocks/BlockData/HandTracking/Materials/SkeletonBoneMaterial.mat
  artifactKey: Guid(9c05c5a6e4902ff4082cfb34e5b64b2d) Importer(2089858483,0ecaa5967403d082aa24f35e1b516d23)
Start importing Assets/Oculus/VR/Editor/BuildingBlocks/BlockData/HandTracking/Materials/SkeletonBoneMaterial.mat using Guid(9c05c5a6e4902ff4082cfb34e5b64b2d) Importer(2089858483,0ecaa5967403d082aa24f35e1b516d23) [PhysX] Initialized MultithreadedTaskDispatcher with 32 workers.
 -> (artifact id: '29523ed89ad8b370fb2549c6936f9a71') in 0.015637 seconds
Number of updated asset objects reloaded before import = 0
Number of asset objects unloaded after import = 1
========================================================================
Received Import Request.
  Time since last request: 0.000028 seconds.
  path: Assets/Oculus/VR/Editor/BuildingBlocks/BlockData/SurfaceProjectedPassthrough/Materials/QuadOutline.mat
  artifactKey: Guid(e20eab681d30ee74cb1f0951de06ae7b) Importer(2089858483,0ecaa5967403d082aa24f35e1b516d23)
Start importing Assets/Oculus/VR/Editor/BuildingBlocks/BlockData/SurfaceProjectedPassthrough/Materials/QuadOutline.mat using Guid(e20eab681d30ee74cb1f0951de06ae7b) Importer(2089858483,0ecaa5967403d082aa24f35e1b516d23) [PhysX] Initialized MultithreadedTaskDispatcher with 32 workers.
 -> (artifact id: '655647e3f4226ba46698b7d9edef6260') in 0.014803 seconds
Number of updated asset objects reloaded before import = 0
Number of asset objects unloaded after import = 2
========================================================================
Received Import Request.
  Time since last request: 0.000078 seconds.
  path: Assets/Oculus/Voice/Lib/Wit.ai/Lib/Wit/Runtime/Requests/VoiceRequestEvents.cs
  artifactKey: Guid(2cf0bb8d0fe4efe4c9035211165195e6) Importer(2089858483,0ecaa5967403d082aa24f35e1b516d23)
Start importing Assets/Oculus/Voice/Lib/Wit.ai/Lib/Wit/Runtime/Requests/VoiceRequestEvents.cs using Guid(2cf0bb8d0fe4efe4c9035211165195e6) Importer(2089858483,0ecaa5967403d082aa24f35e1b516d23) [PhysX] Initialized MultithreadedTaskDispatcher with 32 workers.
 -> (artifact id: 'c4aa6c8d3479f9ce27208e50ba560204') in 0.016880 seconds
Number of updated asset objects reloaded before import = 0
Number of asset objects unloaded after import = 1
========================================================================
Received Import Request.
  Time since last request: 0.000055 seconds.
  path: Assets/Oculus/Interaction/Samples/Objects/Environment/Room/Textures/ConcreteTiling.png
  artifactKey: Guid(ce1c3ee3dbf2a274ea3a241e51d40d5e) Importer(2089858483,0ecaa5967403d082aa24f35e1b516d23)
Start importing Assets/Oculus/Interaction/Samples/Objects/Environment/Room/Textures/ConcreteTiling.png using Guid(ce1c3ee3dbf2a274ea3a241e51d40d5e) Importer(2089858483,0ecaa5967403d082aa24f35e1b516d23) [PhysX] Initialized MultithreadedTaskDispatcher with 32 workers.
 -> (artifact id: 'd2dbd59ad87c478c9dd4ec47e184e34b') in 0.026056 seconds
Number of updated asset objects reloaded before import = 0
Number of asset objects unloaded after import = 1
========================================================================
Received Import Request.
  Time since last request: 0.000017 seconds.
  path: Assets/Oculus/Voice/Lib/Wit.ai/Lib/Wit/Runtime/Utilities/ThreadUtility.cs
  artifactKey: Guid(dd76b0ff3d888144e84aee670285d8fb) Importer(2089858483,0ecaa5967403d082aa24f35e1b516d23)
Start importing Assets/Oculus/Voice/Lib/Wit.ai/Lib/Wit/Runtime/Utilities/ThreadUtility.cs using Guid(dd76b0ff3d888144e84aee670285d8fb) Importer(2089858483,0ecaa5967403d082aa24f35e1b516d23) [PhysX] Initialized MultithreadedTaskDispatcher with 32 workers.
 -> (artifact id: 'cf2316591eae2c2575250e79c6841497') in 0.011806 seconds
Number of updated asset objects reloaded before import = 0
Number of asset objects unloaded after import = 1
========================================================================
Received Import Request.
  Time since last request: 0.000046 seconds.
  path: Assets/Oculus/Interaction/Runtime/Scripts/Input/Hands/DataModifiers/SyntheticHand.cs
  artifactKey: Guid(5c67033f580359c4581dff1ccffcca91) Importer(2089858483,0ecaa5967403d082aa24f35e1b516d23)
Start importing Assets/Oculus/Interaction/Runtime/Scripts/Input/Hands/DataModifiers/SyntheticHand.cs using Guid(5c67033f580359c4581dff1ccffcca91) Importer(2089858483,0ecaa5967403d082aa24f35e1b516d23) [PhysX] Initialized MultithreadedTaskDispatcher with 32 workers.
 -> (artifact id: '132f6a83e0b2e2be24560e3380f456b4') in 0.012046 seconds
Number of updated asset objects reloaded before import = 0
Number of asset objects unloaded after import = 1
========================================================================
Received Import Request.
  Time since last request: 0.000021 seconds.
  path: Assets/Oculus/SampleFramework/Usage/SharedAssets/Skyboxes/Sky_02/Skybox02_Down-Y.png
  artifactKey: Guid(af3f54a0947374fd597b7af530d495e3) Importer(2089858483,0ecaa5967403d082aa24f35e1b516d23)
Start importing Assets/Oculus/SampleFramework/Usage/SharedAssets/Skyboxes/Sky_02/Skybox02_Down-Y.png using Guid(af3f54a0947374fd597b7af530d495e3) Importer(2089858483,0ecaa5967403d082aa24f35e1b516d23) [PhysX] Initialized MultithreadedTaskDispatcher with 32 workers.
 -> (artifact id: '565d536b9173f584e988c068a3e13289') in 0.019303 seconds
Number of updated asset objects reloaded before import = 0
Number of asset objects unloaded after import = 1
========================================================================
Received Import Request.
  Time since last request: 0.000055 seconds.
  path: Assets/Oculus/SampleFramework/Core/DebugUI/Fonts/Montserrat/Montserrat-Medium.ttf
  artifactKey: Guid(6921a454aa104cf47a67f59c64acaa17) Importer(2089858483,0ecaa5967403d082aa24f35e1b516d23)
Start importing Assets/Oculus/SampleFramework/Core/DebugUI/Fonts/Montserrat/Montserrat-Medium.ttf using Guid(6921a454aa104cf47a67f59c64acaa17) Importer(2089858483,0ecaa5967403d082aa24f35e1b516d23) [PhysX] Initialized MultithreadedTaskDispatcher with 32 workers.
 -> (artifact id: '3efa22be4cbbefe7d6ee1e1ea29011b7') in 0.019221 seconds
Number of updated asset objects reloaded before import = 0
Number of asset objects unloaded after import = 3
========================================================================
Received Import Request.
  Time since last request: 0.000023 seconds.
  path: Assets/Oculus/Voice/Features/Hub/Scripts/Editor/Markdown/MarkdownPage.cs
  artifactKey: Guid(98bfdca232b84c3db2527e4b5c9d3b9d) Importer(2089858483,0ecaa5967403d082aa24f35e1b516d23)
Start importing Assets/Oculus/Voice/Features/Hub/Scripts/Editor/Markdown/MarkdownPage.cs using Guid(98bfdca232b84c3db2527e4b5c9d3b9d) Importer(2089858483,0ecaa5967403d082aa24f35e1b516d23) [PhysX] Initialized MultithreadedTaskDispatcher with 32 workers.
 -> (artifact id: '95ed6fe68035b4e9f61c3f726070afaa') in 0.023845 seconds
Number of updated asset objects reloaded before import = 0
Number of asset objects unloaded after import = 1
========================================================================
Received Import Request.
  Time since last request: 0.000023 seconds.
  path: Assets/Oculus/Interaction/Runtime/Scripts/Interaction/Models/DistanceHandGrab/DistanceHandGrabInteractable.cs
  artifactKey: Guid(baed3e011583e1844a6e85b1cd0657f2) Importer(2089858483,0ecaa5967403d082aa24f35e1b516d23)
Start importing Assets/Oculus/Interaction/Runtime/Scripts/Interaction/Models/DistanceHandGrab/DistanceHandGrabInteractable.cs using Guid(baed3e011583e1844a6e85b1cd0657f2) Importer(2089858483,0ecaa5967403d082aa24f35e1b516d23) [PhysX] Initialized MultithreadedTaskDispatcher with 32 workers.
 -> (artifact id: '3aa7dcdbf751b717700a1855e73f04ed') in 0.021334 seconds
Number of updated asset objects reloaded before import = 0
Number of asset objects unloaded after import = 1
========================================================================
Received Import Request.
  Time since last request: 0.000284 seconds.
  path: Assets/Oculus/Interaction/OVRIntegration/Editor/Blocks/InteractableItems/Prefabs/[BB] Grabbable Cube.prefab
  artifactKey: Guid(5cff07deb8a11467d99f87d7fc969bdd) Importer(2089858483,0ecaa5967403d082aa24f35e1b516d23)
Start importing Assets/Oculus/Interaction/OVRIntegration/Editor/Blocks/InteractableItems/Prefabs/[BB] Grabbable Cube.prefab using Guid(5cff07deb8a11467d99f87d7fc969bdd) Importer(2089858483,0ecaa5967403d082aa24f35e1b516d23) [PhysX] Initialized MultithreadedTaskDispatcher with 32 workers.
 -> (artifact id: '8638881489583e3827f3db289609bc5f') in 0.033999 seconds
Number of updated asset objects reloaded before import = 0
Number of asset objects unloaded after import = 10
========================================================================
Received Import Request.
  Time since last request: 0.000018 seconds.
  path: Assets/Oculus/Voice/Features/Dictation/Scripts/Editor/Drawers/WitDictationRuntimeConfigDrawer.cs
  artifactKey: Guid(ad073cad346af44a281dd01c4d8a4a3c) Importer(2089858483,0ecaa5967403d082aa24f35e1b516d23)
Start importing Assets/Oculus/Voice/Features/Dictation/Scripts/Editor/Drawers/WitDictationRuntimeConfigDrawer.cs using Guid(ad073cad346af44a281dd01c4d8a4a3c) Importer(2089858483,0ecaa5967403d082aa24f35e1b516d23) [PhysX] Initialized MultithreadedTaskDispatcher with 32 workers.
 -> (artifact id: 'b25257237ceb9dc3dad2bee2a9702565') in 0.009268 seconds
Number of updated asset objects reloaded before import = 0
Number of asset objects unloaded after import = 1
========================================================================
Received Import Request.
  Time since last request: 0.000020 seconds.
  path: Assets/Oculus/Interaction/Samples/Objects/Props/MapWithPins/Pin.prefab
  artifactKey: Guid(cc68667a9a6b3d346b7035f6ae372ff7) Importer(2089858483,0ecaa5967403d082aa24f35e1b516d23)
Start importing Assets/Oculus/Interaction/Samples/Objects/Props/MapWithPins/Pin.prefab using Guid(cc68667a9a6b3d346b7035f6ae372ff7) Importer(2089858483,0ecaa5967403d082aa24f35e1b516d23) [PhysX] Initialized MultithreadedTaskDispatcher with 32 workers.
 -> (artifact id: '3a8fc021069c0e9d1bd3dd8b41cf1c53') in 0.035564 seconds
Number of updated asset objects reloaded before import = 0
Number of asset objects unloaded after import = 43
========================================================================
Received Import Request.
  Time since last request: 0.000025 seconds.
  path: Assets/Oculus/SampleFramework/Core/TouchControllers/Materials/Textures/touchController_albedo.png
  artifactKey: Guid(a11735430d7eaf14f8660dda5584492c) Importer(2089858483,0ecaa5967403d082aa24f35e1b516d23)
Start importing Assets/Oculus/SampleFramework/Core/TouchControllers/Materials/Textures/touchController_albedo.png using Guid(a11735430d7eaf14f8660dda5584492c) Importer(2089858483,0ecaa5967403d082aa24f35e1b516d23) [PhysX] Initialized MultithreadedTaskDispatcher with 32 workers.
 -> (artifact id: '3a431586ff8d245c4f6d45c6b0b16b41') in 0.020677 seconds
Number of updated asset objects reloaded before import = 0
Number of asset objects unloaded after import = 1
========================================================================
Received Import Request.
  Time since last request: 0.000026 seconds.
  path: Assets/Oculus/SampleFramework/Usage/SceneManager/Prefabs/FurniturePrefabs/WallPlanePrefab.prefab
  artifactKey: Guid(0a4918c8a9406de44ae8fd4253c3d402) Importer(2089858483,0ecaa5967403d082aa24f35e1b516d23)
Start importing Assets/Oculus/SampleFramework/Usage/SceneManager/Prefabs/FurniturePrefabs/WallPlanePrefab.prefab using Guid(0a4918c8a9406de44ae8fd4253c3d402) Importer(2089858483,0ecaa5967403d082aa24f35e1b516d23) [PhysX] Initialized MultithreadedTaskDispatcher with 32 workers.
 -> (artifact id: '1cf436e79842b54717914fe940c1aaa1') in 0.016425 seconds
Number of updated asset objects reloaded before import = 0
Number of asset objects unloaded after import = 10
========================================================================
Received Import Request.
  Time since last request: 0.000016 seconds.
  path: Assets/Oculus/Voice/Lib/Wit.ai/Lib/Wit/Editor/Requests/IWitVRequest.cs
  artifactKey: Guid(8c3cd01e564e07f45bad607cf8e9d1c5) Importer(2089858483,0ecaa5967403d082aa24f35e1b516d23)
Start importing Assets/Oculus/Voice/Lib/Wit.ai/Lib/Wit/Editor/Requests/IWitVRequest.cs using Guid(8c3cd01e564e07f45bad607cf8e9d1c5) Importer(2089858483,0ecaa5967403d082aa24f35e1b516d23) [PhysX] Initialized MultithreadedTaskDispatcher with 32 workers.
 -> (artifact id: 'a394bb7fbdfbcf0dec7711681e711582') in 0.016959 seconds
Number of updated asset objects reloaded before import = 0
Number of asset objects unloaded after import = 1
========================================================================
Received Import Request.
  Time since last request: 0.000181 seconds.
  path: Assets/Oculus/Interaction/Samples/Objects/Props/Key/Models/keyMesh.fbx
  artifactKey: Guid(e405223c5441ab54984c172e35b1b32f) Importer(2089858483,0ecaa5967403d082aa24f35e1b516d23)
Start importing Assets/Oculus/Interaction/Samples/Objects/Props/Key/Models/keyMesh.fbx using Guid(e405223c5441ab54984c172e35b1b32f) Importer(2089858483,0ecaa5967403d082aa24f35e1b516d23) [PhysX] Initialized MultithreadedTaskDispatcher with 32 workers.
 -> (artifact id: '94f88d47c4788fc3f59515d39c54caf3') in 0.020330 seconds
Number of updated asset objects reloaded before import = 0
Number of asset objects unloaded after import = 7
========================================================================
Received Import Request.
  Time since last request: 0.000027 seconds.
  path: Assets/Oculus/Interaction/Samples/Objects/Environment/Tooltips/Dialog.prefab
  artifactKey: Guid(bf018bf093319f840a7314cb25167d8c) Importer(2089858483,0ecaa5967403d082aa24f35e1b516d23)
Start importing Assets/Oculus/Interaction/Samples/Objects/Environment/Tooltips/Dialog.prefab using Guid(bf018bf093319f840a7314cb25167d8c) Importer(2089858483,0ecaa5967403d082aa24f35e1b516d23) [PhysX] Initialized MultithreadedTaskDispatcher with 32 workers.
 -> (artifact id: '911e1aefecf6384649d0a1f2f5c645aa') in 0.041633 seconds
Number of updated asset objects reloaded before import = 0
Number of asset objects unloaded after import = 44
========================================================================
Received Import Request.
  Time since last request: 0.000022 seconds.
  path: Assets/Oculus/Voice/Lib/Wit.ai/Scripts/Runtime/Events/UnityEventListeners/AudioEventListener.cs
  artifactKey: Guid(9b7e57a219bf949418f86fc9056e38ec) Importer(2089858483,0ecaa5967403d082aa24f35e1b516d23)
Start importing Assets/Oculus/Voice/Lib/Wit.ai/Scripts/Runtime/Events/UnityEventListeners/AudioEventListener.cs using Guid(9b7e57a219bf949418f86fc9056e38ec) Importer(2089858483,0ecaa5967403d082aa24f35e1b516d23) [PhysX] Initialized MultithreadedTaskDispatcher with 32 workers.
 -> (artifact id: 'a473051a78eacb43c929cab29a19a64c') in 0.015654 seconds
Number of updated asset objects reloaded before import = 0
Number of asset objects unloaded after import = 1
========================================================================
Received Import Request.
  Time since last request: 0.000058 seconds.
  path: Assets/Oculus/Interaction/Runtime/Scripts/Interaction/Models/Ray/RayInteractor.cs
  artifactKey: Guid(4733c5f009d26ad49b3685117b8d3eb4) Importer(2089858483,0ecaa5967403d082aa24f35e1b516d23)
Start importing Assets/Oculus/Interaction/Runtime/Scripts/Interaction/Models/Ray/RayInteractor.cs using Guid(4733c5f009d26ad49b3685117b8d3eb4) Importer(2089858483,0ecaa5967403d082aa24f35e1b516d23) [PhysX] Initialized MultithreadedTaskDispatcher with 32 workers.
 -> (artifact id: '91f8067279a4fe12c005d8b571b3413b') in 0.008951 seconds
Number of updated asset objects reloaded before import = 0
Number of asset objects unloaded after import = 1
========================================================================
Received Import Request.
  Time since last request: 0.000048 seconds.
  path: Assets/Oculus/Voice/Lib/Wit.ai/Scripts/Runtime/Events/WitTranscriptionEvent.cs
  artifactKey: Guid(984bfa2088e54a9ca440be6b82c17409) Importer(2089858483,0ecaa5967403d082aa24f35e1b516d23)
Start importing Assets/Oculus/Voice/Lib/Wit.ai/Scripts/Runtime/Events/WitTranscriptionEvent.cs using Guid(984bfa2088e54a9ca440be6b82c17409) Importer(2089858483,0ecaa5967403d082aa24f35e1b516d23) [PhysX] Initialized MultithreadedTaskDispatcher with 32 workers.
 -> (artifact id: '206016591305d69c69a2fbd758946738') in 0.009419 seconds
Number of updated asset objects reloaded before import = 0
Number of asset objects unloaded after import = 1
========================================================================
Received Import Request.
  Time since last request: 0.000138 seconds.
  path: Assets/Oculus/Voice/Lib/Wit.ai/Scripts/Runtime/Events/WitErrorEvent.cs
  artifactKey: Guid(8a3a49a4b636e7e4d937f923f434789a) Importer(2089858483,0ecaa5967403d082aa24f35e1b516d23)
Start importing Assets/Oculus/Voice/Lib/Wit.ai/Scripts/Runtime/Events/WitErrorEvent.cs using Guid(8a3a49a4b636e7e4d937f923f434789a) Importer(2089858483,0ecaa5967403d082aa24f35e1b516d23) [PhysX] Initialized MultithreadedTaskDispatcher with 32 workers.
 -> (artifact id: '757da6dface7b7f7e77143a0a768b71e') in 0.011205 seconds
Number of updated asset objects reloaded before import = 0
Number of asset objects unloaded after import = 1
========================================================================
Received Import Request.
  Time since last request: 0.000075 seconds.
  path: Assets/Oculus/Interaction/Samples/Objects/Props/CoffeeCup/CoffeeCupHulls.fbx
  artifactKey: Guid(d1388ed1b34adcf4091263a34d4237d4) Importer(2089858483,0ecaa5967403d082aa24f35e1b516d23)
Start importing Assets/Oculus/Interaction/Samples/Objects/Props/CoffeeCup/CoffeeCupHulls.fbx using Guid(d1388ed1b34adcf4091263a34d4237d4) Importer(2089858483,0ecaa5967403d082aa24f35e1b516d23) [PhysX] Initialized MultithreadedTaskDispatcher with 32 workers.
 -> (artifact id: '505f7fe3e33d1ee57c88a2496e8aff84') in 0.034546 seconds
Number of updated asset objects reloaded before import = 0
Number of asset objects unloaded after import = 70
Editor requested this worker to shutdown with reason: Scaling down because of idle timeout
TcpMessagingSession - receive error
AssetImportWorkerClient::OnTransportError - code=2 error=End of file
AssetImportWorker is now disconnected from the server
Process exiting
Exiting without the bug reporter. Application will terminate with return code 0