Using pre-set license
Built from '2022.3/staging' branch; Version is '2022.3.50f1 (c3db7f8bf9b1) revision 12835711'; Using compiler version '192829333'; Build Type 'Release'
OS: 'Windows 11  (10.0.26100) 64bit CoreCountrySpecific' Language: 'zh' Physical Memory: 16123 MB
BatchMode: 1, IsHumanControllingUs: 0, StartBugReporterOnCrash: 0, Is64bit: 1, IsPro: 1

COMMAND LINE ARGUMENTS:
D:\Unity Hub\editor\2022.3.50f1\Editor\Unity.exe
-adb2
-batchMode
-noUpm
-name
AssetImportWorker5
-projectPath
D:/Unity_project/VR_HW3
-logFile
Logs/AssetImportWorker5.log
-srvPort
63247
Successfully changed project path to: D:/Unity_project/VR_HW3
D:/Unity_project/VR_HW3
[UnityMemory] Configuration Parameters - Can be set up in boot.config
    "memorysetup-bucket-allocator-granularity=16"
    "memorysetup-bucket-allocator-bucket-count=8"
    "memorysetup-bucket-allocator-block-size=33554432"
    "memorysetup-bucket-allocator-block-count=8"
    "memorysetup-main-allocator-block-size=16777216"
    "memorysetup-thread-allocator-block-size=16777216"
    "memorysetup-gfx-main-allocator-block-size=16777216"
    "memorysetup-gfx-thread-allocator-block-size=16777216"
    "memorysetup-cache-allocator-block-size=4194304"
    "memorysetup-typetree-allocator-block-size=2097152"
    "memorysetup-profiler-bucket-allocator-granularity=16"
    "memorysetup-profiler-bucket-allocator-bucket-count=8"
    "memorysetup-profiler-bucket-allocator-block-size=33554432"
    "memorysetup-profiler-bucket-allocator-block-count=8"
    "memorysetup-profiler-allocator-block-size=16777216"
    "memorysetup-profiler-editor-allocator-block-size=1048576"
    "memorysetup-temp-allocator-size-main=16777216"
    "memorysetup-job-temp-allocator-block-size=2097152"
    "memorysetup-job-temp-allocator-block-size-background=1048576"
    "memorysetup-job-temp-allocator-reduction-small-platforms=262144"
    "memorysetup-allocator-temp-initial-block-size-main=262144"
    "memorysetup-allocator-temp-initial-block-size-worker=262144"
    "memorysetup-temp-allocator-size-background-worker=32768"
    "memorysetup-temp-allocator-size-job-worker=262144"
    "memorysetup-temp-allocator-size-preload-manager=33554432"
    "memorysetup-temp-allocator-size-nav-mesh-worker=65536"
    "memorysetup-temp-allocator-size-audio-worker=65536"
    "memorysetup-temp-allocator-size-cloud-worker=32768"
    "memorysetup-temp-allocator-size-gi-baking-worker=262144"
    "memorysetup-temp-allocator-size-gfx=262144"
Player connection [16048]  Target information:

Player connection [16048]  * "[IP] 26.181.25.47 [Port] 0 [Flags] 2 [Guid] 1999311658 [EditorId] 1999311658 [Version] 1048832 [Id] WindowsEditor(7,lenovo) [Debug] 1 [PackageName] WindowsEditor [ProjectName] Editor" 

Player connection [16048]  * "[IP] 172.17.192.1 [Port] 0 [Flags] 2 [Guid] 1999311658 [EditorId] 1999311658 [Version] 1048832 [Id] WindowsEditor(7,lenovo) [Debug] 1 [PackageName] WindowsEditor [ProjectName] Editor" 

Player connection [16048]  * "[IP] 183.173.211.123 [Port] 0 [Flags] 2 [Guid] 1999311658 [EditorId] 1999311658 [Version] 1048832 [Id] WindowsEditor(7,lenovo) [Debug] 1 [PackageName] WindowsEditor [ProjectName] Editor" 

Player connection [16048] Host joined multi-casting on [225.0.0.222:54997]...
Player connection [16048] Host joined alternative multi-casting on [225.0.0.222:34997]...
[PhysX] Initialized MultithreadedTaskDispatcher with 32 workers.
Refreshing native plugins compatible for Editor in 67.65 ms, found 8 plugins.
Preloading 2 native plugins for Editor in 5.69 ms.
Initialize engine version: 2022.3.50f1 (c3db7f8bf9b1)
[Subsystems] Discovering subsystems at path D:/Unity Hub/editor/2022.3.50f1/Editor/Data/Resources/UnitySubsystems
[Subsystems] Discovering subsystems at path D:/Unity_project/VR_HW3/Assets
GfxDevice: creating device client; threaded=0; jobified=0
Direct3D:
    Version:  Direct3D 11.0 [level 11.1]
    Renderer: NVIDIA GeForce RTX 4050 Laptop GPU (ID=0x28e1)
    Vendor:   NVIDIA
    VRAM:     5921 MB
    Driver:   32.0.15.6094
Shader 'Oculus/OVRMRCameraFrameLit': fallback shader 'Alpha-Diffuse' not found
Initialize mono
Mono path[0] = 'D:/Unity Hub/editor/2022.3.50f1/Editor/Data/Managed'
Mono path[1] = 'D:/Unity Hub/editor/2022.3.50f1/Editor/Data/MonoBleedingEdge/lib/mono/unityjit-win32'
Mono config path = 'D:/Unity Hub/editor/2022.3.50f1/Editor/Data/MonoBleedingEdge/etc'
Using monoOptions --debugger-agent=transport=dt_socket,embedding=1,server=y,suspend=n,address=127.0.0.1:56136
Begin MonoManager ReloadAssembly
Registering precompiled unity dll's ...
Register platform support module: D:/Unity Hub/editor/2022.3.50f1/Editor/Data/PlaybackEngines/WebGLSupport/UnityEditor.WebGL.Extensions.dll
Register platform support module: D:/Unity Hub/editor/2022.3.50f1/Editor/Data/PlaybackEngines/WindowsStandaloneSupport/UnityEditor.WindowsStandalone.Extensions.dll
Registered in 0.052743 seconds.
- Loaded All Assemblies, in  0.803 seconds
Native extension for WindowsStandalone target not found
Native extension for WebGL target not found
Mono: successfully reloaded assembly
- Finished resetting the current domain, in  0.284 seconds
Domain Reload Profiling: 1073ms
	BeginReloadAssembly (372ms)
		ExecutionOrderSort (0ms)
		DisableScriptedObjects (0ms)
		BackupInstance (0ms)
		ReleaseScriptingObjects (0ms)
		CreateAndSetChildDomain (1ms)
	RebuildCommonClasses (59ms)
	RebuildNativeTypeToScriptingClass (8ms)
	initialDomainReloadingComplete (143ms)
	LoadAllAssembliesAndSetupDomain (206ms)
		LoadAssemblies (352ms)
		RebuildTransferFunctionScriptingTraits (0ms)
		AnalyzeDomain (200ms)
			TypeCache.Refresh (199ms)
				TypeCache.ScanAssembly (182ms)
			ScanForSourceGeneratedMonoScriptInfo (0ms)
			ResolveRequiredComponents (0ms)
	FinalizeReload (284ms)
		ReleaseScriptCaches (0ms)
		RebuildScriptCaches (0ms)
		SetupLoadedEditorAssemblies (241ms)
			LogAssemblyErrors (0ms)
			InitializePlatformSupportModulesInManaged (26ms)
			SetLoadedEditorAssemblies (5ms)
			RefreshPlugins (0ms)
			BeforeProcessingInitializeOnLoad (2ms)
			ProcessInitializeOnLoadAttributes (156ms)
			ProcessInitializeOnLoadMethodAttributes (52ms)
			AfterProcessingInitializeOnLoad (0ms)
			EditorAssembliesLoaded (0ms)
		ExecutionOrderSort2 (0ms)
		AwakeInstancesAfterBackupRestoration (0ms)
========================================================================
Worker process is ready to serve import requests
Caller must complete domain reload
Begin MonoManager ReloadAssembly
- Loaded All Assemblies, in  1.098 seconds
Native extension for WindowsStandalone target not found
Native extension for WebGL target not found
Mono: successfully reloaded assembly
- Finished resetting the current domain, in  1.021 seconds
Domain Reload Profiling: 2092ms
	BeginReloadAssembly (308ms)
		ExecutionOrderSort (0ms)
		DisableScriptedObjects (9ms)
		BackupInstance (0ms)
		ReleaseScriptingObjects (0ms)
		CreateAndSetChildDomain (21ms)
	RebuildCommonClasses (33ms)
	RebuildNativeTypeToScriptingClass (8ms)
	initialDomainReloadingComplete (74ms)
	LoadAllAssembliesAndSetupDomain (647ms)
		LoadAssemblies (667ms)
		RebuildTransferFunctionScriptingTraits (0ms)
		AnalyzeDomain (190ms)
			TypeCache.Refresh (159ms)
				TypeCache.ScanAssembly (146ms)
			ScanForSourceGeneratedMonoScriptInfo (20ms)
			ResolveRequiredComponents (10ms)
	FinalizeReload (1021ms)
		ReleaseScriptCaches (0ms)
		RebuildScriptCaches (0ms)
		SetupLoadedEditorAssemblies (899ms)
			LogAssemblyErrors (0ms)
			InitializePlatformSupportModulesInManaged (13ms)
			SetLoadedEditorAssemblies (3ms)
			RefreshPlugins (0ms)
			BeforeProcessingInitializeOnLoad (132ms)
			ProcessInitializeOnLoadAttributes (705ms)
			ProcessInitializeOnLoadMethodAttributes (18ms)
			AfterProcessingInitializeOnLoad (28ms)
			EditorAssembliesLoaded (0ms)
		ExecutionOrderSort2 (0ms)
		AwakeInstancesAfterBackupRestoration (11ms)
Shader 'Oculus/OVRMRCameraFrameLit': fallback shader 'Alpha-Diffuse' not found
Launched and connected shader compiler UnityShaderCompiler.exe after 0.12 seconds
Refreshing native plugins compatible for Editor in 31.69 ms, found 8 plugins.
Preloading 2 native plugins for Editor in 0.33 ms.
Unloading 4998 Unused Serialized files (Serialized files now loaded: 0)
Unloading 21 unused Assets / (145.8 KB). Loaded Objects now: 5468.
Memory consumption went from 186.9 MB to 186.7 MB.
Total: 3.843400 ms (FindLiveObjects: 0.321100 ms CreateObjectMapping: 0.157700 ms MarkObjects: 3.215500 ms  DeleteObjects: 0.147800 ms)

AssetImportParameters requested are different than current active one (requested -> active):
  custom:scripting/monoscript/fileName/WitIntent.cs: b16c53bcdd4b02694d33f5fcb8acdf19 -> 
  custom:scripting/monoscript/fileName/GrabPointsPoseFinder.cs: 2ce4e7dd89758cfe15cc84bbdaa5d275 -> 
  custom:scripting/monoscript/fileName/CylinderProximityFieldEditor.cs: 3e379a0d9898211fdf7bd80a30343891 -> 
  custom:scripting/monoscript/fileName/CanvasMeshPointable.cs: c479bafc80e05db87d89b0e734294af3 -> 
  custom:scripting/monoscript/fileName/CylinderEditor.cs: b3e556284986a11c8d6bd82a7d7bef7e -> 
  custom:scripting/monoscript/fileName/GrabPoint.cs: a19e23b452c1156c6e2d489a5b9f5977 -> 
  custom:container-demuxer-ogg: 62fdf1f143b41e24485cea50d1cbac27 -> 
  custom:scripting/monoscript/fileName/OneHandRotateTransformer.cs: b4ad4fec7dbc0022b27ef2f1444e1086 -> 
  custom:scripting/monoscript/fileName/WitTraitValue.cs: c4fc68c99e4126ea4ce1abd10ab830cf -> 
  custom:scripting/monoscript/fileName/IMonoBehaviourFilter.cs: 9cedc3648a1ac103150b8378e75e48c4 -> 
  custom:scripting/monoscript/fileName/BezierSurfaceEditor.cs: 3bfdf637db9318a14fc832066acdc19a -> 
  custom:scripting/monoscript/fileName/SnapSurfaceHelper.cs: 7310cd667c1f6f32da3156d4956a11cb -> 
  custom:scripting/monoscript/fileName/InputDataProviderUpdateTriggerOVR.cs: c642c70bc2d53e104962e39be79e0283 -> 
  custom:scripting/monoscript/fileName/ITween.cs: d765ab2d93516afd5cff5e65cdb523ff -> 
  custom:scripting/monoscript/fileName/DropZoneInteractable.cs: da4c91e5f510c5633065c5ee349670e0 -> 
  custom:scripting/monoscript/fileName/InteractorGroup.cs: 075c37967371ab7213a5d5cca24ff1fc -> 60fe7361e8ecd7ffeba4477da21c55fe
  custom:scripting/monoscript/fileName/WitHttp.cs: 65528eef0357ac8698cea4e277f16a7c -> 
  custom:scripting/monoscript/fileName/BoxProximityField.cs: 8381476084cb2eebc09f6205ab260a5f -> 
  custom:scripting/monoscript/fileName/ProcessStep.cs: c70de6d5eef34fc1abe9451b4eb02d17 -> 
  custom:video-codec-MediaFoundation-h265: 746d11721c4dcdbdad8f713fa42b33f4 -> 
  custom:scripting/monoscript/fileName/WitTrainingUtterance.cs: a06d2df3896850626c28c2eee2f3361f -> 
  custom:scripting/monoscript/fileName/IInteractorComparer.cs: 134007cf487fdfbaee924b7d31a3e8ab -> 
  custom:scripting/monoscript/fileName/ITeleportArc.cs: 1ea6eacef0fbe7453ebeaaedd85bf98c -> 
  custom:scripting/monoscript/fileName/CylinderSurface.cs: 06b7f3fe576c2b562f08ad1445def42f -> 5bee5d43e279f1a3b524f87759982fd3
  custom:scripting/monoscript/fileName/TagMonoBehaviourFilter.cs: 899569d8afa40a8d293811b71b3f0a56 -> 
  custom:scripting/monoscript/fileName/SphereSurface.cs: 6d8b2477044e484ea8579f6f1f45e3a8 -> 
  custom:scripting/monoscript/fileName/LastKnownGoodDataModifier.cs: 0b2c17c40fb2875f055e57a3080d7c9d -> 
  custom:video-decoder-ogg-theora: a1e56fd34408186e4bbccfd4996cb3dc -> 
  custom:scripting/monoscript/fileName/WitEntityRole.cs: 8b2af296196ddab171c9825f773f77da -> 
  custom:scripting/monoscript/fileName/PointableCylinder.cs: 9a62d083874bdd860515054a450ac594 -> 
  custom:scripting/monoscript/fileName/AudioEncoding.cs: f84b3952f084caac261984fbd264acec -> 7f68c8ddbd6875f735f3280c1aa36e92
  custom:scripting/monoscript/fileName/InteractorDriver.cs: 285df5cb75aa79644c75f1cfa1d96ee4 -> 
  custom:framework-win-MediaFoundation: 216162199b28c13a410421893ffa2e32 -> 
  custom:scripting/monoscript/fileName/ISnapPoseProvider.cs: 3ec1f733df4df3213c9abc4abfa84cf1 -> 
  custom:scripting/monoscript/fileName/IDropZoneSlotsProvider.cs: fc82a4709de8cea85e0be7e46ba6942f -> 
  custom:scripting/monoscript/fileName/IAudioInputSource.cs: 9cedc902c969604d8ecab3d4c3d431d7 -> 938d3583ac997fe47e013c96006b1b9d
  custom:scripting/monoscript/fileName/BoxProximityFieldEditor.cs: 3ca172dc25f45b576b1261d9f0fc6a13 -> 
  custom:scripting/monoscript/fileName/ArcRangeModifier.cs: df4e86005874fa14c26dde0e58fe01b3 -> 
  custom:scripting/monoscript/fileName/TrainUtterances.cs: fad5269aa3542e54bceac07b82fa9fb2 -> 
  custom:scripting/monoscript/fileName/OVRSkeletonDataProviders.cs: c9301a8aea506ae86c85f3531883f294 -> 
  custom:scripting/monoscript/fileName/BoxEditor.cs: 6cb10ba4aeba036613100827e384c6dd -> 
  custom:scripting/monoscript/fileName/BoxSurface.cs: 64c4f1d5c8f509e2ebfbbe8cc0454ae3 -> 
  custom:scripting/monoscript/fileName/HandPoseRecordable.cs: be9aebb9e35f1a89cf251d5ebe16b65e -> 
  custom:scripting/monoscript/fileName/TwoHandFreeTransformer.cs: 5484f45a8b713e7524e309309f536d2e -> 
  custom:scripting/monoscript/fileName/InteractorDriverGroup.cs: 25a18cbb0a76e7a8f37930efac2dc5e3 -> 
  custom:scripting/monoscript/fileName/InteractableTransformableConnection.cs: aa199f160bbadaf2d2b7430adb4b19a9 -> 
  custom:scripting/monoscript/fileName/JointLocking.cs: 04ef49fdef9b40429c44bd8bb4f83933 -> 
  custom:scripting/monoscript/fileName/OneHandTranslateTransformer.cs: e5593db0756115f769defd5b1bc42e7e -> 
  custom:CustomObjectIndexerAttribute: 9a22284fe3817be447336de3de66b15e -> 
  custom:scripting/monoscript/fileName/WitResponse.cs: 85febed2f7a25f57ec48693bd452c142 -> 
  custom:scripting/monoscript/fileName/OneEuroFilterRotationHand.cs: b7c0c166a2ca9babc479709621d65436 -> 
  custom:scripting/monoscript/fileName/TagInteractableFilter.cs: 6c02bfd80ff65fe2d5965298b17e0457 -> 
  custom:scripting/monoscript/fileName/PointableCylinderEditor.cs: 6340733d6723a340786b526e9320784f -> 
  custom:container-demuxer-webm: 4f35f7cbe854078d1ac9338744f61a02 -> 
  custom:scripting/monoscript/fileName/PointProximityField.cs: 0f95fb408e97956db7a3762247f8adc0 -> 
  custom:scripting/monoscript/fileName/SnapAddress.cs: c2a235d307f5033a6468630481616552 -> 
  custom:scripting/monoscript/fileName/InteractorGroupMulti.cs: 6bc778766dfc2f0ec0ad2013ae6c3d21 -> 
  custom:scripting/monoscript/fileName/MicBase.cs: 1ee5e56060961d5fcfcdfe4529504890 -> 47b01f48927768722a8422b4ac545006
  custom:scripting/monoscript/fileName/DropZoneSequentialSlotsProvider.cs: 7cdedd3fff635f926ee01eb94826964d -> 
  custom:scripting/monoscript/fileName/SnapPoint.cs: 75b9e5a0f94c20895cbed2ad0cae1535 -> 
  custom:scripting/monoscript/fileName/WitTrait.cs: 3139215512626b390a96d2cb63ff9eda -> 
  custom:scripting/monoscript/fileName/ITransformable.cs: 215a3f4eeb91cb88c54863506271ef62 -> 
  custom:scripting/monoscript/fileName/CoroutineUtility.cs: fab89599511ae356a01c13a28fda4240 -> 821d19c5ac6a7e6baf82a95f7b4d30bf
  custom:scripting/monoscript/fileName/TeleportTurningGate.cs: 575c2ab79bdb37717f3efb10cff4d8ea -> 
  custom:scripting/monoscript/fileName/InputDataProviderUpdateTriggerOVREditor.cs: 296ebd2207288873d91d6a862e3b5272 -> 
  custom:scripting/monoscript/fileName/ColliderSurface.cs: b1cd8447e0ce952dcc7d7b666e8fca92 -> fc86642c94a9542e787a844561e4e4f2
  custom:scripting/monoscript/fileName/IInteractableRegistry.cs: 90647cc400823b41df847a6cbfc29026 -> 
  custom:scripting/monoscript/fileName/OneEuroFilterPositionHand.cs: 39d5de62c6b9f655efb66d407ad08fff -> 
  custom:scripting/monoscript/fileName/TTSStreamToggle.cs: 386098d9b6e67cd0a4ee56f3a7972a48 -> 0132d2e4cd28c22eddc3810c7daa80a8
  custom:scripting/monoscript/fileName/HandGrabInteractorVisual.cs: 4e78a3e45d86e390b096cc34598495d6 -> 
  custom:scripting/monoscript/fileName/WitRole.cs: d05ae217608bc7de182f2476f0c8e04d -> 
  custom:scripting/monoscript/fileName/WitIncomingEntity.cs: 78d455e2834b5f65d08838e068a6b637 -> 
  custom:scripting/monoscript/fileName/CylinderProximityField.cs: d46f096ca0f256553da6db049bd8e1f0 -> 
  custom:scripting/monoscript/fileName/OneEuroFilterRotationDataModifier.cs: bbc3acc82de59e5fbec702d8f8197eed -> 
  custom:scripting/monoscript/fileName/WitEntity.cs: f3634f6b005d657d9256924b6ee7724f -> 
  custom:container-muxer-webm: aa71ff27fc2769a1b78a27578f13a17b -> 
  custom:video-decoder-webm-vp8: 9c59270c3fd7afecdb556c50c9e8de78 -> 
  custom:scripting/monoscript/fileName/Payload.cs: 20bf3ab20e64bae704c38145b44c13ac -> 
  custom:scripting/monoscript/fileName/EnsureWitIntentsStep.cs: b136f8e7ef96058daebe6e4670855769 -> 
  custom:scripting/monoscript/fileName/HandGrabPointEditor.cs: 1de61d722aec3955a0ced3ddd1649237 -> 
  custom:scripting/monoscript/fileName/AimingStabilizedOrigin.cs: 8e9de4ec8ed1eca16b6b5ccdd53afdc0 -> 
  custom:scripting/monoscript/fileName/WitConfigurationData.cs: 1b59f7289bf740e9ef9f2be93d10f3d4 -> 
  custom:scripting/monoscript/fileName/VoiceUnityRequest.cs: e67404959cad22b5a8fdd8bc15940a60 -> 
  custom:scripting/monoscript/fileName/SyncWitEntitiesStep.cs: 2ad573a8b9afd7f1740d493d07a4c0da -> 
  custom:scripting/monoscript/fileName/PointableDelegate.cs: 90647cc400823b41df847a6cbfc29026 -> 
  custom:SearchIndexIgnoredProperties: e643bd26f0fe6173181afceb89e7c659 -> 
  custom:scripting/monoscript/fileName/PointablePlane.cs: 0c63873222e6ee1c4bb906924cab90d1 -> 
  custom:AudioImporter_EditorPlatform: d09bf68614088b80899f8185d706f6e7 -> 
  custom:scripting/monoscript/fileName/SphereEditor.cs: 276cafd8aae7e32d736a0c4daa10ab21 -> 
  custom:scripting/monoscript/fileName/CircleProximityField.cs: 3470d85e5a68b53f46ca8356f6863551 -> 
  custom:scripting/monoscript/fileName/Transformable.cs: 5a246a64658742dc20c886d79003f704 -> 
  custom:scripting/monoscript/fileName/InteractionOVRCameraRig.cs: 19e5e98fb10016c5e6956c7b291d0f17 -> 
  custom:scripting/monoscript/fileName/ObtainIdmData.cs: 93689dcf59e4155113dc068b963c769d -> 
  custom:scripting/monoscript/fileName/HandGrabPoint.cs: f8f9a4aeaae4341c0efe8cc3e2aa5fd8 -> 
  custom:scripting/monoscript/fileName/PointableGroup.cs: aea7bf2c731b6179d62dad93c7f1a961 -> 
  custom:scripting/monoscript/fileName/TransformableUnityEventWrapper.cs: aa0309b765937680c8aa9e4e094215f7 -> 
  custom:scripting/monoscript/fileName/MicDebug.cs: 0703043cca43f55a99276c84b88d73fb -> 75d2f3a208b34ca2e9e43f6d5775eb91
  custom:scripting/monoscript/fileName/OneHandPhysicsJointTransformer.cs: e946e3b4b5cd8cde3f541291179028e9 -> 
  custom:scripting/monoscript/fileName/WitApplication.cs: 19806fe5aebcf74124ed49d589a7e43e -> 
  custom:scripting/monoscript/fileName/IInteractorDriver.cs: fc0a89f4490fc0584b64c6fc827ee895 -> 
  custom:scripting/monoscript/fileName/GrabbableUnityEventWrapper.cs: 33df70b122ad7f22db2cbfaa0b81510a -> 
  custom:scripting/monoscript/fileName/BezierSurface.cs: da0b185221f59d400e85940f5ce71c91 -> 
  custom:scripting/monoscript/fileName/InteractorComparer.cs: 90647cc400823b41df847a6cbfc29026 -> 
  custom:scripting/monoscript/fileName/HandPoseRecorder.cs: d6ebfdaa7663426067642c12a6222914 -> 
  custom:scripting/monoscript/fileName/CanvasRenderTextureMesh.cs: ba9623d0f846f302f4c58ca374ea8422 -> 
  custom:scripting/monoscript/fileName/IProximityField.cs: 1b8f3ef3bb8397988a6923ea34f554a3 -> 
  custom:scripting/monoscript/fileName/HandGrabInteractionUtilities.cs: 5e1b87f0c932124d19544f2653fcf382 -> 
  custom:scripting/monoscript/fileName/OneHandFreeTransformer.cs: 80b454bb7a7e54382c3e5a83c645a9b0 -> 
  custom:scripting/monoscript/fileName/TwoHandPlaneTransformer.cs: 82508aadcccc9aaae16a3d02dab1f1dd -> 
  custom:scripting/monoscript/fileName/IWitHttp.cs: 91506f2edcd3bae61fa15b5c8c35b6d5 -> 
  custom:scripting/monoscript/fileName/JointRotationHistoryModifier.cs: b84eeaa16ce785ca3e0b5335f31473cc -> 
  custom:scripting/monoscript/fileName/TTSWitVoiceData.cs: 879b5b5a667decd113f2ef27fec58193 -> 
  custom:video-encoder-webm-vp8: eb34c28f22e8b96e1ab97ce403110664 -> 
  custom:scripting/monoscript/fileName/FingerGrabAPI.cs: f38129e37b49d6e3a171bd504092712b -> 
  custom:scripting/monoscript/fileName/DummyDataModifier.cs: ebbb5589f565d8685d37bb183b4c3ff4 -> 
  custom:scripting/monoscript/fileName/IDistanceInteractable.cs: c2d2949b74e1e24067c043dc8ee82c5a -> 
  custom:audio-decoder-ogg-vorbis: bf7c407c2cedff20999df2af8eb42d56 -> 
  custom:scripting/monoscript/fileName/SyntheticHandModifier.cs: 873320c031209152e80a3521b7c6e3f2 -> 
  custom:scripting/monoscript/fileName/ISnapSurface.cs: e613c1039942a8c6f8524e6d36ccbc1b -> 
  custom:scripting/monoscript/fileName/HandGrab.cs: 50288240abd576346d83074011541b5b -> 
  custom:scripting/monoscript/fileName/TTSSpeakerInput.cs: 827d47b543f4663c13881e200e539afd -> 9224de466064073281bc72c5b8b2748c
  custom:scripting/monoscript/fileName/OneEuroFilterPositionDataModifier.cs: da29522a4b6eb1cb5f6511bdbdd27a95 -> 
  custom:scripting/monoscript/fileName/WitTrainingEntity.cs: f6d2096c03af45821ae473c66af255f2 -> 
  custom:scripting/monoscript/fileName/WitEntityKeyword.cs: b5b67313fa30a40635477940a31ddbde -> 
  custom:scripting/monoscript/fileName/PointableGrabbableConnection.cs: 35ac7dedcc44186f6f6c7bf3730e6343 -> 
  custom:scripting/monoscript/fileName/FixedScaleDataModifier.cs: 89e1be89d924ac28373337b3361e61dd -> 
  custom:scripting/monoscript/fileName/PointablePlaneEditor.cs: 37a91ecc3d62d378d68629c686a51361 -> 
  custom:scripting/monoscript/fileName/WitTrainer.cs: 5fb3c95ba24e9cf857cd9b4cee94291b -> 
  custom:scripting/monoscript/fileName/IInteractableFilter.cs: 81259a32cb7c13def6a0b70f08c66048 -> 
  custom:scripting/monoscript/fileName/TTSStatusLabel.cs: 17147acb333fe55f1217dee5b341ea9e -> 
  custom:scripting/monoscript/fileName/DropZoneInteractor.cs: 76b4b17e6eac72d8f5a16e87fd0e63b5 -> 
  custom:scripting/monoscript/fileName/IAspectProvider.cs: 9859c5919d893814fee2cdd590f4f949 -> 
  custom:scripting/monoscript/fileName/OnConduitFailedParameterResolutionAttribute.cs: 60901a81960a7c5a81c752381f8034ab -> 
  custom:scripting/monoscript/fileName/Mic.cs: 525051591b471bdbfa16530d37dcb655 -> 5fc48121bdfa6f25d9345006a81f8860
  custom:scripting/monoscript/fileName/TTSCacheToggle.cs: fef530a103c6b74722a7b6f18941e54c -> 410df47b336bde136543845320d773f8
  custom:scripting/monoscript/fileName/MicPermissionsManager.cs: 81a336319435a61331b696a347e78b9e -> f25de0368c3638f9a3bd7e7f63f0755a
  custom:scripting/monoscript/fileName/StepRunner.cs: 6ab640738f608e4b47206553c39b2c58 -> 
  custom:scripting/monoscript/fileName/WitUnityRequest.cs: 2bd88b304dddeb742392b5d5568e7bf7 -> 156bc76d85c310a98e115eec74a771cd
  custom:audio-encoder-webm-vorbis: bf7c407c2cedff20999df2af8eb42d56 -> 
  custom:scripting/monoscript/fileName/CircleProximityFieldEditor.cs: 55b157de94575afe7fdac58cd51e3b1c -> 
  custom:scripting/monoscript/fileName/TTSErrorText.cs: f03cdbc7b1d745067e8f357414e703b1 -> 21a4d51c9f7822c5dae2e2c7e2605044
  custom:scripting/monoscript/fileName/FingerPinchAPI.cs: 478ca37299a2b7ce3d309683ce89043a -> 
  custom:scripting/monoscript/fileName/IPointableSurface.cs: d7a8e441db2730be64c585bb12bf4db1 -> 
  custom:scripting/monoscript/fileName/PhysicsTransformable.cs: 5811faf37734ce7ec9b28418c4758de1 -> 
  custom:scripting/monoscript/fileName/PitchRemap.cs: 5b7277eeb0a8effc4822cb897b70f197 -> 
  custom:scripting/monoscript/fileName/WitOutgoingEntity.cs: c7126ba0b7fa09ef7a925f4dc186e5b7 -> 
  custom:scripting/monoscript/fileName/LocomotionGateVisual.cs: e25bbb39051f52b97c3e93bb37ab390d -> 
  custom:scripting/monoscript/fileName/TTSWitVoiceUtility.cs: eee5b9af7f1fc7fc0da148c8bdf0ad4f -> 
  custom:scripting/monoscript/fileName/HandleEntityResolutionFailureAttribute.cs: c6e2d1dd1bcaba0322547519e0e12ac7 -> 
========================================================================
Received Import Request.
  Time since last request: 287523.913797 seconds.
  path: Assets/Oculus/VR/Editor/OVRGradleGeneration.cs
  artifactKey: Guid(ee7053149e3a159409d4deeb2f2e687f) Importer(2089858483,0ecaa5967403d082aa24f35e1b516d23)
Start importing Assets/Oculus/VR/Editor/OVRGradleGeneration.cs using Guid(ee7053149e3a159409d4deeb2f2e687f) Importer(2089858483,0ecaa5967403d082aa24f35e1b516d23) [PhysX] Initialized MultithreadedTaskDispatcher with 32 workers.
 -> (artifact id: '868057bdedded1a3b1d1d3908e8e3b85') in 0.104804 seconds
Number of updated asset objects reloaded before import = 0
Number of asset objects unloaded after import = 1
========================================================================
Received Import Request.
  Time since last request: 0.000050 seconds.
  path: Assets/Oculus/VR/Scripts/OVRSemanticClassification.cs
  artifactKey: Guid(d27eb19907558e74dac38868da186e37) Importer(2089858483,0ecaa5967403d082aa24f35e1b516d23)
Start importing Assets/Oculus/VR/Scripts/OVRSemanticClassification.cs using Guid(d27eb19907558e74dac38868da186e37) Importer(2089858483,0ecaa5967403d082aa24f35e1b516d23) [PhysX] Initialized MultithreadedTaskDispatcher with 32 workers.
 -> (artifact id: '1eede8679038e24c0d4f23a84f7ee4fb') in 0.013978 seconds
Number of updated asset objects reloaded before import = 0
Number of asset objects unloaded after import = 1
========================================================================
Received Import Request.
  Time since last request: 0.000151 seconds.
  path: Assets/Oculus/VR/Plugins/placeholder.txt
  artifactKey: Guid(6c111fff50cd6404baf2b833432e6ee8) Importer(2089858483,0ecaa5967403d082aa24f35e1b516d23)
Start importing Assets/Oculus/VR/Plugins/placeholder.txt using Guid(6c111fff50cd6404baf2b833432e6ee8) Importer(2089858483,0ecaa5967403d082aa24f35e1b516d23) [PhysX] Initialized MultithreadedTaskDispatcher with 32 workers.
 -> (artifact id: '8e44310d2a93768aed56233f8752ce98') in 0.012517 seconds
Number of updated asset objects reloaded before import = 0
Number of asset objects unloaded after import = 1
========================================================================
Received Import Request.
  Time since last request: 0.000026 seconds.
  path: Assets/Oculus/VR/Scripts/OVREyeGaze.cs
  artifactKey: Guid(28dd40a6d175d01498e0477360d6c070) Importer(2089858483,0ecaa5967403d082aa24f35e1b516d23)
Start importing Assets/Oculus/VR/Scripts/OVREyeGaze.cs using Guid(28dd40a6d175d01498e0477360d6c070) Importer(2089858483,0ecaa5967403d082aa24f35e1b516d23) [PhysX] Initialized MultithreadedTaskDispatcher with 32 workers.
 -> (artifact id: 'b86b1790a694c82ba739515b0fbcdfc5') in 0.007938 seconds
Number of updated asset objects reloaded before import = 0
Number of asset objects unloaded after import = 1
========================================================================
Received Import Request.
  Time since last request: 0.000157 seconds.
  path: Assets/Oculus/VR/ThirdParty/openvr_api.cs
  artifactKey: Guid(4c67f43f52cf38445a66e0ccabcd3ce1) Importer(2089858483,0ecaa5967403d082aa24f35e1b516d23)
Start importing Assets/Oculus/VR/ThirdParty/openvr_api.cs using Guid(4c67f43f52cf38445a66e0ccabcd3ce1) Importer(2089858483,0ecaa5967403d082aa24f35e1b516d23) [PhysX] Initialized MultithreadedTaskDispatcher with 32 workers.
 -> (artifact id: 'fe904a0e33852b34c6ea9c59cf84f76c') in 0.008199 seconds
Number of updated asset objects reloaded before import = 0
Number of asset objects unloaded after import = 1
========================================================================
Received Import Request.
  Time since last request: 0.000063 seconds.
  path: Assets/Oculus/VR/Scripts/OVRSceneRoom.cs
  artifactKey: Guid(072d24c3e0f549549a35c48de676488f) Importer(2089858483,0ecaa5967403d082aa24f35e1b516d23)
Start importing Assets/Oculus/VR/Scripts/OVRSceneRoom.cs using Guid(072d24c3e0f549549a35c48de676488f) Importer(2089858483,0ecaa5967403d082aa24f35e1b516d23) [PhysX] Initialized MultithreadedTaskDispatcher with 32 workers.
 -> (artifact id: '5253c76df15bc315243198ed42c4ec43') in 0.011448 seconds
Number of updated asset objects reloaded before import = 0
Number of asset objects unloaded after import = 1
========================================================================
Received Import Request.
  Time since last request: 0.000120 seconds.
  path: Assets/Oculus/VR/Editor/OVRSceneVolumeEditor.cs
  artifactKey: Guid(dba6beb1c5b34084f8be182754c5293e) Importer(2089858483,0ecaa5967403d082aa24f35e1b516d23)
Start importing Assets/Oculus/VR/Editor/OVRSceneVolumeEditor.cs using Guid(dba6beb1c5b34084f8be182754c5293e) Importer(2089858483,0ecaa5967403d082aa24f35e1b516d23) [PhysX] Initialized MultithreadedTaskDispatcher with 32 workers.
 -> (artifact id: '8c214fbca44176c88d10c9c379a52703') in 0.017143 seconds
Number of updated asset objects reloaded before import = 0
Number of asset objects unloaded after import = 1
========================================================================
Received Import Request.
  Time since last request: 0.000104 seconds.
  path: Assets/Oculus/VR/Scripts/OVRProfile.cs
  artifactKey: Guid(08539141953f28e439731aaf7cd5362f) Importer(2089858483,0ecaa5967403d082aa24f35e1b516d23)
Start importing Assets/Oculus/VR/Scripts/OVRProfile.cs using Guid(08539141953f28e439731aaf7cd5362f) Importer(2089858483,0ecaa5967403d082aa24f35e1b516d23) [PhysX] Initialized MultithreadedTaskDispatcher with 32 workers.
 -> (artifact id: 'db9749851b3970d7ec9402aae28f3cfa') in 0.014806 seconds
Number of updated asset objects reloaded before import = 0
Number of asset objects unloaded after import = 1
========================================================================
Received Import Request.
  Time since last request: 0.000025 seconds.
  path: Assets/Oculus/VR/Scripts/OVRHapticsClip.cs
  artifactKey: Guid(c123270a848515b458069b5242866451) Importer(2089858483,0ecaa5967403d082aa24f35e1b516d23)
Start importing Assets/Oculus/VR/Scripts/OVRHapticsClip.cs using Guid(c123270a848515b458069b5242866451) Importer(2089858483,0ecaa5967403d082aa24f35e1b516d23) [PhysX] Initialized MultithreadedTaskDispatcher with 32 workers.
 -> (artifact id: '3594f5592d4f3e852e740de7cb87f8e9') in 0.015068 seconds
Number of updated asset objects reloaded before import = 0
Number of asset objects unloaded after import = 1
========================================================================
Received Import Request.
  Time since last request: 0.000114 seconds.
  path: Assets/Oculus/VR/Prefabs/OVRCustomHandPrefab_L.prefab
  artifactKey: Guid(c6a74181d4000004887343fb87b3c53a) Importer(2089858483,0ecaa5967403d082aa24f35e1b516d23)
Start importing Assets/Oculus/VR/Prefabs/OVRCustomHandPrefab_L.prefab using Guid(c6a74181d4000004887343fb87b3c53a) Importer(2089858483,0ecaa5967403d082aa24f35e1b516d23) [PhysX] Initialized MultithreadedTaskDispatcher with 32 workers.
 -> (artifact id: 'e8ea0bb7a98eb73b88d02f32615e12ba') in 0.054194 seconds
Number of updated asset objects reloaded before import = 0
Number of asset objects unloaded after import = 169
========================================================================
Received Import Request.
  Time since last request: 0.000021 seconds.
  path: Assets/Oculus/VR/Scripts/OVRSkeletonMetadata.cs
  artifactKey: Guid(ff4b184f6c613254eba5a61d3bca5576) Importer(2089858483,0ecaa5967403d082aa24f35e1b516d23)
Start importing Assets/Oculus/VR/Scripts/OVRSkeletonMetadata.cs using Guid(ff4b184f6c613254eba5a61d3bca5576) Importer(2089858483,0ecaa5967403d082aa24f35e1b516d23) [PhysX] Initialized MultithreadedTaskDispatcher with 32 workers.
 -> (artifact id: 'd4e1944763f76763d093f6e59ec6bf63') in 0.013165 seconds
Number of updated asset objects reloaded before import = 0
Number of asset objects unloaded after import = 1
========================================================================
Received Import Request.
  Time since last request: 0.000099 seconds.
  path: Assets/Oculus/AudioManager/Scenes/Scripts/TestScript.cs
  artifactKey: Guid(cfae243ecd01edd49bd439c56a8b18cf) Importer(2089858483,0ecaa5967403d082aa24f35e1b516d23)
Start importing Assets/Oculus/AudioManager/Scenes/Scripts/TestScript.cs using Guid(cfae243ecd01edd49bd439c56a8b18cf) Importer(2089858483,0ecaa5967403d082aa24f35e1b516d23) [PhysX] Initialized MultithreadedTaskDispatcher with 32 workers.
 -> (artifact id: '71fb0ab11d14d52f3704cb2d8a652df2') in 0.009117 seconds
Number of updated asset objects reloaded before import = 0
Number of asset objects unloaded after import = 1
========================================================================
Received Import Request.
  Time since last request: 0.000085 seconds.
  path: Assets/Oculus/VR/Materials/SelfieMat.mat
  artifactKey: Guid(8bad5fdcacc3848e08780239d9578531) Importer(2089858483,0ecaa5967403d082aa24f35e1b516d23)
Start importing Assets/Oculus/VR/Materials/SelfieMat.mat using Guid(8bad5fdcacc3848e08780239d9578531) Importer(2089858483,0ecaa5967403d082aa24f35e1b516d23) [PhysX] Initialized MultithreadedTaskDispatcher with 32 workers.
 -> (artifact id: 'd9a362a30fc48379d250a4af836aef45') in 0.018170 seconds
Number of updated asset objects reloaded before import = 0
Number of asset objects unloaded after import = 1
========================================================================
Received Import Request.
  Time since last request: 0.000076 seconds.
  path: Assets/Oculus/VR/Prefabs/OVRControllerPrefab.prefab
  artifactKey: Guid(d9809c5e8418bb047bf2c8ba1d1a2cec) Importer(2089858483,0ecaa5967403d082aa24f35e1b516d23)
Start importing Assets/Oculus/VR/Prefabs/OVRControllerPrefab.prefab using Guid(d9809c5e8418bb047bf2c8ba1d1a2cec) Importer(2089858483,0ecaa5967403d082aa24f35e1b516d23) [PhysX] Initialized MultithreadedTaskDispatcher with 32 workers.
 -> (artifact id: '6f6c30afd2b4ad9cd477b6329f2f958a') in 0.054256 seconds
Number of updated asset objects reloaded before import = 0
Number of asset objects unloaded after import = 271
========================================================================
Received Import Request.
  Time since last request: 0.000021 seconds.
  path: Assets/Oculus/VR/Materials/BasicHandMaterial.mat
  artifactKey: Guid(5ba7d209f622bb44e87b47ce27ee27b7) Importer(2089858483,0ecaa5967403d082aa24f35e1b516d23)
Start importing Assets/Oculus/VR/Materials/BasicHandMaterial.mat using Guid(5ba7d209f622bb44e87b47ce27ee27b7) Importer(2089858483,0ecaa5967403d082aa24f35e1b516d23) [PhysX] Initialized MultithreadedTaskDispatcher with 32 workers.
 -> (artifact id: 'ab1593e858dced27e56cace05317ff9a') in 0.040356 seconds
Number of updated asset objects reloaded before import = 0
Number of asset objects unloaded after import = 2
========================================================================
Received Import Request.
  Time since last request: 2.578326 seconds.
  path: Assets/Oculus/AudioManager/Scripts/Utils/InspectorNoteAttribute.cs
  artifactKey: Guid(4616bbe65d311471f8d71174295f4986) Importer(2089858483,0ecaa5967403d082aa24f35e1b516d23)
Start importing Assets/Oculus/AudioManager/Scripts/Utils/InspectorNoteAttribute.cs using Guid(4616bbe65d311471f8d71174295f4986) Importer(2089858483,0ecaa5967403d082aa24f35e1b516d23) [PhysX] Initialized MultithreadedTaskDispatcher with 32 workers.
 -> (artifact id: '86d49a47f74d96b7f6abeb20fb72346c') in 0.025976 seconds
Number of updated asset objects reloaded before import = 0
Number of asset objects unloaded after import = 1
========================================================================
Received Import Request.
  Time since last request: 0.000130 seconds.
  path: Assets/Oculus/Interaction/Samples/Objects/SmallRoom.prefab
  artifactKey: Guid(c19a2d64274b96e46aa2fae15534447c) Importer(2089858483,0ecaa5967403d082aa24f35e1b516d23)
Start importing Assets/Oculus/Interaction/Samples/Objects/SmallRoom.prefab using Guid(c19a2d64274b96e46aa2fae15534447c) Importer(2089858483,0ecaa5967403d082aa24f35e1b516d23) [PhysX] Initialized MultithreadedTaskDispatcher with 32 workers.
 -> (artifact id: '25b8c284319b2c474f21920f3f382566') in 0.031317 seconds
Number of updated asset objects reloaded before import = 0
Number of asset objects unloaded after import = 70
========================================================================
Received Import Request.
  Time since last request: 0.000017 seconds.
  path: Assets/Oculus/Interaction/Samples/Materials/FramePoseTwoHandedParticle.mat
  artifactKey: Guid(4f0bfa166f8d21e4f8b433ae64c0c0c0) Importer(2089858483,0ecaa5967403d082aa24f35e1b516d23)
Start importing Assets/Oculus/Interaction/Samples/Materials/FramePoseTwoHandedParticle.mat using Guid(4f0bfa166f8d21e4f8b433ae64c0c0c0) Importer(2089858483,0ecaa5967403d082aa24f35e1b516d23) [PhysX] Initialized MultithreadedTaskDispatcher with 32 workers.
 -> (artifact id: '5e54233316c3fc6fcabf2626295fa307') in 0.026286 seconds
Number of updated asset objects reloaded before import = 0
Number of asset objects unloaded after import = 2
========================================================================
Received Import Request.
  Time since last request: 0.000024 seconds.
  path: Assets/Oculus/Interaction/Runtime/Materials/LocomotionIndicatorMaterial.mat
  artifactKey: Guid(e0c493fb22c458946bd44e502efbecd7) Importer(2089858483,0ecaa5967403d082aa24f35e1b516d23)
Start importing Assets/Oculus/Interaction/Runtime/Materials/LocomotionIndicatorMaterial.mat using Guid(e0c493fb22c458946bd44e502efbecd7) Importer(2089858483,0ecaa5967403d082aa24f35e1b516d23) [PhysX] Initialized MultithreadedTaskDispatcher with 32 workers.
 -> (artifact id: '87712317b0a008fb021197e2c72bdcbc') in 0.015311 seconds
Number of updated asset objects reloaded before import = 0
Number of asset objects unloaded after import = 1
========================================================================
Received Import Request.
  Time since last request: 0.000015 seconds.
  path: Assets/Oculus/Interaction/Runtime/Materials/OculusHandCursor.mat
  artifactKey: Guid(882d323910ef3bf4c88fb92c491a5ef6) Importer(2089858483,0ecaa5967403d082aa24f35e1b516d23)
Start importing Assets/Oculus/Interaction/Runtime/Materials/OculusHandCursor.mat using Guid(882d323910ef3bf4c88fb92c491a5ef6) Importer(2089858483,0ecaa5967403d082aa24f35e1b516d23) [PhysX] Initialized MultithreadedTaskDispatcher with 32 workers.
 -> (artifact id: 'c21ec73bb59e8b42abcfc4a78d2f9418') in 0.009713 seconds
Number of updated asset objects reloaded before import = 0
Number of asset objects unloaded after import = 1
========================================================================
Received Import Request.
  Time since last request: 0.000016 seconds.
  path: Assets/Oculus/Interaction/Samples/Animations/Meta_LocationDoors.controller
  artifactKey: Guid(c84861587cd40b444928b69c626b5803) Importer(2089858483,0ecaa5967403d082aa24f35e1b516d23)
Start importing Assets/Oculus/Interaction/Samples/Animations/Meta_LocationDoors.controller using Guid(c84861587cd40b444928b69c626b5803) Importer(2089858483,0ecaa5967403d082aa24f35e1b516d23) [PhysX] Initialized MultithreadedTaskDispatcher with 32 workers.
 -> (artifact id: '17672cb37cacbe3113e089743d8fb53b') in 0.015807 seconds
Number of updated asset objects reloaded before import = 0
Number of asset objects unloaded after import = 5
========================================================================
Received Import Request.
  Time since last request: 0.000021 seconds.
  path: Assets/Oculus/Interaction/Runtime/Materials/UIDefaultOverlay.mat
  artifactKey: Guid(bc9f80a2ae0e0a24d870176e48ab1b93) Importer(2089858483,0ecaa5967403d082aa24f35e1b516d23)
Start importing Assets/Oculus/Interaction/Runtime/Materials/UIDefaultOverlay.mat using Guid(bc9f80a2ae0e0a24d870176e48ab1b93) Importer(2089858483,0ecaa5967403d082aa24f35e1b516d23) [PhysX] Initialized MultithreadedTaskDispatcher with 32 workers.
 -> (artifact id: '3e5dd722323e69dd2230189f79581698') in 0.039233 seconds
Number of updated asset objects reloaded before import = 0
Number of asset objects unloaded after import = 1
========================================================================
Received Import Request.
  Time since last request: 0.000021 seconds.
  path: Assets/Oculus/Interaction/Runtime/Shaders/DotGridUnlit.shader
  artifactKey: Guid(43bc449c40895214cac9066b6664fc67) Importer(2089858483,0ecaa5967403d082aa24f35e1b516d23)
Start importing Assets/Oculus/Interaction/Runtime/Shaders/DotGridUnlit.shader using Guid(43bc449c40895214cac9066b6664fc67) Importer(2089858483,0ecaa5967403d082aa24f35e1b516d23) [PhysX] Initialized MultithreadedTaskDispatcher with 32 workers.
 -> (artifact id: 'f9e04f8b88a23174957f4abafc89cf4f') in 0.017160 seconds
Number of updated asset objects reloaded before import = 0
Number of asset objects unloaded after import = 1
========================================================================
Received Import Request.
  Time since last request: 0.000081 seconds.
  path: Assets/Oculus/Interaction/Editor/Body/BodyPoseRecorder.cs
  artifactKey: Guid(580dbef906f46f1449a123971c210b75) Importer(2089858483,0ecaa5967403d082aa24f35e1b516d23)
Start importing Assets/Oculus/Interaction/Editor/Body/BodyPoseRecorder.cs using Guid(580dbef906f46f1449a123971c210b75) Importer(2089858483,0ecaa5967403d082aa24f35e1b516d23) [PhysX] Initialized MultithreadedTaskDispatcher with 32 workers.
 -> (artifact id: '9c3b5f31a05a71e16326b9937f419788') in 0.009852 seconds
Number of updated asset objects reloaded before import = 0
Number of asset objects unloaded after import = 1
========================================================================
Received Import Request.
  Time since last request: 0.000116 seconds.
  path: Assets/Oculus/Interaction/Samples/Materials/DebugBody.fbx
  artifactKey: Guid(5b25e751187aed74499ddb0afb0dc5a3) Importer(2089858483,0ecaa5967403d082aa24f35e1b516d23)
Start importing Assets/Oculus/Interaction/Samples/Materials/DebugBody.fbx using Guid(5b25e751187aed74499ddb0afb0dc5a3) Importer(2089858483,0ecaa5967403d082aa24f35e1b516d23) [PhysX] Initialized MultithreadedTaskDispatcher with 32 workers.
 -> (artifact id: 'ab8d7d7318df03f25375836694776b24') in 0.051105 seconds
Number of updated asset objects reloaded before import = 0
Number of asset objects unloaded after import = 8
========================================================================
Received Import Request.
  Time since last request: 0.000018 seconds.
  path: Assets/Oculus/Interaction/Samples/Meshes/DebugBody.asset
  artifactKey: Guid(e483f2024314cb844a60edb600e9eff3) Importer(2089858483,0ecaa5967403d082aa24f35e1b516d23)
Start importing Assets/Oculus/Interaction/Samples/Meshes/DebugBody.asset using Guid(e483f2024314cb844a60edb600e9eff3) Importer(2089858483,0ecaa5967403d082aa24f35e1b516d23) [PhysX] Initialized MultithreadedTaskDispatcher with 32 workers.
 -> (artifact id: '9ba810ad77fd16cf55a807b28aa4ce5c') in 0.014387 seconds
Number of updated asset objects reloaded before import = 0
Number of asset objects unloaded after import = 1
========================================================================
Received Import Request.
  Time since last request: 0.000105 seconds.
  path: Assets/Oculus/Interaction/Editor/Scripts/PhongPbrMaterialDescriptionPostprocessor.cs
  artifactKey: Guid(f472ecf83ab847938d92dbb8e1025d38) Importer(2089858483,0ecaa5967403d082aa24f35e1b516d23)
Start importing Assets/Oculus/Interaction/Editor/Scripts/PhongPbrMaterialDescriptionPostprocessor.cs using Guid(f472ecf83ab847938d92dbb8e1025d38) Importer(2089858483,0ecaa5967403d082aa24f35e1b516d23) [PhysX] Initialized MultithreadedTaskDispatcher with 32 workers.
 -> (artifact id: '8ee0e82aad1557993bcca77e4de8c49a') in 0.020528 seconds
Number of updated asset objects reloaded before import = 0
Number of asset objects unloaded after import = 1
========================================================================
Received Import Request.
  Time since last request: 0.000053 seconds.
  path: Assets/Oculus/Interaction/Runtime/Materials/UIUnderlayImposter.mat
  artifactKey: Guid(5c093e4058df12042a75bcb967ca1554) Importer(2089858483,0ecaa5967403d082aa24f35e1b516d23)
Start importing Assets/Oculus/Interaction/Runtime/Materials/UIUnderlayImposter.mat using Guid(5c093e4058df12042a75bcb967ca1554) Importer(2089858483,0ecaa5967403d082aa24f35e1b516d23) [PhysX] Initialized MultithreadedTaskDispatcher with 32 workers.
 -> (artifact id: 'bc71a6a482495c805144b6ba79126821') in 0.011965 seconds
Number of updated asset objects reloaded before import = 0
Number of asset objects unloaded after import = 1
========================================================================
Received Import Request.
  Time since last request: 0.000080 seconds.
  path: Assets/Oculus/Interaction/Samples/Materials/ThumbsUp.mat
  artifactKey: Guid(a4c9f2c1fbaa2df4b96621830e060af2) Importer(2089858483,0ecaa5967403d082aa24f35e1b516d23)
Start importing Assets/Oculus/Interaction/Samples/Materials/ThumbsUp.mat using Guid(a4c9f2c1fbaa2df4b96621830e060af2) Importer(2089858483,0ecaa5967403d082aa24f35e1b516d23) [PhysX] Initialized MultithreadedTaskDispatcher with 32 workers.
 -> (artifact id: 'a99e585a65a26d3a9ba297cff45afeb1') in 0.011217 seconds
Number of updated asset objects reloaded before import = 0
Number of asset objects unloaded after import = 2
========================================================================
Received Import Request.
  Time since last request: 0.000230 seconds.
  path: Assets/Oculus/Interaction/Runtime/Meshes/OculusHandPinchArrowBlended.fbx
  artifactKey: Guid(dca3d72ce32048e409eaaf754210cfe8) Importer(2089858483,0ecaa5967403d082aa24f35e1b516d23)
Start importing Assets/Oculus/Interaction/Runtime/Meshes/OculusHandPinchArrowBlended.fbx using Guid(dca3d72ce32048e409eaaf754210cfe8) Importer(2089858483,0ecaa5967403d082aa24f35e1b516d23) [PhysX] Initialized MultithreadedTaskDispatcher with 32 workers.
 -> (artifact id: '7526f6471989dbcf3a8bd114d659658c') in 0.024861 seconds
Number of updated asset objects reloaded before import = 0
Number of asset objects unloaded after import = 6
========================================================================
Received Import Request.
  Time since last request: 0.000031 seconds.
  path: Assets/Oculus/Interaction/Editor/Utils/PluginUpdater.cs
  artifactKey: Guid(bd9fd0b607103c74db62fc7a640c4779) Importer(2089858483,0ecaa5967403d082aa24f35e1b516d23)
Start importing Assets/Oculus/Interaction/Editor/Utils/PluginUpdater.cs using Guid(bd9fd0b607103c74db62fc7a640c4779) Importer(2089858483,0ecaa5967403d082aa24f35e1b516d23) [PhysX] Initialized MultithreadedTaskDispatcher with 32 workers.
 -> (artifact id: 'a8fe9a5afdd0d255b612efe9b291f9fc') in 0.019570 seconds
Number of updated asset objects reloaded before import = 0
Number of asset objects unloaded after import = 1
========================================================================
Received Import Request.
  Time since last request: 0.000017 seconds.
  path: Assets/Oculus/Interaction/Samples/Materials/SkyboxGradient.mat
  artifactKey: Guid(220c53501a6feeb44842c61d7364609c) Importer(2089858483,0ecaa5967403d082aa24f35e1b516d23)
Start importing Assets/Oculus/Interaction/Samples/Materials/SkyboxGradient.mat using Guid(220c53501a6feeb44842c61d7364609c) Importer(2089858483,0ecaa5967403d082aa24f35e1b516d23) [PhysX] Initialized MultithreadedTaskDispatcher with 32 workers.
 -> (artifact id: 'bf65aa153466af34ab2be52a1c56de11') in 0.014728 seconds
Number of updated asset objects reloaded before import = 0
Number of asset objects unloaded after import = 1
========================================================================
Received Import Request.
  Time since last request: 0.000024 seconds.
  path: Assets/Oculus/Interaction/Runtime/Prefabs/ControllerHands.prefab
  artifactKey: Guid(13488c79ceaed7c4294a1b8e8d48de47) Importer(2089858483,0ecaa5967403d082aa24f35e1b516d23)
Start importing Assets/Oculus/Interaction/Runtime/Prefabs/ControllerHands.prefab using Guid(13488c79ceaed7c4294a1b8e8d48de47) Importer(2089858483,0ecaa5967403d082aa24f35e1b516d23) [PhysX] Initialized MultithreadedTaskDispatcher with 32 workers.
 -> (artifact id: '8a1e5a65841571aed37527175330f81a') in 0.017723 seconds
Number of updated asset objects reloaded before import = 0
Number of asset objects unloaded after import = 24
========================================================================
Received Import Request.
  Time since last request: 0.000068 seconds.
  path: Assets/Oculus/Interaction/Editor/UnityCanvas/CanvasCylinderEditor.cs
  artifactKey: Guid(944333c358971834fae9279e521984bd) Importer(2089858483,0ecaa5967403d082aa24f35e1b516d23)
Start importing Assets/Oculus/Interaction/Editor/UnityCanvas/CanvasCylinderEditor.cs using Guid(944333c358971834fae9279e521984bd) Importer(2089858483,0ecaa5967403d082aa24f35e1b516d23) [PhysX] Initialized MultithreadedTaskDispatcher with 32 workers.
 -> (artifact id: 'f259eaa76a8f63501b4dae85b56ce199') in 0.022269 seconds
Number of updated asset objects reloaded before import = 0
Number of asset objects unloaded after import = 1
========================================================================
Received Import Request.
  Time since last request: 0.000207 seconds.
  path: Assets/Oculus/Interaction/Samples/Animations/TutorialLocomotion_TeleportRay.controller
  artifactKey: Guid(000e616b56d923e45ae9bc2bf0571aa6) Importer(2089858483,0ecaa5967403d082aa24f35e1b516d23)
Start importing Assets/Oculus/Interaction/Samples/Animations/TutorialLocomotion_TeleportRay.controller using Guid(000e616b56d923e45ae9bc2bf0571aa6) Importer(2089858483,0ecaa5967403d082aa24f35e1b516d23) [PhysX] Initialized MultithreadedTaskDispatcher with 32 workers.
 -> (artifact id: '8f4e10af9bb13b514c983c145e032530') in 0.016792 seconds
Number of updated asset objects reloaded before import = 0
Number of asset objects unloaded after import = 11
========================================================================
Received Import Request.
  Time since last request: 0.000017 seconds.
  path: Assets/Oculus/Interaction/Samples/Scripts/CountdownTimer.cs
  artifactKey: Guid(80adaa84dcdec2b41981fa223dab63f0) Importer(2089858483,0ecaa5967403d082aa24f35e1b516d23)
Start importing Assets/Oculus/Interaction/Samples/Scripts/CountdownTimer.cs using Guid(80adaa84dcdec2b41981fa223dab63f0) Importer(2089858483,0ecaa5967403d082aa24f35e1b516d23) [PhysX] Initialized MultithreadedTaskDispatcher with 32 workers.
 -> (artifact id: '79fe4dc56c63ca66b66aeb9338051c87') in 0.013094 seconds
Number of updated asset objects reloaded before import = 0
Number of asset objects unloaded after import = 1
========================================================================
Received Import Request.
  Time since last request: 0.000091 seconds.
  path: Assets/Oculus/Interaction/Runtime/Materials/ProceduralArcMaterial.mat
  artifactKey: Guid(ed965723b6756dc4faaa410790e98e31) Importer(2089858483,0ecaa5967403d082aa24f35e1b516d23)
Start importing Assets/Oculus/Interaction/Runtime/Materials/ProceduralArcMaterial.mat using Guid(ed965723b6756dc4faaa410790e98e31) Importer(2089858483,0ecaa5967403d082aa24f35e1b516d23) [PhysX] Initialized MultithreadedTaskDispatcher with 32 workers.
 -> (artifact id: '725eb2d0caac172a8da9f54ef7f59ba2') in 0.013011 seconds
Number of updated asset objects reloaded before import = 0
Number of asset objects unloaded after import = 1
========================================================================
Received Import Request.
  Time since last request: 0.000060 seconds.
  path: Assets/Oculus/Interaction/Runtime/Prefabs/Hmd.prefab
  artifactKey: Guid(982ea7c9970bf124bb5535f9df2f9531) Importer(2089858483,0ecaa5967403d082aa24f35e1b516d23)
Start importing Assets/Oculus/Interaction/Runtime/Prefabs/Hmd.prefab using Guid(982ea7c9970bf124bb5535f9df2f9531) Importer(2089858483,0ecaa5967403d082aa24f35e1b516d23) [PhysX] Initialized MultithreadedTaskDispatcher with 32 workers.
 -> (artifact id: '04bdd761f2b2bbd07d574bd241ea38aa') in 0.022046 seconds
Number of updated asset objects reloaded before import = 0
Number of asset objects unloaded after import = 5
========================================================================
Received Import Request.
  Time since last request: 2.494468 seconds.
  path: Assets/Oculus/Interaction/Samples/Scripts/ScaleAudioEvents.cs
  artifactKey: Guid(ced30fb0d3378c442934280394576509) Importer(2089858483,0ecaa5967403d082aa24f35e1b516d23)
Start importing Assets/Oculus/Interaction/Samples/Scripts/ScaleAudioEvents.cs using Guid(ced30fb0d3378c442934280394576509) Importer(2089858483,0ecaa5967403d082aa24f35e1b516d23) [PhysX] Initialized MultithreadedTaskDispatcher with 32 workers.
 -> (artifact id: '731add0cd8a8f5eb9bcb2df7143899fb') in 0.027898 seconds
Number of updated asset objects reloaded before import = 0
Number of asset objects unloaded after import = 1
========================================================================
Received Import Request.
  Time since last request: 0.000514 seconds.
  path: Assets/Oculus/Spatializer/scenes/sounds/horse.ogg
  artifactKey: Guid(494bd1721199a40c5a79fa3011793556) Importer(2089858483,0ecaa5967403d082aa24f35e1b516d23)
Start importing Assets/Oculus/Spatializer/scenes/sounds/horse.ogg using Guid(494bd1721199a40c5a79fa3011793556) Importer(2089858483,0ecaa5967403d082aa24f35e1b516d23) [PhysX] Initialized MultithreadedTaskDispatcher with 32 workers.
 -> (artifact id: '865b5ca9621706dfc1f3be9ebb869c58') in 0.050812 seconds
Number of updated asset objects reloaded before import = 0
Number of asset objects unloaded after import = 1
========================================================================
Received Import Request.
  Time since last request: 0.000112 seconds.
  path: Assets/Oculus/LipSync/Scenes/Scripts/LipSyncDemo_Control.cs
  artifactKey: Guid(8a6c32d06b48d244b9c65729404d2afe) Importer(2089858483,0ecaa5967403d082aa24f35e1b516d23)
Start importing Assets/Oculus/LipSync/Scenes/Scripts/LipSyncDemo_Control.cs using Guid(8a6c32d06b48d244b9c65729404d2afe) Importer(2089858483,0ecaa5967403d082aa24f35e1b516d23) [PhysX] Initialized MultithreadedTaskDispatcher with 32 workers.
 -> (artifact id: 'a183d3c982f5d6c16d775ea8e8c5f3ee') in 0.014723 seconds
Number of updated asset objects reloaded before import = 0
Number of asset objects unloaded after import = 1
========================================================================
Received Import Request.
  Time since last request: 0.000104 seconds.
  path: Assets/Oculus/Interaction/Samples/Textures/Active.png
  artifactKey: Guid(dc71c444d9062474fb77b4171c1a4a03) Importer(2089858483,0ecaa5967403d082aa24f35e1b516d23)
Start importing Assets/Oculus/Interaction/Samples/Textures/Active.png using Guid(dc71c444d9062474fb77b4171c1a4a03) Importer(2089858483,0ecaa5967403d082aa24f35e1b516d23) [PhysX] Initialized MultithreadedTaskDispatcher with 32 workers.
 -> (artifact id: '64601face62689537eb036b406109940') in 0.075917 seconds
Number of updated asset objects reloaded before import = 0
Number of asset objects unloaded after import = 3
========================================================================
Received Import Request.
  Time since last request: 0.000025 seconds.
  path: Assets/Oculus/SampleFramework/Usage/DistanceGrab/SkyboxMat.mat
  artifactKey: Guid(59e9fddc38d83c84689eb3deb601b970) Importer(2089858483,0ecaa5967403d082aa24f35e1b516d23)
Start importing Assets/Oculus/SampleFramework/Usage/DistanceGrab/SkyboxMat.mat using Guid(59e9fddc38d83c84689eb3deb601b970) Importer(2089858483,0ecaa5967403d082aa24f35e1b516d23) [PhysX] Initialized MultithreadedTaskDispatcher with 32 workers.
 -> (artifact id: '0aaaa5e720093e87365a10fd364f37e4') in 0.013296 seconds
Number of updated asset objects reloaded before import = 0
Number of asset objects unloaded after import = 1
========================================================================
Received Import Request.
  Time since last request: 0.000094 seconds.
  path: Assets/Oculus/SampleFramework/Usage/DebugUI/DebugUISample.cs
  artifactKey: Guid(dc1dc7bf8934f4243a20dad851521bbf) Importer(2089858483,0ecaa5967403d082aa24f35e1b516d23)
Start importing Assets/Oculus/SampleFramework/Usage/DebugUI/DebugUISample.cs using Guid(dc1dc7bf8934f4243a20dad851521bbf) Importer(2089858483,0ecaa5967403d082aa24f35e1b516d23) [PhysX] Initialized MultithreadedTaskDispatcher with 32 workers.
 -> (artifact id: '0db88ee3c1dc854390711c798f02761d') in 0.011152 seconds
Number of updated asset objects reloaded before import = 0
Number of asset objects unloaded after import = 1
========================================================================
Received Import Request.
  Time since last request: 0.000037 seconds.
  path: Assets/Oculus/Spatializer/Plugins/x86/AudioPluginOculusSpatializer.dll
  artifactKey: Guid(4ddd066c66729424fa47fc942cb58d9a) Importer(2089858483,0ecaa5967403d082aa24f35e1b516d23)
Start importing Assets/Oculus/Spatializer/Plugins/x86/AudioPluginOculusSpatializer.dll using Guid(4ddd066c66729424fa47fc942cb58d9a) Importer(2089858483,0ecaa5967403d082aa24f35e1b516d23) [PhysX] Initialized MultithreadedTaskDispatcher with 32 workers.
 -> (artifact id: 'cb23edb5f7f1a9b8d56254a2958032b8') in 0.019597 seconds
Number of updated asset objects reloaded before import = 0
Number of asset objects unloaded after import = 1
========================================================================
Received Import Request.
  Time since last request: 0.000017 seconds.
  path: Assets/Oculus/Platform/Scripts/Models/SdkAccount.cs
  artifactKey: Guid(1c2ffbfe79b26bc4cb0155394995dfe2) Importer(2089858483,0ecaa5967403d082aa24f35e1b516d23)
Start importing Assets/Oculus/Platform/Scripts/Models/SdkAccount.cs using Guid(1c2ffbfe79b26bc4cb0155394995dfe2) Importer(2089858483,0ecaa5967403d082aa24f35e1b516d23) [PhysX] Initialized MultithreadedTaskDispatcher with 32 workers.
 -> (artifact id: '782e6ec0591d188a30c927d8d9f3619c') in 0.019688 seconds
Number of updated asset objects reloaded before import = 0
Number of asset objects unloaded after import = 1
========================================================================
Received Import Request.
  Time since last request: 0.000077 seconds.
  path: Assets/Oculus/LipSync/Plugins/iOS/libOVRLipSyncShim.a
  artifactKey: Guid(7bdb12c9252924dd0bf9d2809e01adaf) Importer(2089858483,0ecaa5967403d082aa24f35e1b516d23)
Start importing Assets/Oculus/LipSync/Plugins/iOS/libOVRLipSyncShim.a using Guid(7bdb12c9252924dd0bf9d2809e01adaf) Importer(2089858483,0ecaa5967403d082aa24f35e1b516d23) [PhysX] Initialized MultithreadedTaskDispatcher with 32 workers.
 -> (artifact id: '78eb8773b1dcebae32a9a978e1f6f137') in 0.015624 seconds
Number of updated asset objects reloaded before import = 0
Number of asset objects unloaded after import = 1
========================================================================
Received Import Request.
  Time since last request: 0.000119 seconds.
  path: Assets/Oculus/SampleFramework/Core/Locomotion/PlayerController.prefab
  artifactKey: Guid(522b89d0f09cc834db5f015f40e578f3) Importer(2089858483,0ecaa5967403d082aa24f35e1b516d23)
Start importing Assets/Oculus/SampleFramework/Core/Locomotion/PlayerController.prefab using Guid(522b89d0f09cc834db5f015f40e578f3) Importer(2089858483,0ecaa5967403d082aa24f35e1b516d23) [PhysX] Initialized MultithreadedTaskDispatcher with 32 workers.
 -> (artifact id: '58c5ad04f02785690ad791f0501cf186') in 0.054946 seconds
Number of updated asset objects reloaded before import = 0
Number of asset objects unloaded after import = 375
========================================================================
Received Import Request.
  Time since last request: 0.000019 seconds.
  path: Assets/Oculus/Platform/Scripts/Models/CalApplicationSuggestion.cs
  artifactKey: Guid(9ffd34bbf11316d4b8782e4f4cec658e) Importer(2089858483,0ecaa5967403d082aa24f35e1b516d23)
Start importing Assets/Oculus/Platform/Scripts/Models/CalApplicationSuggestion.cs using Guid(9ffd34bbf11316d4b8782e4f4cec658e) Importer(2089858483,0ecaa5967403d082aa24f35e1b516d23) [PhysX] Initialized MultithreadedTaskDispatcher with 32 workers.
 -> (artifact id: '80de8e818bd6ce72c16937adbf2d31f4') in 0.014829 seconds
Number of updated asset objects reloaded before import = 0
Number of asset objects unloaded after import = 1
========================================================================
Received Import Request.
  Time since last request: 0.000161 seconds.
  path: Assets/Oculus/Platform/Scripts/Models/SystemPermission.cs
  artifactKey: Guid(50ebb7b3edee04e44a14fc3f900860fd) Importer(2089858483,0ecaa5967403d082aa24f35e1b516d23)
Start importing Assets/Oculus/Platform/Scripts/Models/SystemPermission.cs using Guid(50ebb7b3edee04e44a14fc3f900860fd) Importer(2089858483,0ecaa5967403d082aa24f35e1b516d23) [PhysX] Initialized MultithreadedTaskDispatcher with 32 workers.
 -> (artifact id: '2df36edca039329a50f9bf4c87113ade') in 0.016875 seconds
Number of updated asset objects reloaded before import = 0
Number of asset objects unloaded after import = 1
========================================================================
Received Import Request.
  Time since last request: 0.000081 seconds.
  path: Assets/Oculus/LipSync/Scenes/Scripts/EnableSwitch.cs
  artifactKey: Guid(50cd36abe38c57646bcd09be2353f905) Importer(2089858483,0ecaa5967403d082aa24f35e1b516d23)
Start importing Assets/Oculus/LipSync/Scenes/Scripts/EnableSwitch.cs using Guid(50cd36abe38c57646bcd09be2353f905) Importer(2089858483,0ecaa5967403d082aa24f35e1b516d23) [PhysX] Initialized MultithreadedTaskDispatcher with 32 workers.
 -> (artifact id: '0e9a7146aa0d6240165533202a80bccf') in 0.012407 seconds
Number of updated asset objects reloaded before import = 0
Number of asset objects unloaded after import = 1
========================================================================
Received Import Request.
  Time since last request: 0.000017 seconds.
  path: Assets/Oculus/Platform/Scripts/Models/MatchmakingAdminSnapshot.cs
  artifactKey: Guid(13c216d6d7d951e4c8e4e74e380d6bb5) Importer(2089858483,0ecaa5967403d082aa24f35e1b516d23)
Start importing Assets/Oculus/Platform/Scripts/Models/MatchmakingAdminSnapshot.cs using Guid(13c216d6d7d951e4c8e4e74e380d6bb5) Importer(2089858483,0ecaa5967403d082aa24f35e1b516d23) [PhysX] Initialized MultithreadedTaskDispatcher with 32 workers.
 -> (artifact id: '70763072c55372fe2fa6f7ddf9325cfd') in 0.014950 seconds
Number of updated asset objects reloaded before import = 0
Number of asset objects unloaded after import = 1
========================================================================
Received Import Request.
  Time since last request: 0.000094 seconds.
  path: Assets/Oculus/Interaction/Samples/Shaders/room.shader
  artifactKey: Guid(2a14dede2360c664f97c90665c986e32) Importer(2089858483,0ecaa5967403d082aa24f35e1b516d23)
Start importing Assets/Oculus/Interaction/Samples/Shaders/room.shader using Guid(2a14dede2360c664f97c90665c986e32) Importer(2089858483,0ecaa5967403d082aa24f35e1b516d23) [PhysX] Initialized MultithreadedTaskDispatcher with 32 workers.
 -> (artifact id: 'c11afa435810a135099bd279738a8270') in 0.018352 seconds
Number of updated asset objects reloaded before import = 0
Number of asset objects unloaded after import = 1
========================================================================
Received Import Request.
  Time since last request: 0.000025 seconds.
  path: Assets/Oculus/Platform/Scripts/Models/Leaderboard.cs
  artifactKey: Guid(2e2f534f9aa71b3468fc0e52305a872a) Importer(2089858483,0ecaa5967403d082aa24f35e1b516d23)
Start importing Assets/Oculus/Platform/Scripts/Models/Leaderboard.cs using Guid(2e2f534f9aa71b3468fc0e52305a872a) Importer(2089858483,0ecaa5967403d082aa24f35e1b516d23) [PhysX] Initialized MultithreadedTaskDispatcher with 32 workers.
 -> (artifact id: '0b843fe786e216f79a718b84e748495c') in 0.008892 seconds
Number of updated asset objects reloaded before import = 0
Number of asset objects unloaded after import = 1
========================================================================
Received Import Request.
  Time since last request: 0.000097 seconds.
  path: Assets/Oculus/Platform/Scripts/Models/NetworkingPeer.cs
  artifactKey: Guid(88e2e0a11ed7e054da26c78d6bd1283f) Importer(2089858483,0ecaa5967403d082aa24f35e1b516d23)
Start importing Assets/Oculus/Platform/Scripts/Models/NetworkingPeer.cs using Guid(88e2e0a11ed7e054da26c78d6bd1283f) Importer(2089858483,0ecaa5967403d082aa24f35e1b516d23) [PhysX] Initialized MultithreadedTaskDispatcher with 32 workers.
 -> (artifact id: 'c8872630d89a0ef38cfb3b26600b796d') in 0.010032 seconds
Number of updated asset objects reloaded before import = 0
Number of asset objects unloaded after import = 1
========================================================================
Received Import Request.
  Time since last request: 0.000121 seconds.
  path: Assets/Oculus/Platform/Scripts/Models/ApplicationInvite.cs
  artifactKey: Guid(0c230daeea52e7e47bfc4fc7a54ccbaa) Importer(2089858483,0ecaa5967403d082aa24f35e1b516d23)
Start importing Assets/Oculus/Platform/Scripts/Models/ApplicationInvite.cs using Guid(0c230daeea52e7e47bfc4fc7a54ccbaa) Importer(2089858483,0ecaa5967403d082aa24f35e1b516d23) [PhysX] Initialized MultithreadedTaskDispatcher with 32 workers.
 -> (artifact id: '31a12c499fd3ad39a52cc67b27c6a515') in 0.009952 seconds
Number of updated asset objects reloaded before import = 0
Number of asset objects unloaded after import = 1
========================================================================
Received Import Request.
  Time since last request: 0.000021 seconds.
  path: Assets/Oculus/Interaction/Samples/Textures/ThumbsUp.png
  artifactKey: Guid(0273a7da6a8578c4380ba8323d3d6fde) Importer(2089858483,0ecaa5967403d082aa24f35e1b516d23)
Start importing Assets/Oculus/Interaction/Samples/Textures/ThumbsUp.png using Guid(0273a7da6a8578c4380ba8323d3d6fde) Importer(2089858483,0ecaa5967403d082aa24f35e1b516d23) [PhysX] Initialized MultithreadedTaskDispatcher with 32 workers.
 -> (artifact id: 'acdf9ee951a2fa357c33d13d1d8faae0') in 0.019048 seconds
Number of updated asset objects reloaded before import = 0
Number of asset objects unloaded after import = 1
========================================================================
Received Import Request.
  Time since last request: 0.000069 seconds.
  path: Assets/Oculus/LipSync/Models/RobotHead_TextureFlip/aa.png
  artifactKey: Guid(5c06354455999f94ea26114e261dde6d) Importer(2089858483,0ecaa5967403d082aa24f35e1b516d23)
Start importing Assets/Oculus/LipSync/Models/RobotHead_TextureFlip/aa.png using Guid(5c06354455999f94ea26114e261dde6d) Importer(2089858483,0ecaa5967403d082aa24f35e1b516d23) [PhysX] Initialized MultithreadedTaskDispatcher with 32 workers.
 -> (artifact id: '477ca29cd4ab4ca56ffb355d277223dc') in 0.018093 seconds
Number of updated asset objects reloaded before import = 0
Number of asset objects unloaded after import = 1
========================================================================
Received Import Request.
  Time since last request: 0.000107 seconds.
  path: Assets/Oculus/LipSync/Models/RobotHead_TextureFlip/SS.png
  artifactKey: Guid(31e6326c0bd6143479322c5b4a5fe949) Importer(2089858483,0ecaa5967403d082aa24f35e1b516d23)
Start importing Assets/Oculus/LipSync/Models/RobotHead_TextureFlip/SS.png using Guid(31e6326c0bd6143479322c5b4a5fe949) Importer(2089858483,0ecaa5967403d082aa24f35e1b516d23) [PhysX] Initialized MultithreadedTaskDispatcher with 32 workers.
 -> (artifact id: 'e955d829d8b47a7272332deae2251280') in 0.017184 seconds
Number of updated asset objects reloaded before import = 0
Number of asset objects unloaded after import = 1
========================================================================
Received Import Request.
  Time since last request: 0.000099 seconds.
  path: Assets/Oculus/Platform/Scripts/Models/AchievementUpdate.cs
  artifactKey: Guid(a49cc0ca1bcdd99409f7658b336e2d06) Importer(2089858483,0ecaa5967403d082aa24f35e1b516d23)
Start importing Assets/Oculus/Platform/Scripts/Models/AchievementUpdate.cs using Guid(a49cc0ca1bcdd99409f7658b336e2d06) Importer(2089858483,0ecaa5967403d082aa24f35e1b516d23) [PhysX] Initialized MultithreadedTaskDispatcher with 32 workers.
 -> (artifact id: 'b098463a1bf221a07265e4562543a3e0') in 0.008831 seconds
Number of updated asset objects reloaded before import = 0
Number of asset objects unloaded after import = 1
========================================================================
Received Import Request.
  Time since last request: 0.000154 seconds.
  path: Assets/Oculus/Platform/Scripts/Models/Error.cs
  artifactKey: Guid(af96c3f14f761724db9f93a693fbad2e) Importer(2089858483,0ecaa5967403d082aa24f35e1b516d23)
Start importing Assets/Oculus/Platform/Scripts/Models/Error.cs using Guid(af96c3f14f761724db9f93a693fbad2e) Importer(2089858483,0ecaa5967403d082aa24f35e1b516d23) [PhysX] Initialized MultithreadedTaskDispatcher with 32 workers.
 -> (artifact id: '3633f6d4dea64c8e66f82809f9846aae') in 0.015253 seconds
Number of updated asset objects reloaded before import = 0
Number of asset objects unloaded after import = 1
========================================================================
Received Import Request.
  Time since last request: 0.000117 seconds.
  path: Assets/Oculus/LipSync/Plugins/Android32/libOVRLipSync.so
  artifactKey: Guid(1be7ff64e219f4e44b17e7a42f13247b) Importer(2089858483,0ecaa5967403d082aa24f35e1b516d23)
Start importing Assets/Oculus/LipSync/Plugins/Android32/libOVRLipSync.so using Guid(1be7ff64e219f4e44b17e7a42f13247b) Importer(2089858483,0ecaa5967403d082aa24f35e1b516d23) [PhysX] Initialized MultithreadedTaskDispatcher with 32 workers.
 -> (artifact id: '64d59d9cdc1192c7dcacb214e7cdfb08') in 0.014243 seconds
Number of updated asset objects reloaded before import = 0
Number of asset objects unloaded after import = 1
========================================================================
Received Import Request.
  Time since last request: 0.000017 seconds.
  path: Assets/Oculus/SampleFramework/Usage/CustomHands/ReflectionProbe-0.exr
  artifactKey: Guid(0a345497283889f49b7c8637c2b84cb8) Importer(2089858483,0ecaa5967403d082aa24f35e1b516d23)
Start importing Assets/Oculus/SampleFramework/Usage/CustomHands/ReflectionProbe-0.exr using Guid(0a345497283889f49b7c8637c2b84cb8) Importer(2089858483,0ecaa5967403d082aa24f35e1b516d23) [PhysX] Initialized MultithreadedTaskDispatcher with 32 workers.
 -> (artifact id: '0a08bfe88035d6a35af4dcee9f80191a') in 0.019672 seconds
Number of updated asset objects reloaded before import = 0
Number of asset objects unloaded after import = 1
========================================================================
Received Import Request.
  Time since last request: 0.000075 seconds.
  path: Assets/Oculus/Interaction/Samples/Textures/RoundCorners.png
  artifactKey: Guid(af8d87acee795ed4192fa36233eec7d9) Importer(2089858483,0ecaa5967403d082aa24f35e1b516d23)
Start importing Assets/Oculus/Interaction/Samples/Textures/RoundCorners.png using Guid(af8d87acee795ed4192fa36233eec7d9) Importer(2089858483,0ecaa5967403d082aa24f35e1b516d23) [PhysX] Initialized MultithreadedTaskDispatcher with 32 workers.
 -> (artifact id: '80e5e547d528ee549077fff63300d95d') in 0.026657 seconds
Number of updated asset objects reloaded before import = 0
Number of asset objects unloaded after import = 8
========================================================================
Received Import Request.
  Time since last request: 2.409682 seconds.
  path: Assets/Oculus/Voice/Scripts/Runtime/VoiceSDK.Runtime.asmdef
  artifactKey: Guid(e545cc0678493234a9368f4e470c29e8) Importer(2089858483,0ecaa5967403d082aa24f35e1b516d23)
Start importing Assets/Oculus/Voice/Scripts/Runtime/VoiceSDK.Runtime.asmdef using Guid(e545cc0678493234a9368f4e470c29e8) Importer(2089858483,0ecaa5967403d082aa24f35e1b516d23) [PhysX] Initialized MultithreadedTaskDispatcher with 32 workers.
 -> (artifact id: 'd0a549b52111f99cee55bc295e559962') in 0.028529 seconds
Number of updated asset objects reloaded before import = 0
Number of asset objects unloaded after import = 1
========================================================================
Received Import Request.
  Time since last request: 0.000191 seconds.
  path: Assets/Oculus/VR/Scripts/Util/OVRGazePointer.cs
  artifactKey: Guid(30530ad0e40d0a64ea26d753ee4996ea) Importer(2089858483,0ecaa5967403d082aa24f35e1b516d23)
Start importing Assets/Oculus/VR/Scripts/Util/OVRGazePointer.cs using Guid(30530ad0e40d0a64ea26d753ee4996ea) Importer(2089858483,0ecaa5967403d082aa24f35e1b516d23) [PhysX] Initialized MultithreadedTaskDispatcher with 32 workers.
 -> (artifact id: '3c689e287059cd5bebfdb4f5eb0254b8') in 0.025486 seconds
Number of updated asset objects reloaded before import = 0
Number of asset objects unloaded after import = 1
========================================================================
Received Import Request.
  Time since last request: 0.000047 seconds.
  path: Assets/Oculus/VR/Scripts/Util/OVRAudioSourceTest.cs
  artifactKey: Guid(358b12a21a8aa9540b435051f334fe9b) Importer(2089858483,0ecaa5967403d082aa24f35e1b516d23)
Start importing Assets/Oculus/VR/Scripts/Util/OVRAudioSourceTest.cs using Guid(358b12a21a8aa9540b435051f334fe9b) Importer(2089858483,0ecaa5967403d082aa24f35e1b516d23) [PhysX] Initialized MultithreadedTaskDispatcher with 32 workers.
 -> (artifact id: '084647954bba05d26674210b14d966e5') in 0.018138 seconds
Number of updated asset objects reloaded before import = 0
Number of asset objects unloaded after import = 1
========================================================================
Received Import Request.
  Time since last request: 0.000084 seconds.
  path: Assets/Oculus/VR/Scripts/OVRTelemetry/OVRTelemetryUtils.cs
  artifactKey: Guid(f23eceec74ac2974b8e71cb36b701fa7) Importer(2089858483,0ecaa5967403d082aa24f35e1b516d23)
Start importing Assets/Oculus/VR/Scripts/OVRTelemetry/OVRTelemetryUtils.cs using Guid(f23eceec74ac2974b8e71cb36b701fa7) Importer(2089858483,0ecaa5967403d082aa24f35e1b516d23) [PhysX] Initialized MultithreadedTaskDispatcher with 32 workers.
 -> (artifact id: 'bcc5fafe90bb1dfae8ce104ec226be1b') in 0.016494 seconds
Number of updated asset objects reloaded before import = 0
Number of asset objects unloaded after import = 1
========================================================================
Received Import Request.
  Time since last request: 0.000106 seconds.
  path: Assets/Oculus/VR/Scripts/Editor/OVROverlaySrcRectEditor.shader
  artifactKey: Guid(589b36d0aa66c7349bcff8750b670434) Importer(2089858483,0ecaa5967403d082aa24f35e1b516d23)
Start importing Assets/Oculus/VR/Scripts/Editor/OVROverlaySrcRectEditor.shader using Guid(589b36d0aa66c7349bcff8750b670434) Importer(2089858483,0ecaa5967403d082aa24f35e1b516d23) [PhysX] Initialized MultithreadedTaskDispatcher with 32 workers.
 -> (artifact id: '8f4444552d27ee67427b0da3e6b604a6') in 0.012979 seconds
Number of updated asset objects reloaded before import = 0
Number of asset objects unloaded after import = 1
========================================================================
Received Import Request.
  Time since last request: 0.000041 seconds.
  path: Assets/Oculus/VR/Scripts/Composition/OVRDirectComposition.cs
  artifactKey: Guid(8e9d1c62d6c68c7429ce265558cfd2b2) Importer(2089858483,0ecaa5967403d082aa24f35e1b516d23)
Start importing Assets/Oculus/VR/Scripts/Composition/OVRDirectComposition.cs using Guid(8e9d1c62d6c68c7429ce265558cfd2b2) Importer(2089858483,0ecaa5967403d082aa24f35e1b516d23) [PhysX] Initialized MultithreadedTaskDispatcher with 32 workers.
 -> (artifact id: '0ebf92d041654b21b62ba654c4c62374') in 0.009906 seconds
Number of updated asset objects reloaded before import = 0
Number of asset objects unloaded after import = 1
========================================================================
Received Import Request.
  Time since last request: 0.000051 seconds.
  path: Assets/Oculus/Interaction/Editor/Grab/SnapSurfaces/CylinderGrabSurfaceEditor.cs
  artifactKey: Guid(69099ed7427360a4ab3734573c188647) Importer(2089858483,0ecaa5967403d082aa24f35e1b516d23)
Start importing Assets/Oculus/Interaction/Editor/Grab/SnapSurfaces/CylinderGrabSurfaceEditor.cs using Guid(69099ed7427360a4ab3734573c188647) Importer(2089858483,0ecaa5967403d082aa24f35e1b516d23) [PhysX] Initialized MultithreadedTaskDispatcher with 32 workers.
 -> (artifact id: '984d4d1db2c4b1dce224a86e757c66ff') in 0.012899 seconds
Number of updated asset objects reloaded before import = 0
Number of asset objects unloaded after import = 1
========================================================================
Received Import Request.
  Time since last request: 0.000063 seconds.
  path: Assets/Oculus/VR/Editor/Settings/OVRProjectSettingsProvider.cs
  artifactKey: Guid(39ca03d1ec3e6d2418dcd177dd35404b) Importer(2089858483,0ecaa5967403d082aa24f35e1b516d23)
Start importing Assets/Oculus/VR/Editor/Settings/OVRProjectSettingsProvider.cs using Guid(39ca03d1ec3e6d2418dcd177dd35404b) Importer(2089858483,0ecaa5967403d082aa24f35e1b516d23) [PhysX] Initialized MultithreadedTaskDispatcher with 32 workers.
 -> (artifact id: '5c5564dab8580abd14c858d93a050ec1') in 0.013727 seconds
Number of updated asset objects reloaded before import = 0
Number of asset objects unloaded after import = 1
========================================================================
Received Import Request.
  Time since last request: 0.000020 seconds.
  path: Assets/Oculus/VR/Textures/MetaQuestTouchPro/controller_l_lo_BaseColor.png
  artifactKey: Guid(d9ad590bd590c2d47b7034bbfc26813b) Importer(2089858483,0ecaa5967403d082aa24f35e1b516d23)
Start importing Assets/Oculus/VR/Textures/MetaQuestTouchPro/controller_l_lo_BaseColor.png using Guid(d9ad590bd590c2d47b7034bbfc26813b) Importer(2089858483,0ecaa5967403d082aa24f35e1b516d23) [PhysX] Initialized MultithreadedTaskDispatcher with 32 workers.
 -> (artifact id: 'ca95ae5a89aecca168460816cfb6b543') in 0.039482 seconds
Number of updated asset objects reloaded before import = 0
Number of asset objects unloaded after import = 1
========================================================================
Received Import Request.
  Time since last request: 0.000079 seconds.
  path: Assets/Oculus/VR/Editor/BuildingBlocks/SetupRules.cs
  artifactKey: Guid(4e888754c8a8c2c4cb88e4ba20bea5fb) Importer(2089858483,0ecaa5967403d082aa24f35e1b516d23)
Start importing Assets/Oculus/VR/Editor/BuildingBlocks/SetupRules.cs using Guid(4e888754c8a8c2c4cb88e4ba20bea5fb) Importer(2089858483,0ecaa5967403d082aa24f35e1b516d23) [PhysX] Initialized MultithreadedTaskDispatcher with 32 workers.
 -> (artifact id: '70a782ae8289d2caa3e1b0dfde60b5de') in 0.012913 seconds
Number of updated asset objects reloaded before import = 0
Number of asset objects unloaded after import = 1
========================================================================
Received Import Request.
  Time since last request: 0.000155 seconds.
  path: Assets/Oculus/VR/Editor/Icons/ovr_icon_error.png
  artifactKey: Guid(e4212f189ce27314d85dab2f7a791639) Importer(2089858483,0ecaa5967403d082aa24f35e1b516d23)
Start importing Assets/Oculus/VR/Editor/Icons/ovr_icon_error.png using Guid(e4212f189ce27314d85dab2f7a791639) Importer(2089858483,0ecaa5967403d082aa24f35e1b516d23) [PhysX] Initialized MultithreadedTaskDispatcher with 32 workers.
 -> (artifact id: 'b8a8217ba7d2e6139e7f86315b98e290') in 0.018130 seconds
Number of updated asset objects reloaded before import = 0
Number of asset objects unloaded after import = 1
========================================================================
Received Import Request.
  Time since last request: 0.000086 seconds.
  path: Assets/Oculus/VR/Shaders/OVRTrackedKeyboard/HandMask.shader
  artifactKey: Guid(96496359528875c4f87b57d6ee52723a) Importer(2089858483,0ecaa5967403d082aa24f35e1b516d23)
Start importing Assets/Oculus/VR/Shaders/OVRTrackedKeyboard/HandMask.shader using Guid(96496359528875c4f87b57d6ee52723a) Importer(2089858483,0ecaa5967403d082aa24f35e1b516d23) [PhysX] Initialized MultithreadedTaskDispatcher with 32 workers.
 -> (artifact id: '71679c3e9e655d3b68d19764bc7f21d5') in 0.015678 seconds
Number of updated asset objects reloaded before import = 0
Number of asset objects unloaded after import = 1
========================================================================
Received Import Request.
  Time since last request: 0.000069 seconds.
  path: Assets/Oculus/VR/Shaders/OVRTrackedKeyboard/Unlit-AlphaMMBias.shader
  artifactKey: Guid(d2d85b7dbb1832e4bb13239ecd555f29) Importer(2089858483,0ecaa5967403d082aa24f35e1b516d23)
Start importing Assets/Oculus/VR/Shaders/OVRTrackedKeyboard/Unlit-AlphaMMBias.shader using Guid(d2d85b7dbb1832e4bb13239ecd555f29) Importer(2089858483,0ecaa5967403d082aa24f35e1b516d23) [PhysX] Initialized MultithreadedTaskDispatcher with 32 workers.
 -> (artifact id: 'a968047f50729863a61f8e9db92d523b') in 0.012687 seconds
Number of updated asset objects reloaded before import = 0
Number of asset objects unloaded after import = 1
========================================================================
Received Import Request.
  Time since last request: 0.000095 seconds.
  path: Assets/Oculus/VR/Scripts/Util/OVRCustomFace.cs
  artifactKey: Guid(8261b39cb0902434f972a40b33f9acf2) Importer(2089858483,0ecaa5967403d082aa24f35e1b516d23)
Start importing Assets/Oculus/VR/Scripts/Util/OVRCustomFace.cs using Guid(8261b39cb0902434f972a40b33f9acf2) Importer(2089858483,0ecaa5967403d082aa24f35e1b516d23) [PhysX] Initialized MultithreadedTaskDispatcher with 32 workers.
 -> (artifact id: '05610886f1860db0e09832bdad55c7e5') in 0.010787 seconds
Number of updated asset objects reloaded before import = 0
Number of asset objects unloaded after import = 1
========================================================================
Received Import Request.
  Time since last request: 0.000044 seconds.
  path: Assets/Oculus/VR/Scripts/OpenXRFeatures/MetaXRFeature.cs
  artifactKey: Guid(1927c045052a06d49a9b21fdcaa26db6) Importer(2089858483,0ecaa5967403d082aa24f35e1b516d23)
Start importing Assets/Oculus/VR/Scripts/OpenXRFeatures/MetaXRFeature.cs using Guid(1927c045052a06d49a9b21fdcaa26db6) Importer(2089858483,0ecaa5967403d082aa24f35e1b516d23) [PhysX] Initialized MultithreadedTaskDispatcher with 32 workers.
 -> (artifact id: 'db6a5093e0d5eae495c3259550eb6e52') in 0.010417 seconds
Number of updated asset objects reloaded before import = 0
Number of asset objects unloaded after import = 1
========================================================================
Received Import Request.
  Time since last request: 0.000067 seconds.
  path: Assets/Oculus/VR/Meshes/OculusTouchForQuestAndRiftS/OculusTouchForQuestAndRiftS_Right.fbx
  artifactKey: Guid(37ba10a26a648144fa2390c8adfb2c8a) Importer(2089858483,0ecaa5967403d082aa24f35e1b516d23)
Start importing Assets/Oculus/VR/Meshes/OculusTouchForQuestAndRiftS/OculusTouchForQuestAndRiftS_Right.fbx using Guid(37ba10a26a648144fa2390c8adfb2c8a) Importer(2089858483,0ecaa5967403d082aa24f35e1b516d23) [PhysX] Initialized MultithreadedTaskDispatcher with 32 workers.
 -> (artifact id: '510f44f8bbb8228e18d3db715c465470') in 0.075845 seconds
Number of updated asset objects reloaded before import = 0
Number of asset objects unloaded after import = 49
========================================================================
Received Import Request.
  Time since last request: 0.000018 seconds.
  path: Assets/Oculus/VR/Scripts/Editor/OVRSceneManagerEditor.cs
  artifactKey: Guid(0ac8f8c52ff042318f6a46ff461838a4) Importer(2089858483,0ecaa5967403d082aa24f35e1b516d23)
Start importing Assets/Oculus/VR/Scripts/Editor/OVRSceneManagerEditor.cs using Guid(0ac8f8c52ff042318f6a46ff461838a4) Importer(2089858483,0ecaa5967403d082aa24f35e1b516d23) [PhysX] Initialized MultithreadedTaskDispatcher with 32 workers.
 -> (artifact id: '2edd8a1f643ddb9812c92bbf04d7cc95') in 0.015672 seconds
Number of updated asset objects reloaded before import = 0
Number of asset objects unloaded after import = 1
========================================================================
Received Import Request.
  Time since last request: 0.000147 seconds.
  path: Assets/Oculus/VR/Meshes/MetaQuestTouchPro/MetaQuestTouchPro_Right.fbx
  artifactKey: Guid(c933168a9a0f1e04bb793786b96e2f4b) Importer(2089858483,0ecaa5967403d082aa24f35e1b516d23)
Start importing Assets/Oculus/VR/Meshes/MetaQuestTouchPro/MetaQuestTouchPro_Right.fbx using Guid(c933168a9a0f1e04bb793786b96e2f4b) Importer(2089858483,0ecaa5967403d082aa24f35e1b516d23) [PhysX] Initialized MultithreadedTaskDispatcher with 32 workers.
 -> (artifact id: 'befe9916d05760da0eec68732e5ba9f2') in 0.066874 seconds
Number of updated asset objects reloaded before import = 0
Number of asset objects unloaded after import = 53
========================================================================
Received Import Request.
  Time since last request: 0.000017 seconds.
  path: Assets/Oculus/AudioManager/Scripts/Audio/Editor/SoundFXRefPropertyDrawer.cs
  artifactKey: Guid(6204bcaba636340b48858c9f10ab9016) Importer(2089858483,0ecaa5967403d082aa24f35e1b516d23)
Start importing Assets/Oculus/AudioManager/Scripts/Audio/Editor/SoundFXRefPropertyDrawer.cs using Guid(6204bcaba636340b48858c9f10ab9016) Importer(2089858483,0ecaa5967403d082aa24f35e1b516d23) [PhysX] Initialized MultithreadedTaskDispatcher with 32 workers.
 -> (artifact id: '528aad2ca6c9e12061da12375590b31f') in 0.012642 seconds
Number of updated asset objects reloaded before import = 0
Number of asset objects unloaded after import = 1
========================================================================
Received Import Request.
  Time since last request: 0.000075 seconds.
  path: Assets/Oculus/VR/Scripts/Util/OVRSceneSampleController.cs
  artifactKey: Guid(4f07515ada089df47868559a20dd6783) Importer(2089858483,0ecaa5967403d082aa24f35e1b516d23)
Start importing Assets/Oculus/VR/Scripts/Util/OVRSceneSampleController.cs using Guid(4f07515ada089df47868559a20dd6783) Importer(2089858483,0ecaa5967403d082aa24f35e1b516d23) [PhysX] Initialized MultithreadedTaskDispatcher with 32 workers.
 -> (artifact id: 'cc82fa7e395dc2a161f8e66279388fa4') in 0.011202 seconds
Number of updated asset objects reloaded before import = 0
Number of asset objects unloaded after import = 1
========================================================================
Received Import Request.
  Time since last request: 0.000084 seconds.
  path: Assets/Oculus/VR/Textures/Logos/OculusLogoSplash.png
  artifactKey: Guid(3caded05dba914447a5f85650f9f4ab2) Importer(2089858483,0ecaa5967403d082aa24f35e1b516d23)
Start importing Assets/Oculus/VR/Textures/Logos/OculusLogoSplash.png using Guid(3caded05dba914447a5f85650f9f4ab2) Importer(2089858483,0ecaa5967403d082aa24f35e1b516d23) [PhysX] Initialized MultithreadedTaskDispatcher with 32 workers.
 -> (artifact id: '22d12738b459ad33c930bd149ee80504') in 0.015728 seconds
Number of updated asset objects reloaded before import = 0
Number of asset objects unloaded after import = 1
========================================================================
Received Import Request.
  Time since last request: 0.000066 seconds.
  path: Assets/Oculus/VR/Scripts/OVRTrackedKeyboard/OVRTrackedKeyboard.cs
  artifactKey: Guid(cde6014a6f09af34c934c03defe61f3a) Importer(2089858483,0ecaa5967403d082aa24f35e1b516d23)
Start importing Assets/Oculus/VR/Scripts/OVRTrackedKeyboard/OVRTrackedKeyboard.cs using Guid(cde6014a6f09af34c934c03defe61f3a) Importer(2089858483,0ecaa5967403d082aa24f35e1b516d23) [PhysX] Initialized MultithreadedTaskDispatcher with 32 workers.
 -> (artifact id: 'f8abfff82aa0d44abd832d5fec749358') in 0.011627 seconds
Number of updated asset objects reloaded before import = 0
Number of asset objects unloaded after import = 1
========================================================================
Received Import Request.
  Time since last request: 0.000115 seconds.
  path: Assets/Oculus/VR/Meshes/OculusTouchForQuest2/OculusTouchForQuest2_Right.fbx
  artifactKey: Guid(25b5eb0761edb6346b0b3444af76b55e) Importer(2089858483,0ecaa5967403d082aa24f35e1b516d23)
Start importing Assets/Oculus/VR/Meshes/OculusTouchForQuest2/OculusTouchForQuest2_Right.fbx using Guid(25b5eb0761edb6346b0b3444af76b55e) Importer(2089858483,0ecaa5967403d082aa24f35e1b516d23) [PhysX] Initialized MultithreadedTaskDispatcher with 32 workers.
 -> (artifact id: '1768218f042de89fe53348df712d27a1') in 0.052022 seconds
Number of updated asset objects reloaded before import = 0
Number of asset objects unloaded after import = 47
========================================================================
Received Import Request.
  Time since last request: 2.316623 seconds.
  path: Assets/Oculus/Interaction/Runtime/Animations/Hands/HandController_r_.controller
  artifactKey: Guid(dbd7e2355cd6f804bbe6c4244e38443a) Importer(2089858483,0ecaa5967403d082aa24f35e1b516d23)
Start importing Assets/Oculus/Interaction/Runtime/Animations/Hands/HandController_r_.controller using Guid(dbd7e2355cd6f804bbe6c4244e38443a) Importer(2089858483,0ecaa5967403d082aa24f35e1b516d23) [PhysX] Initialized MultithreadedTaskDispatcher with 32 workers.
 -> (artifact id: 'a146c272924fa9ce3ce13307bf8ba22b') in 0.050991 seconds
Number of updated asset objects reloaded before import = 0
Number of asset objects unloaded after import = 19
========================================================================
Received Import Request.
  Time since last request: 0.000017 seconds.
  path: Assets/Oculus/Interaction/Runtime/DefaultSettings/Locomotion/LocomotionTransformFeatureStateThresholds.asset
  artifactKey: Guid(2b7a23e0f1beffc4cbf4cd256c4316d2) Importer(2089858483,0ecaa5967403d082aa24f35e1b516d23)
Start importing Assets/Oculus/Interaction/Runtime/DefaultSettings/Locomotion/LocomotionTransformFeatureStateThresholds.asset using Guid(2b7a23e0f1beffc4cbf4cd256c4316d2) Importer(2089858483,0ecaa5967403d082aa24f35e1b516d23) [PhysX] Initialized MultithreadedTaskDispatcher with 32 workers.
 -> (artifact id: 'ed644a96763db63edcd8a5d700c1a405') in 0.021649 seconds
Number of updated asset objects reloaded before import = 0
Number of asset objects unloaded after import = 1
========================================================================
Received Import Request.
  Time since last request: 0.000029 seconds.
  path: Assets/Oculus/Interaction/Runtime/Scripts/Grab/HandGrabAPI.cs
  artifactKey: Guid(ae43f25c06eb2d9408a201216b4c3ed7) Importer(2089858483,0ecaa5967403d082aa24f35e1b516d23)
Start importing Assets/Oculus/Interaction/Runtime/Scripts/Grab/HandGrabAPI.cs using Guid(ae43f25c06eb2d9408a201216b4c3ed7) Importer(2089858483,0ecaa5967403d082aa24f35e1b516d23) [PhysX] Initialized MultithreadedTaskDispatcher with 32 workers.
 -> (artifact id: 'af54a7f6ad1a6a8572c592f31485114d') in 0.010354 seconds
Number of updated asset objects reloaded before import = 0
Number of asset objects unloaded after import = 1
========================================================================
Received Import Request.
  Time since last request: 0.000068 seconds.
  path: Assets/Oculus/Interaction/Samples/Audio/Content/Interaction_BasicGrab_Grab_04.wav
  artifactKey: Guid(1bd60f4e4774c97469bd13aad8a14735) Importer(2089858483,0ecaa5967403d082aa24f35e1b516d23)
Start importing Assets/Oculus/Interaction/Samples/Audio/Content/Interaction_BasicGrab_Grab_04.wav using Guid(1bd60f4e4774c97469bd13aad8a14735) Importer(2089858483,0ecaa5967403d082aa24f35e1b516d23) [PhysX] Initialized MultithreadedTaskDispatcher with 32 workers.
 -> (artifact id: '6d763654e18ab0a51ab60fd32f265d53') in 0.033934 seconds
Number of updated asset objects reloaded before import = 0
Number of asset objects unloaded after import = 1
========================================================================
Received Import Request.
  Time since last request: 0.000044 seconds.
  path: Assets/Oculus/Interaction/Samples/Audio/Content/Interaction_ComplexGrab_BoxOpen_03.wav
  artifactKey: Guid(2a3a28423ef0779459533afedeee12cf) Importer(2089858483,0ecaa5967403d082aa24f35e1b516d23)
Start importing Assets/Oculus/Interaction/Samples/Audio/Content/Interaction_ComplexGrab_BoxOpen_03.wav using Guid(2a3a28423ef0779459533afedeee12cf) Importer(2089858483,0ecaa5967403d082aa24f35e1b516d23) [PhysX] Initialized MultithreadedTaskDispatcher with 32 workers.
 -> (artifact id: '7ccb2e12d15320bec466dcec2f09fa4d') in 0.028501 seconds
Number of updated asset objects reloaded before import = 0
Number of asset objects unloaded after import = 1
========================================================================
Received Import Request.
  Time since last request: 0.000021 seconds.
  path: Assets/Oculus/Interaction/Runtime/Prefabs/Locomotion/LocomotionControllerInteractorGroup.prefab
  artifactKey: Guid(4841ffc0c0203424aa20389fa184badd) Importer(2089858483,0ecaa5967403d082aa24f35e1b516d23)
Start importing Assets/Oculus/Interaction/Runtime/Prefabs/Locomotion/LocomotionControllerInteractorGroup.prefab using Guid(4841ffc0c0203424aa20389fa184badd) Importer(2089858483,0ecaa5967403d082aa24f35e1b516d23) [PhysX] Initialized MultithreadedTaskDispatcher with 32 workers.
 -> (artifact id: 'c6d8059252f83af4f75a73f3ec8b27b9') in 0.057397 seconds
Number of updated asset objects reloaded before import = 0
Number of asset objects unloaded after import = 63
========================================================================
Received Import Request.
  Time since last request: 0.000017 seconds.
  path: Assets/Oculus/Interaction/Samples/Audio/Content/Interaction_BasicPoke_ToyButton_Release_02.wav
  artifactKey: Guid(9c588f7a6c8d16142bd78690b1f36fd5) Importer(2089858483,0ecaa5967403d082aa24f35e1b516d23)
Start importing Assets/Oculus/Interaction/Samples/Audio/Content/Interaction_BasicPoke_ToyButton_Release_02.wav using Guid(9c588f7a6c8d16142bd78690b1f36fd5) Importer(2089858483,0ecaa5967403d082aa24f35e1b516d23) [PhysX] Initialized MultithreadedTaskDispatcher with 32 workers.
 -> (artifact id: '496420b4fd948155d81509f3011ff425') in 0.027939 seconds
Number of updated asset objects reloaded before import = 0
Number of asset objects unloaded after import = 1
========================================================================
Received Import Request.
  Time since last request: 0.000016 seconds.
  path: Assets/Oculus/Interaction/Runtime/Scripts/PoseDetection/IFeatureStateThresholds.cs
  artifactKey: Guid(a32c5568211a4c8086cbf588996b654b) Importer(2089858483,0ecaa5967403d082aa24f35e1b516d23)
Start importing Assets/Oculus/Interaction/Runtime/Scripts/PoseDetection/IFeatureStateThresholds.cs using Guid(a32c5568211a4c8086cbf588996b654b) Importer(2089858483,0ecaa5967403d082aa24f35e1b516d23) [PhysX] Initialized MultithreadedTaskDispatcher with 32 workers.
 -> (artifact id: '06f6b6392616f204a88cf0acc03d8ca2') in 0.013569 seconds
Number of updated asset objects reloaded before import = 0
Number of asset objects unloaded after import = 1
========================================================================
Received Import Request.
  Time since last request: 0.000072 seconds.
  path: Assets/Oculus/Interaction/Samples/Audio/Content/Interaction_Locomotion_Declined.wav
  artifactKey: Guid(7a92e082862bf6249b332887bfa5a92a) Importer(2089858483,0ecaa5967403d082aa24f35e1b516d23)
Start importing Assets/Oculus/Interaction/Samples/Audio/Content/Interaction_Locomotion_Declined.wav using Guid(7a92e082862bf6249b332887bfa5a92a) Importer(2089858483,0ecaa5967403d082aa24f35e1b516d23) [PhysX] Initialized MultithreadedTaskDispatcher with 32 workers.
 -> (artifact id: '172063e8ac6ce2409cc6f187ac619679') in 0.023797 seconds
Number of updated asset objects reloaded before import = 0
Number of asset objects unloaded after import = 1
========================================================================
Received Import Request.
  Time since last request: 0.000023 seconds.
  path: Assets/Oculus/Interaction/Runtime/DefaultSettings/PoseDetection/DefaultTransformFeatureStateThresholds.asset
  artifactKey: Guid(039cf5a7424e1e046b79287e9375cf09) Importer(2089858483,0ecaa5967403d082aa24f35e1b516d23)
Start importing Assets/Oculus/Interaction/Runtime/DefaultSettings/PoseDetection/DefaultTransformFeatureStateThresholds.asset using Guid(039cf5a7424e1e046b79287e9375cf09) Importer(2089858483,0ecaa5967403d082aa24f35e1b516d23) [PhysX] Initialized MultithreadedTaskDispatcher with 32 workers.
 -> (artifact id: '5287eb6212709f4f454c83cfba0abb1e') in 0.010228 seconds
Number of updated asset objects reloaded before import = 0
Number of asset objects unloaded after import = 1
========================================================================
Received Import Request.
  Time since last request: 0.000066 seconds.
  path: Assets/Oculus/Interaction/Runtime/Scripts/PoseDetection/TransformFeatureStateProvider.cs
  artifactKey: Guid(bffe606b408599b4fad696ddc889a943) Importer(2089858483,0ecaa5967403d082aa24f35e1b516d23)
Start importing Assets/Oculus/Interaction/Runtime/Scripts/PoseDetection/TransformFeatureStateProvider.cs using Guid(bffe606b408599b4fad696ddc889a943) Importer(2089858483,0ecaa5967403d082aa24f35e1b516d23) [PhysX] Initialized MultithreadedTaskDispatcher with 32 workers.
 -> (artifact id: 'd431f0e130bb7b6e00e96d3090a95a8d') in 0.016599 seconds
Number of updated asset objects reloaded before import = 0
Number of asset objects unloaded after import = 1
========================================================================
Received Import Request.
  Time since last request: 0.000046 seconds.
  path: Assets/Oculus/Interaction/Samples/Audio/Prefabs/BasicPokeToyButtonReleaseAudio.prefab
  artifactKey: Guid(08eeff844ea75dc4192675890988e004) Importer(2089858483,0ecaa5967403d082aa24f35e1b516d23)
Start importing Assets/Oculus/Interaction/Samples/Audio/Prefabs/BasicPokeToyButtonReleaseAudio.prefab using Guid(08eeff844ea75dc4192675890988e004) Importer(2089858483,0ecaa5967403d082aa24f35e1b516d23) [PhysX] Initialized MultithreadedTaskDispatcher with 32 workers.
 -> (artifact id: 'f033b73d68af07f735fe7f04e5eed28f') in 0.045400 seconds
Number of updated asset objects reloaded before import = 0
Number of asset objects unloaded after import = 9
========================================================================
Received Import Request.
  Time since last request: 0.000019 seconds.
  path: Assets/Oculus/Interaction/Runtime/Scripts/Movements/MoveTowardsTargetProvider.cs
  artifactKey: Guid(b04d39d26e3b7804e9963f738ef7bfe1) Importer(2089858483,0ecaa5967403d082aa24f35e1b516d23)
Start importing Assets/Oculus/Interaction/Runtime/Scripts/Movements/MoveTowardsTargetProvider.cs using Guid(b04d39d26e3b7804e9963f738ef7bfe1) Importer(2089858483,0ecaa5967403d082aa24f35e1b516d23) [PhysX] Initialized MultithreadedTaskDispatcher with 32 workers.
 -> (artifact id: 'dbe53d89a74b528ee39a9e6c1bea5e18') in 0.012627 seconds
Number of updated asset objects reloaded before import = 0
Number of asset objects unloaded after import = 1
========================================================================
Received Import Request.
  Time since last request: 0.000140 seconds.
  path: Assets/Oculus/Interaction/Runtime/Scripts/PoseDetection/JointRotationActiveState.cs
  artifactKey: Guid(d74f6b51a9292b9409651b36d6d9aad7) Importer(2089858483,0ecaa5967403d082aa24f35e1b516d23)
Start importing Assets/Oculus/Interaction/Runtime/Scripts/PoseDetection/JointRotationActiveState.cs using Guid(d74f6b51a9292b9409651b36d6d9aad7) Importer(2089858483,0ecaa5967403d082aa24f35e1b516d23) [PhysX] Initialized MultithreadedTaskDispatcher with 32 workers.
 -> (artifact id: 'c6c6d35f4329c45f386a0c75c0659ac9') in 0.031965 seconds
Number of updated asset objects reloaded before import = 0
Number of asset objects unloaded after import = 1
========================================================================
Received Import Request.
  Time since last request: 0.000135 seconds.
  path: Assets/Oculus/Interaction/Runtime/Animations/Hands/ThumbUp_r_.anim
  artifactKey: Guid(06e5790983e91714d83eb62bd6d24071) Importer(2089858483,0ecaa5967403d082aa24f35e1b516d23)
Start importing Assets/Oculus/Interaction/Runtime/Animations/Hands/ThumbUp_r_.anim using Guid(06e5790983e91714d83eb62bd6d24071) Importer(2089858483,0ecaa5967403d082aa24f35e1b516d23) [PhysX] Initialized MultithreadedTaskDispatcher with 32 workers.
 -> (artifact id: 'c152a8a5a357d6b27700c1eac2b5a53c') in 0.014110 seconds
Number of updated asset objects reloaded before import = 0
Number of asset objects unloaded after import = 1
========================================================================
Received Import Request.
  Time since last request: 0.000138 seconds.
  path: Assets/Oculus/Interaction/Runtime/Scripts/Unity/SelectorUnityEventWrapper.cs
  artifactKey: Guid(de76f7169412b8f4896235a1585d8939) Importer(2089858483,0ecaa5967403d082aa24f35e1b516d23)
Start importing Assets/Oculus/Interaction/Runtime/Scripts/Unity/SelectorUnityEventWrapper.cs using Guid(de76f7169412b8f4896235a1585d8939) Importer(2089858483,0ecaa5967403d082aa24f35e1b516d23) [PhysX] Initialized MultithreadedTaskDispatcher with 32 workers.
 -> (artifact id: 'fbf099cea493dd301ae0a9101b08a9dd') in 0.013038 seconds
Number of updated asset objects reloaded before import = 0
Number of asset objects unloaded after import = 1
========================================================================
Received Import Request.
  Time since last request: 0.000126 seconds.
  path: Assets/Oculus/Interaction/Samples/Audio/Prefabs/BasicRayPressAudio.prefab
  artifactKey: Guid(0212822be96f68142aafa96fbc13bec0) Importer(2089858483,0ecaa5967403d082aa24f35e1b516d23)
Start importing Assets/Oculus/Interaction/Samples/Audio/Prefabs/BasicRayPressAudio.prefab using Guid(0212822be96f68142aafa96fbc13bec0) Importer(2089858483,0ecaa5967403d082aa24f35e1b516d23) [PhysX] Initialized MultithreadedTaskDispatcher with 32 workers.
 -> (artifact id: 'ec0528fad76afdd108118b1a61082f10') in 0.013510 seconds
Number of updated asset objects reloaded before import = 0
Number of asset objects unloaded after import = 7
========================================================================
Received Import Request.
  Time since last request: 0.000017 seconds.
  path: Assets/Oculus/Interaction/Runtime/Animations/Hands/thumbMask_r_.anim
  artifactKey: Guid(b2d37b44e3ecc304f931c7d0b08304a5) Importer(2089858483,0ecaa5967403d082aa24f35e1b516d23)
Start importing Assets/Oculus/Interaction/Runtime/Animations/Hands/thumbMask_r_.anim using Guid(b2d37b44e3ecc304f931c7d0b08304a5) Importer(2089858483,0ecaa5967403d082aa24f35e1b516d23) [PhysX] Initialized MultithreadedTaskDispatcher with 32 workers.
 -> (artifact id: '2f8f9383e64cf3dae3ae93338416c1b4') in 0.010394 seconds
Number of updated asset objects reloaded before import = 0
Number of asset objects unloaded after import = 1
========================================================================
Received Import Request.
  Time since last request: 0.000099 seconds.
  path: Assets/Oculus/Interaction/Samples/Audio/Prefabs/ComplexGrabBoxGrabAudio.prefab
  artifactKey: Guid(9f8e29d6fbcbb794484aa4c50e40e313) Importer(2089858483,0ecaa5967403d082aa24f35e1b516d23)
Start importing Assets/Oculus/Interaction/Samples/Audio/Prefabs/ComplexGrabBoxGrabAudio.prefab using Guid(9f8e29d6fbcbb794484aa4c50e40e313) Importer(2089858483,0ecaa5967403d082aa24f35e1b516d23) [PhysX] Initialized MultithreadedTaskDispatcher with 32 workers.
 -> (artifact id: '881928876570930d732b830d618bd831') in 0.028144 seconds
Number of updated asset objects reloaded before import = 0
Number of asset objects unloaded after import = 11
========================================================================
Received Import Request.
  Time since last request: 0.000020 seconds.
  path: Assets/Oculus/Interaction/Runtime/Resources/Shaders/Imposter_AlphaToMask.shader
  artifactKey: Guid(1c2965f850c1e0442ab582db916bbe66) Importer(2089858483,0ecaa5967403d082aa24f35e1b516d23)
Start importing Assets/Oculus/Interaction/Runtime/Resources/Shaders/Imposter_AlphaToMask.shader using Guid(1c2965f850c1e0442ab582db916bbe66) Importer(2089858483,0ecaa5967403d082aa24f35e1b516d23) [PhysX] Initialized MultithreadedTaskDispatcher with 32 workers.
 -> (artifact id: 'fa8942d070895574ee7da2da9435fb24') in 0.009339 seconds
Number of updated asset objects reloaded before import = 0
Number of asset objects unloaded after import = 1
========================================================================
Received Import Request.
  Time since last request: 0.000105 seconds.
  path: Assets/Oculus/Interaction/Runtime/Scripts/Unity/ToggleDeselect.cs
  artifactKey: Guid(af559e57b81a946479f0ad978a1a3763) Importer(2089858483,0ecaa5967403d082aa24f35e1b516d23)
Start importing Assets/Oculus/Interaction/Runtime/Scripts/Unity/ToggleDeselect.cs using Guid(af559e57b81a946479f0ad978a1a3763) Importer(2089858483,0ecaa5967403d082aa24f35e1b516d23) [PhysX] Initialized MultithreadedTaskDispatcher with 32 workers.
 -> (artifact id: 'b0169be180458d90efe0e36237ad4d09') in 0.012613 seconds
Number of updated asset objects reloaded before import = 0
Number of asset objects unloaded after import = 1
========================================================================
Received Import Request.
  Time since last request: 0.000141 seconds.
  path: Assets/Oculus/Interaction/Runtime/Scripts/Polyline/PolylineGizmos.cs
  artifactKey: Guid(660b106ba297243439a94203e7357cca) Importer(2089858483,0ecaa5967403d082aa24f35e1b516d23)
Start importing Assets/Oculus/Interaction/Runtime/Scripts/Polyline/PolylineGizmos.cs using Guid(660b106ba297243439a94203e7357cca) Importer(2089858483,0ecaa5967403d082aa24f35e1b516d23) [PhysX] Initialized MultithreadedTaskDispatcher with 32 workers.
 -> (artifact id: '0648f672bde15e018b34236858e930c2') in 0.012531 seconds
Number of updated asset objects reloaded before import = 0
Number of asset objects unloaded after import = 1
========================================================================
Received Import Request.
  Time since last request: 0.000061 seconds.
  path: Assets/Oculus/Interaction/Runtime/Prefabs/Hands/LeftHandVisual.prefab
  artifactKey: Guid(4a2d97a183ee4d3468daff21b3c92689) Importer(2089858483,0ecaa5967403d082aa24f35e1b516d23)
Start importing Assets/Oculus/Interaction/Runtime/Prefabs/Hands/LeftHandVisual.prefab using Guid(4a2d97a183ee4d3468daff21b3c92689) Importer(2089858483,0ecaa5967403d082aa24f35e1b516d23) [PhysX] Initialized MultithreadedTaskDispatcher with 32 workers.
 -> (artifact id: '4495ab152835a4be6134b0b458f8d113') in 0.033738 seconds
Number of updated asset objects reloaded before import = 0
Number of asset objects unloaded after import = 6
========================================================================
Received Import Request.
  Time since last request: 0.000123 seconds.
  path: Assets/Oculus/Interaction/Runtime/Plugins/Win32/InteractionSdk.dll
  artifactKey: Guid(6bd0b478a00481c4fa24050a31375133) Importer(2089858483,0ecaa5967403d082aa24f35e1b516d23)
Start importing Assets/Oculus/Interaction/Runtime/Plugins/Win32/InteractionSdk.dll using Guid(6bd0b478a00481c4fa24050a31375133) Importer(2089858483,0ecaa5967403d082aa24f35e1b516d23) [PhysX] Initialized MultithreadedTaskDispatcher with 32 workers.
 -> (artifact id: 'bd5711c4f579efd338a54cc4bd56a103') in 0.016445 seconds
Number of updated asset objects reloaded before import = 0
Number of asset objects unloaded after import = 1
========================================================================
Received Import Request.
  Time since last request: 0.000124 seconds.
  path: Assets/Oculus/Interaction/Runtime/Prefabs/Debug/FingerFeatureDebugVisual.prefab
  artifactKey: Guid(8caf22ecb11d20e42ac3ee53e63d6a5f) Importer(2089858483,0ecaa5967403d082aa24f35e1b516d23)
Start importing Assets/Oculus/Interaction/Runtime/Prefabs/Debug/FingerFeatureDebugVisual.prefab using Guid(8caf22ecb11d20e42ac3ee53e63d6a5f) Importer(2089858483,0ecaa5967403d082aa24f35e1b516d23) [PhysX] Initialized MultithreadedTaskDispatcher with 32 workers.
 -> (artifact id: 'df27d7c9888b6cec0fb674914cb602f4') in 0.033992 seconds
Number of updated asset objects reloaded before import = 0
Number of asset objects unloaded after import = 13
========================================================================
Received Import Request.
  Time since last request: 0.000021 seconds.
  path: Assets/Oculus/Interaction/Runtime/Prefabs/Grab/ControllerGrabInteractor.prefab
  artifactKey: Guid(bc242319e5f2bd842999ab7665ad2d78) Importer(2089858483,0ecaa5967403d082aa24f35e1b516d23)
Start importing Assets/Oculus/Interaction/Runtime/Prefabs/Grab/ControllerGrabInteractor.prefab using Guid(bc242319e5f2bd842999ab7665ad2d78) Importer(2089858483,0ecaa5967403d082aa24f35e1b516d23) [PhysX] Initialized MultithreadedTaskDispatcher with 32 workers.
 -> (artifact id: '8c78cf336369ec4dbc8b052b06b777b2') in 0.029932 seconds
Number of updated asset objects reloaded before import = 0
Number of asset objects unloaded after import = 24
========================================================================
Received Import Request.
  Time since last request: 0.000017 seconds.
  path: Assets/Oculus/Interaction/Runtime/Resources/Shaders/UnderlayTransparentOccluderImposter.shader
  artifactKey: Guid(07e90747211de96428e31f6be9b27201) Importer(2089858483,0ecaa5967403d082aa24f35e1b516d23)
Start importing Assets/Oculus/Interaction/Runtime/Resources/Shaders/UnderlayTransparentOccluderImposter.shader using Guid(07e90747211de96428e31f6be9b27201) Importer(2089858483,0ecaa5967403d082aa24f35e1b516d23) [PhysX] Initialized MultithreadedTaskDispatcher with 32 workers.
 -> (artifact id: '783ef3c571c464b5e90ffed5716781d5') in 0.013956 seconds
Number of updated asset objects reloaded before import = 0
Number of asset objects unloaded after import = 1
========================================================================
Received Import Request.
  Time since last request: 0.000062 seconds.
  path: Assets/Oculus/Interaction/Samples/Audio/Content/Interaction_ComplexGrab_BoxOpen_02.wav
  artifactKey: Guid(7af8171318058a144bc1208ad2f60abe) Importer(2089858483,0ecaa5967403d082aa24f35e1b516d23)
Start importing Assets/Oculus/Interaction/Samples/Audio/Content/Interaction_ComplexGrab_BoxOpen_02.wav using Guid(7af8171318058a144bc1208ad2f60abe) Importer(2089858483,0ecaa5967403d082aa24f35e1b516d23) [PhysX] Initialized MultithreadedTaskDispatcher with 32 workers.
 -> (artifact id: 'b12194eabb2c67bcbd582a26d7303749') in 0.031307 seconds
Number of updated asset objects reloaded before import = 0
Number of asset objects unloaded after import = 1
========================================================================
Received Import Request.
  Time since last request: 0.000022 seconds.
  path: Assets/Oculus/Interaction/Runtime/Scripts/PoseDetection/IFeatureStateThreshold.cs
  artifactKey: Guid(6152072e57cc4c7c87b467b1237dc8e0) Importer(2089858483,0ecaa5967403d082aa24f35e1b516d23)
Start importing Assets/Oculus/Interaction/Runtime/Scripts/PoseDetection/IFeatureStateThreshold.cs using Guid(6152072e57cc4c7c87b467b1237dc8e0) Importer(2089858483,0ecaa5967403d082aa24f35e1b516d23) [PhysX] Initialized MultithreadedTaskDispatcher with 32 workers.
 -> (artifact id: 'b19e54cc8cadffcd9390402dd1416679') in 0.013229 seconds
Number of updated asset objects reloaded before import = 0
Number of asset objects unloaded after import = 1
========================================================================
Received Import Request.
  Time since last request: 0.000100 seconds.
  path: Assets/Oculus/Interaction/Runtime/Animations/Hands/IndexPoint_r_.anim
  artifactKey: Guid(86a31394bfe0b3e4b871676d471ef8c6) Importer(2089858483,0ecaa5967403d082aa24f35e1b516d23)
Start importing Assets/Oculus/Interaction/Runtime/Animations/Hands/IndexPoint_r_.anim using Guid(86a31394bfe0b3e4b871676d471ef8c6) Importer(2089858483,0ecaa5967403d082aa24f35e1b516d23) [PhysX] Initialized MultithreadedTaskDispatcher with 32 workers.
 -> (artifact id: '376066adb6be25bfc836ac0ac23034f0') in 0.013966 seconds
Number of updated asset objects reloaded before import = 0
Number of asset objects unloaded after import = 1
========================================================================
Received Import Request.
  Time since last request: 0.000017 seconds.
  path: Assets/Oculus/Interaction/Samples/Audio/Content/Interaction_BasicPoke_Keypad_03.wav
  artifactKey: Guid(94b72b7e55617a048a8468e9ac572290) Importer(2089858483,0ecaa5967403d082aa24f35e1b516d23)
Start importing Assets/Oculus/Interaction/Samples/Audio/Content/Interaction_BasicPoke_Keypad_03.wav using Guid(94b72b7e55617a048a8468e9ac572290) Importer(2089858483,0ecaa5967403d082aa24f35e1b516d23) [PhysX] Initialized MultithreadedTaskDispatcher with 32 workers.
 -> (artifact id: 'd1e3e3343c994c1e4a9666dc90e6139f') in 0.029076 seconds
Number of updated asset objects reloaded before import = 0
Number of asset objects unloaded after import = 1
========================================================================
Received Import Request.
  Time since last request: 0.000077 seconds.
  path: Assets/Oculus/Interaction/Samples/Audio/Content/Interaction_BasicPoke_ToyButton_Release_01.wav
  artifactKey: Guid(1cb50a7de0f9f954b8b0c331fe898a8f) Importer(2089858483,0ecaa5967403d082aa24f35e1b516d23)
Start importing Assets/Oculus/Interaction/Samples/Audio/Content/Interaction_BasicPoke_ToyButton_Release_01.wav using Guid(1cb50a7de0f9f954b8b0c331fe898a8f) Importer(2089858483,0ecaa5967403d082aa24f35e1b516d23) [PhysX] Initialized MultithreadedTaskDispatcher with 32 workers.
 -> (artifact id: 'e9f9362eb9b91468718785cee6a18cdf') in 0.029388 seconds
Number of updated asset objects reloaded before import = 0
Number of asset objects unloaded after import = 1
========================================================================
Received Import Request.
  Time since last request: 0.000094 seconds.
  path: Assets/Oculus/Interaction/Samples/Audio/Prefabs/ComplexGrabBoxOpenClose.prefab
  artifactKey: Guid(18262740e65dbca418778dc8c6c70eff) Importer(2089858483,0ecaa5967403d082aa24f35e1b516d23)
Start importing Assets/Oculus/Interaction/Samples/Audio/Prefabs/ComplexGrabBoxOpenClose.prefab using Guid(18262740e65dbca418778dc8c6c70eff) Importer(2089858483,0ecaa5967403d082aa24f35e1b516d23) [PhysX] Initialized MultithreadedTaskDispatcher with 32 workers.
 -> (artifact id: '03f011699dab2403ca012446ae1ff1b0') in 0.033315 seconds
Number of updated asset objects reloaded before import = 0
Number of asset objects unloaded after import = 19
========================================================================
Received Import Request.
  Time since last request: 0.000019 seconds.
  path: Assets/Oculus/Interaction/Runtime/Scripts/Throw/IVelocityCalculator.cs
  artifactKey: Guid(0f8fbc86c372ee34581f48a516c6e816) Importer(2089858483,0ecaa5967403d082aa24f35e1b516d23)
Start importing Assets/Oculus/Interaction/Runtime/Scripts/Throw/IVelocityCalculator.cs using Guid(0f8fbc86c372ee34581f48a516c6e816) Importer(2089858483,0ecaa5967403d082aa24f35e1b516d23) [PhysX] Initialized MultithreadedTaskDispatcher with 32 workers.
 -> (artifact id: 'c5afa893fcacad7e6902e883a0fbd2b1') in 0.009804 seconds
Number of updated asset objects reloaded before import = 0
Number of asset objects unloaded after import = 1
========================================================================
Received Import Request.
  Time since last request: 0.000088 seconds.
  path: Assets/Oculus/Interaction/Runtime/Scripts/Movements/AutoMoveTowardsTargetProvider.cs
  artifactKey: Guid(c4c6cba82e9f3c84f80041e0d2741ef6) Importer(2089858483,0ecaa5967403d082aa24f35e1b516d23)
Start importing Assets/Oculus/Interaction/Runtime/Scripts/Movements/AutoMoveTowardsTargetProvider.cs using Guid(c4c6cba82e9f3c84f80041e0d2741ef6) Importer(2089858483,0ecaa5967403d082aa24f35e1b516d23) [PhysX] Initialized MultithreadedTaskDispatcher with 32 workers.
 -> (artifact id: 'a9f2e6b1f529be98817865212ffef6cb') in 0.010579 seconds
Number of updated asset objects reloaded before import = 0
Number of asset objects unloaded after import = 1
========================================================================
Received Import Request.
  Time since last request: 0.000018 seconds.
  path: Assets/Oculus/Interaction/Samples/Audio/Content/Interaction_Object_Impact_10.wav
  artifactKey: Guid(f454930b04fc250499041f61ada9e39f) Importer(2089858483,0ecaa5967403d082aa24f35e1b516d23)
Start importing Assets/Oculus/Interaction/Samples/Audio/Content/Interaction_Object_Impact_10.wav using Guid(f454930b04fc250499041f61ada9e39f) Importer(2089858483,0ecaa5967403d082aa24f35e1b516d23) [PhysX] Initialized MultithreadedTaskDispatcher with 32 workers.
 -> (artifact id: 'ebdbe8ee319fa5490a52d877f331f9f5') in 0.027026 seconds
Number of updated asset objects reloaded before import = 0
Number of asset objects unloaded after import = 1
========================================================================
Received Import Request.
  Time since last request: 0.000162 seconds.
  path: Assets/Oculus/Interaction/Runtime/Prefabs/Debug/ActiveStateDebugTree.prefab
  artifactKey: Guid(dc0992b1665af9548996ae6d0807dbed) Importer(2089858483,0ecaa5967403d082aa24f35e1b516d23)
Start importing Assets/Oculus/Interaction/Runtime/Prefabs/Debug/ActiveStateDebugTree.prefab using Guid(dc0992b1665af9548996ae6d0807dbed) Importer(2089858483,0ecaa5967403d082aa24f35e1b516d23) [PhysX] Initialized MultithreadedTaskDispatcher with 32 workers.
 -> (artifact id: 'a4987a67be9ac6557f2c86d3b8a2f58b') in 0.051785 seconds
Number of updated asset objects reloaded before import = 0
Number of asset objects unloaded after import = 54
========================================================================
Received Import Request.
  Time since last request: 0.000022 seconds.
  path: Assets/Oculus/Interaction/Runtime/DefaultSettings/HandFilter/MediumSmoothing.asset
  artifactKey: Guid(f7af6363ca0613144af4a8bc60517754) Importer(2089858483,0ecaa5967403d082aa24f35e1b516d23)
Start importing Assets/Oculus/Interaction/Runtime/DefaultSettings/HandFilter/MediumSmoothing.asset using Guid(f7af6363ca0613144af4a8bc60517754) Importer(2089858483,0ecaa5967403d082aa24f35e1b516d23) [PhysX] Initialized MultithreadedTaskDispatcher with 32 workers.
 -> (artifact id: 'b7953d945fb588ff4ad805246d18f17f') in 0.012532 seconds
Number of updated asset objects reloaded before import = 0
Number of asset objects unloaded after import = 1
========================================================================
Received Import Request.
  Time since last request: 1.700338 seconds.
  path: Assets/Oculus/Interaction/Samples/Audio/Prefabs/PoseDetectionRockAudio.prefab
  artifactKey: Guid(888b294c3b3fba740abcb51ad7388e9d) Importer(2089858483,0ecaa5967403d082aa24f35e1b516d23)
Start importing Assets/Oculus/Interaction/Samples/Audio/Prefabs/PoseDetectionRockAudio.prefab using Guid(888b294c3b3fba740abcb51ad7388e9d) Importer(2089858483,0ecaa5967403d082aa24f35e1b516d23) [PhysX] Initialized MultithreadedTaskDispatcher with 32 workers.
 -> (artifact id: 'cb4cd1b4ad1eb1d1ffa5691618b253bb') in 0.046255 seconds
Number of updated asset objects reloaded before import = 0
Number of asset objects unloaded after import = 9
========================================================================
Received Import Request.
  Time since last request: 0.000020 seconds.
  path: Assets/Oculus/SampleFramework/Core/DistanceGrab/Scripts/ColorGrabbable.cs
  artifactKey: Guid(1c470fb7e491d744eb9c02e6920182d4) Importer(2089858483,0ecaa5967403d082aa24f35e1b516d23)
Start importing Assets/Oculus/SampleFramework/Core/DistanceGrab/Scripts/ColorGrabbable.cs using Guid(1c470fb7e491d744eb9c02e6920182d4) Importer(2089858483,0ecaa5967403d082aa24f35e1b516d23) [PhysX] Initialized MultithreadedTaskDispatcher with 32 workers.
 -> (artifact id: 'bc4c705c1002a5dac519e12069bf78f1') in 0.015851 seconds
Number of updated asset objects reloaded before import = 0
Number of asset objects unloaded after import = 1
========================================================================
Received Import Request.
  Time since last request: 0.000165 seconds.
  path: Assets/Oculus/Platform/Samples/GroupPresenceSample/Prefabs/Group Presence Sample.prefab
  artifactKey: Guid(a7de3e5619aa4f94c86abdaa1aad343b) Importer(2089858483,0ecaa5967403d082aa24f35e1b516d23)
Start importing Assets/Oculus/Platform/Samples/GroupPresenceSample/Prefabs/Group Presence Sample.prefab using Guid(a7de3e5619aa4f94c86abdaa1aad343b) Importer(2089858483,0ecaa5967403d082aa24f35e1b516d23) [PhysX] Initialized MultithreadedTaskDispatcher with 32 workers.
 -> (artifact id: 'b914e9f3d16bd206c6573ca4427b626a') in 0.020737 seconds
Number of updated asset objects reloaded before import = 0
Number of asset objects unloaded after import = 23
========================================================================
Received Import Request.
  Time since last request: 0.000018 seconds.
  path: Assets/Oculus/SampleFramework/Core/TouchControllers/Animations/r_controller_neutral_trigger_mask_anim.fbx
  artifactKey: Guid(840f7f51c23e45444b5cbe0ee9e14998) Importer(2089858483,0ecaa5967403d082aa24f35e1b516d23)
Start importing Assets/Oculus/SampleFramework/Core/TouchControllers/Animations/r_controller_neutral_trigger_mask_anim.fbx using Guid(840f7f51c23e45444b5cbe0ee9e14998) Importer(2089858483,0ecaa5967403d082aa24f35e1b516d23) [PhysX] Initialized MultithreadedTaskDispatcher with 32 workers.
 -> (artifact id: '003ff05e0703ff243e0b3e33edcf102b') in 0.022134 seconds
Number of updated asset objects reloaded before import = 0
Number of asset objects unloaded after import = 23
========================================================================
Received Import Request.
  Time since last request: 0.000019 seconds.
  path: Assets/Oculus/Interaction/Samples/Scenes/Examples/HandGrabExamples.unity
  artifactKey: Guid(39ae0e546b9edc0408d3b11c6a7c2814) Importer(2089858483,0ecaa5967403d082aa24f35e1b516d23)
Start importing Assets/Oculus/Interaction/Samples/Scenes/Examples/HandGrabExamples.unity using Guid(39ae0e546b9edc0408d3b11c6a7c2814) Importer(2089858483,0ecaa5967403d082aa24f35e1b516d23) [PhysX] Initialized MultithreadedTaskDispatcher with 32 workers.
 -> (artifact id: 'b77a4dfea6083f3f79acde571da38b5d') in 0.008339 seconds
Number of updated asset objects reloaded before import = 0
Number of asset objects unloaded after import = 1
========================================================================
Received Import Request.
  Time since last request: 0.000110 seconds.
  path: Assets/Oculus/Interaction/Samples/Prefabs/HandPose/RockPose.prefab
  artifactKey: Guid(3ac7f33474277cc4598513c999a34088) Importer(2089858483,0ecaa5967403d082aa24f35e1b516d23)
Start importing Assets/Oculus/Interaction/Samples/Prefabs/HandPose/RockPose.prefab using Guid(3ac7f33474277cc4598513c999a34088) Importer(2089858483,0ecaa5967403d082aa24f35e1b516d23) [PhysX] Initialized MultithreadedTaskDispatcher with 32 workers.
 -> (artifact id: '3811359d90409f6b21e91102095c5e51') in 0.037474 seconds
Number of updated asset objects reloaded before import = 0
Number of asset objects unloaded after import = 13
========================================================================
Received Import Request.
  Time since last request: 0.000021 seconds.
  path: Assets/Oculus/SampleFramework/Core/CustomHands/Animations/r_hand_hold_ping_pong_ball_anim.fbx
  artifactKey: Guid(7bf81deb4ead62e4c9de1e69bb491c00) Importer(2089858483,0ecaa5967403d082aa24f35e1b516d23)
Start importing Assets/Oculus/SampleFramework/Core/CustomHands/Animations/r_hand_hold_ping_pong_ball_anim.fbx using Guid(7bf81deb4ead62e4c9de1e69bb491c00) Importer(2089858483,0ecaa5967403d082aa24f35e1b516d23) [PhysX] Initialized MultithreadedTaskDispatcher with 32 workers.
 -> (artifact id: '2017197a1b05278776eb2cde641584ac') in 0.023623 seconds
Number of updated asset objects reloaded before import = 0
Number of asset objects unloaded after import = 55
========================================================================
Received Import Request.
  Time since last request: 0.000108 seconds.
  path: Assets/Oculus/Interaction/Samples/Audio/Prefabs/PoseDetectionStopAudio.prefab
  artifactKey: Guid(743e832a8bb6eb947a426d4eea3d4179) Importer(2089858483,0ecaa5967403d082aa24f35e1b516d23)
Start importing Assets/Oculus/Interaction/Samples/Audio/Prefabs/PoseDetectionStopAudio.prefab using Guid(743e832a8bb6eb947a426d4eea3d4179) Importer(2089858483,0ecaa5967403d082aa24f35e1b516d23) [PhysX] Initialized MultithreadedTaskDispatcher with 32 workers.
 -> (artifact id: '9912ad24f83b78b44c0659d159a5b186') in 0.019676 seconds
Number of updated asset objects reloaded before import = 0
Number of asset objects unloaded after import = 9
========================================================================
Received Import Request.
  Time since last request: 0.000027 seconds.
  path: Assets/Oculus/Platform/Samples/VrHoops/Scripts/P2PNetworkGoal.cs
  artifactKey: Guid(1aef3541237f243e4856d8913668f9b8) Importer(2089858483,0ecaa5967403d082aa24f35e1b516d23)
Start importing Assets/Oculus/Platform/Samples/VrHoops/Scripts/P2PNetworkGoal.cs using Guid(1aef3541237f243e4856d8913668f9b8) Importer(2089858483,0ecaa5967403d082aa24f35e1b516d23) [PhysX] Initialized MultithreadedTaskDispatcher with 32 workers.
 -> (artifact id: '1bfae1d7973d62ee3aa91023481ee73f') in 0.014018 seconds
Number of updated asset objects reloaded before import = 0
Number of asset objects unloaded after import = 1
========================================================================
Received Import Request.
  Time since last request: 0.000104 seconds.
  path: Assets/Oculus/SampleFramework/Core/Locomotion/Materials/MeterGrid.png
  artifactKey: Guid(94201fda3ed62c94fbb0e4bf717756ba) Importer(2089858483,0ecaa5967403d082aa24f35e1b516d23)
Start importing Assets/Oculus/SampleFramework/Core/Locomotion/Materials/MeterGrid.png using Guid(94201fda3ed62c94fbb0e4bf717756ba) Importer(2089858483,0ecaa5967403d082aa24f35e1b516d23) [PhysX] Initialized MultithreadedTaskDispatcher with 32 workers.
 -> (artifact id: '23d782ea9a4ee6f4e2e6100bacfee310') in 0.022270 seconds
Number of updated asset objects reloaded before import = 0
Number of asset objects unloaded after import = 1
========================================================================
Received Import Request.
  Time since last request: 0.000102 seconds.
  path: Assets/Oculus/Interaction/Samples/Poses/Shapes/FingersAllClosed.asset
  artifactKey: Guid(55734ff6ac9c48443ab37831fdd69d7b) Importer(2089858483,0ecaa5967403d082aa24f35e1b516d23)
Start importing Assets/Oculus/Interaction/Samples/Poses/Shapes/FingersAllClosed.asset using Guid(55734ff6ac9c48443ab37831fdd69d7b) Importer(2089858483,0ecaa5967403d082aa24f35e1b516d23) [PhysX] Initialized MultithreadedTaskDispatcher with 32 workers.
 -> (artifact id: '7ec99e34df707123deab38c1c57af595') in 0.008911 seconds
Number of updated asset objects reloaded before import = 0
Number of asset objects unloaded after import = 1
========================================================================
Received Import Request.
  Time since last request: 0.000035 seconds.
  path: Assets/Oculus/SampleFramework/Core/CustomHands/Animations/r_hand_cap_touch_thumb_mask_anim.fbx
  artifactKey: Guid(335d75faf2966944c94ee3b473124610) Importer(2089858483,0ecaa5967403d082aa24f35e1b516d23)
Start importing Assets/Oculus/SampleFramework/Core/CustomHands/Animations/r_hand_cap_touch_thumb_mask_anim.fbx using Guid(335d75faf2966944c94ee3b473124610) Importer(2089858483,0ecaa5967403d082aa24f35e1b516d23) [PhysX] Initialized MultithreadedTaskDispatcher with 32 workers.
 -> (artifact id: '32d588e82a593d1d73b71bfa924b550d') in 0.015743 seconds
Number of updated asset objects reloaded before import = 0
Number of asset objects unloaded after import = 55
========================================================================
Received Import Request.
  Time since last request: 0.000017 seconds.
  path: Assets/Oculus/SampleFramework/Core/DebugUI/Prefabs/DebugDivider.prefab
  artifactKey: Guid(61d9c2baaf4c42944ae89394cdca96a1) Importer(2089858483,0ecaa5967403d082aa24f35e1b516d23)
Start importing Assets/Oculus/SampleFramework/Core/DebugUI/Prefabs/DebugDivider.prefab using Guid(61d9c2baaf4c42944ae89394cdca96a1) Importer(2089858483,0ecaa5967403d082aa24f35e1b516d23) [PhysX] Initialized MultithreadedTaskDispatcher with 32 workers.
 -> (artifact id: '17c6050a07f30bf81084373d7c81f95e') in 0.009995 seconds
Number of updated asset objects reloaded before import = 0
Number of asset objects unloaded after import = 10
========================================================================
Received Import Request.
  Time since last request: 0.000101 seconds.
  path: Assets/Oculus/SampleFramework/Core/Firebase/Editor/FirebaseEnabler.cs
  artifactKey: Guid(fb34a4c8e5e060540b15fa6b8431c386) Importer(2089858483,0ecaa5967403d082aa24f35e1b516d23)
Start importing Assets/Oculus/SampleFramework/Core/Firebase/Editor/FirebaseEnabler.cs using Guid(fb34a4c8e5e060540b15fa6b8431c386) Importer(2089858483,0ecaa5967403d082aa24f35e1b516d23) [PhysX] Initialized MultithreadedTaskDispatcher with 32 workers.
 -> (artifact id: 'fa46dd10be780a68a64aeb96632e46ad') in 0.008410 seconds
Number of updated asset objects reloaded before import = 0
Number of asset objects unloaded after import = 1
========================================================================
Received Import Request.
  Time since last request: 0.000117 seconds.
  path: Assets/Oculus/SampleFramework/Core/TouchControllers/Animations/r_controller_joy_NE_anim.fbx
  artifactKey: Guid(e108265fe97750840a25b872a5c94089) Importer(2089858483,0ecaa5967403d082aa24f35e1b516d23)
Start importing Assets/Oculus/SampleFramework/Core/TouchControllers/Animations/r_controller_joy_NE_anim.fbx using Guid(e108265fe97750840a25b872a5c94089) Importer(2089858483,0ecaa5967403d082aa24f35e1b516d23) [PhysX] Initialized MultithreadedTaskDispatcher with 32 workers.
 -> (artifact id: 'b2282176da02f982f8d0fd3a50a96f76') in 0.032815 seconds
Number of updated asset objects reloaded before import = 0
Number of asset objects unloaded after import = 22
========================================================================
Received Import Request.
  Time since last request: 0.000018 seconds.
  path: Assets/Oculus/SampleFramework/Core/CustomHands/Animations/l_hand_hold_billiard_ball_anim.fbx
  artifactKey: Guid(bca4c48c730914fff8cceefbcaa0c11f) Importer(2089858483,0ecaa5967403d082aa24f35e1b516d23)
Start importing Assets/Oculus/SampleFramework/Core/CustomHands/Animations/l_hand_hold_billiard_ball_anim.fbx using Guid(bca4c48c730914fff8cceefbcaa0c11f) Importer(2089858483,0ecaa5967403d082aa24f35e1b516d23) [PhysX] Initialized MultithreadedTaskDispatcher with 32 workers.
 -> (artifact id: '550737aee18e3c92ccba6d1ad49b9e87') in 0.020118 seconds
Number of updated asset objects reloaded before import = 0
Number of asset objects unloaded after import = 57
========================================================================
Received Import Request.
  Time since last request: 0.000018 seconds.
  path: Assets/Oculus/Interaction/Samples/Scenes/Tools/HandGrabPoseTool.unity
  artifactKey: Guid(8d12702353d5fd74ba260506070081fd) Importer(2089858483,0ecaa5967403d082aa24f35e1b516d23)
Start importing Assets/Oculus/Interaction/Samples/Scenes/Tools/HandGrabPoseTool.unity using Guid(8d12702353d5fd74ba260506070081fd) Importer(2089858483,0ecaa5967403d082aa24f35e1b516d23) [PhysX] Initialized MultithreadedTaskDispatcher with 32 workers.
 -> (artifact id: '257a113993dc9544d54e89f8f8eb4222') in 0.007855 seconds
Number of updated asset objects reloaded before import = 0
Number of asset objects unloaded after import = 1
========================================================================
Received Import Request.
  Time since last request: 0.000127 seconds.
  path: Assets/Oculus/SampleFramework/Core/CustomHands/Scripts/Hand.cs
  artifactKey: Guid(79b7e65854ace8f44b05c52c6e824354) Importer(2089858483,0ecaa5967403d082aa24f35e1b516d23)
Start importing Assets/Oculus/SampleFramework/Core/CustomHands/Scripts/Hand.cs using Guid(79b7e65854ace8f44b05c52c6e824354) Importer(2089858483,0ecaa5967403d082aa24f35e1b516d23) [PhysX] Initialized MultithreadedTaskDispatcher with 32 workers.
 -> (artifact id: '2ca110cf35c47e023ca74a095f4a37fb') in 0.012647 seconds
Number of updated asset objects reloaded before import = 0
Number of asset objects unloaded after import = 1
========================================================================
Received Import Request.
  Time since last request: 0.000026 seconds.
  path: Assets/Oculus/Platform/Samples/VrBoardGame/Scripts/IAPManager.cs
  artifactKey: Guid(3e54f4e408fb12842b72b24ac5dcbcf6) Importer(2089858483,0ecaa5967403d082aa24f35e1b516d23)
Start importing Assets/Oculus/Platform/Samples/VrBoardGame/Scripts/IAPManager.cs using Guid(3e54f4e408fb12842b72b24ac5dcbcf6) Importer(2089858483,0ecaa5967403d082aa24f35e1b516d23) [PhysX] Initialized MultithreadedTaskDispatcher with 32 workers.
 -> (artifact id: '6db20a4e27d9078a63cb4f8346c69148') in 0.017634 seconds
Number of updated asset objects reloaded before import = 0
Number of asset objects unloaded after import = 1
========================================================================
Received Import Request.
  Time since last request: 0.000067 seconds.
  path: Assets/Oculus/Platform/Samples/VrHoops/Scripts/MatchController.cs
  artifactKey: Guid(5e31d7fbc2f31b7499684c9e87fc8454) Importer(2089858483,0ecaa5967403d082aa24f35e1b516d23)
Start importing Assets/Oculus/Platform/Samples/VrHoops/Scripts/MatchController.cs using Guid(5e31d7fbc2f31b7499684c9e87fc8454) Importer(2089858483,0ecaa5967403d082aa24f35e1b516d23) [PhysX] Initialized MultithreadedTaskDispatcher with 32 workers.
 -> (artifact id: '39a10e29748b54c97bfce50f45a3d2ec') in 0.008589 seconds
Number of updated asset objects reloaded before import = 0
Number of asset objects unloaded after import = 1
========================================================================
Received Import Request.
  Time since last request: 0.000024 seconds.
  path: Assets/Oculus/SampleFramework/Core/HandsInteraction/Materials/DefaultHandMaterial.mat
  artifactKey: Guid(8f92ce6a2e9e04e458f46e6a635b1d62) Importer(2089858483,0ecaa5967403d082aa24f35e1b516d23)
Start importing Assets/Oculus/SampleFramework/Core/HandsInteraction/Materials/DefaultHandMaterial.mat using Guid(8f92ce6a2e9e04e458f46e6a635b1d62) Importer(2089858483,0ecaa5967403d082aa24f35e1b516d23) [PhysX] Initialized MultithreadedTaskDispatcher with 32 workers.
 -> (artifact id: 'cfe2fff0bf78156ace33bd2dd493c85a') in 0.009038 seconds
Number of updated asset objects reloaded before import = 0
Number of asset objects unloaded after import = 1
========================================================================
Received Import Request.
  Time since last request: 0.000019 seconds.
  path: Assets/Oculus/Interaction/Samples/Scripts/UseGrabPressure/PressureBreakable.cs
  artifactKey: Guid(991e8d61c4cb5b64bb41bd1fb3d79e95) Importer(2089858483,0ecaa5967403d082aa24f35e1b516d23)
Start importing Assets/Oculus/Interaction/Samples/Scripts/UseGrabPressure/PressureBreakable.cs using Guid(991e8d61c4cb5b64bb41bd1fb3d79e95) Importer(2089858483,0ecaa5967403d082aa24f35e1b516d23) [PhysX] Initialized MultithreadedTaskDispatcher with 32 workers.
 -> (artifact id: 'c7b2b92b347d96e9833aab03fe943db9') in 0.010866 seconds
Number of updated asset objects reloaded before import = 0
Number of asset objects unloaded after import = 1
========================================================================
Received Import Request.
  Time since last request: 0.000093 seconds.
  path: Assets/Oculus/Platform/Samples/GroupPresenceSample/Scripts/GroupPresenceSample.cs
  artifactKey: Guid(9de13f39625194290a3f459c9513e7d2) Importer(2089858483,0ecaa5967403d082aa24f35e1b516d23)
Start importing Assets/Oculus/Platform/Samples/GroupPresenceSample/Scripts/GroupPresenceSample.cs using Guid(9de13f39625194290a3f459c9513e7d2) Importer(2089858483,0ecaa5967403d082aa24f35e1b516d23) [PhysX] Initialized MultithreadedTaskDispatcher with 32 workers.
 -> (artifact id: 'fc615d07cf049ab6f6a7ee8d8090918d') in 0.012356 seconds
Number of updated asset objects reloaded before import = 0
Number of asset objects unloaded after import = 1
========================================================================
Received Import Request.
  Time since last request: 0.000108 seconds.
  path: Assets/Oculus/SampleFramework/Core/Locomotion/Scripts/TeleportTransitionWarp.cs
  artifactKey: Guid(b1bbfae4990937048b888479caae4fdc) Importer(2089858483,0ecaa5967403d082aa24f35e1b516d23)
Start importing Assets/Oculus/SampleFramework/Core/Locomotion/Scripts/TeleportTransitionWarp.cs using Guid(b1bbfae4990937048b888479caae4fdc) Importer(2089858483,0ecaa5967403d082aa24f35e1b516d23) [PhysX] Initialized MultithreadedTaskDispatcher with 32 workers.
 -> (artifact id: 'adff16580fcfefcf04b5bfeca86f1ea0') in 0.009061 seconds
Number of updated asset objects reloaded before import = 0
Number of asset objects unloaded after import = 1
========================================================================
Received Import Request.
  Time since last request: 0.000059 seconds.
  path: Assets/Oculus/SampleFramework/Core/DebugUI/Prefabs/DebugToggle.prefab
  artifactKey: Guid(8ff769690226dec4ea7ad1cea633b2c3) Importer(2089858483,0ecaa5967403d082aa24f35e1b516d23)
Start importing Assets/Oculus/SampleFramework/Core/DebugUI/Prefabs/DebugToggle.prefab using Guid(8ff769690226dec4ea7ad1cea633b2c3) Importer(2089858483,0ecaa5967403d082aa24f35e1b516d23) [PhysX] Initialized MultithreadedTaskDispatcher with 32 workers.
 -> (artifact id: '14cfdf4ee243839d2f377d3461cf2a8e') in 0.038795 seconds
Number of updated asset objects reloaded before import = 0
Number of asset objects unloaded after import = 20
========================================================================
Received Import Request.
  Time since last request: 0.000016 seconds.
  path: Assets/Oculus/SampleFramework/Core/HandsInteraction/Materials/SystemGestureSkeletonBoneMaterial.mat
  artifactKey: Guid(a3aacb3bb3e11b948899db3fbefc6fe1) Importer(2089858483,0ecaa5967403d082aa24f35e1b516d23)
Start importing Assets/Oculus/SampleFramework/Core/HandsInteraction/Materials/SystemGestureSkeletonBoneMaterial.mat using Guid(a3aacb3bb3e11b948899db3fbefc6fe1) Importer(2089858483,0ecaa5967403d082aa24f35e1b516d23) [PhysX] Initialized MultithreadedTaskDispatcher with 32 workers.
 -> (artifact id: '7ecafedaaacbafa767f4a5942c8b8975') in 0.011000 seconds
Number of updated asset objects reloaded before import = 0
Number of asset objects unloaded after import = 1
========================================================================
Received Import Request.
  Time since last request: 0.000063 seconds.
  path: Assets/Oculus/SampleFramework/Core/DebugUI/Prefabs/DebugSlider.prefab
  artifactKey: Guid(fd44cad6bf2970e47939ef98a48a9190) Importer(2089858483,0ecaa5967403d082aa24f35e1b516d23)
Start importing Assets/Oculus/SampleFramework/Core/DebugUI/Prefabs/DebugSlider.prefab using Guid(fd44cad6bf2970e47939ef98a48a9190) Importer(2089858483,0ecaa5967403d082aa24f35e1b516d23) [PhysX] Initialized MultithreadedTaskDispatcher with 32 workers.
 -> (artifact id: '85a98089ff7a601b21b13ebe45ffa5f6') in 0.025400 seconds
Number of updated asset objects reloaded before import = 0
Number of asset objects unloaded after import = 46
========================================================================
Received Import Request.
  Time since last request: 0.000020 seconds.
  path: Assets/Oculus/SampleFramework/Core/Locomotion/Materials/ColumnGlow.shader
  artifactKey: Guid(25bc671e448181c4fab3e6f52fb9d4bd) Importer(2089858483,0ecaa5967403d082aa24f35e1b516d23)
Start importing Assets/Oculus/SampleFramework/Core/Locomotion/Materials/ColumnGlow.shader using Guid(25bc671e448181c4fab3e6f52fb9d4bd) Importer(2089858483,0ecaa5967403d082aa24f35e1b516d23) [PhysX] Initialized MultithreadedTaskDispatcher with 32 workers.
 -> (artifact id: '46977a8e5ab42b70720620c872c228f0') in 0.007832 seconds
Number of updated asset objects reloaded before import = 0
Number of asset objects unloaded after import = 1
========================================================================
Received Import Request.
  Time since last request: 0.000077 seconds.
  path: Assets/Oculus/Platform/Samples/VrBoardGame/Scripts/MatchmakingManager.cs
  artifactKey: Guid(e4f7411db9bf50545a8b0b3c5b3c1ff8) Importer(2089858483,0ecaa5967403d082aa24f35e1b516d23)
Start importing Assets/Oculus/Platform/Samples/VrBoardGame/Scripts/MatchmakingManager.cs using Guid(e4f7411db9bf50545a8b0b3c5b3c1ff8) Importer(2089858483,0ecaa5967403d082aa24f35e1b516d23) [PhysX] Initialized MultithreadedTaskDispatcher with 32 workers.
 -> (artifact id: '927a16d4f75ef22e2fbf1a9f5111a88e') in 0.011290 seconds
Number of updated asset objects reloaded before import = 0
Number of asset objects unloaded after import = 1
========================================================================
Received Import Request.
  Time since last request: 0.000046 seconds.
  path: Assets/Oculus/Interaction/Samples/Prefabs/HandPose/LPose.prefab
  artifactKey: Guid(e5743c2e48945e149af1e6410d886c4c) Importer(2089858483,0ecaa5967403d082aa24f35e1b516d23)
Start importing Assets/Oculus/Interaction/Samples/Prefabs/HandPose/LPose.prefab using Guid(e5743c2e48945e149af1e6410d886c4c) Importer(2089858483,0ecaa5967403d082aa24f35e1b516d23) [PhysX] Initialized MultithreadedTaskDispatcher with 32 workers.
 -> (artifact id: '182df492cc465472842e8232c2352e18') in 0.025093 seconds
Number of updated asset objects reloaded before import = 0
Number of asset objects unloaded after import = 11
========================================================================
Received Import Request.
  Time since last request: 0.000022 seconds.
  path: Assets/Oculus/Interaction/Samples/Scenes/Features/DebugGesture.unity
  artifactKey: Guid(577706ac129bf594196dbdc4d948c6e6) Importer(2089858483,0ecaa5967403d082aa24f35e1b516d23)
Start importing Assets/Oculus/Interaction/Samples/Scenes/Features/DebugGesture.unity using Guid(577706ac129bf594196dbdc4d948c6e6) Importer(2089858483,0ecaa5967403d082aa24f35e1b516d23) [PhysX] Initialized MultithreadedTaskDispatcher with 32 workers.
 -> (artifact id: '77679bfe759d074c9e14cc3997f7b8a8') in 0.007764 seconds
Number of updated asset objects reloaded before import = 0
Number of asset objects unloaded after import = 1
========================================================================
Received Import Request.
  Time since last request: 0.000158 seconds.
  path: Assets/Oculus/Interaction/Samples/Scripts/UseGrabPressure/PressureSquishable.cs
  artifactKey: Guid(54fded3df46624841b86fa6c09c95936) Importer(2089858483,0ecaa5967403d082aa24f35e1b516d23)
Start importing Assets/Oculus/Interaction/Samples/Scripts/UseGrabPressure/PressureSquishable.cs using Guid(54fded3df46624841b86fa6c09c95936) Importer(2089858483,0ecaa5967403d082aa24f35e1b516d23) [PhysX] Initialized MultithreadedTaskDispatcher with 32 workers.
 -> (artifact id: '96fa0ecc24b9ebc6c0e37409241f5b73') in 0.009894 seconds
Number of updated asset objects reloaded before import = 0
Number of asset objects unloaded after import = 1
========================================================================
Received Import Request.
  Time since last request: 0.000046 seconds.
  path: Assets/Oculus/SampleFramework/Core/HandsInteraction/Scripts/Interactable.cs
  artifactKey: Guid(eed225a47adda90439d3e20862fff091) Importer(2089858483,0ecaa5967403d082aa24f35e1b516d23)
Start importing Assets/Oculus/SampleFramework/Core/HandsInteraction/Scripts/Interactable.cs using Guid(eed225a47adda90439d3e20862fff091) Importer(2089858483,0ecaa5967403d082aa24f35e1b516d23) [PhysX] Initialized MultithreadedTaskDispatcher with 32 workers.
 -> (artifact id: '25b41d538dd8c79fe0aee592695cb62e') in 0.007879 seconds
Number of updated asset objects reloaded before import = 0
Number of asset objects unloaded after import = 1
========================================================================
Received Import Request.
  Time since last request: 0.000203 seconds.
  path: Assets/Oculus/Interaction/Samples/Poses/Body/PoseComparerDebugExample.asset
  artifactKey: Guid(3f2abbf757eb8704585ab3e92357cb04) Importer(2089858483,0ecaa5967403d082aa24f35e1b516d23)
Start importing Assets/Oculus/Interaction/Samples/Poses/Body/PoseComparerDebugExample.asset using Guid(3f2abbf757eb8704585ab3e92357cb04) Importer(2089858483,0ecaa5967403d082aa24f35e1b516d23) [PhysX] Initialized MultithreadedTaskDispatcher with 32 workers.
 -> (artifact id: '252feff30e58fecc949aa13d3ba8d8dd') in 0.014841 seconds
Number of updated asset objects reloaded before import = 0
Number of asset objects unloaded after import = 1
========================================================================
Received Import Request.
  Time since last request: 0.000022 seconds.
  path: Assets/Oculus/Interaction/Samples/Scripts/HandGrabRecord/HandGrabPoseLiveRecorder.cs
  artifactKey: Guid(826882dcb55017a46ab71dddc25ab18e) Importer(2089858483,0ecaa5967403d082aa24f35e1b516d23)
Start importing Assets/Oculus/Interaction/Samples/Scripts/HandGrabRecord/HandGrabPoseLiveRecorder.cs using Guid(826882dcb55017a46ab71dddc25ab18e) Importer(2089858483,0ecaa5967403d082aa24f35e1b516d23) [PhysX] Initialized MultithreadedTaskDispatcher with 32 workers.
 -> (artifact id: '8c0bde9b26bf13a9a3acb10b7a9f3903') in 0.008301 seconds
Number of updated asset objects reloaded before import = 0
Number of asset objects unloaded after import = 1
========================================================================
Received Import Request.
  Time since last request: 0.000069 seconds.
  path: Assets/Oculus/SampleFramework/Core/Locomotion/Scripts/TeleportAimHandlerParabolic.cs
  artifactKey: Guid(f2207d0346672d340874d20d6a45eb69) Importer(2089858483,0ecaa5967403d082aa24f35e1b516d23)
Start importing Assets/Oculus/SampleFramework/Core/Locomotion/Scripts/TeleportAimHandlerParabolic.cs using Guid(f2207d0346672d340874d20d6a45eb69) Importer(2089858483,0ecaa5967403d082aa24f35e1b516d23) [PhysX] Initialized MultithreadedTaskDispatcher with 32 workers.
 -> (artifact id: 'b2c65783360e643d4806ecd856b5b884') in 0.028067 seconds
Number of updated asset objects reloaded before import = 0
Number of asset objects unloaded after import = 1
========================================================================
Received Import Request.
  Time since last request: 0.000024 seconds.
  path: Assets/Oculus/SampleFramework/Core/DebugUI/Scripts/DebugUIBuilder.cs
  artifactKey: Guid(e679f22b1a03b94448cb5d40d9024213) Importer(2089858483,0ecaa5967403d082aa24f35e1b516d23)
Start importing Assets/Oculus/SampleFramework/Core/DebugUI/Scripts/DebugUIBuilder.cs using Guid(e679f22b1a03b94448cb5d40d9024213) Importer(2089858483,0ecaa5967403d082aa24f35e1b516d23) [PhysX] Initialized MultithreadedTaskDispatcher with 32 workers.
 -> (artifact id: 'c7292d120f403b3f2019a5bcb79b3279') in 0.009172 seconds
Number of updated asset objects reloaded before import = 0
Number of asset objects unloaded after import = 1
========================================================================
Received Import Request.
  Time since last request: 0.000350 seconds.
  path: Assets/Oculus/SampleFramework/Core/DebugUI/Textures/radio_over.png
  artifactKey: Guid(d573cef9968bac840a82613c16823a0e) Importer(2089858483,0ecaa5967403d082aa24f35e1b516d23)
Start importing Assets/Oculus/SampleFramework/Core/DebugUI/Textures/radio_over.png using Guid(d573cef9968bac840a82613c16823a0e) Importer(2089858483,0ecaa5967403d082aa24f35e1b516d23) [PhysX] Initialized MultithreadedTaskDispatcher with 32 workers.
 -> (artifact id: '7f2f65d3945e8a477e5624f80610bf42') in 0.016695 seconds
Number of updated asset objects reloaded before import = 0
Number of asset objects unloaded after import = 3
========================================================================
Received Import Request.
  Time since last request: 0.000019 seconds.
  path: Assets/Oculus/SampleFramework/Core/Locomotion/Scripts/TeleportTargetHandler.cs
  artifactKey: Guid(0c41ab9d9362d514f8fb3ab4cb49a809) Importer(2089858483,0ecaa5967403d082aa24f35e1b516d23)
Start importing Assets/Oculus/SampleFramework/Core/Locomotion/Scripts/TeleportTargetHandler.cs using Guid(0c41ab9d9362d514f8fb3ab4cb49a809) Importer(2089858483,0ecaa5967403d082aa24f35e1b516d23) [PhysX] Initialized MultithreadedTaskDispatcher with 32 workers.
 -> (artifact id: 'c2aa0d65551ea29a479c0136c2b65909') in 0.012609 seconds
Number of updated asset objects reloaded before import = 0
Number of asset objects unloaded after import = 1
========================================================================
Received Import Request.
  Time since last request: 0.000108 seconds.
  path: Assets/Oculus/SampleFramework/Core/TouchControllers/Animations/l_controller_joy_NE_anim.fbx
  artifactKey: Guid(df1d28bcd38b2b54ca4dd1ab1e835271) Importer(2089858483,0ecaa5967403d082aa24f35e1b516d23)
Start importing Assets/Oculus/SampleFramework/Core/TouchControllers/Animations/l_controller_joy_NE_anim.fbx using Guid(df1d28bcd38b2b54ca4dd1ab1e835271) Importer(2089858483,0ecaa5967403d082aa24f35e1b516d23) [PhysX] Initialized MultithreadedTaskDispatcher with 32 workers.
 -> (artifact id: '61178ee2770d37ad6154fa1e539b96d5') in 0.019694 seconds
Number of updated asset objects reloaded before import = 0
Number of asset objects unloaded after import = 22
========================================================================
Received Import Request.
  Time since last request: 0.000016 seconds.
  path: Assets/Oculus/SampleFramework/Core/CustomHands/Animations/r_hand_cap_touch_anim.fbx
  artifactKey: Guid(e20fcbe7f2c351b4096e9fc3f6a320ae) Importer(2089858483,0ecaa5967403d082aa24f35e1b516d23)
Start importing Assets/Oculus/SampleFramework/Core/CustomHands/Animations/r_hand_cap_touch_anim.fbx using Guid(e20fcbe7f2c351b4096e9fc3f6a320ae) Importer(2089858483,0ecaa5967403d082aa24f35e1b516d23) [PhysX] Initialized MultithreadedTaskDispatcher with 32 workers.
 -> (artifact id: 'caef2904d8b68b7717081f636a846691') in 0.036655 seconds
Number of updated asset objects reloaded before import = 0
Number of asset objects unloaded after import = 55
========================================================================
Received Import Request.
  Time since last request: 0.000016 seconds.
  path: Assets/Oculus/SampleFramework/Core/HandsInteraction/Scripts/HandsManager.cs
  artifactKey: Guid(c9371de340bd2354abd621fadfb9f78d) Importer(2089858483,0ecaa5967403d082aa24f35e1b516d23)
Start importing Assets/Oculus/SampleFramework/Core/HandsInteraction/Scripts/HandsManager.cs using Guid(c9371de340bd2354abd621fadfb9f78d) Importer(2089858483,0ecaa5967403d082aa24f35e1b516d23) [PhysX] Initialized MultithreadedTaskDispatcher with 32 workers.
 -> (artifact id: '91e9a05334a03a0ce174aa0116f16313') in 0.010515 seconds
Number of updated asset objects reloaded before import = 0
Number of asset objects unloaded after import = 1
========================================================================
Received Import Request.
  Time since last request: 0.000224 seconds.
  path: Assets/Oculus/SampleFramework/Core/Locomotion/Scripts/TeleportDestination.cs
  artifactKey: Guid(03a7614f10832d041bccff167d2a460f) Importer(2089858483,0ecaa5967403d082aa24f35e1b516d23)
Start importing Assets/Oculus/SampleFramework/Core/Locomotion/Scripts/TeleportDestination.cs using Guid(03a7614f10832d041bccff167d2a460f) Importer(2089858483,0ecaa5967403d082aa24f35e1b516d23) [PhysX] Initialized MultithreadedTaskDispatcher with 32 workers.
 -> (artifact id: '12f38885e4391a25319377ebd6265c1d') in 0.016507 seconds
Number of updated asset objects reloaded before import = 0
Number of asset objects unloaded after import = 1
========================================================================
Received Import Request.
  Time since last request: 0.000070 seconds.
  path: Assets/Oculus/Interaction/Samples/Scenes/Features/DebugBodyJoints.unity
  artifactKey: Guid(abd747a5d8c82d5439ad2453550edbaf) Importer(2089858483,0ecaa5967403d082aa24f35e1b516d23)
Start importing Assets/Oculus/Interaction/Samples/Scenes/Features/DebugBodyJoints.unity using Guid(abd747a5d8c82d5439ad2453550edbaf) Importer(2089858483,0ecaa5967403d082aa24f35e1b516d23) [PhysX] Initialized MultithreadedTaskDispatcher with 32 workers.
 -> (artifact id: 'bf058460f2bfec01aa23a72dd77b7924') in 0.008680 seconds
Number of updated asset objects reloaded before import = 0
Number of asset objects unloaded after import = 1
========================================================================
Received Import Request.
  Time since last request: 0.000151 seconds.
  path: Assets/Oculus/SampleFramework/Core/DebugUI/Textures/noise_01.png
  artifactKey: Guid(fff70cc323e7244f0a6fed5ecb11a9a1) Importer(2089858483,0ecaa5967403d082aa24f35e1b516d23)
Start importing Assets/Oculus/SampleFramework/Core/DebugUI/Textures/noise_01.png using Guid(fff70cc323e7244f0a6fed5ecb11a9a1) Importer(2089858483,0ecaa5967403d082aa24f35e1b516d23) [PhysX] Initialized MultithreadedTaskDispatcher with 32 workers.
 -> (artifact id: '97acf398e876c5da712e16cc90b33cee') in 0.015663 seconds
Number of updated asset objects reloaded before import = 0
Number of asset objects unloaded after import = 1
========================================================================
Received Import Request.
  Time since last request: 0.000017 seconds.
  path: Assets/Oculus/SampleFramework/Core/CustomHands/Animations/r_hand_hold_generic_anim.fbx
  artifactKey: Guid(6c41a6e223fece0458162624394578d6) Importer(2089858483,0ecaa5967403d082aa24f35e1b516d23)
Start importing Assets/Oculus/SampleFramework/Core/CustomHands/Animations/r_hand_hold_generic_anim.fbx using Guid(6c41a6e223fece0458162624394578d6) Importer(2089858483,0ecaa5967403d082aa24f35e1b516d23) [PhysX] Initialized MultithreadedTaskDispatcher with 32 workers.
 -> (artifact id: 'ee70406cd7edb6bf1b43023dd1d14c69') in 0.018118 seconds
Number of updated asset objects reloaded before import = 0
Number of asset objects unloaded after import = 55
========================================================================
Received Import Request.
  Time since last request: 0.000039 seconds.
  path: Assets/Oculus/Interaction/Samples/Scenes/Examples/TouchGrabExamples.unity
  artifactKey: Guid(ade7d3882b4495145a8fe79f5624beab) Importer(2089858483,0ecaa5967403d082aa24f35e1b516d23)
Start importing Assets/Oculus/Interaction/Samples/Scenes/Examples/TouchGrabExamples.unity using Guid(ade7d3882b4495145a8fe79f5624beab) Importer(2089858483,0ecaa5967403d082aa24f35e1b516d23) [PhysX] Initialized MultithreadedTaskDispatcher with 32 workers.
 -> (artifact id: '5d0852823cf3482c60df0f41f5824051') in 0.012008 seconds
Number of updated asset objects reloaded before import = 0
Number of asset objects unloaded after import = 1
========================================================================
Received Import Request.
  Time since last request: 0.000030 seconds.
  path: Assets/Oculus/Interaction/Samples/Poses/Shapes/ThumbUp.asset
  artifactKey: Guid(b24bfe58d749d144d98a6d242b74fff2) Importer(2089858483,0ecaa5967403d082aa24f35e1b516d23)
Start importing Assets/Oculus/Interaction/Samples/Poses/Shapes/ThumbUp.asset using Guid(b24bfe58d749d144d98a6d242b74fff2) Importer(2089858483,0ecaa5967403d082aa24f35e1b516d23) [PhysX] Initialized MultithreadedTaskDispatcher with 32 workers.
 -> (artifact id: '637c245092a30b1b5e9554af35ede635') in 0.011785 seconds
Number of updated asset objects reloaded before import = 0
Number of asset objects unloaded after import = 1
========================================================================
Received Import Request.
  Time since last request: 0.000029 seconds.
  path: Assets/Oculus/SampleFramework/Core/Locomotion/Models/DestinationIndicatorSimple.fbx
  artifactKey: Guid(823dc0eb5b064e14da00166d21f93fef) Importer(2089858483,0ecaa5967403d082aa24f35e1b516d23)
Start importing Assets/Oculus/SampleFramework/Core/Locomotion/Models/DestinationIndicatorSimple.fbx using Guid(823dc0eb5b064e14da00166d21f93fef) Importer(2089858483,0ecaa5967403d082aa24f35e1b516d23) [PhysX] Initialized MultithreadedTaskDispatcher with 32 workers.
 -> (artifact id: 'f83e9ed07753afa28b9f5e42dfabdbc3') in 0.018978 seconds
Number of updated asset objects reloaded before import = 0
Number of asset objects unloaded after import = 15
========================================================================
Received Import Request.
  Time since last request: 0.000036 seconds.
  path: Assets/Oculus/SampleFramework/Core/CustomHands/Animations/l_hand_hold_generic_anim.fbx
  artifactKey: Guid(b8943b5ee74fcd945a2746d0051466cd) Importer(2089858483,0ecaa5967403d082aa24f35e1b516d23)
Start importing Assets/Oculus/SampleFramework/Core/CustomHands/Animations/l_hand_hold_generic_anim.fbx using Guid(b8943b5ee74fcd945a2746d0051466cd) Importer(2089858483,0ecaa5967403d082aa24f35e1b516d23) [PhysX] Initialized MultithreadedTaskDispatcher with 32 workers.
 -> (artifact id: '69dc4dfd8456d743f4b58f87631bcda4') in 0.022240 seconds
Number of updated asset objects reloaded before import = 0
Number of asset objects unloaded after import = 55
========================================================================
Received Import Request.
  Time since last request: 0.000014 seconds.
  path: Assets/Oculus/Interaction/Samples/Textures/OCUIIconSet/OCUI_24_Filled_2x.png
  artifactKey: Guid(64f884351318b694f942625580e64a8b) Importer(2089858483,0ecaa5967403d082aa24f35e1b516d23)
Start importing Assets/Oculus/Interaction/Samples/Textures/OCUIIconSet/OCUI_24_Filled_2x.png using Guid(64f884351318b694f942625580e64a8b) Importer(2089858483,0ecaa5967403d082aa24f35e1b516d23) [PhysX] Initialized MultithreadedTaskDispatcher with 32 workers.
 -> (artifact id: 'bb103f2a22263bd773517ef97c557c5d') in 0.426191 seconds
Number of updated asset objects reloaded before import = 0
Number of asset objects unloaded after import = 371
========================================================================
Received Import Request.
  Time since last request: 0.956090 seconds.
  path: Assets/Oculus/SampleFramework/Core/TouchControllers/Materials/R_controller_DIF.mat
  artifactKey: Guid(7842888294a7e0e4ea4d15e9f8eb2650) Importer(2089858483,0ecaa5967403d082aa24f35e1b516d23)
Start importing Assets/Oculus/SampleFramework/Core/TouchControllers/Materials/R_controller_DIF.mat using Guid(7842888294a7e0e4ea4d15e9f8eb2650) Importer(2089858483,0ecaa5967403d082aa24f35e1b516d23) [PhysX] Initialized MultithreadedTaskDispatcher with 32 workers.
 -> (artifact id: '90860bf364aea62bade039ec66cc6183') in 0.020485 seconds
Number of updated asset objects reloaded before import = 0
Number of asset objects unloaded after import = 1
========================================================================
Received Import Request.
  Time since last request: 0.000014 seconds.
  path: Assets/Oculus/SampleFramework/Usage/Locomotion/Models/BlockSunken_01.fbx
  artifactKey: Guid(2e61cf7303ea3498891f76a09f2fcc60) Importer(2089858483,0ecaa5967403d082aa24f35e1b516d23)
Start importing Assets/Oculus/SampleFramework/Usage/Locomotion/Models/BlockSunken_01.fbx using Guid(2e61cf7303ea3498891f76a09f2fcc60) Importer(2089858483,0ecaa5967403d082aa24f35e1b516d23) [PhysX] Initialized MultithreadedTaskDispatcher with 32 workers.
 -> (artifact id: '3b4d990f874bce636f401ca3049133a6') in 0.018437 seconds
Number of updated asset objects reloaded before import = 0
Number of asset objects unloaded after import = 7
========================================================================
Received Import Request.
  Time since last request: 0.000136 seconds.
  path: Assets/Oculus/SampleFramework/Usage/OVROverlay/Materials/Tile_Mat_Lost.mat
  artifactKey: Guid(91e0b34c2b2f4e044921cd8113d0d663) Importer(2089858483,0ecaa5967403d082aa24f35e1b516d23)
Start importing Assets/Oculus/SampleFramework/Usage/OVROverlay/Materials/Tile_Mat_Lost.mat using Guid(91e0b34c2b2f4e044921cd8113d0d663) Importer(2089858483,0ecaa5967403d082aa24f35e1b516d23) [PhysX] Initialized MultithreadedTaskDispatcher with 32 workers.
 -> (artifact id: '26a6e13e1dadf06272b6652588e4f8c8') in 0.015431 seconds
Number of updated asset objects reloaded before import = 0
Number of asset objects unloaded after import = 2
========================================================================
Received Import Request.
  Time since last request: 0.000017 seconds.
  path: Assets/Oculus/SampleFramework/Usage/HandsTrainExample/Textures/XingLight.svg
  artifactKey: Guid(5bf89341012d5104286d3d51e6e254dc) Importer(2089858483,0ecaa5967403d082aa24f35e1b516d23)
Start importing Assets/Oculus/SampleFramework/Usage/HandsTrainExample/Textures/XingLight.svg using Guid(5bf89341012d5104286d3d51e6e254dc) Importer(2089858483,0ecaa5967403d082aa24f35e1b516d23) [PhysX] Initialized MultithreadedTaskDispatcher with 32 workers.
 -> (artifact id: '63520979f0ecd7f1555c0c4c6b954015') in 0.006224 seconds
Number of updated asset objects reloaded before import = 0
Number of asset objects unloaded after import = 1
========================================================================
Received Import Request.
  Time since last request: 0.000265 seconds.
  path: Assets/Oculus/SampleFramework/Usage/SceneManager/Materials/Blue.mat
  artifactKey: Guid(f0e40fc865770de4cb1577c051163a9d) Importer(2089858483,0ecaa5967403d082aa24f35e1b516d23)
Start importing Assets/Oculus/SampleFramework/Usage/SceneManager/Materials/Blue.mat using Guid(f0e40fc865770de4cb1577c051163a9d) Importer(2089858483,0ecaa5967403d082aa24f35e1b516d23) [PhysX] Initialized MultithreadedTaskDispatcher with 32 workers.
 -> (artifact id: 'c999758fc0717848060b38013703428e') in 0.020573 seconds
Number of updated asset objects reloaded before import = 0
Number of asset objects unloaded after import = 1
========================================================================
Received Import Request.
  Time since last request: 0.000016 seconds.
  path: Assets/Oculus/SampleFramework/Core/Video/Materials/MovieTexture.mat
  artifactKey: Guid(0a1063314b03a02488a3ef840b635489) Importer(2089858483,0ecaa5967403d082aa24f35e1b516d23)
Start importing Assets/Oculus/SampleFramework/Core/Video/Materials/MovieTexture.mat using Guid(0a1063314b03a02488a3ef840b635489) Importer(2089858483,0ecaa5967403d082aa24f35e1b516d23) [PhysX] Initialized MultithreadedTaskDispatcher with 32 workers.
 -> (artifact id: 'cf51cf48ddb2c1d770620213d0e7b895') in 0.010411 seconds
Number of updated asset objects reloaded before import = 0
Number of asset objects unloaded after import = 2
========================================================================
Received Import Request.
  Time since last request: 0.000261 seconds.
  path: Assets/Oculus/SampleFramework/Usage/SceneManager/Audio/pop.mp3
  artifactKey: Guid(6ad851833fd5df24c84fbadccdab63d2) Importer(2089858483,0ecaa5967403d082aa24f35e1b516d23)
Start importing Assets/Oculus/SampleFramework/Usage/SceneManager/Audio/pop.mp3 using Guid(6ad851833fd5df24c84fbadccdab63d2) Importer(2089858483,0ecaa5967403d082aa24f35e1b516d23) [PhysX] Initialized MultithreadedTaskDispatcher with 32 workers.
 -> (artifact id: '003abc62eb02c7c24de0157a99b013cd') in 0.036453 seconds
Number of updated asset objects reloaded before import = 0
Number of asset objects unloaded after import = 1
========================================================================
Received Import Request.
  Time since last request: 0.000039 seconds.
  path: Assets/Oculus/SampleFramework/Usage/HandsTrainExample/TrainScene/Lightmap-12_comp_light.exr
  artifactKey: Guid(cda425367f94db440a18d74173bff136) Importer(2089858483,0ecaa5967403d082aa24f35e1b516d23)
Start importing Assets/Oculus/SampleFramework/Usage/HandsTrainExample/TrainScene/Lightmap-12_comp_light.exr using Guid(cda425367f94db440a18d74173bff136) Importer(2089858483,0ecaa5967403d082aa24f35e1b516d23) [PhysX] Initialized MultithreadedTaskDispatcher with 32 workers.
 -> (artifact id: '6d5b5f1eb6b5be48553d97aff0889e7c') in 0.020817 seconds
Number of updated asset objects reloaded before import = 0
Number of asset objects unloaded after import = 1
========================================================================
Received Import Request.
  Time since last request: 0.000046 seconds.
  path: Assets/Oculus/SampleFramework/Usage/SceneManager/Materials/WallArt.mat
  artifactKey: Guid(0a40a86ad5413d448a47689993c6272d) Importer(2089858483,0ecaa5967403d082aa24f35e1b516d23)
Start importing Assets/Oculus/SampleFramework/Usage/SceneManager/Materials/WallArt.mat using Guid(0a40a86ad5413d448a47689993c6272d) Importer(2089858483,0ecaa5967403d082aa24f35e1b516d23) [PhysX] Initialized MultithreadedTaskDispatcher with 32 workers.
 -> (artifact id: 'a7098c69a9aca8841be270a4265bb624') in 0.007904 seconds
Number of updated asset objects reloaded before import = 0
Number of asset objects unloaded after import = 1
========================================================================
Received Import Request.
  Time since last request: 0.000015 seconds.
  path: Assets/Oculus/SampleFramework/Usage/HandsTrainExample/TrainScene/Lightmap-16_comp_dir.png
  artifactKey: Guid(6b1f454e1b5a395439c957ab56333809) Importer(2089858483,0ecaa5967403d082aa24f35e1b516d23)
Start importing Assets/Oculus/SampleFramework/Usage/HandsTrainExample/TrainScene/Lightmap-16_comp_dir.png using Guid(6b1f454e1b5a395439c957ab56333809) Importer(2089858483,0ecaa5967403d082aa24f35e1b516d23) [PhysX] Initialized MultithreadedTaskDispatcher with 32 workers.
 -> (artifact id: 'cae4ec10e898e68e0348b6660de0a7df') in 0.015716 seconds
Number of updated asset objects reloaded before import = 0
Number of asset objects unloaded after import = 1
========================================================================
Received Import Request.
  Time since last request: 0.000061 seconds.
  path: Assets/Oculus/SampleFramework/Usage/HandsTrainExample/TrainScene/Lightmap-9_comp_dir.png
  artifactKey: Guid(d2b66bf386e4ecc4a96274d3fbd904fe) Importer(2089858483,0ecaa5967403d082aa24f35e1b516d23)
Start importing Assets/Oculus/SampleFramework/Usage/HandsTrainExample/TrainScene/Lightmap-9_comp_dir.png using Guid(d2b66bf386e4ecc4a96274d3fbd904fe) Importer(2089858483,0ecaa5967403d082aa24f35e1b516d23) [PhysX] Initialized MultithreadedTaskDispatcher with 32 workers.
 -> (artifact id: 'b976864447642a454445d9083c8a726a') in 0.023322 seconds
Number of updated asset objects reloaded before import = 0
Number of asset objects unloaded after import = 1
========================================================================
Received Import Request.
  Time since last request: 0.000064 seconds.
  path: Assets/Oculus/SampleFramework/Usage/HandsTrainExample/TrainScene/Lightmap-9_comp_shadowmask.png
  artifactKey: Guid(6c39dd3e2eb710440af42be20b1f9079) Importer(2089858483,0ecaa5967403d082aa24f35e1b516d23)
Start importing Assets/Oculus/SampleFramework/Usage/HandsTrainExample/TrainScene/Lightmap-9_comp_shadowmask.png using Guid(6c39dd3e2eb710440af42be20b1f9079) Importer(2089858483,0ecaa5967403d082aa24f35e1b516d23) [PhysX] Initialized MultithreadedTaskDispatcher with 32 workers.
 -> (artifact id: '2b02f766e583a6dccb4c54997569dcf7') in 0.017554 seconds
Number of updated asset objects reloaded before import = 0
Number of asset objects unloaded after import = 1
========================================================================
Received Import Request.
  Time since last request: 0.000019 seconds.
  path: Assets/Oculus/SampleFramework/Usage/SceneManager/Scripts/VolumeAndPlaneSwitcher.cs
  artifactKey: Guid(337d67c8752f4d542bc432fdeba8f797) Importer(2089858483,0ecaa5967403d082aa24f35e1b516d23)
Start importing Assets/Oculus/SampleFramework/Usage/SceneManager/Scripts/VolumeAndPlaneSwitcher.cs using Guid(337d67c8752f4d542bc432fdeba8f797) Importer(2089858483,0ecaa5967403d082aa24f35e1b516d23) [PhysX] Initialized MultithreadedTaskDispatcher with 32 workers.
 -> (artifact id: '34e6b5460f1c2ab2a1cbc68ef6967c2c') in 0.009924 seconds
Number of updated asset objects reloaded before import = 0
Number of asset objects unloaded after import = 1
========================================================================
Received Import Request.
  Time since last request: 0.000043 seconds.
  path: Assets/Oculus/SampleFramework/Usage/Passthrough/Scenes/Lighting.unity
  artifactKey: Guid(b79c88b27037b4b48ab3fa45a63f208d) Importer(2089858483,0ecaa5967403d082aa24f35e1b516d23)
Start importing Assets/Oculus/SampleFramework/Usage/Passthrough/Scenes/Lighting.unity using Guid(b79c88b27037b4b48ab3fa45a63f208d) Importer(2089858483,0ecaa5967403d082aa24f35e1b516d23) [PhysX] Initialized MultithreadedTaskDispatcher with 32 workers.
 -> (artifact id: '3bb0c5f779f17bba7a618a0c60c6f137') in 0.007648 seconds
Number of updated asset objects reloaded before import = 0
Number of asset objects unloaded after import = 1
========================================================================
Received Import Request.
  Time since last request: 0.000087 seconds.
  path: Assets/Oculus/SampleFramework/Usage/HandsTrainExample/Scripts/TrainCarBase.cs
  artifactKey: Guid(8cdf7e059dbb0a74c8ac7af28555f169) Importer(2089858483,0ecaa5967403d082aa24f35e1b516d23)
Start importing Assets/Oculus/SampleFramework/Usage/HandsTrainExample/Scripts/TrainCarBase.cs using Guid(8cdf7e059dbb0a74c8ac7af28555f169) Importer(2089858483,0ecaa5967403d082aa24f35e1b516d23) [PhysX] Initialized MultithreadedTaskDispatcher with 32 workers.
 -> (artifact id: 'b29f26c24dc0f86ff11c4f2836945d55') in 0.008574 seconds
Number of updated asset objects reloaded before import = 0
Number of asset objects unloaded after import = 1
========================================================================
Received Import Request.
  Time since last request: 0.000034 seconds.
  path: Assets/Oculus/SampleFramework/Usage/SceneManager/Models/FurnitureSamples.fbx
  artifactKey: Guid(7a109b977f513824da5b75db64b1998d) Importer(2089858483,0ecaa5967403d082aa24f35e1b516d23)
Start importing Assets/Oculus/SampleFramework/Usage/SceneManager/Models/FurnitureSamples.fbx using Guid(7a109b977f513824da5b75db64b1998d) Importer(2089858483,0ecaa5967403d082aa24f35e1b516d23) [PhysX] Initialized MultithreadedTaskDispatcher with 32 workers.
 -> (artifact id: '0aeb03e9e65cf4a2b5b75030baee6755') in 0.027678 seconds
Number of updated asset objects reloaded before import = 0
Number of asset objects unloaded after import = 39
========================================================================
Received Import Request.
  Time since last request: 0.000024 seconds.
  path: Assets/Oculus/SampleFramework/Usage/Locomotion/Models/Cube_1_6.fbx
  artifactKey: Guid(3b72cd902d6ce4108ba2ae9e9fad4df4) Importer(2089858483,0ecaa5967403d082aa24f35e1b516d23)
Start importing Assets/Oculus/SampleFramework/Usage/Locomotion/Models/Cube_1_6.fbx using Guid(3b72cd902d6ce4108ba2ae9e9fad4df4) Importer(2089858483,0ecaa5967403d082aa24f35e1b516d23) [PhysX] Initialized MultithreadedTaskDispatcher with 32 workers.
 -> (artifact id: 'e4a26c0f40801d69504afb329e1960fe') in 0.022872 seconds
Number of updated asset objects reloaded before import = 0
Number of asset objects unloaded after import = 7
========================================================================
Received Import Request.
  Time since last request: 0.000026 seconds.
  path: Assets/Oculus/SampleFramework/Usage/HandsTrainExample/TrainScene/Lightmap-18_comp_shadowmask.png
  artifactKey: Guid(2d4fe8bea81874d45b1f8ab930dc0979) Importer(2089858483,0ecaa5967403d082aa24f35e1b516d23)
Start importing Assets/Oculus/SampleFramework/Usage/HandsTrainExample/TrainScene/Lightmap-18_comp_shadowmask.png using Guid(2d4fe8bea81874d45b1f8ab930dc0979) Importer(2089858483,0ecaa5967403d082aa24f35e1b516d23) [PhysX] Initialized MultithreadedTaskDispatcher with 32 workers.
 -> (artifact id: 'caa94528857de8cc38ad0d341f84b833') in 0.015597 seconds
Number of updated asset objects reloaded before import = 0
Number of asset objects unloaded after import = 1
========================================================================
Received Import Request.
  Time since last request: 0.000092 seconds.
  path: Assets/Oculus/SampleFramework/Usage/Locomotion/Models/Cube_1_5.fbx
  artifactKey: Guid(662b03c631561489b914cc45ca1ef4ff) Importer(2089858483,0ecaa5967403d082aa24f35e1b516d23)
Start importing Assets/Oculus/SampleFramework/Usage/Locomotion/Models/Cube_1_5.fbx using Guid(662b03c631561489b914cc45ca1ef4ff) Importer(2089858483,0ecaa5967403d082aa24f35e1b516d23) [PhysX] Initialized MultithreadedTaskDispatcher with 32 workers.
 -> (artifact id: '715604dcf8ac112ab9045802cd4bb561') in 0.017824 seconds
Number of updated asset objects reloaded before import = 0
Number of asset objects unloaded after import = 7
========================================================================
Received Import Request.
  Time since last request: 0.000042 seconds.
  path: Assets/Oculus/SampleFramework/Usage/Locomotion/Textures/grid_01_light.png
  artifactKey: Guid(a6bed52de01864d6e9677ef2158b2b80) Importer(2089858483,0ecaa5967403d082aa24f35e1b516d23)
Start importing Assets/Oculus/SampleFramework/Usage/Locomotion/Textures/grid_01_light.png using Guid(a6bed52de01864d6e9677ef2158b2b80) Importer(2089858483,0ecaa5967403d082aa24f35e1b516d23) [PhysX] Initialized MultithreadedTaskDispatcher with 32 workers.
 -> (artifact id: '89e7a5856945edd95c86489c75b2ba72') in 0.016667 seconds
Number of updated asset objects reloaded before import = 0
Number of asset objects unloaded after import = 1
========================================================================
Received Import Request.
  Time since last request: 0.000016 seconds.
  path: Assets/Oculus/SampleFramework/Usage/Locomotion/Textures/wall_cinder_01_dif.png
  artifactKey: Guid(f7015a3434c124bc8a51d1d13bac63bf) Importer(2089858483,0ecaa5967403d082aa24f35e1b516d23)
Start importing Assets/Oculus/SampleFramework/Usage/Locomotion/Textures/wall_cinder_01_dif.png using Guid(f7015a3434c124bc8a51d1d13bac63bf) Importer(2089858483,0ecaa5967403d082aa24f35e1b516d23) [PhysX] Initialized MultithreadedTaskDispatcher with 32 workers.
 -> (artifact id: '4f1eedf05d5567c8eafdaae6408dfd73') in 0.016518 seconds
Number of updated asset objects reloaded before import = 0
Number of asset objects unloaded after import = 1
========================================================================
Received Import Request.
  Time since last request: 0.000066 seconds.
  path: Assets/Oculus/SampleFramework/Usage/SceneManager/Audio/bubble.wav
  artifactKey: Guid(9a752d3328516a44384df0f171c8a5ca) Importer(2089858483,0ecaa5967403d082aa24f35e1b516d23)
Start importing Assets/Oculus/SampleFramework/Usage/SceneManager/Audio/bubble.wav using Guid(9a752d3328516a44384df0f171c8a5ca) Importer(2089858483,0ecaa5967403d082aa24f35e1b516d23) [PhysX] Initialized MultithreadedTaskDispatcher with 32 workers.
 -> (artifact id: 'aba260e60f5b8023f72068babd336b38') in 0.024951 seconds
Number of updated asset objects reloaded before import = 0
Number of asset objects unloaded after import = 1
========================================================================
Received Import Request.
  Time since last request: 0.000081 seconds.
  path: Assets/Oculus/SampleFramework/Usage/HandsTrainExample/TrainScene/Lightmap-22_comp_dir.png
  artifactKey: Guid(4a41d3ecd29c99b41af3add4952d57b2) Importer(2089858483,0ecaa5967403d082aa24f35e1b516d23)
Start importing Assets/Oculus/SampleFramework/Usage/HandsTrainExample/TrainScene/Lightmap-22_comp_dir.png using Guid(4a41d3ecd29c99b41af3add4952d57b2) Importer(2089858483,0ecaa5967403d082aa24f35e1b516d23) [PhysX] Initialized MultithreadedTaskDispatcher with 32 workers.
 -> (artifact id: '7888dae64555f8d5efdcc9e6123ed623') in 0.015978 seconds
Number of updated asset objects reloaded before import = 0
Number of asset objects unloaded after import = 1
========================================================================
Received Import Request.
  Time since last request: 0.000103 seconds.
  path: Assets/Oculus/SampleFramework/Usage/HandsTrainExample/TrainScene/Lightmap-14_comp_light.exr
  artifactKey: Guid(d2f095effe4e3bf4f9811e794bad9640) Importer(2089858483,0ecaa5967403d082aa24f35e1b516d23)
Start importing Assets/Oculus/SampleFramework/Usage/HandsTrainExample/TrainScene/Lightmap-14_comp_light.exr using Guid(d2f095effe4e3bf4f9811e794bad9640) Importer(2089858483,0ecaa5967403d082aa24f35e1b516d23) [PhysX] Initialized MultithreadedTaskDispatcher with 32 workers.
 -> (artifact id: '8c15cf55bdc934945f7dedd2bf351791') in 0.013434 seconds
Number of updated asset objects reloaded before import = 0
Number of asset objects unloaded after import = 1
========================================================================
Received Import Request.
  Time since last request: 0.000020 seconds.
  path: Assets/Oculus/SampleFramework/Usage/Locomotion/Models/WedgeFloor_04.fbx
  artifactKey: Guid(23c776da7a69844f2a2a8f5d91026225) Importer(2089858483,0ecaa5967403d082aa24f35e1b516d23)
Start importing Assets/Oculus/SampleFramework/Usage/Locomotion/Models/WedgeFloor_04.fbx using Guid(23c776da7a69844f2a2a8f5d91026225) Importer(2089858483,0ecaa5967403d082aa24f35e1b516d23) [PhysX] Initialized MultithreadedTaskDispatcher with 32 workers.
 -> (artifact id: '23ac498511056b4c9f0fab4cfb7c9ae8') in 0.023319 seconds
Number of updated asset objects reloaded before import = 0
Number of asset objects unloaded after import = 7
========================================================================
Received Import Request.
  Time since last request: 0.000023 seconds.
  path: Assets/Oculus/SampleFramework/Usage/HandsTrainExample/TrainScene/Lightmap-7_comp_dir.png
  artifactKey: Guid(a7945d9d9fd1a054dbbef692365c30be) Importer(2089858483,0ecaa5967403d082aa24f35e1b516d23)
Start importing Assets/Oculus/SampleFramework/Usage/HandsTrainExample/TrainScene/Lightmap-7_comp_dir.png using Guid(a7945d9d9fd1a054dbbef692365c30be) Importer(2089858483,0ecaa5967403d082aa24f35e1b516d23) [PhysX] Initialized MultithreadedTaskDispatcher with 32 workers.
 -> (artifact id: 'f84027af853726e3335ab75563fcd7bf') in 0.018533 seconds
Number of updated asset objects reloaded before import = 0
Number of asset objects unloaded after import = 1
========================================================================
Received Import Request.
  Time since last request: 0.000093 seconds.
  path: Assets/Oculus/SampleFramework/Usage/HandsTrainExample/Materials/WindmillMaterial.mat
  artifactKey: Guid(4f0bb7c7f0bfb2943bdce5930449225e) Importer(2089858483,0ecaa5967403d082aa24f35e1b516d23)
Start importing Assets/Oculus/SampleFramework/Usage/HandsTrainExample/Materials/WindmillMaterial.mat using Guid(4f0bb7c7f0bfb2943bdce5930449225e) Importer(2089858483,0ecaa5967403d082aa24f35e1b516d23) [PhysX] Initialized MultithreadedTaskDispatcher with 32 workers.
 -> (artifact id: 'fa9df2f7f209511c698cd85b804e6814') in 0.044425 seconds
Number of updated asset objects reloaded before import = 0
Number of asset objects unloaded after import = 4
========================================================================
Received Import Request.
  Time since last request: 0.000020 seconds.
  path: Assets/Oculus/SampleFramework/Usage/HandsTrainExample/Audio/Train_Speed_1_Loop.wav
  artifactKey: Guid(a72cc2e2a853fbd45b411882394023ad) Importer(2089858483,0ecaa5967403d082aa24f35e1b516d23)
Start importing Assets/Oculus/SampleFramework/Usage/HandsTrainExample/Audio/Train_Speed_1_Loop.wav using Guid(a72cc2e2a853fbd45b411882394023ad) Importer(2089858483,0ecaa5967403d082aa24f35e1b516d23) [PhysX] Initialized MultithreadedTaskDispatcher with 32 workers.
 -> (artifact id: '85cf99b756ecc46eefbc1819bb644e70') in 0.037975 seconds
Number of updated asset objects reloaded before import = 0
Number of asset objects unloaded after import = 1
========================================================================
Received Import Request.
  Time since last request: 0.000077 seconds.
  path: Assets/Oculus/SampleFramework/Usage/SharedAssets/Materials/SportsBottle_lid.mat
  artifactKey: Guid(c99e99ab53520b24f933da34732440eb) Importer(2089858483,0ecaa5967403d082aa24f35e1b516d23)
Start importing Assets/Oculus/SampleFramework/Usage/SharedAssets/Materials/SportsBottle_lid.mat using Guid(c99e99ab53520b24f933da34732440eb) Importer(2089858483,0ecaa5967403d082aa24f35e1b516d23) [PhysX] Initialized MultithreadedTaskDispatcher with 32 workers.
 -> (artifact id: 'ace38866ef3b43b7c4263cf09c43403b') in 0.012765 seconds
Number of updated asset objects reloaded before import = 0
Number of asset objects unloaded after import = 1
========================================================================
Received Import Request.
  Time since last request: 0.000093 seconds.
  path: Assets/Oculus/SampleFramework/Usage/HandsTrainExample/Shaders/XingLightShader.shader
  artifactKey: Guid(20db1f0dad220cf4e8e49b6e6db7b68c) Importer(2089858483,0ecaa5967403d082aa24f35e1b516d23)
Start importing Assets/Oculus/SampleFramework/Usage/HandsTrainExample/Shaders/XingLightShader.shader using Guid(20db1f0dad220cf4e8e49b6e6db7b68c) Importer(2089858483,0ecaa5967403d082aa24f35e1b516d23) [PhysX] Initialized MultithreadedTaskDispatcher with 32 workers.
 -> (artifact id: '10fde3a743a07b21bbdd4369e9fb664f') in 0.013863 seconds
Number of updated asset objects reloaded before import = 0
Number of asset objects unloaded after import = 1
========================================================================
Received Import Request.
  Time since last request: 0.000159 seconds.
  path: Assets/Oculus/SampleFramework/Usage/HandsTrainExample/Materials/ControllerBoxGlow.mat
  artifactKey: Guid(a439cfb9369c1404d9db2e5580667b14) Importer(2089858483,0ecaa5967403d082aa24f35e1b516d23)
Start importing Assets/Oculus/SampleFramework/Usage/HandsTrainExample/Materials/ControllerBoxGlow.mat using Guid(a439cfb9369c1404d9db2e5580667b14) Importer(2089858483,0ecaa5967403d082aa24f35e1b516d23) [PhysX] Initialized MultithreadedTaskDispatcher with 32 workers.
 -> (artifact id: '76a009f41953ad0ab5833b81f33bed95') in 0.016446 seconds
Number of updated asset objects reloaded before import = 0
Number of asset objects unloaded after import = 2
========================================================================
Received Import Request.
  Time since last request: 0.000021 seconds.
  path: Assets/Oculus/SampleFramework/Usage/OVROverlay/Textures/Loading.png
  artifactKey: Guid(4b1880a5978c2b54ebdf9a22c6f2cabf) Importer(2089858483,0ecaa5967403d082aa24f35e1b516d23)
Start importing Assets/Oculus/SampleFramework/Usage/OVROverlay/Textures/Loading.png using Guid(4b1880a5978c2b54ebdf9a22c6f2cabf) Importer(2089858483,0ecaa5967403d082aa24f35e1b516d23) [PhysX] Initialized MultithreadedTaskDispatcher with 32 workers.
 -> (artifact id: '0719caad155aa7e8b5b241867c9dfb3e') in 0.013918 seconds
Number of updated asset objects reloaded before import = 0
Number of asset objects unloaded after import = 1
========================================================================
Received Import Request.
  Time since last request: 0.000065 seconds.
  path: Assets/Oculus/SampleFramework/Usage/SceneManager/Materials/Wood.mat
  artifactKey: Guid(5dce1f8fd86e04f42a922b7a3ce2a2a7) Importer(2089858483,0ecaa5967403d082aa24f35e1b516d23)
Start importing Assets/Oculus/SampleFramework/Usage/SceneManager/Materials/Wood.mat using Guid(5dce1f8fd86e04f42a922b7a3ce2a2a7) Importer(2089858483,0ecaa5967403d082aa24f35e1b516d23) [PhysX] Initialized MultithreadedTaskDispatcher with 32 workers.
 -> (artifact id: 'e0433e4d46fb13b13533d3c1ccd9b790') in 0.014632 seconds
Number of updated asset objects reloaded before import = 0
Number of asset objects unloaded after import = 1
========================================================================
Received Import Request.
  Time since last request: 0.000017 seconds.
  path: Assets/Oculus/SampleFramework/Usage/Passthrough/Materials/HandMeshMask.mat
  artifactKey: Guid(86bd0db9d12fe4cafb0f57c9596dc64d) Importer(2089858483,0ecaa5967403d082aa24f35e1b516d23)
Start importing Assets/Oculus/SampleFramework/Usage/Passthrough/Materials/HandMeshMask.mat using Guid(86bd0db9d12fe4cafb0f57c9596dc64d) Importer(2089858483,0ecaa5967403d082aa24f35e1b516d23) [PhysX] Initialized MultithreadedTaskDispatcher with 32 workers.
 -> (artifact id: 'd2b6f8e6eeb0f14f768a3067c9b19325') in 0.031032 seconds
Number of updated asset objects reloaded before import = 0
Number of asset objects unloaded after import = 2
========================================================================
Received Import Request.
  Time since last request: 0.000085 seconds.
  path: Assets/Oculus/SampleFramework/Usage/SceneManager/Materials/Couch.mat
  artifactKey: Guid(5f9c3db0cbc778540bbea776d0b2e858) Importer(2089858483,0ecaa5967403d082aa24f35e1b516d23)
Start importing Assets/Oculus/SampleFramework/Usage/SceneManager/Materials/Couch.mat using Guid(5f9c3db0cbc778540bbea776d0b2e858) Importer(2089858483,0ecaa5967403d082aa24f35e1b516d23) [PhysX] Initialized MultithreadedTaskDispatcher with 32 workers.
 -> (artifact id: '3c1f20574017b4faceb4e96436917b23') in 0.011617 seconds
Number of updated asset objects reloaded before import = 0
Number of asset objects unloaded after import = 1
========================================================================
Received Import Request.
  Time since last request: 0.000017 seconds.
  path: Assets/Oculus/SampleFramework/Usage/SceneManager/Materials/Plastic.mat
  artifactKey: Guid(eed002a9bbb525c499ee71cb1d4fe205) Importer(2089858483,0ecaa5967403d082aa24f35e1b516d23)
Start importing Assets/Oculus/SampleFramework/Usage/SceneManager/Materials/Plastic.mat using Guid(eed002a9bbb525c499ee71cb1d4fe205) Importer(2089858483,0ecaa5967403d082aa24f35e1b516d23) [PhysX] Initialized MultithreadedTaskDispatcher with 32 workers.
 -> (artifact id: '7b7e1d34cecd53f4fbcbcf948c1a29a4') in 0.012499 seconds
Number of updated asset objects reloaded before import = 0
Number of asset objects unloaded after import = 1
========================================================================
Received Import Request.
  Time since last request: 0.000020 seconds.
  path: Assets/Oculus/SampleFramework/Usage/Locomotion/Materials/MAT_metal_01.mat
  artifactKey: Guid(6fa48c2a126d0d74e8bb671b62e8cb1b) Importer(2089858483,0ecaa5967403d082aa24f35e1b516d23)
Start importing Assets/Oculus/SampleFramework/Usage/Locomotion/Materials/MAT_metal_01.mat using Guid(6fa48c2a126d0d74e8bb671b62e8cb1b) Importer(2089858483,0ecaa5967403d082aa24f35e1b516d23) [PhysX] Initialized MultithreadedTaskDispatcher with 32 workers.
 -> (artifact id: 'a89321aee8ea064cf16365a4aff65598') in 0.051588 seconds
Number of updated asset objects reloaded before import = 0
Number of asset objects unloaded after import = 4
========================================================================
Received Import Request.
  Time since last request: 0.000017 seconds.
  path: Assets/Oculus/SampleFramework/Usage/OVROverlay/Materials/Tile_Mat_Henry.mat
  artifactKey: Guid(e4486e58dde90df498b2efdcf4292917) Importer(2089858483,0ecaa5967403d082aa24f35e1b516d23)
Start importing Assets/Oculus/SampleFramework/Usage/OVROverlay/Materials/Tile_Mat_Henry.mat using Guid(e4486e58dde90df498b2efdcf4292917) Importer(2089858483,0ecaa5967403d082aa24f35e1b516d23) [PhysX] Initialized MultithreadedTaskDispatcher with 32 workers.
 -> (artifact id: '305bb43f4a6fa1a1ef718c96c44854a2') in 0.013132 seconds
Number of updated asset objects reloaded before import = 0
Number of asset objects unloaded after import = 2
========================================================================
Received Import Request.
  Time since last request: 0.000019 seconds.
  path: Assets/Oculus/SampleFramework/Usage/HandsTrainExample/Prefabs/SelectionCylinder.prefab
  artifactKey: Guid(5796fdce600ca1746a6ce01aed7026fb) Importer(2089858483,0ecaa5967403d082aa24f35e1b516d23)
Start importing Assets/Oculus/SampleFramework/Usage/HandsTrainExample/Prefabs/SelectionCylinder.prefab using Guid(5796fdce600ca1746a6ce01aed7026fb) Importer(2089858483,0ecaa5967403d082aa24f35e1b516d23) [PhysX] Initialized MultithreadedTaskDispatcher with 32 workers.
 -> (artifact id: 'e1962dd028a39126430d3aeba9f38870') in 0.012311 seconds
Number of updated asset objects reloaded before import = 0
Number of asset objects unloaded after import = 9
========================================================================
Received Import Request.
  Time since last request: 0.000027 seconds.
  path: Assets/Oculus/SampleFramework/Usage/HandsTrainExample/TrainScene/Lightmap-13_comp_light.exr
  artifactKey: Guid(a8a84937480a506428ad879fd23865da) Importer(2089858483,0ecaa5967403d082aa24f35e1b516d23)
Start importing Assets/Oculus/SampleFramework/Usage/HandsTrainExample/TrainScene/Lightmap-13_comp_light.exr using Guid(a8a84937480a506428ad879fd23865da) Importer(2089858483,0ecaa5967403d082aa24f35e1b516d23) [PhysX] Initialized MultithreadedTaskDispatcher with 32 workers.
 -> (artifact id: '50844faa75e732278f558e2e71a5f31e') in 0.018093 seconds
Number of updated asset objects reloaded before import = 0
Number of asset objects unloaded after import = 1
========================================================================
Received Import Request.
  Time since last request: 0.000058 seconds.
  path: Assets/Oculus/SampleFramework/Usage/SceneManager/Scripts/FurnitureSpawner.cs
  artifactKey: Guid(0be459a7d52f69342a549e7e1ffa0b02) Importer(2089858483,0ecaa5967403d082aa24f35e1b516d23)
Start importing Assets/Oculus/SampleFramework/Usage/SceneManager/Scripts/FurnitureSpawner.cs using Guid(0be459a7d52f69342a549e7e1ffa0b02) Importer(2089858483,0ecaa5967403d082aa24f35e1b516d23) [PhysX] Initialized MultithreadedTaskDispatcher with 32 workers.
 -> (artifact id: '5094867d3bc4a84ce08c6fdba09c2987') in 0.011195 seconds
Number of updated asset objects reloaded before import = 0
Number of asset objects unloaded after import = 1
========================================================================
Received Import Request.
  Time since last request: 0.000121 seconds.
  path: Assets/Oculus/SampleFramework/Core/Video/Scripts/MoviePlayerSample.cs
  artifactKey: Guid(6b666ca80b3aa42efac718fe4903bff5) Importer(2089858483,0ecaa5967403d082aa24f35e1b516d23)
Start importing Assets/Oculus/SampleFramework/Core/Video/Scripts/MoviePlayerSample.cs using Guid(6b666ca80b3aa42efac718fe4903bff5) Importer(2089858483,0ecaa5967403d082aa24f35e1b516d23) [PhysX] Initialized MultithreadedTaskDispatcher with 32 workers.
 -> (artifact id: '68142729395c78731445ebb6599f696b') in 0.007671 seconds
Number of updated asset objects reloaded before import = 0
Number of asset objects unloaded after import = 1
========================================================================
Received Import Request.
  Time since last request: 0.000058 seconds.
  path: Assets/Oculus/SampleFramework/Usage/Locomotion/Shaders/TriPlanarWorld.shader
  artifactKey: Guid(8de0f603bcd864c41a6fbf4c1788ef9c) Importer(2089858483,0ecaa5967403d082aa24f35e1b516d23)
Start importing Assets/Oculus/SampleFramework/Usage/Locomotion/Shaders/TriPlanarWorld.shader using Guid(8de0f603bcd864c41a6fbf4c1788ef9c) Importer(2089858483,0ecaa5967403d082aa24f35e1b516d23) [PhysX] Initialized MultithreadedTaskDispatcher with 32 workers.
 -> (artifact id: '0acfad265e96c6018b0ac64bd8aea075') in 0.012798 seconds
Number of updated asset objects reloaded before import = 0
Number of asset objects unloaded after import = 1
========================================================================
Received Import Request.
  Time since last request: 0.000076 seconds.
  path: Assets/Oculus/SampleFramework/Usage/HandsTrainExample/Materials/ControllerBoxButtons.mat
  artifactKey: Guid(b3244fa82a3c4c748a0faa4e84afa36f) Importer(2089858483,0ecaa5967403d082aa24f35e1b516d23)
Start importing Assets/Oculus/SampleFramework/Usage/HandsTrainExample/Materials/ControllerBoxButtons.mat using Guid(b3244fa82a3c4c748a0faa4e84afa36f) Importer(2089858483,0ecaa5967403d082aa24f35e1b516d23) [PhysX] Initialized MultithreadedTaskDispatcher with 32 workers.
 -> (artifact id: '4cb29c9444da25a98abf6a76d8de3c53') in 0.020028 seconds
Number of updated asset objects reloaded before import = 0
Number of asset objects unloaded after import = 4
========================================================================
Received Import Request.
  Time since last request: 0.000023 seconds.
  path: Assets/Oculus/SampleFramework/Usage/Locomotion/Textures/floor_wood_02_nml.png
  artifactKey: Guid(67017b977ca8e4564bb2e427adc76f21) Importer(2089858483,0ecaa5967403d082aa24f35e1b516d23)
Start importing Assets/Oculus/SampleFramework/Usage/Locomotion/Textures/floor_wood_02_nml.png using Guid(67017b977ca8e4564bb2e427adc76f21) Importer(2089858483,0ecaa5967403d082aa24f35e1b516d23) [PhysX] Initialized MultithreadedTaskDispatcher with 32 workers.
 -> (artifact id: '12f9b851b8575b1dad2d47a88d4a4867') in 0.016127 seconds
Number of updated asset objects reloaded before import = 0
Number of asset objects unloaded after import = 1
========================================================================
Received Import Request.
  Time since last request: 0.000194 seconds.
  path: Assets/Oculus/SampleFramework/Core/Video/Editor/MediaPlayerImageEditor.cs
  artifactKey: Guid(8782cb0bdeb9f2843bc9d9b19ed4d05a) Importer(2089858483,0ecaa5967403d082aa24f35e1b516d23)
Start importing Assets/Oculus/SampleFramework/Core/Video/Editor/MediaPlayerImageEditor.cs using Guid(8782cb0bdeb9f2843bc9d9b19ed4d05a) Importer(2089858483,0ecaa5967403d082aa24f35e1b516d23) [PhysX] Initialized MultithreadedTaskDispatcher with 32 workers.
 -> (artifact id: 'b4abe05c9964c70cafa87f778410dc9f') in 0.008956 seconds
Number of updated asset objects reloaded before import = 0
Number of asset objects unloaded after import = 1
========================================================================
Received Import Request.
  Time since last request: 0.000166 seconds.
  path: Assets/Oculus/SampleFramework/Usage/SceneManager/Materials/Wall.mat
  artifactKey: Guid(6e93b83e074481a4c99644a6ef0f2526) Importer(2089858483,0ecaa5967403d082aa24f35e1b516d23)
Start importing Assets/Oculus/SampleFramework/Usage/SceneManager/Materials/Wall.mat using Guid(6e93b83e074481a4c99644a6ef0f2526) Importer(2089858483,0ecaa5967403d082aa24f35e1b516d23) [PhysX] Initialized MultithreadedTaskDispatcher with 32 workers.
 -> (artifact id: 'd98868024d23c977991aa27ad2f91dbd') in 0.015520 seconds
Number of updated asset objects reloaded before import = 0
Number of asset objects unloaded after import = 1
========================================================================
Received Import Request.
  Time since last request: 0.000238 seconds.
  path: Assets/Oculus/SampleFramework/Usage/Locomotion/Materials/GroundMat.mat
  artifactKey: Guid(1f0c317a1c26f8a4285902639d3d1a0c) Importer(2089858483,0ecaa5967403d082aa24f35e1b516d23)
Start importing Assets/Oculus/SampleFramework/Usage/Locomotion/Materials/GroundMat.mat using Guid(1f0c317a1c26f8a4285902639d3d1a0c) Importer(2089858483,0ecaa5967403d082aa24f35e1b516d23) [PhysX] Initialized MultithreadedTaskDispatcher with 32 workers.
 -> (artifact id: '556a354eba5321c7fbd2a7e9244a04af') in 0.014968 seconds
Number of updated asset objects reloaded before import = 0
Number of asset objects unloaded after import = 1
========================================================================
Received Import Request.
  Time since last request: 0.000017 seconds.
  path: Assets/Oculus/SampleFramework/Usage/HandsTrainExample/Textures/HandsNotification.png
  artifactKey: Guid(55d6733f82b0e9749bdf6b128ae9257b) Importer(2089858483,0ecaa5967403d082aa24f35e1b516d23)
Start importing Assets/Oculus/SampleFramework/Usage/HandsTrainExample/Textures/HandsNotification.png using Guid(55d6733f82b0e9749bdf6b128ae9257b) Importer(2089858483,0ecaa5967403d082aa24f35e1b516d23) [PhysX] Initialized MultithreadedTaskDispatcher with 32 workers.
 -> (artifact id: '41054c3707d0696ed6a11967eacc51d9') in 0.031799 seconds
Number of updated asset objects reloaded before import = 0
Number of asset objects unloaded after import = 1
========================================================================
Received Import Request.
  Time since last request: 0.000068 seconds.
  path: Assets/Oculus/SampleFramework/Usage/AppDeeplink/UI/DebugTextField.prefab
  artifactKey: Guid(ad318b8a60c4f774cbbf0d9e4d4fcca9) Importer(2089858483,0ecaa5967403d082aa24f35e1b516d23)
Start importing Assets/Oculus/SampleFramework/Usage/AppDeeplink/UI/DebugTextField.prefab using Guid(ad318b8a60c4f774cbbf0d9e4d4fcca9) Importer(2089858483,0ecaa5967403d082aa24f35e1b516d23) [PhysX] Initialized MultithreadedTaskDispatcher with 32 workers.
 -> (artifact id: '769695efb172edbc8a3959d67efcb3d4') in 0.034580 seconds
Number of updated asset objects reloaded before import = 0
Number of asset objects unloaded after import = 14
========================================================================
Received Import Request.
  Time since last request: 0.000067 seconds.
  path: Assets/Oculus/SampleFramework/Usage/HandsTrainExample/TrainScene/Lightmap-7_comp_light.exr
  artifactKey: Guid(bac5ac38c6372144eac8f9ebf3a638e4) Importer(2089858483,0ecaa5967403d082aa24f35e1b516d23)
Start importing Assets/Oculus/SampleFramework/Usage/HandsTrainExample/TrainScene/Lightmap-7_comp_light.exr using Guid(bac5ac38c6372144eac8f9ebf3a638e4) Importer(2089858483,0ecaa5967403d082aa24f35e1b516d23) [PhysX] Initialized MultithreadedTaskDispatcher with 32 workers.
 -> (artifact id: '62272b27dabf81403ad293a6bdb36fc9') in 0.016130 seconds
Number of updated asset objects reloaded before import = 0
Number of asset objects unloaded after import = 1
========================================================================
Received Import Request.
  Time since last request: 0.000019 seconds.
  path: Assets/Oculus/SampleFramework/Usage/Locomotion/Textures/wall_cinder_01_nml.png
  artifactKey: Guid(158ed6dbb513a4b9eb8942f0f15401d1) Importer(2089858483,0ecaa5967403d082aa24f35e1b516d23)
Start importing Assets/Oculus/SampleFramework/Usage/Locomotion/Textures/wall_cinder_01_nml.png using Guid(158ed6dbb513a4b9eb8942f0f15401d1) Importer(2089858483,0ecaa5967403d082aa24f35e1b516d23) [PhysX] Initialized MultithreadedTaskDispatcher with 32 workers.
 -> (artifact id: 'baa0b67f95f82919a50bb42ea45cfdd4') in 0.021767 seconds
Number of updated asset objects reloaded before import = 0
Number of asset objects unloaded after import = 1
========================================================================
Received Import Request.
  Time since last request: 0.000107 seconds.
  path: Assets/Oculus/SampleFramework/Usage/HandsTrainExample/TrainScene/Lightmap-24_comp_shadowmask.png
  artifactKey: Guid(2308cff0ff828ff49a2518a84cf02d5b) Importer(2089858483,0ecaa5967403d082aa24f35e1b516d23)
Start importing Assets/Oculus/SampleFramework/Usage/HandsTrainExample/TrainScene/Lightmap-24_comp_shadowmask.png using Guid(2308cff0ff828ff49a2518a84cf02d5b) Importer(2089858483,0ecaa5967403d082aa24f35e1b516d23) [PhysX] Initialized MultithreadedTaskDispatcher with 32 workers.
 -> (artifact id: '3e397fdd4f1d66b92ab3e6919765dc88') in 0.020103 seconds
Number of updated asset objects reloaded before import = 0
Number of asset objects unloaded after import = 1
========================================================================
Received Import Request.
  Time since last request: 0.000019 seconds.
  path: Assets/Oculus/SampleFramework/Usage/SceneManager/Prefabs/InvisiblePlane.prefab
  artifactKey: Guid(19eaa1918d9a5014889edb43d3e32f55) Importer(2089858483,0ecaa5967403d082aa24f35e1b516d23)
Start importing Assets/Oculus/SampleFramework/Usage/SceneManager/Prefabs/InvisiblePlane.prefab using Guid(19eaa1918d9a5014889edb43d3e32f55) Importer(2089858483,0ecaa5967403d082aa24f35e1b516d23) [PhysX] Initialized MultithreadedTaskDispatcher with 32 workers.
 -> (artifact id: 'cccea25db6a5368eb1b65b9871a68e94') in 0.012180 seconds
Number of updated asset objects reloaded before import = 0
Number of asset objects unloaded after import = 8
========================================================================
Received Import Request.
  Time since last request: 0.000205 seconds.
  path: Assets/Oculus/SampleFramework/Usage/DistanceGrab/Materials/TriangleCursorUntargeted.mat
  artifactKey: Guid(766bb65e1129a4712a168c459298b449) Importer(2089858483,0ecaa5967403d082aa24f35e1b516d23)
Start importing Assets/Oculus/SampleFramework/Usage/DistanceGrab/Materials/TriangleCursorUntargeted.mat using Guid(766bb65e1129a4712a168c459298b449) Importer(2089858483,0ecaa5967403d082aa24f35e1b516d23) [PhysX] Initialized MultithreadedTaskDispatcher with 32 workers.
 -> (artifact id: 'fe2224b1b0261a260f7a4c48930417a5') in 0.012918 seconds
Number of updated asset objects reloaded before import = 0
Number of asset objects unloaded after import = 2
========================================================================
Received Import Request.
  Time since last request: 0.000091 seconds.
  path: Assets/Oculus/SampleFramework/Usage/HandsTrainExample/Audio/Train_Stop_From_Speed_1.wav
  artifactKey: Guid(a30c8bff22ca0554c937b1bdba57a518) Importer(2089858483,0ecaa5967403d082aa24f35e1b516d23)
Start importing Assets/Oculus/SampleFramework/Usage/HandsTrainExample/Audio/Train_Stop_From_Speed_1.wav using Guid(a30c8bff22ca0554c937b1bdba57a518) Importer(2089858483,0ecaa5967403d082aa24f35e1b516d23) [PhysX] Initialized MultithreadedTaskDispatcher with 32 workers.
 -> (artifact id: '812ee35aef5a3cbe0d818ef9e8a23e77') in 0.032625 seconds
Number of updated asset objects reloaded before import = 0
Number of asset objects unloaded after import = 1
========================================================================
Received Import Request.
  Time since last request: 0.000038 seconds.
  path: Assets/Oculus/SampleFramework/Usage/Passthrough/Materials/HandMeshMaskDebug.mat
  artifactKey: Guid(39aedcfe39f8a49159ed27422df8de27) Importer(2089858483,0ecaa5967403d082aa24f35e1b516d23)
Start importing Assets/Oculus/SampleFramework/Usage/Passthrough/Materials/HandMeshMaskDebug.mat using Guid(39aedcfe39f8a49159ed27422df8de27) Importer(2089858483,0ecaa5967403d082aa24f35e1b516d23) [PhysX] Initialized MultithreadedTaskDispatcher with 32 workers.
 -> (artifact id: '3d0daa65b7435806e11b923fd965fd2a') in 0.012016 seconds
Number of updated asset objects reloaded before import = 0
Number of asset objects unloaded after import = 2
========================================================================
Received Import Request.
  Time since last request: 0.000038 seconds.
  path: Assets/Oculus/SampleFramework/Usage/Passthrough/Materials/LogoWhite.mat
  artifactKey: Guid(2e648ffe2658c134cb6a4cb464c0e01e) Importer(2089858483,0ecaa5967403d082aa24f35e1b516d23)
Start importing Assets/Oculus/SampleFramework/Usage/Passthrough/Materials/LogoWhite.mat using Guid(2e648ffe2658c134cb6a4cb464c0e01e) Importer(2089858483,0ecaa5967403d082aa24f35e1b516d23) [PhysX] Initialized MultithreadedTaskDispatcher with 32 workers.
 -> (artifact id: '140a093f507619c432542e2da7287455') in 0.010293 seconds
Number of updated asset objects reloaded before import = 0
Number of asset objects unloaded after import = 1
========================================================================
Received Import Request.
  Time since last request: 0.000040 seconds.
  path: Assets/Oculus/SampleFramework/Usage/HandsTrainExample/TrainScene/Lightmap-32_comp_dir.png
  artifactKey: Guid(00bd5492fc328604fb192db0ba486104) Importer(2089858483,0ecaa5967403d082aa24f35e1b516d23)
Start importing Assets/Oculus/SampleFramework/Usage/HandsTrainExample/TrainScene/Lightmap-32_comp_dir.png using Guid(00bd5492fc328604fb192db0ba486104) Importer(2089858483,0ecaa5967403d082aa24f35e1b516d23) [PhysX] Initialized MultithreadedTaskDispatcher with 32 workers.
 -> (artifact id: '96e4d817fee0cc3723ec42334d00d414') in 0.016294 seconds
Number of updated asset objects reloaded before import = 0
Number of asset objects unloaded after import = 1
========================================================================
Received Import Request.
  Time since last request: 0.000117 seconds.
  path: Assets/Oculus/SampleFramework/Usage/HandsTrainExample/Textures/diorama_paint_diorama_bg_elements_Normal.png
  artifactKey: Guid(8186b5f1a794df84bbd5cdc872dd44b2) Importer(2089858483,0ecaa5967403d082aa24f35e1b516d23)
Start importing Assets/Oculus/SampleFramework/Usage/HandsTrainExample/Textures/diorama_paint_diorama_bg_elements_Normal.png using Guid(8186b5f1a794df84bbd5cdc872dd44b2) Importer(2089858483,0ecaa5967403d082aa24f35e1b516d23) [PhysX] Initialized MultithreadedTaskDispatcher with 32 workers.
 -> (artifact id: '3d08e589c819e5688fb5ee38a3dc6702') in 0.019616 seconds
Number of updated asset objects reloaded before import = 0
Number of asset objects unloaded after import = 1
========================================================================
Received Import Request.
  Time since last request: 0.000015 seconds.
  path: Assets/Oculus/SampleFramework/Usage/HandsTrainExample/TrainScene/Lightmap-36_comp_shadowmask.png
  artifactKey: Guid(2802602003becef4bb6697c3152f1e88) Importer(2089858483,0ecaa5967403d082aa24f35e1b516d23)
Start importing Assets/Oculus/SampleFramework/Usage/HandsTrainExample/TrainScene/Lightmap-36_comp_shadowmask.png using Guid(2802602003becef4bb6697c3152f1e88) Importer(2089858483,0ecaa5967403d082aa24f35e1b516d23) [PhysX] Initialized MultithreadedTaskDispatcher with 32 workers.
 -> (artifact id: 'be50474ce06accd21cdfb18fc45575d1') in 0.021398 seconds
Number of updated asset objects reloaded before import = 0
Number of asset objects unloaded after import = 1
========================================================================
Received Import Request.
  Time since last request: 0.000044 seconds.
  path: Assets/Oculus/SampleFramework/Usage/HandsTrainExample/Prefabs/RightSegment.prefab
  artifactKey: Guid(c458bcf4711b479478e49962283bac76) Importer(2089858483,0ecaa5967403d082aa24f35e1b516d23)
Start importing Assets/Oculus/SampleFramework/Usage/HandsTrainExample/Prefabs/RightSegment.prefab using Guid(c458bcf4711b479478e49962283bac76) Importer(2089858483,0ecaa5967403d082aa24f35e1b516d23) [PhysX] Initialized MultithreadedTaskDispatcher with 32 workers.
 -> (artifact id: '13ff9670c522ac52835f48a01b24bcbd') in 0.014265 seconds
Number of updated asset objects reloaded before import = 0
Number of asset objects unloaded after import = 7
========================================================================
Received Import Request.
  Time since last request: 0.000020 seconds.
  path: Assets/Oculus/SampleFramework/Usage/SceneManager/Materials/PassthroughShadow.mat
  artifactKey: Guid(8cd518a5683b3894183832d24a69e344) Importer(2089858483,0ecaa5967403d082aa24f35e1b516d23)
Start importing Assets/Oculus/SampleFramework/Usage/SceneManager/Materials/PassthroughShadow.mat using Guid(8cd518a5683b3894183832d24a69e344) Importer(2089858483,0ecaa5967403d082aa24f35e1b516d23) [PhysX] Initialized MultithreadedTaskDispatcher with 32 workers.
 -> (artifact id: '33e276209bb961c97dea83aee4b8e4bc') in 0.016961 seconds
Number of updated asset objects reloaded before import = 0
Number of asset objects unloaded after import = 1
========================================================================
Received Import Request.
  Time since last request: 0.000456 seconds.
  path: Assets/Oculus/SampleFramework/Usage/HandsTrainExample/Scripts/TrainLocomotive.cs
  artifactKey: Guid(5433fd5e0ec48eb49bc3800898ea0f0c) Importer(2089858483,0ecaa5967403d082aa24f35e1b516d23)
Start importing Assets/Oculus/SampleFramework/Usage/HandsTrainExample/Scripts/TrainLocomotive.cs using Guid(5433fd5e0ec48eb49bc3800898ea0f0c) Importer(2089858483,0ecaa5967403d082aa24f35e1b516d23) [PhysX] Initialized MultithreadedTaskDispatcher with 32 workers.
 -> (artifact id: '05b9f2b5cbad5c95060bd57e6f3f5e9a') in 0.015291 seconds
Number of updated asset objects reloaded before import = 0
Number of asset objects unloaded after import = 1
========================================================================
Received Import Request.
  Time since last request: 0.000016 seconds.
  path: Assets/Oculus/SampleFramework/Usage/SceneManager/Textures/Checker.png
  artifactKey: Guid(2eb0eebbff5276e4480af54fc9985a2f) Importer(2089858483,0ecaa5967403d082aa24f35e1b516d23)
Start importing Assets/Oculus/SampleFramework/Usage/SceneManager/Textures/Checker.png using Guid(2eb0eebbff5276e4480af54fc9985a2f) Importer(2089858483,0ecaa5967403d082aa24f35e1b516d23) [PhysX] Initialized MultithreadedTaskDispatcher with 32 workers.
 -> (artifact id: '517ec66540e4be30d864bb6fd5bc5ec1') in 0.017061 seconds
Number of updated asset objects reloaded before import = 0
Number of asset objects unloaded after import = 1
========================================================================
Received Import Request.
  Time since last request: 0.000258 seconds.
  path: Assets/Oculus/SampleFramework/Usage/SceneManager/Shaders/StylizedOcclusions.shader
  artifactKey: Guid(8e829d64175cc544c83b58afd511be27) Importer(2089858483,0ecaa5967403d082aa24f35e1b516d23)
Start importing Assets/Oculus/SampleFramework/Usage/SceneManager/Shaders/StylizedOcclusions.shader using Guid(8e829d64175cc544c83b58afd511be27) Importer(2089858483,0ecaa5967403d082aa24f35e1b516d23) [PhysX] Initialized MultithreadedTaskDispatcher with 32 workers.
 -> (artifact id: 'ccd707b171ea39796b2a7637b420e2d9') in 0.016451 seconds
Number of updated asset objects reloaded before import = 0
Number of asset objects unloaded after import = 1
========================================================================
Received Import Request.
  Time since last request: 0.672822 seconds.
  path: Assets/Oculus/SampleFramework/Usage/SharedAssets/Models/ball_soccer_01.fbx
  artifactKey: Guid(dfd14d25717789f4796c172f0155c366) Importer(2089858483,0ecaa5967403d082aa24f35e1b516d23)
Start importing Assets/Oculus/SampleFramework/Usage/SharedAssets/Models/ball_soccer_01.fbx using Guid(dfd14d25717789f4796c172f0155c366) Importer(2089858483,0ecaa5967403d082aa24f35e1b516d23) [PhysX] Initialized MultithreadedTaskDispatcher with 32 workers.
 -> (artifact id: 'ae3dd8de656357ca0d7d96f9bffc1a7c') in 0.031457 seconds
Number of updated asset objects reloaded before import = 0
Number of asset objects unloaded after import = 7
========================================================================
Received Import Request.
  Time since last request: 0.000023 seconds.
  path: Assets/Oculus/Interaction/Runtime/Scripts/Body/PoseDetection/PoseFromBody.cs
  artifactKey: Guid(f2be7e1a3256ca942865ee433ce9e3e9) Importer(2089858483,0ecaa5967403d082aa24f35e1b516d23)
Start importing Assets/Oculus/Interaction/Runtime/Scripts/Body/PoseDetection/PoseFromBody.cs using Guid(f2be7e1a3256ca942865ee433ce9e3e9) Importer(2089858483,0ecaa5967403d082aa24f35e1b516d23) [PhysX] Initialized MultithreadedTaskDispatcher with 32 workers.
 -> (artifact id: 'af02b3d126b41430400f5cc08a0e0622') in 0.022324 seconds
Number of updated asset objects reloaded before import = 0
Number of asset objects unloaded after import = 1
========================================================================
Received Import Request.
  Time since last request: 0.000089 seconds.
  path: Assets/Oculus/Voice/Lib/Wit.ai/Documentation/VoiceEventsDiagram.png
  artifactKey: Guid(f9d0f3319db97e04181db42930d90a4f) Importer(2089858483,0ecaa5967403d082aa24f35e1b516d23)
Start importing Assets/Oculus/Voice/Lib/Wit.ai/Documentation/VoiceEventsDiagram.png using Guid(f9d0f3319db97e04181db42930d90a4f) Importer(2089858483,0ecaa5967403d082aa24f35e1b516d23) [PhysX] Initialized MultithreadedTaskDispatcher with 32 workers.
 -> (artifact id: '3ccbefa4ae0d84798c6f4e6d2422bf46') in 0.051453 seconds
Number of updated asset objects reloaded before import = 0
Number of asset objects unloaded after import = 1
========================================================================
Received Import Request.
  Time since last request: 0.000016 seconds.
  path: Assets/Oculus/Interaction/Runtime/Scripts/Input/Controllers/ControllerButtonUsageActiveState.cs
  artifactKey: Guid(ad374a43a946e7d4496818c6b194809f) Importer(2089858483,0ecaa5967403d082aa24f35e1b516d23)
Start importing Assets/Oculus/Interaction/Runtime/Scripts/Input/Controllers/ControllerButtonUsageActiveState.cs using Guid(ad374a43a946e7d4496818c6b194809f) Importer(2089858483,0ecaa5967403d082aa24f35e1b516d23) [PhysX] Initialized MultithreadedTaskDispatcher with 32 workers.
 -> (artifact id: '9a588ccc6d9fb375f9ec748f25b67001') in 0.018240 seconds
Number of updated asset objects reloaded before import = 0
Number of asset objects unloaded after import = 1
========================================================================
Received Import Request.
  Time since last request: 0.000043 seconds.
  path: Assets/Oculus/SampleFramework/Usage/SpatialAnchor/Materials/IconAnchor.mat
  artifactKey: Guid(befcd1ef2cd28244a86619559833f221) Importer(2089858483,0ecaa5967403d082aa24f35e1b516d23)
Start importing Assets/Oculus/SampleFramework/Usage/SpatialAnchor/Materials/IconAnchor.mat using Guid(befcd1ef2cd28244a86619559833f221) Importer(2089858483,0ecaa5967403d082aa24f35e1b516d23) [PhysX] Initialized MultithreadedTaskDispatcher with 32 workers.
 -> (artifact id: '4e847cfe9df212738de5b7d36acc5991') in 0.015252 seconds
Number of updated asset objects reloaded before import = 0
Number of asset objects unloaded after import = 1
========================================================================
Received Import Request.
  Time since last request: 0.000246 seconds.
  path: Assets/Oculus/Voice/Scripts/Editor/Upgrade/WitUpgrader.cs
  artifactKey: Guid(0b6dc5be923e4794fbc03577778257f0) Importer(2089858483,0ecaa5967403d082aa24f35e1b516d23)
Start importing Assets/Oculus/Voice/Scripts/Editor/Upgrade/WitUpgrader.cs using Guid(0b6dc5be923e4794fbc03577778257f0) Importer(2089858483,0ecaa5967403d082aa24f35e1b516d23) [PhysX] Initialized MultithreadedTaskDispatcher with 32 workers.
 -> (artifact id: 'ad7e00df5ec8581955f15dee8d271a35') in 0.016441 seconds
Number of updated asset objects reloaded before import = 0
Number of asset objects unloaded after import = 1
========================================================================
Received Import Request.
  Time since last request: 0.000016 seconds.
  path: Assets/Oculus/Voice/Lib/Wit.ai/Documentation/VoiceEventsDiagram.pdf
  artifactKey: Guid(8eb9498a67cb0d640aafac2c509b1272) Importer(2089858483,0ecaa5967403d082aa24f35e1b516d23)
Start importing Assets/Oculus/Voice/Lib/Wit.ai/Documentation/VoiceEventsDiagram.pdf using Guid(8eb9498a67cb0d640aafac2c509b1272) Importer(2089858483,0ecaa5967403d082aa24f35e1b516d23) [PhysX] Initialized MultithreadedTaskDispatcher with 32 workers.
 -> (artifact id: 'e4ee9ca8a73a0bd0f2b0688877f4d9fe') in 0.018828 seconds
Number of updated asset objects reloaded before import = 0
Number of asset objects unloaded after import = 1
========================================================================
Received Import Request.
  Time since last request: 0.000050 seconds.
  path: Assets/Oculus/Interaction/Runtime/Scripts/DistanceGrab/Visuals/TubeRenderer.cs
  artifactKey: Guid(038d627f7b72e904382b2b0f8fb30c29) Importer(2089858483,0ecaa5967403d082aa24f35e1b516d23)
Start importing Assets/Oculus/Interaction/Runtime/Scripts/DistanceGrab/Visuals/TubeRenderer.cs using Guid(038d627f7b72e904382b2b0f8fb30c29) Importer(2089858483,0ecaa5967403d082aa24f35e1b516d23) [PhysX] Initialized MultithreadedTaskDispatcher with 32 workers.
 -> (artifact id: '964f1e35605b00c76fbe24a6bb50c43a') in 0.017183 seconds
Number of updated asset objects reloaded before import = 0
Number of asset objects unloaded after import = 1
========================================================================
Received Import Request.
  Time since last request: 0.000016 seconds.
  path: Assets/Oculus/Interaction/Runtime/Scripts/Interaction/Surfaces/ClippedPlaneSurface.cs
  artifactKey: Guid(efd927768041afd4d90e5d822283f0f4) Importer(2089858483,0ecaa5967403d082aa24f35e1b516d23)
Start importing Assets/Oculus/Interaction/Runtime/Scripts/Interaction/Surfaces/ClippedPlaneSurface.cs using Guid(efd927768041afd4d90e5d822283f0f4) Importer(2089858483,0ecaa5967403d082aa24f35e1b516d23) [PhysX] Initialized MultithreadedTaskDispatcher with 32 workers.
 -> (artifact id: '147432b9abba8e56efb7c5e05a071157') in 0.016304 seconds
Number of updated asset objects reloaded before import = 0
Number of asset objects unloaded after import = 1
========================================================================
Received Import Request.
  Time since last request: 0.000059 seconds.
  path: Assets/Oculus/Voice/Features/Dictation/Prefabs/DictationService.prefab
  artifactKey: Guid(ba31729cfe8be2642a8bcac537765e59) Importer(2089858483,0ecaa5967403d082aa24f35e1b516d23)
Start importing Assets/Oculus/Voice/Features/Dictation/Prefabs/DictationService.prefab using Guid(ba31729cfe8be2642a8bcac537765e59) Importer(2089858483,0ecaa5967403d082aa24f35e1b516d23) [PhysX] Initialized MultithreadedTaskDispatcher with 32 workers.
 -> (artifact id: '8ca124686ef80b9bb5c390170035fd94') in 0.020827 seconds
Number of updated asset objects reloaded before import = 0
Number of asset objects unloaded after import = 5
========================================================================
Received Import Request.
  Time since last request: 0.000175 seconds.
  path: Assets/Oculus/SampleFramework/Usage/SharedAssets/Models/SportsBottle_01.fbx
  artifactKey: Guid(6bc9bd2834c994245845178cc95f9233) Importer(2089858483,0ecaa5967403d082aa24f35e1b516d23)
Start importing Assets/Oculus/SampleFramework/Usage/SharedAssets/Models/SportsBottle_01.fbx using Guid(6bc9bd2834c994245845178cc95f9233) Importer(2089858483,0ecaa5967403d082aa24f35e1b516d23) [PhysX] Initialized MultithreadedTaskDispatcher with 32 workers.
 -> (artifact id: '0f6010e3487c0d673900dc9948371737') in 0.018714 seconds
Number of updated asset objects reloaded before import = 0
Number of asset objects unloaded after import = 7
========================================================================
Received Import Request.
  Time since last request: 0.000017 seconds.
  path: Assets/Oculus/SampleFramework/Usage/SpatialAnchor/Meshs/AnchorModel.fbx
  artifactKey: Guid(80e6035dc653427458a8ff49ad454eee) Importer(2089858483,0ecaa5967403d082aa24f35e1b516d23)
Start importing Assets/Oculus/SampleFramework/Usage/SpatialAnchor/Meshs/AnchorModel.fbx using Guid(80e6035dc653427458a8ff49ad454eee) Importer(2089858483,0ecaa5967403d082aa24f35e1b516d23) [PhysX] Initialized MultithreadedTaskDispatcher with 32 workers.
 -> (artifact id: 'e17091bc33a9813686aa58c11a521478') in 0.031962 seconds
Number of updated asset objects reloaded before import = 0
Number of asset objects unloaded after import = 31
========================================================================
Received Import Request.
  Time since last request: 0.000026 seconds.
  path: Assets/Oculus/Interaction/OVRIntegration/Runtime/Scripts/Input/OVRTouch.cs
  artifactKey: Guid(050cafef1fd5dc54fbf85438caf270cd) Importer(2089858483,0ecaa5967403d082aa24f35e1b516d23)
Start importing Assets/Oculus/Interaction/OVRIntegration/Runtime/Scripts/Input/OVRTouch.cs using Guid(050cafef1fd5dc54fbf85438caf270cd) Importer(2089858483,0ecaa5967403d082aa24f35e1b516d23) [PhysX] Initialized MultithreadedTaskDispatcher with 32 workers.
 -> (artifact id: '51bd56ae70cb77beef0ec757460a6da7') in 0.014069 seconds
Number of updated asset objects reloaded before import = 0
Number of asset objects unloaded after import = 1
========================================================================
Received Import Request.
  Time since last request: 0.000016 seconds.
  path: Assets/Oculus/SampleFramework/Usage/SpatialAnchor/Materials/Passthrough.mat
  artifactKey: Guid(e5462914f0e0ad646bd4fdabf728279c) Importer(2089858483,0ecaa5967403d082aa24f35e1b516d23)
Start importing Assets/Oculus/SampleFramework/Usage/SpatialAnchor/Materials/Passthrough.mat using Guid(e5462914f0e0ad646bd4fdabf728279c) Importer(2089858483,0ecaa5967403d082aa24f35e1b516d23) [PhysX] Initialized MultithreadedTaskDispatcher with 32 workers.
 -> (artifact id: '5ea65c4828223d9c0334eb9937cdd69e') in 0.020741 seconds
Number of updated asset objects reloaded before import = 0
Number of asset objects unloaded after import = 1
========================================================================
Received Import Request.
  Time since last request: 0.000098 seconds.
  path: Assets/Oculus/VR/Editor/BuildingBlocks/Icons/ovr_error_greybg.png
  artifactKey: Guid(d0390c3a10ac76641b718f04d77f80ae) Importer(2089858483,0ecaa5967403d082aa24f35e1b516d23)
Start importing Assets/Oculus/VR/Editor/BuildingBlocks/Icons/ovr_error_greybg.png using Guid(d0390c3a10ac76641b718f04d77f80ae) Importer(2089858483,0ecaa5967403d082aa24f35e1b516d23) [PhysX] Initialized MultithreadedTaskDispatcher with 32 workers.
 -> (artifact id: '7032a45e8007050588fa654149298e4d') in 0.016616 seconds
Number of updated asset objects reloaded before import = 0
Number of asset objects unloaded after import = 1
========================================================================
Received Import Request.
  Time since last request: 0.000069 seconds.
  path: Assets/Oculus/Interaction/Runtime/Scripts/Interaction/Core/VirtualActiveState.cs
  artifactKey: Guid(69a56a590bc345b42b367a1c73088cce) Importer(2089858483,0ecaa5967403d082aa24f35e1b516d23)
Start importing Assets/Oculus/Interaction/Runtime/Scripts/Interaction/Core/VirtualActiveState.cs using Guid(69a56a590bc345b42b367a1c73088cce) Importer(2089858483,0ecaa5967403d082aa24f35e1b516d23) [PhysX] Initialized MultithreadedTaskDispatcher with 32 workers.
 -> (artifact id: '55588ea4fcf41d72aa1aed3cc192c996') in 0.011475 seconds
Number of updated asset objects reloaded before import = 0
Number of asset objects unloaded after import = 1
========================================================================
Received Import Request.
  Time since last request: 0.000032 seconds.
  path: Assets/Oculus/Voice/Samples/Shapes/Scripts/ColorChanger.cs
  artifactKey: Guid(5749c1c94c5bd5b4b8c551c68c28b40b) Importer(2089858483,0ecaa5967403d082aa24f35e1b516d23)
Start importing Assets/Oculus/Voice/Samples/Shapes/Scripts/ColorChanger.cs using Guid(5749c1c94c5bd5b4b8c551c68c28b40b) Importer(2089858483,0ecaa5967403d082aa24f35e1b516d23) [PhysX] Initialized MultithreadedTaskDispatcher with 32 workers.
 -> (artifact id: '5517f7647d33d5ebcc27495b20e33a1a') in 0.017043 seconds
Number of updated asset objects reloaded before import = 0
Number of asset objects unloaded after import = 1
========================================================================
Received Import Request.
  Time since last request: 0.000193 seconds.
  path: Assets/Oculus/Voice/Features/Telemetry/Plugins/SDKTelemetry.aar
  artifactKey: Guid(04097c71594f0f440867543dc8c39c34) Importer(2089858483,0ecaa5967403d082aa24f35e1b516d23)
Start importing Assets/Oculus/Voice/Features/Telemetry/Plugins/SDKTelemetry.aar using Guid(04097c71594f0f440867543dc8c39c34) Importer(2089858483,0ecaa5967403d082aa24f35e1b516d23) [PhysX] Initialized MultithreadedTaskDispatcher with 32 workers.
 -> (artifact id: '32eba25d407291b028df9b40e70933f2') in 0.013958 seconds
Number of updated asset objects reloaded before import = 0
Number of asset objects unloaded after import = 1
========================================================================
Received Import Request.
  Time since last request: 0.000085 seconds.
  path: Assets/Oculus/Interaction/Runtime/Scripts/Interaction/Pointable/PointableElement.cs
  artifactKey: Guid(5f1c05e246f22904dacc379a267083b1) Importer(2089858483,0ecaa5967403d082aa24f35e1b516d23)
Start importing Assets/Oculus/Interaction/Runtime/Scripts/Interaction/Pointable/PointableElement.cs using Guid(5f1c05e246f22904dacc379a267083b1) Importer(2089858483,0ecaa5967403d082aa24f35e1b516d23) [PhysX] Initialized MultithreadedTaskDispatcher with 32 workers.
 -> (artifact id: 'e6b9d2f45ac961c499e43d8143c2492e') in 0.013349 seconds
Number of updated asset objects reloaded before import = 0
Number of asset objects unloaded after import = 1
========================================================================
Received Import Request.
  Time since last request: 0.000183 seconds.
  path: Assets/Oculus/Interaction/Runtime/Scripts/Interaction/Core/IInteractable.cs
  artifactKey: Guid(4196df5f1c041fa4380575befde652ea) Importer(2089858483,0ecaa5967403d082aa24f35e1b516d23)
Start importing Assets/Oculus/Interaction/Runtime/Scripts/Interaction/Core/IInteractable.cs using Guid(4196df5f1c041fa4380575befde652ea) Importer(2089858483,0ecaa5967403d082aa24f35e1b516d23) [PhysX] Initialized MultithreadedTaskDispatcher with 32 workers.
 -> (artifact id: '938a59e5587c11d2045ea79e25c0e6ab') in 0.019448 seconds
Number of updated asset objects reloaded before import = 0
Number of asset objects unloaded after import = 1
========================================================================
Received Import Request.
  Time since last request: 0.000034 seconds.
  path: Assets/Oculus/Voice/Lib/Wit.ai/Resources/witai_texts_en-us.json
  artifactKey: Guid(49d638c72ed2bc946b6b297f70acf158) Importer(2089858483,0ecaa5967403d082aa24f35e1b516d23)
Start importing Assets/Oculus/Voice/Lib/Wit.ai/Resources/witai_texts_en-us.json using Guid(49d638c72ed2bc946b6b297f70acf158) Importer(2089858483,0ecaa5967403d082aa24f35e1b516d23) [PhysX] Initialized MultithreadedTaskDispatcher with 32 workers.
 -> (artifact id: 'fa4ac956e1b15a5b376e6372f2dff8f9') in 0.017219 seconds
Number of updated asset objects reloaded before import = 0
Number of asset objects unloaded after import = 1
========================================================================
Received Import Request.
  Time since last request: 0.000056 seconds.
  path: Assets/Oculus/Interaction/Runtime/Scripts/Input/OneEuroFilter/OneEuroFilterPropertyBlock.cs
  artifactKey: Guid(3e7ef3e1aa979ab42a3583acb36d3a77) Importer(2089858483,0ecaa5967403d082aa24f35e1b516d23)
Start importing Assets/Oculus/Interaction/Runtime/Scripts/Input/OneEuroFilter/OneEuroFilterPropertyBlock.cs using Guid(3e7ef3e1aa979ab42a3583acb36d3a77) Importer(2089858483,0ecaa5967403d082aa24f35e1b516d23) [PhysX] Initialized MultithreadedTaskDispatcher with 32 workers.
 -> (artifact id: 'fb8ea3593eb73c85985a2cfc09dde653') in 0.018728 seconds
Number of updated asset objects reloaded before import = 0
Number of asset objects unloaded after import = 1
========================================================================
Received Import Request.
  Time since last request: 0.000387 seconds.
  path: Assets/Oculus/Interaction/OVRIntegration/Runtime/Prefabs/Legacy/InteractionRigOVR.prefab
  artifactKey: Guid(ffe3be6b11cb93446bff4c254b6d9148) Importer(2089858483,0ecaa5967403d082aa24f35e1b516d23)
Start importing Assets/Oculus/Interaction/OVRIntegration/Runtime/Prefabs/Legacy/InteractionRigOVR.prefab using Guid(ffe3be6b11cb93446bff4c254b6d9148) Importer(2089858483,0ecaa5967403d082aa24f35e1b516d23) [PhysX] Initialized MultithreadedTaskDispatcher with 32 workers.
 -> (artifact id: '2fe4b258fea8fcc15a9648300ed68b92') in 0.018564 seconds
Number of updated asset objects reloaded before import = 0
Number of asset objects unloaded after import = 49
========================================================================
Received Import Request.
  Time since last request: 0.000149 seconds.
  path: Assets/Oculus/VR/Editor/BuildingBlocks/Icons/ovr_icon_link.png
  artifactKey: Guid(8bb100d6094986c49b2408ec32a18777) Importer(2089858483,0ecaa5967403d082aa24f35e1b516d23)
Start importing Assets/Oculus/VR/Editor/BuildingBlocks/Icons/ovr_icon_link.png using Guid(8bb100d6094986c49b2408ec32a18777) Importer(2089858483,0ecaa5967403d082aa24f35e1b516d23) [PhysX] Initialized MultithreadedTaskDispatcher with 32 workers.
 -> (artifact id: 'e7856132b1d9a34765d41993f67c3174') in 0.025113 seconds
Number of updated asset objects reloaded before import = 0
Number of asset objects unloaded after import = 1
========================================================================
Received Import Request.
  Time since last request: 0.000048 seconds.
  path: Assets/Oculus/SampleFramework/Usage/SharedAssets/Prefabs/ToyCubePf.prefab
  artifactKey: Guid(8dabe039502862549b63fa1157199b81) Importer(2089858483,0ecaa5967403d082aa24f35e1b516d23)
Start importing Assets/Oculus/SampleFramework/Usage/SharedAssets/Prefabs/ToyCubePf.prefab using Guid(8dabe039502862549b63fa1157199b81) Importer(2089858483,0ecaa5967403d082aa24f35e1b516d23) [PhysX] Initialized MultithreadedTaskDispatcher with 32 workers.
 -> (artifact id: '40b3738f6814e04c5fe9ba9bceccb1d8') in 0.022181 seconds
Number of updated asset objects reloaded before import = 0
Number of asset objects unloaded after import = 8
========================================================================
Received Import Request.
  Time since last request: 0.000018 seconds.
  path: Assets/Oculus/Interaction/OVRIntegration/Runtime/Prefabs/Hands/OVRFromRightHandPrefab.prefab
  artifactKey: Guid(f610b7d0d48fa194193a8edc8f1c4959) Importer(2089858483,0ecaa5967403d082aa24f35e1b516d23)
Start importing Assets/Oculus/Interaction/OVRIntegration/Runtime/Prefabs/Hands/OVRFromRightHandPrefab.prefab using Guid(f610b7d0d48fa194193a8edc8f1c4959) Importer(2089858483,0ecaa5967403d082aa24f35e1b516d23) [PhysX] Initialized MultithreadedTaskDispatcher with 32 workers.
 -> (artifact id: '6d234c8fe1d440a0d18519e23b825d7b') in 0.045833 seconds
Number of updated asset objects reloaded before import = 0
Number of asset objects unloaded after import = 171
========================================================================
Received Import Request.
  Time since last request: 0.000017 seconds.
  path: Assets/Oculus/Voice/Samples/ShapesConduit/Scripts/ColorName.cs
  artifactKey: Guid(6ebb8de27b8837148a5aab618b3bdfb6) Importer(2089858483,0ecaa5967403d082aa24f35e1b516d23)
Start importing Assets/Oculus/Voice/Samples/ShapesConduit/Scripts/ColorName.cs using Guid(6ebb8de27b8837148a5aab618b3bdfb6) Importer(2089858483,0ecaa5967403d082aa24f35e1b516d23) [PhysX] Initialized MultithreadedTaskDispatcher with 32 workers.
 -> (artifact id: '5c9a1659f35663c854e72d1d225dc7ca') in 0.009787 seconds
Number of updated asset objects reloaded before import = 0
Number of asset objects unloaded after import = 1
========================================================================
Received Import Request.
  Time since last request: 0.000021 seconds.
  path: Assets/Oculus/VR/Scripts/OVRAnchor/OVRAnchorComponents/OVRBounded2D.cs
  artifactKey: Guid(955209a5d89b4116b1fe76931b971c18) Importer(2089858483,0ecaa5967403d082aa24f35e1b516d23)
Start importing Assets/Oculus/VR/Scripts/OVRAnchor/OVRAnchorComponents/OVRBounded2D.cs using Guid(955209a5d89b4116b1fe76931b971c18) Importer(2089858483,0ecaa5967403d082aa24f35e1b516d23) [PhysX] Initialized MultithreadedTaskDispatcher with 32 workers.
 -> (artifact id: 'bdf82e0a1028ecb1715f8ceaef4b4dd1') in 0.008484 seconds
Number of updated asset objects reloaded before import = 0
Number of asset objects unloaded after import = 1
========================================================================
Received Import Request.
  Time since last request: 0.000397 seconds.
  path: Assets/Oculus/Interaction/Runtime/Scripts/Interaction/Surfaces/ISurfacePatch.cs
  artifactKey: Guid(f01c44fe36eba5a4bb59d325b07aabf4) Importer(2089858483,0ecaa5967403d082aa24f35e1b516d23)
Start importing Assets/Oculus/Interaction/Runtime/Scripts/Interaction/Surfaces/ISurfacePatch.cs using Guid(f01c44fe36eba5a4bb59d325b07aabf4) Importer(2089858483,0ecaa5967403d082aa24f35e1b516d23) [PhysX] Initialized MultithreadedTaskDispatcher with 32 workers.
 -> (artifact id: 'eec9e09320884dcb6009e011df344d6d') in 0.012291 seconds
Number of updated asset objects reloaded before import = 0
Number of asset objects unloaded after import = 1
========================================================================
Received Import Request.
  Time since last request: 0.000282 seconds.
  path: Assets/Oculus/VR/Editor/OVRProjectSetup/Tasks/OVRConfigurationTaskException.cs
  artifactKey: Guid(7d5dcbd522a347fca62378e9e47b9893) Importer(2089858483,0ecaa5967403d082aa24f35e1b516d23)
Start importing Assets/Oculus/VR/Editor/OVRProjectSetup/Tasks/OVRConfigurationTaskException.cs using Guid(7d5dcbd522a347fca62378e9e47b9893) Importer(2089858483,0ecaa5967403d082aa24f35e1b516d23) [PhysX] Initialized MultithreadedTaskDispatcher with 32 workers.
 -> (artifact id: 'f8fec6518fa8fb66283e542d785c079d') in 0.018585 seconds
Number of updated asset objects reloaded before import = 0
Number of asset objects unloaded after import = 1
========================================================================
Received Import Request.
  Time since last request: 0.000281 seconds.
  path: Assets/Oculus/Interaction/Runtime/Scripts/Interaction/Visuals/InteractableDebugVisual.cs
  artifactKey: Guid(1bb5261d7cd290b4eacc0fd20e2db09f) Importer(2089858483,0ecaa5967403d082aa24f35e1b516d23)
Start importing Assets/Oculus/Interaction/Runtime/Scripts/Interaction/Visuals/InteractableDebugVisual.cs using Guid(1bb5261d7cd290b4eacc0fd20e2db09f) Importer(2089858483,0ecaa5967403d082aa24f35e1b516d23) [PhysX] Initialized MultithreadedTaskDispatcher with 32 workers.
 -> (artifact id: 'f0960ccd5c64d35134091047b4cd021d') in 0.028488 seconds
Number of updated asset objects reloaded before import = 0
Number of asset objects unloaded after import = 1
========================================================================
Received Import Request.
  Time since last request: 0.000042 seconds.
  path: Assets/Oculus/Interaction/Runtime/Scripts/Input/Hands/ShadowHand.cs
  artifactKey: Guid(938180d832e378e4591295df67622751) Importer(2089858483,0ecaa5967403d082aa24f35e1b516d23)
Start importing Assets/Oculus/Interaction/Runtime/Scripts/Input/Hands/ShadowHand.cs using Guid(938180d832e378e4591295df67622751) Importer(2089858483,0ecaa5967403d082aa24f35e1b516d23) [PhysX] Initialized MultithreadedTaskDispatcher with 32 workers.
 -> (artifact id: 'f2e59d5a1d517b6a478135d2deea5dc8') in 0.014246 seconds
Number of updated asset objects reloaded before import = 0
Number of asset objects unloaded after import = 1
========================================================================
Received Import Request.
  Time since last request: 0.000066 seconds.
  path: Assets/Oculus/Interaction/Runtime/Scripts/Input/Controllers/ControllerDataSourceConfig.cs
  artifactKey: Guid(a1675de914d203a4a910d701ade05ce3) Importer(2089858483,0ecaa5967403d082aa24f35e1b516d23)
Start importing Assets/Oculus/Interaction/Runtime/Scripts/Input/Controllers/ControllerDataSourceConfig.cs using Guid(a1675de914d203a4a910d701ade05ce3) Importer(2089858483,0ecaa5967403d082aa24f35e1b516d23) [PhysX] Initialized MultithreadedTaskDispatcher with 32 workers.
 -> (artifact id: '78fa4f33c7c9bb2cde7941452f384e2b') in 0.015200 seconds
Number of updated asset objects reloaded before import = 0
Number of asset objects unloaded after import = 1
========================================================================
Received Import Request.
  Time since last request: 0.000064 seconds.
  path: Assets/Oculus/Interaction/Runtime/Scripts/Selection/Hands/FingerPinchValue.cs
  artifactKey: Guid(4183772a7ccf28946be25cca333a4c42) Importer(2089858483,0ecaa5967403d082aa24f35e1b516d23)
Start importing Assets/Oculus/Interaction/Runtime/Scripts/Selection/Hands/FingerPinchValue.cs using Guid(4183772a7ccf28946be25cca333a4c42) Importer(2089858483,0ecaa5967403d082aa24f35e1b516d23) [PhysX] Initialized MultithreadedTaskDispatcher with 32 workers.
 -> (artifact id: '1831c90a62de2af01df454cd4444a655') in 0.012445 seconds
Number of updated asset objects reloaded before import = 0
Number of asset objects unloaded after import = 1
========================================================================
Received Import Request.
  Time since last request: 0.000262 seconds.
  path: Assets/Oculus/Interaction/Runtime/Scripts/Interaction/Core/ControllerActiveState.cs
  artifactKey: Guid(3e2cb428b733e56478338c736189a0d5) Importer(2089858483,0ecaa5967403d082aa24f35e1b516d23)
Start importing Assets/Oculus/Interaction/Runtime/Scripts/Interaction/Core/ControllerActiveState.cs using Guid(3e2cb428b733e56478338c736189a0d5) Importer(2089858483,0ecaa5967403d082aa24f35e1b516d23) [PhysX] Initialized MultithreadedTaskDispatcher with 32 workers.
 -> (artifact id: '73958c1baf2294e3abb254ba0cce648c') in 0.013125 seconds
Number of updated asset objects reloaded before import = 0
Number of asset objects unloaded after import = 1
========================================================================
Received Import Request.
  Time since last request: 0.000032 seconds.
  path: Assets/Oculus/Interaction/Runtime/Scripts/Interaction/Grabbable/IGrabbable.cs
  artifactKey: Guid(ed55fe89891e9d846b1c07966cafaf59) Importer(2089858483,0ecaa5967403d082aa24f35e1b516d23)
Start importing Assets/Oculus/Interaction/Runtime/Scripts/Interaction/Grabbable/IGrabbable.cs using Guid(ed55fe89891e9d846b1c07966cafaf59) Importer(2089858483,0ecaa5967403d082aa24f35e1b516d23) [PhysX] Initialized MultithreadedTaskDispatcher with 32 workers.
 -> (artifact id: '914cb4bc336f581b1c5468f0a1d60369') in 0.018854 seconds
Number of updated asset objects reloaded before import = 0
Number of asset objects unloaded after import = 1
========================================================================
Received Import Request.
  Time since last request: 0.000095 seconds.
  path: Assets/Oculus/Interaction/OVRIntegration/Runtime/Prefabs/TouchHandGrab/OVRTouchHandGrabInteractor.prefab
  artifactKey: Guid(eacb945ff4b1f71479625dd1c973b0f2) Importer(2089858483,0ecaa5967403d082aa24f35e1b516d23)
Start importing Assets/Oculus/Interaction/OVRIntegration/Runtime/Prefabs/TouchHandGrab/OVRTouchHandGrabInteractor.prefab using Guid(eacb945ff4b1f71479625dd1c973b0f2) Importer(2089858483,0ecaa5967403d082aa24f35e1b516d23) [PhysX] Initialized MultithreadedTaskDispatcher with 32 workers.
 -> (artifact id: '021e50c28a41a30a2001063e1ce7280f') in 0.037442 seconds
Number of updated asset objects reloaded before import = 0
Number of asset objects unloaded after import = 298
========================================================================
Received Import Request.
  Time since last request: 0.000019 seconds.
  path: Assets/Oculus/Interaction/OVRIntegration/Runtime/Scripts/Input/OVRControllerMatchesProfileActiveState.cs
  artifactKey: Guid(15ae1dbfc52e48f498c558d11c7a0fdf) Importer(2089858483,0ecaa5967403d082aa24f35e1b516d23)
Start importing Assets/Oculus/Interaction/OVRIntegration/Runtime/Scripts/Input/OVRControllerMatchesProfileActiveState.cs using Guid(15ae1dbfc52e48f498c558d11c7a0fdf) Importer(2089858483,0ecaa5967403d082aa24f35e1b516d23) [PhysX] Initialized MultithreadedTaskDispatcher with 32 workers.
 -> (artifact id: '5abd061743f8cd7021a9c4bbb6b613da') in 0.016784 seconds
Number of updated asset objects reloaded before import = 0
Number of asset objects unloaded after import = 1
========================================================================
Received Import Request.
  Time since last request: 0.000068 seconds.
  path: Assets/Oculus/Interaction/Runtime/Scripts/Interaction/Pointable/PointerInteractable.cs
  artifactKey: Guid(a5ab2e5e9d27b754a982ab269eff56e6) Importer(2089858483,0ecaa5967403d082aa24f35e1b516d23)
Start importing Assets/Oculus/Interaction/Runtime/Scripts/Interaction/Pointable/PointerInteractable.cs using Guid(a5ab2e5e9d27b754a982ab269eff56e6) Importer(2089858483,0ecaa5967403d082aa24f35e1b516d23) [PhysX] Initialized MultithreadedTaskDispatcher with 32 workers.
 -> (artifact id: '9a7c5916447de9a158151daaf2418e23') in 0.016728 seconds
Number of updated asset objects reloaded before import = 0
Number of asset objects unloaded after import = 1
========================================================================
Received Import Request.
  Time since last request: 0.000068 seconds.
  path: Assets/Oculus/Interaction/OVRIntegration/Runtime/Scripts/Input/OVRInputDeviceActiveState.cs
  artifactKey: Guid(ce6a3535bf452cd42a0b2fb1c571b76e) Importer(2089858483,0ecaa5967403d082aa24f35e1b516d23)
Start importing Assets/Oculus/Interaction/OVRIntegration/Runtime/Scripts/Input/OVRInputDeviceActiveState.cs using Guid(ce6a3535bf452cd42a0b2fb1c571b76e) Importer(2089858483,0ecaa5967403d082aa24f35e1b516d23) [PhysX] Initialized MultithreadedTaskDispatcher with 32 workers.
 -> (artifact id: 'af26d5b33324525e8e7bc88cdb8e6513') in 0.008908 seconds
Number of updated asset objects reloaded before import = 0
Number of asset objects unloaded after import = 1
========================================================================
Received Import Request.
  Time since last request: 0.000044 seconds.
  path: Assets/Oculus/VR/Editor/OVRProjectSetup/Utils/OptionalLambdaType.cs
  artifactKey: Guid(eeb765bc919545b893b0c57629625f14) Importer(2089858483,0ecaa5967403d082aa24f35e1b516d23)
Start importing Assets/Oculus/VR/Editor/OVRProjectSetup/Utils/OptionalLambdaType.cs using Guid(eeb765bc919545b893b0c57629625f14) Importer(2089858483,0ecaa5967403d082aa24f35e1b516d23) [PhysX] Initialized MultithreadedTaskDispatcher with 32 workers.
 -> (artifact id: '29fd0af06812afac811bef861fb061e1') in 0.012681 seconds
Number of updated asset objects reloaded before import = 0
Number of asset objects unloaded after import = 1
========================================================================
Received Import Request.
  Time since last request: 0.000084 seconds.
  path: Assets/Oculus/Interaction/Runtime/Scripts/Interaction/Pointable/PointableDebugPolylineGizmos.cs
  artifactKey: Guid(58f05d63d5b59f4408101ef811a39ae6) Importer(2089858483,0ecaa5967403d082aa24f35e1b516d23)
Start importing Assets/Oculus/Interaction/Runtime/Scripts/Interaction/Pointable/PointableDebugPolylineGizmos.cs using Guid(58f05d63d5b59f4408101ef811a39ae6) Importer(2089858483,0ecaa5967403d082aa24f35e1b516d23) [PhysX] Initialized MultithreadedTaskDispatcher with 32 workers.
 -> (artifact id: '33e161456800b72bfd89f4f9a0ea101e') in 0.022107 seconds
Number of updated asset objects reloaded before import = 0
Number of asset objects unloaded after import = 1
========================================================================
Received Import Request.
  Time since last request: 0.000094 seconds.
  path: Assets/Oculus/Interaction/Runtime/Scripts/DistanceGrab/Visuals/DistantInteractionLineRendererVisual.cs
  artifactKey: Guid(49d2336476ec912499a3c0aff23be4e4) Importer(2089858483,0ecaa5967403d082aa24f35e1b516d23)
Start importing Assets/Oculus/Interaction/Runtime/Scripts/DistanceGrab/Visuals/DistantInteractionLineRendererVisual.cs using Guid(49d2336476ec912499a3c0aff23be4e4) Importer(2089858483,0ecaa5967403d082aa24f35e1b516d23) [PhysX] Initialized MultithreadedTaskDispatcher with 32 workers.
 -> (artifact id: 'ca538528fae3cd9aa3855fe8db7db343') in 0.016375 seconds
Number of updated asset objects reloaded before import = 0
Number of asset objects unloaded after import = 1
========================================================================
Received Import Request.
  Time since last request: 0.000100 seconds.
  path: Assets/Oculus/Interaction/Runtime/Scripts/Grab/Visuals/HandJointMap.cs
  artifactKey: Guid(890181c147a8cc94597b7ab04b4db257) Importer(2089858483,0ecaa5967403d082aa24f35e1b516d23)
Start importing Assets/Oculus/Interaction/Runtime/Scripts/Grab/Visuals/HandJointMap.cs using Guid(890181c147a8cc94597b7ab04b4db257) Importer(2089858483,0ecaa5967403d082aa24f35e1b516d23) [PhysX] Initialized MultithreadedTaskDispatcher with 32 workers.
 -> (artifact id: 'a2e544c28205151fd973749a207bce26') in 0.014173 seconds
Number of updated asset objects reloaded before import = 0
Number of asset objects unloaded after import = 1
========================================================================
Received Import Request.
  Time since last request: 0.000051 seconds.
  path: Assets/Oculus/Voice/Scripts/Runtime/Service/AppVoiceExperience.cs
  artifactKey: Guid(28779cfed47441a42a6cd4fb49c8dc89) Importer(2089858483,0ecaa5967403d082aa24f35e1b516d23)
Start importing Assets/Oculus/Voice/Scripts/Runtime/Service/AppVoiceExperience.cs using Guid(28779cfed47441a42a6cd4fb49c8dc89) Importer(2089858483,0ecaa5967403d082aa24f35e1b516d23) [PhysX] Initialized MultithreadedTaskDispatcher with 32 workers.
 -> (artifact id: '144d467c8edaf238f7c1c796427b96fa') in 0.013784 seconds
Number of updated asset objects reloaded before import = 0
Number of asset objects unloaded after import = 1
========================================================================
Received Import Request.
  Time since last request: 0.000077 seconds.
  path: Assets/Oculus/Interaction/Runtime/Scripts/Input/Controllers/ControllerDataAsset.cs
  artifactKey: Guid(fe4ca944e80140841985b0f273793641) Importer(2089858483,0ecaa5967403d082aa24f35e1b516d23)
Start importing Assets/Oculus/Interaction/Runtime/Scripts/Input/Controllers/ControllerDataAsset.cs using Guid(fe4ca944e80140841985b0f273793641) Importer(2089858483,0ecaa5967403d082aa24f35e1b516d23) [PhysX] Initialized MultithreadedTaskDispatcher with 32 workers.
 -> (artifact id: '651ea51ad501bf41bd3a895cd530f4e3') in 0.014107 seconds
Number of updated asset objects reloaded before import = 0
Number of asset objects unloaded after import = 1
========================================================================
Received Import Request.
  Time since last request: 0.000138 seconds.
  path: Assets/Oculus/Voice/Samples/BuiltInTimer/Materials/Skybox.mat
  artifactKey: Guid(b68ed34b82d7ad243968eee45e798c6c) Importer(2089858483,0ecaa5967403d082aa24f35e1b516d23)
Start importing Assets/Oculus/Voice/Samples/BuiltInTimer/Materials/Skybox.mat using Guid(b68ed34b82d7ad243968eee45e798c6c) Importer(2089858483,0ecaa5967403d082aa24f35e1b516d23) [PhysX] Initialized MultithreadedTaskDispatcher with 32 workers.
 -> (artifact id: '2ff222fc1a6377eb10edb5fdd467bf38') in 0.013544 seconds
Number of updated asset objects reloaded before import = 0
Number of asset objects unloaded after import = 1
========================================================================
Received Import Request.
  Time since last request: 0.000017 seconds.
  path: Assets/Oculus/Interaction/Runtime/Prefabs/DistanceHandGrab/Reticles/ReticleIcon.prefab
  artifactKey: Guid(e9dd25fe255d0dd4c9bb05c4e208bbf9) Importer(2089858483,0ecaa5967403d082aa24f35e1b516d23)
Start importing Assets/Oculus/Interaction/Runtime/Prefabs/DistanceHandGrab/Reticles/ReticleIcon.prefab using Guid(e9dd25fe255d0dd4c9bb05c4e208bbf9) Importer(2089858483,0ecaa5967403d082aa24f35e1b516d23) [PhysX] Initialized MultithreadedTaskDispatcher with 32 workers.
 -> (artifact id: 'c90211f6bad6238a72e5394379320f6e') in 0.026283 seconds
Number of updated asset objects reloaded before import = 0
Number of asset objects unloaded after import = 9
========================================================================
Received Import Request.
  Time since last request: 0.000024 seconds.
  path: Assets/Oculus/Interaction/OVRIntegration/Editor/Blocks/Interactors/Poke Limiter.asset
  artifactKey: Guid(6bb165ea6782545fd8deb1d8000cc383) Importer(2089858483,0ecaa5967403d082aa24f35e1b516d23)
Start importing Assets/Oculus/Interaction/OVRIntegration/Editor/Blocks/Interactors/Poke Limiter.asset using Guid(6bb165ea6782545fd8deb1d8000cc383) Importer(2089858483,0ecaa5967403d082aa24f35e1b516d23) [PhysX] Initialized MultithreadedTaskDispatcher with 32 workers.
 -> (artifact id: '22a16c03ba91cf8c92510b812b46e28f') in 0.032240 seconds
Number of updated asset objects reloaded before import = 0
Number of asset objects unloaded after import = 1
========================================================================
Received Import Request.
  Time since last request: 0.000022 seconds.
  path: Assets/Oculus/Voice/Scripts/Runtime/Logging/TTSServiceLogging.cs
  artifactKey: Guid(1de783830b1db62488c8d1414e71a8ba) Importer(2089858483,0ecaa5967403d082aa24f35e1b516d23)
Start importing Assets/Oculus/Voice/Scripts/Runtime/Logging/TTSServiceLogging.cs using Guid(1de783830b1db62488c8d1414e71a8ba) Importer(2089858483,0ecaa5967403d082aa24f35e1b516d23) [PhysX] Initialized MultithreadedTaskDispatcher with 32 workers.
 -> (artifact id: 'ebfe247a612c458909417e5af740c84b') in 0.016055 seconds
Number of updated asset objects reloaded before import = 0
Number of asset objects unloaded after import = 1
========================================================================
Received Import Request.
  Time since last request: 0.000080 seconds.
  path: Assets/Oculus/Interaction/Runtime/Scripts/Body/Input/BodyPrimitives.cs
  artifactKey: Guid(a9ade89b75ac75740827400fcb618e09) Importer(2089858483,0ecaa5967403d082aa24f35e1b516d23)
Start importing Assets/Oculus/Interaction/Runtime/Scripts/Body/Input/BodyPrimitives.cs using Guid(a9ade89b75ac75740827400fcb618e09) Importer(2089858483,0ecaa5967403d082aa24f35e1b516d23) [PhysX] Initialized MultithreadedTaskDispatcher with 32 workers.
 -> (artifact id: 'a3baa1684c849e2c7c1630499fbd8972') in 0.017008 seconds
Number of updated asset objects reloaded before import = 0
Number of asset objects unloaded after import = 1
========================================================================
Received Import Request.
  Time since last request: 0.000060 seconds.
  path: Assets/Oculus/Interaction/Runtime/Scripts/Input/Hands/HandJointsCache.cs
  artifactKey: Guid(f06ae507a1989e04daeeedc9859327ff) Importer(2089858483,0ecaa5967403d082aa24f35e1b516d23)
Start importing Assets/Oculus/Interaction/Runtime/Scripts/Input/Hands/HandJointsCache.cs using Guid(f06ae507a1989e04daeeedc9859327ff) Importer(2089858483,0ecaa5967403d082aa24f35e1b516d23) [PhysX] Initialized MultithreadedTaskDispatcher with 32 workers.
 -> (artifact id: 'c57a7454d361d362c452c5de7317cd74') in 0.019221 seconds
Number of updated asset objects reloaded before import = 0
Number of asset objects unloaded after import = 1
========================================================================
Received Import Request.
  Time since last request: 0.000118 seconds.
  path: Assets/Oculus/VR/Editor/OVRProjectSetup/Telemetry/OVRProjectSetupTelemetryEvent.cs
  artifactKey: Guid(e3d69e61ddc14e19ac7aca4bd186f5e1) Importer(2089858483,0ecaa5967403d082aa24f35e1b516d23)
Start importing Assets/Oculus/VR/Editor/OVRProjectSetup/Telemetry/OVRProjectSetupTelemetryEvent.cs using Guid(e3d69e61ddc14e19ac7aca4bd186f5e1) Importer(2089858483,0ecaa5967403d082aa24f35e1b516d23) [PhysX] Initialized MultithreadedTaskDispatcher with 32 workers.
 -> (artifact id: 'fdcceb72e342777e02424d70f0958892') in 0.018443 seconds
Number of updated asset objects reloaded before import = 0
Number of asset objects unloaded after import = 1
========================================================================
Received Import Request.
  Time since last request: 0.000161 seconds.
  path: Assets/Oculus/SampleFramework/Usage/SpatialAnchor/Materials/Red.mat
  artifactKey: Guid(0066bacc1d5fc4644948eaee1f667052) Importer(2089858483,0ecaa5967403d082aa24f35e1b516d23)
Start importing Assets/Oculus/SampleFramework/Usage/SpatialAnchor/Materials/Red.mat using Guid(0066bacc1d5fc4644948eaee1f667052) Importer(2089858483,0ecaa5967403d082aa24f35e1b516d23) [PhysX] Initialized MultithreadedTaskDispatcher with 32 workers.
 -> (artifact id: '6f483f0f40af5173b722720be5380826') in 0.020468 seconds
Number of updated asset objects reloaded before import = 0
Number of asset objects unloaded after import = 1
========================================================================
Received Import Request.
  Time since last request: 0.000032 seconds.
  path: Assets/Oculus/Interaction/Runtime/Scripts/Body/PoseDetection/IBodyPose.cs
  artifactKey: Guid(d2eac04d5eb0c554bbbdcdcb2df831c2) Importer(2089858483,0ecaa5967403d082aa24f35e1b516d23)
Start importing Assets/Oculus/Interaction/Runtime/Scripts/Body/PoseDetection/IBodyPose.cs using Guid(d2eac04d5eb0c554bbbdcdcb2df831c2) Importer(2089858483,0ecaa5967403d082aa24f35e1b516d23) [PhysX] Initialized MultithreadedTaskDispatcher with 32 workers.
 -> (artifact id: '68de77da15b37c0bedd6ea0102e221eb') in 0.017400 seconds
Number of updated asset objects reloaded before import = 0
Number of asset objects unloaded after import = 1
========================================================================
Received Import Request.
  Time since last request: 0.000080 seconds.
  path: Assets/Oculus/Interaction/Runtime/Scripts/Grab/SnapSurfaces/SphereGrabSurface.cs
  artifactKey: Guid(18467ddce2adbac48aa374514e13d1ed) Importer(2089858483,0ecaa5967403d082aa24f35e1b516d23)
Start importing Assets/Oculus/Interaction/Runtime/Scripts/Grab/SnapSurfaces/SphereGrabSurface.cs using Guid(18467ddce2adbac48aa374514e13d1ed) Importer(2089858483,0ecaa5967403d082aa24f35e1b516d23) [PhysX] Initialized MultithreadedTaskDispatcher with 32 workers.
 -> (artifact id: '88fb71b0158ef75aa8158b19266d0720') in 0.009565 seconds
Number of updated asset objects reloaded before import = 0
Number of asset objects unloaded after import = 1
========================================================================
Received Import Request.
  Time since last request: 0.000037 seconds.
  path: Assets/Oculus/Interaction/Runtime/Scripts/Selection/Hands/IndexPinchSelector.cs
  artifactKey: Guid(1b6b944de90aa9047929c54d143ff2da) Importer(2089858483,0ecaa5967403d082aa24f35e1b516d23)
Start importing Assets/Oculus/Interaction/Runtime/Scripts/Selection/Hands/IndexPinchSelector.cs using Guid(1b6b944de90aa9047929c54d143ff2da) Importer(2089858483,0ecaa5967403d082aa24f35e1b516d23) [PhysX] Initialized MultithreadedTaskDispatcher with 32 workers.
 -> (artifact id: 'd70bdf402e1e3d413a3b19a449015834') in 0.019656 seconds
Number of updated asset objects reloaded before import = 0
Number of asset objects unloaded after import = 1
========================================================================
Received Import Request.
  Time since last request: 0.000124 seconds.
  path: Assets/Oculus/VR/Meshes/OculusTouchForQuest2/Materials/OculusTouchForQuest2_MAT.mat
  artifactKey: Guid(d7292a5e1ae17a64c95f3081d2c6be5a) Importer(2089858483,0ecaa5967403d082aa24f35e1b516d23)
Start importing Assets/Oculus/VR/Meshes/OculusTouchForQuest2/Materials/OculusTouchForQuest2_MAT.mat using Guid(d7292a5e1ae17a64c95f3081d2c6be5a) Importer(2089858483,0ecaa5967403d082aa24f35e1b516d23) [PhysX] Initialized MultithreadedTaskDispatcher with 32 workers.
 -> (artifact id: 'a8f6a27c0c9330ca251fa01c39508ef0') in 0.030870 seconds
Number of updated asset objects reloaded before import = 0
Number of asset objects unloaded after import = 2
========================================================================
Received Import Request.
  Time since last request: 0.000019 seconds.
  path: Assets/Oculus/Interaction/Runtime/Scripts/PoseDetection/Debug/TransformFeatureVectorDebugParentVisual.cs
  artifactKey: Guid(8cd27ccbb9a942e47a1b2bfd53f957e4) Importer(2089858483,0ecaa5967403d082aa24f35e1b516d23)
Start importing Assets/Oculus/Interaction/Runtime/Scripts/PoseDetection/Debug/TransformFeatureVectorDebugParentVisual.cs using Guid(8cd27ccbb9a942e47a1b2bfd53f957e4) Importer(2089858483,0ecaa5967403d082aa24f35e1b516d23) [PhysX] Initialized MultithreadedTaskDispatcher with 32 workers.
 -> (artifact id: '887ecf53d831b1b6405189b6ef6258f2') in 0.010152 seconds
Number of updated asset objects reloaded before import = 0
Number of asset objects unloaded after import = 1
========================================================================
Received Import Request.
  Time since last request: 0.000101 seconds.
  path: Assets/Oculus/SampleFramework/Usage/SpatialAnchor/Prefabs/DemoAnchorPrefab.prefab
  artifactKey: Guid(cbd6efbdc5102a044bf11631bfccb0c1) Importer(2089858483,0ecaa5967403d082aa24f35e1b516d23)
Start importing Assets/Oculus/SampleFramework/Usage/SpatialAnchor/Prefabs/DemoAnchorPrefab.prefab using Guid(cbd6efbdc5102a044bf11631bfccb0c1) Importer(2089858483,0ecaa5967403d082aa24f35e1b516d23) [PhysX] Initialized MultithreadedTaskDispatcher with 32 workers.
 -> (artifact id: 'd041992cf62b3ccd22b03ce6f4bd1330') in 0.024202 seconds
Number of updated asset objects reloaded before import = 0
Number of asset objects unloaded after import = 106
========================================================================
Received Import Request.
  Time since last request: 0.242260 seconds.
  path: Assets/Oculus/Interaction/Runtime/Scripts/Unity/UnityCanvas/UpdateCanvasSortingOrder.cs
  artifactKey: Guid(f40996cdf2361b8478af26d6e2630d42) Importer(2089858483,0ecaa5967403d082aa24f35e1b516d23)
Start importing Assets/Oculus/Interaction/Runtime/Scripts/Unity/UnityCanvas/UpdateCanvasSortingOrder.cs using Guid(f40996cdf2361b8478af26d6e2630d42) Importer(2089858483,0ecaa5967403d082aa24f35e1b516d23) [PhysX] Initialized MultithreadedTaskDispatcher with 32 workers.
 -> (artifact id: '86c87b188bfaff04ac359fc0da5ad1f9') in 0.019456 seconds
Number of updated asset objects reloaded before import = 0
Number of asset objects unloaded after import = 1
========================================================================
Received Import Request.
  Time since last request: 0.000074 seconds.
  path: Assets/Oculus/Voice/Lib/Wit.ai/Scripts/Editor/Facebook.Wit.Editor.asmdef
  artifactKey: Guid(fa958eb9f0171754fb207d563a15ddfa) Importer(2089858483,0ecaa5967403d082aa24f35e1b516d23)
Start importing Assets/Oculus/Voice/Lib/Wit.ai/Scripts/Editor/Facebook.Wit.Editor.asmdef using Guid(fa958eb9f0171754fb207d563a15ddfa) Importer(2089858483,0ecaa5967403d082aa24f35e1b516d23) [PhysX] Initialized MultithreadedTaskDispatcher with 32 workers.
 -> (artifact id: '1cfd1769e658f8608c6ce3f932e0d94e') in 0.016462 seconds
Number of updated asset objects reloaded before import = 0
Number of asset objects unloaded after import = 1
========================================================================
Received Import Request.
  Time since last request: 0.000017 seconds.
  path: Assets/Oculus/Interaction/Samples/Objects/Props/Plants/Materials/PlantShelvesMat.mat
  artifactKey: Guid(04324e75a7c9b5c4ab7116cb7aa9ec9f) Importer(2089858483,0ecaa5967403d082aa24f35e1b516d23)
Start importing Assets/Oculus/Interaction/Samples/Objects/Props/Plants/Materials/PlantShelvesMat.mat using Guid(04324e75a7c9b5c4ab7116cb7aa9ec9f) Importer(2089858483,0ecaa5967403d082aa24f35e1b516d23) [PhysX] Initialized MultithreadedTaskDispatcher with 32 workers.
 -> (artifact id: '12e004650343265dea16f7be7190f023') in 0.032783 seconds
Number of updated asset objects reloaded before import = 0
Number of asset objects unloaded after import = 2
========================================================================
Received Import Request.
  Time since last request: 0.000017 seconds.
  path: Assets/Oculus/Interaction/Samples/Objects/Environment/Locomotion/Prefabs/LocomotionEnvironment.prefab
  artifactKey: Guid(9ea3c3bd7f7fe1043a0bb52ecda39ce6) Importer(2089858483,0ecaa5967403d082aa24f35e1b516d23)
Start importing Assets/Oculus/Interaction/Samples/Objects/Environment/Locomotion/Prefabs/LocomotionEnvironment.prefab using Guid(9ea3c3bd7f7fe1043a0bb52ecda39ce6) Importer(2089858483,0ecaa5967403d082aa24f35e1b516d23) [PhysX] Initialized MultithreadedTaskDispatcher with 32 workers.
 -> (artifact id: 'ceed72e585e33ee991fa5962fa2fce63') in 0.093158 seconds
Number of updated asset objects reloaded before import = 0
Number of asset objects unloaded after import = 916
========================================================================
Received Import Request.
  Time since last request: 0.000037 seconds.
  path: Assets/Oculus/VR/Editor/BuildingBlocks/BlockData/ControllerTracking/Scripts/ControllerTrackingBlockData.cs
  artifactKey: Guid(b5ba3a7314636e041b3458809c08deef) Importer(2089858483,0ecaa5967403d082aa24f35e1b516d23)
Start importing Assets/Oculus/VR/Editor/BuildingBlocks/BlockData/ControllerTracking/Scripts/ControllerTrackingBlockData.cs using Guid(b5ba3a7314636e041b3458809c08deef) Importer(2089858483,0ecaa5967403d082aa24f35e1b516d23) [PhysX] Initialized MultithreadedTaskDispatcher with 32 workers.
 -> (artifact id: 'cb0038403a16254a77092201d26cbc5d') in 0.009218 seconds
Number of updated asset objects reloaded before import = 0
Number of asset objects unloaded after import = 1
========================================================================
Received Import Request.
  Time since last request: 0.000089 seconds.
  path: Assets/Oculus/Interaction/Runtime/Scripts/Interaction/Models/HandGrab/GrabPoseScore.cs
  artifactKey: Guid(b7de3b0e852a8b8448c51d1913971f19) Importer(2089858483,0ecaa5967403d082aa24f35e1b516d23)
Start importing Assets/Oculus/Interaction/Runtime/Scripts/Interaction/Models/HandGrab/GrabPoseScore.cs using Guid(b7de3b0e852a8b8448c51d1913971f19) Importer(2089858483,0ecaa5967403d082aa24f35e1b516d23) [PhysX] Initialized MultithreadedTaskDispatcher with 32 workers.
 -> (artifact id: '73281606fe30acf1e8b39eb35337dc71') in 0.009321 seconds
Number of updated asset objects reloaded before import = 0
Number of asset objects unloaded after import = 1
========================================================================
Received Import Request.
  Time since last request: 0.000221 seconds.
  path: Assets/Oculus/Voice/Lib/PlatformCompatibility/Scripts/Editor/AssistantCoreSDKEditor.asmdef
  artifactKey: Guid(a32f21e557428c84e845c18e46d9284f) Importer(2089858483,0ecaa5967403d082aa24f35e1b516d23)
Start importing Assets/Oculus/Voice/Lib/PlatformCompatibility/Scripts/Editor/AssistantCoreSDKEditor.asmdef using Guid(a32f21e557428c84e845c18e46d9284f) Importer(2089858483,0ecaa5967403d082aa24f35e1b516d23) [PhysX] Initialized MultithreadedTaskDispatcher with 32 workers.
 -> (artifact id: 'f0e816dc96975b0ee48759b5fe1f3ac4') in 0.011142 seconds
Number of updated asset objects reloaded before import = 0
Number of asset objects unloaded after import = 1
========================================================================
Received Import Request.
  Time since last request: 0.000180 seconds.
  path: Assets/Oculus/SampleFramework/Usage/DistanceGrab/Prefabs/OutlineItems/DistanceGrabBillardBall03Pf.prefab
  artifactKey: Guid(7ae0bdb1708635e46a2b0bfa802bb184) Importer(2089858483,0ecaa5967403d082aa24f35e1b516d23)
Start importing Assets/Oculus/SampleFramework/Usage/DistanceGrab/Prefabs/OutlineItems/DistanceGrabBillardBall03Pf.prefab using Guid(7ae0bdb1708635e46a2b0bfa802bb184) Importer(2089858483,0ecaa5967403d082aa24f35e1b516d23) [PhysX] Initialized MultithreadedTaskDispatcher with 32 workers.
 -> (artifact id: '10c775d0483d9cd66a5a1d35bc7f08aa') in 0.025014 seconds
Number of updated asset objects reloaded before import = 0
Number of asset objects unloaded after import = 11
========================================================================
Received Import Request.
  Time since last request: 0.000019 seconds.
  path: Assets/Oculus/Interaction/Samples/Objects/Props/MapWithPins/Materials/MapPointerMat.mat
  artifactKey: Guid(c37ac7b36a67bf44886b168381204b8b) Importer(2089858483,0ecaa5967403d082aa24f35e1b516d23)
Start importing Assets/Oculus/Interaction/Samples/Objects/Props/MapWithPins/Materials/MapPointerMat.mat using Guid(c37ac7b36a67bf44886b168381204b8b) Importer(2089858483,0ecaa5967403d082aa24f35e1b516d23) [PhysX] Initialized MultithreadedTaskDispatcher with 32 workers.
 -> (artifact id: 'fc670eee70a044a7112c1d51ce15f69b') in 0.017963 seconds
Number of updated asset objects reloaded before import = 0
Number of asset objects unloaded after import = 2
========================================================================
Received Import Request.
  Time since last request: 0.000180 seconds.
  path: Assets/Oculus/SampleFramework/Usage/HandsTrainExample/Textures/ControllerBoxTextures/controller_plain_DiffuseGlossiness.png
  artifactKey: Guid(ed6778a8aa0ab7144ba6379c9135942b) Importer(2089858483,0ecaa5967403d082aa24f35e1b516d23)
Start importing Assets/Oculus/SampleFramework/Usage/HandsTrainExample/Textures/ControllerBoxTextures/controller_plain_DiffuseGlossiness.png using Guid(ed6778a8aa0ab7144ba6379c9135942b) Importer(2089858483,0ecaa5967403d082aa24f35e1b516d23) [PhysX] Initialized MultithreadedTaskDispatcher with 32 workers.
 -> (artifact id: '2549e4ab3ce51aba112549afa19b31ad') in 0.027168 seconds
Number of updated asset objects reloaded before import = 0
Number of asset objects unloaded after import = 1
========================================================================
Received Import Request.
  Time since last request: 0.000082 seconds.
  path: Assets/Oculus/Interaction/Runtime/Scripts/Interaction/Models/Locomotion/LocomotionGate.cs
  artifactKey: Guid(1b3dc5cab0c7a68418a27104afd19f74) Importer(2089858483,0ecaa5967403d082aa24f35e1b516d23)
Start importing Assets/Oculus/Interaction/Runtime/Scripts/Interaction/Models/Locomotion/LocomotionGate.cs using Guid(1b3dc5cab0c7a68418a27104afd19f74) Importer(2089858483,0ecaa5967403d082aa24f35e1b516d23) [PhysX] Initialized MultithreadedTaskDispatcher with 32 workers.
 -> (artifact id: 'd3415dc548ffd8c9c0ef381aa48f7de1') in 0.017505 seconds
Number of updated asset objects reloaded before import = 0
Number of asset objects unloaded after import = 1
========================================================================
Received Import Request.
  Time since last request: 0.000171 seconds.
  path: Assets/Oculus/Interaction/Samples/Objects/Props/Box/Materials/BoxMat.mat
  artifactKey: Guid(63ceda150b6bfb443902555204d13348) Importer(2089858483,0ecaa5967403d082aa24f35e1b516d23)
Start importing Assets/Oculus/Interaction/Samples/Objects/Props/Box/Materials/BoxMat.mat using Guid(63ceda150b6bfb443902555204d13348) Importer(2089858483,0ecaa5967403d082aa24f35e1b516d23) [PhysX] Initialized MultithreadedTaskDispatcher with 32 workers.
 -> (artifact id: '30daee5902e2356a0a123040691fae94') in 0.034101 seconds
Number of updated asset objects reloaded before import = 0
Number of asset objects unloaded after import = 3
========================================================================
Received Import Request.
  Time since last request: 0.000054 seconds.
  path: Assets/Oculus/Interaction/Runtime/Scripts/Interaction/Models/Ray/Visuals/ControllerRayVisual.cs
  artifactKey: Guid(ec3c4a8b42e65c348904e5170307b64e) Importer(2089858483,0ecaa5967403d082aa24f35e1b516d23)
Start importing Assets/Oculus/Interaction/Runtime/Scripts/Interaction/Models/Ray/Visuals/ControllerRayVisual.cs using Guid(ec3c4a8b42e65c348904e5170307b64e) Importer(2089858483,0ecaa5967403d082aa24f35e1b516d23) [PhysX] Initialized MultithreadedTaskDispatcher with 32 workers.
 -> (artifact id: '56f923b8f298f3e551dd08e41627200a') in 0.018578 seconds
Number of updated asset objects reloaded before import = 0
Number of asset objects unloaded after import = 1
========================================================================
Received Import Request.
  Time since last request: 0.000041 seconds.
  path: Assets/Oculus/Interaction/Samples/Objects/Environment/SmallRoom/Materials/SmallRoomWoodMat.mat
  artifactKey: Guid(bf09a13417d901f49b56df5176f9d7ce) Importer(2089858483,0ecaa5967403d082aa24f35e1b516d23)
Start importing Assets/Oculus/Interaction/Samples/Objects/Environment/SmallRoom/Materials/SmallRoomWoodMat.mat using Guid(bf09a13417d901f49b56df5176f9d7ce) Importer(2089858483,0ecaa5967403d082aa24f35e1b516d23) [PhysX] Initialized MultithreadedTaskDispatcher with 32 workers.
 -> (artifact id: 'd666d9c3d87dd6c5a3d98abe8968493c') in 0.023279 seconds
Number of updated asset objects reloaded before import = 0
Number of asset objects unloaded after import = 3
========================================================================
Received Import Request.
  Time since last request: 0.000024 seconds.
  path: Assets/Oculus/Interaction/Samples/Objects/Props/Plants/Materials/PlantSetMat.mat
  artifactKey: Guid(fdc83a2ac930c52459d99c82f0fefc80) Importer(2089858483,0ecaa5967403d082aa24f35e1b516d23)
Start importing Assets/Oculus/Interaction/Samples/Objects/Props/Plants/Materials/PlantSetMat.mat using Guid(fdc83a2ac930c52459d99c82f0fefc80) Importer(2089858483,0ecaa5967403d082aa24f35e1b516d23) [PhysX] Initialized MultithreadedTaskDispatcher with 32 workers.
 -> (artifact id: '985ecb75c4189c24151bc2ecb1197e0e') in 0.021178 seconds
Number of updated asset objects reloaded before import = 0
Number of asset objects unloaded after import = 4
========================================================================
Received Import Request.
  Time since last request: 0.000028 seconds.
  path: Assets/Oculus/Interaction/Runtime/Scripts/Interaction/Models/Locomotion/Teleport/TeleportInteractor.cs
  artifactKey: Guid(4f62acf90e41ded439f14c4e15871abd) Importer(2089858483,0ecaa5967403d082aa24f35e1b516d23)
Start importing Assets/Oculus/Interaction/Runtime/Scripts/Interaction/Models/Locomotion/Teleport/TeleportInteractor.cs using Guid(4f62acf90e41ded439f14c4e15871abd) Importer(2089858483,0ecaa5967403d082aa24f35e1b516d23) [PhysX] Initialized MultithreadedTaskDispatcher with 32 workers.
 -> (artifact id: '3c6456aaaf0fb9c6e821a30105816cc7') in 0.015401 seconds
Number of updated asset objects reloaded before import = 0
Number of asset objects unloaded after import = 1
========================================================================
Received Import Request.
  Time since last request: 0.000103 seconds.
  path: Assets/Oculus/VR/Editor/BuildingBlocks/BlockData/SurfaceProjectedPassthrough/Textures/bb_thumb_projectedpassthrough.png
  artifactKey: Guid(825e77e81aa18ae4eadc354d33d84a77) Importer(2089858483,0ecaa5967403d082aa24f35e1b516d23)
Start importing Assets/Oculus/VR/Editor/BuildingBlocks/BlockData/SurfaceProjectedPassthrough/Textures/bb_thumb_projectedpassthrough.png using Guid(825e77e81aa18ae4eadc354d33d84a77) Importer(2089858483,0ecaa5967403d082aa24f35e1b516d23) [PhysX] Initialized MultithreadedTaskDispatcher with 32 workers.
 -> (artifact id: 'ae5c8726df0d5dcd4509faf85737b14f') in 0.027412 seconds
Number of updated asset objects reloaded before import = 0
Number of asset objects unloaded after import = 1
========================================================================
Received Import Request.
  Time since last request: 0.000019 seconds.
  path: Assets/Oculus/Voice/Lib/Wit.ai/Scripts/Runtime/WitResultUtilities.cs
  artifactKey: Guid(cc1d16cc4e1d4f82804b1476cd2194bc) Importer(2089858483,0ecaa5967403d082aa24f35e1b516d23)
Start importing Assets/Oculus/Voice/Lib/Wit.ai/Scripts/Runtime/WitResultUtilities.cs using Guid(cc1d16cc4e1d4f82804b1476cd2194bc) Importer(2089858483,0ecaa5967403d082aa24f35e1b516d23) [PhysX] Initialized MultithreadedTaskDispatcher with 32 workers.
 -> (artifact id: 'aef77e8275c71df44f9f5dbbe2893c74') in 0.010306 seconds
Number of updated asset objects reloaded before import = 0
Number of asset objects unloaded after import = 1
========================================================================
Received Import Request.
  Time since last request: 0.000021 seconds.
  path: Assets/Oculus/Interaction/Samples/Objects/Props/TennisBall/TennisBallMat.mat
  artifactKey: Guid(53012a4d0e99aa04896d0e03bb07287f) Importer(2089858483,0ecaa5967403d082aa24f35e1b516d23)
Start importing Assets/Oculus/Interaction/Samples/Objects/Props/TennisBall/TennisBallMat.mat using Guid(53012a4d0e99aa04896d0e03bb07287f) Importer(2089858483,0ecaa5967403d082aa24f35e1b516d23) [PhysX] Initialized MultithreadedTaskDispatcher with 32 workers.
 -> (artifact id: '1e1821605187457e20b23727094bb642') in 0.015477 seconds
Number of updated asset objects reloaded before import = 0
Number of asset objects unloaded after import = 2
========================================================================
Received Import Request.
  Time since last request: 0.000017 seconds.
  path: Assets/Oculus/Interaction/Samples/Objects/Props/StonePolyhedra/StoneDodecahedron.prefab
  artifactKey: Guid(b40c01843778b2446b1d3dcd5e5fdc8f) Importer(2089858483,0ecaa5967403d082aa24f35e1b516d23)
Start importing Assets/Oculus/Interaction/Samples/Objects/Props/StonePolyhedra/StoneDodecahedron.prefab using Guid(b40c01843778b2446b1d3dcd5e5fdc8f) Importer(2089858483,0ecaa5967403d082aa24f35e1b516d23) [PhysX] Initialized MultithreadedTaskDispatcher with 32 workers.
 -> (artifact id: '65e7e0a70a49a4adfe0f3c32ec934f94') in 0.102542 seconds
Number of updated asset objects reloaded before import = 0
Number of asset objects unloaded after import = 147
========================================================================
Received Import Request.
  Time since last request: 0.000027 seconds.
  path: Assets/Oculus/Interaction/Samples/Objects/Environment/Locomotion/Models/Meta_LocamotionBedroom.fbx
  artifactKey: Guid(401a8d8a1bfb7104bb0b059f9ceefba2) Importer(2089858483,0ecaa5967403d082aa24f35e1b516d23)
Start importing Assets/Oculus/Interaction/Samples/Objects/Environment/Locomotion/Models/Meta_LocamotionBedroom.fbx using Guid(401a8d8a1bfb7104bb0b059f9ceefba2) Importer(2089858483,0ecaa5967403d082aa24f35e1b516d23) [PhysX] Initialized MultithreadedTaskDispatcher with 32 workers.
 -> (artifact id: '9e4158798c719229058d68abc20fa48c') in 0.016663 seconds
Number of updated asset objects reloaded before import = 0
Number of asset objects unloaded after import = 14
========================================================================
Received Import Request.
  Time since last request: 0.000014 seconds.
  path: Assets/Oculus/Voice/Lib/Wit.ai/Lib/Conduit/Editor/IAssemblyWalker.cs
  artifactKey: Guid(b072ee101b2548259a982d5dfe22cb21) Importer(2089858483,0ecaa5967403d082aa24f35e1b516d23)
Start importing Assets/Oculus/Voice/Lib/Wit.ai/Lib/Conduit/Editor/IAssemblyWalker.cs using Guid(b072ee101b2548259a982d5dfe22cb21) Importer(2089858483,0ecaa5967403d082aa24f35e1b516d23) [PhysX] Initialized MultithreadedTaskDispatcher with 32 workers.
 -> (artifact id: 'e95a34fcad675e4818adb3daf255a7a3') in 0.006285 seconds
Number of updated asset objects reloaded before import = 0
Number of asset objects unloaded after import = 1
========================================================================
Received Import Request.
  Time since last request: 0.000186 seconds.
  path: Assets/Oculus/Voice/Features/Hub/Scripts/Editor/Interfaces/IOverrideWidth.cs
  artifactKey: Guid(6ab13218e15145a792b14452a94dcf16) Importer(2089858483,0ecaa5967403d082aa24f35e1b516d23)
Start importing Assets/Oculus/Voice/Features/Hub/Scripts/Editor/Interfaces/IOverrideWidth.cs using Guid(6ab13218e15145a792b14452a94dcf16) Importer(2089858483,0ecaa5967403d082aa24f35e1b516d23) [PhysX] Initialized MultithreadedTaskDispatcher with 32 workers.
 -> (artifact id: '1432f10913f025b6346515f35091bfb8') in 0.007639 seconds
Number of updated asset objects reloaded before import = 0
Number of asset objects unloaded after import = 1
========================================================================
Received Import Request.
  Time since last request: 0.000221 seconds.
  path: Assets/Oculus/Interaction/Samples/Objects/Props/CoffeeCup/CoffeeCup_Metal.png
  artifactKey: Guid(e2b846e7aa310ea4f97e3066f292b23f) Importer(2089858483,0ecaa5967403d082aa24f35e1b516d23)
Start importing Assets/Oculus/Interaction/Samples/Objects/Props/CoffeeCup/CoffeeCup_Metal.png using Guid(e2b846e7aa310ea4f97e3066f292b23f) Importer(2089858483,0ecaa5967403d082aa24f35e1b516d23) [PhysX] Initialized MultithreadedTaskDispatcher with 32 workers.
 -> (artifact id: 'b7f0f0ce05c9ab9d9f9b12d1b93c056b') in 0.018628 seconds
Number of updated asset objects reloaded before import = 0
Number of asset objects unloaded after import = 1
========================================================================
Received Import Request.
  Time since last request: 0.000023 seconds.
  path: Assets/Oculus/VR/Editor/BuildingBlocks/BlockData/RoomModel/Materials/Green.mat
  artifactKey: Guid(074f7ca1cb31a2541a295200f16705d9) Importer(2089858483,0ecaa5967403d082aa24f35e1b516d23)
Start importing Assets/Oculus/VR/Editor/BuildingBlocks/BlockData/RoomModel/Materials/Green.mat using Guid(074f7ca1cb31a2541a295200f16705d9) Importer(2089858483,0ecaa5967403d082aa24f35e1b516d23) [PhysX] Initialized MultithreadedTaskDispatcher with 32 workers.
 -> (artifact id: '0760fd2435808e08bffe2b137b95416b') in 0.009082 seconds
Number of updated asset objects reloaded before import = 0
Number of asset objects unloaded after import = 1
========================================================================
Received Import Request.
  Time since last request: 0.000036 seconds.
  path: Assets/Oculus/Voice/Lib/PlatformCompatibility/Scripts/Runtime/Interfaces/IConnection.cs
  artifactKey: Guid(0a8340504b2574441afe16939acde7ae) Importer(2089858483,0ecaa5967403d082aa24f35e1b516d23)
Start importing Assets/Oculus/Voice/Lib/PlatformCompatibility/Scripts/Runtime/Interfaces/IConnection.cs using Guid(0a8340504b2574441afe16939acde7ae) Importer(2089858483,0ecaa5967403d082aa24f35e1b516d23) [PhysX] Initialized MultithreadedTaskDispatcher with 32 workers.
 -> (artifact id: '2b52bedbdc4c21df84f841b23ee8584f') in 0.010476 seconds
Number of updated asset objects reloaded before import = 0
Number of asset objects unloaded after import = 1
========================================================================
Received Import Request.
  Time since last request: 0.000039 seconds.
  path: Assets/Oculus/SampleFramework/Usage/SceneManager/Prefabs/FurniturePrefabs/FloorPrefab.prefab
  artifactKey: Guid(6c6b20b3a24ac104994c231d2ee82ae4) Importer(2089858483,0ecaa5967403d082aa24f35e1b516d23)
Start importing Assets/Oculus/SampleFramework/Usage/SceneManager/Prefabs/FurniturePrefabs/FloorPrefab.prefab using Guid(6c6b20b3a24ac104994c231d2ee82ae4) Importer(2089858483,0ecaa5967403d082aa24f35e1b516d23) [PhysX] Initialized MultithreadedTaskDispatcher with 32 workers.
 -> (artifact id: '35965bc5b88c2fc525bb68a9356a1e9a') in 0.029970 seconds
Number of updated asset objects reloaded before import = 0
Number of asset objects unloaded after import = 10
========================================================================
Received Import Request.
  Time since last request: 0.000017 seconds.
  path: Assets/Oculus/Interaction/Samples/Objects/Environment/Tooltips/NearSwipe/SwipeInstructions.renderTexture
  artifactKey: Guid(35d66362d6f77134c925c9306218643e) Importer(2089858483,0ecaa5967403d082aa24f35e1b516d23)
Start importing Assets/Oculus/Interaction/Samples/Objects/Environment/Tooltips/NearSwipe/SwipeInstructions.renderTexture using Guid(35d66362d6f77134c925c9306218643e) Importer(2089858483,0ecaa5967403d082aa24f35e1b516d23) [PhysX] Initialized MultithreadedTaskDispatcher with 32 workers.
 -> (artifact id: '2fcb88a1eff7800acbf95e8675aba93c') in 0.025929 seconds
Number of updated asset objects reloaded before import = 0
Number of asset objects unloaded after import = 1
========================================================================
Received Import Request.
  Time since last request: 0.000114 seconds.
  path: Assets/Oculus/Interaction/Samples/Objects/Props/SprayBottle/Sounds/Spray_Broad.wav
  artifactKey: Guid(5d537aa5c81ccb44ba40aa06a0327255) Importer(2089858483,0ecaa5967403d082aa24f35e1b516d23)
Start importing Assets/Oculus/Interaction/Samples/Objects/Props/SprayBottle/Sounds/Spray_Broad.wav using Guid(5d537aa5c81ccb44ba40aa06a0327255) Importer(2089858483,0ecaa5967403d082aa24f35e1b516d23) [PhysX] Initialized MultithreadedTaskDispatcher with 32 workers.
 -> (artifact id: 'af81931eb7455970956962e4b758ad95') in 0.047207 seconds
Number of updated asset objects reloaded before import = 0
Number of asset objects unloaded after import = 1
========================================================================
Received Import Request.
  Time since last request: 0.000063 seconds.
  path: Assets/Oculus/SampleFramework/Usage/TouchPro/Prefabs/Ui/UiPanelPf (Controls - LocalizedHaptics).prefab
  artifactKey: Guid(6f4845ad3efc4e343bb7dc7de09c0b54) Importer(2089858483,0ecaa5967403d082aa24f35e1b516d23)
Start importing Assets/Oculus/SampleFramework/Usage/TouchPro/Prefabs/Ui/UiPanelPf (Controls - LocalizedHaptics).prefab using Guid(6f4845ad3efc4e343bb7dc7de09c0b54) Importer(2089858483,0ecaa5967403d082aa24f35e1b516d23) [PhysX] Initialized MultithreadedTaskDispatcher with 32 workers.
 -> (artifact id: '17bf8422ca2f790cb2bf7e0331ba90ff') in 0.015307 seconds
Number of updated asset objects reloaded before import = 0
Number of asset objects unloaded after import = 85
========================================================================
Received Import Request.
  Time since last request: 0.000020 seconds.
  path: Assets/Oculus/SampleFramework/Usage/SceneManager/Prefabs/GenericPrefabs/Wall.prefab
  artifactKey: Guid(26ac47ea790b8a24b958b02c678afdda) Importer(2089858483,0ecaa5967403d082aa24f35e1b516d23)
Start importing Assets/Oculus/SampleFramework/Usage/SceneManager/Prefabs/GenericPrefabs/Wall.prefab using Guid(26ac47ea790b8a24b958b02c678afdda) Importer(2089858483,0ecaa5967403d082aa24f35e1b516d23) [PhysX] Initialized MultithreadedTaskDispatcher with 32 workers.
 -> (artifact id: '90ade5539f52bcea332e41b190135e4d') in 0.017788 seconds
Number of updated asset objects reloaded before import = 0
Number of asset objects unloaded after import = 11
========================================================================
Received Import Request.
  Time since last request: 0.000396 seconds.
  path: Assets/Oculus/SampleFramework/Usage/TouchPro/Prefabs/Ui/UiPanelPf (SceneMenu).prefab
  artifactKey: Guid(4c87b8ba85296774fa0da11db5282f2d) Importer(2089858483,0ecaa5967403d082aa24f35e1b516d23)
Start importing Assets/Oculus/SampleFramework/Usage/TouchPro/Prefabs/Ui/UiPanelPf (SceneMenu).prefab using Guid(4c87b8ba85296774fa0da11db5282f2d) Importer(2089858483,0ecaa5967403d082aa24f35e1b516d23) [PhysX] Initialized MultithreadedTaskDispatcher with 32 workers.
 -> (artifact id: 'dcb8eabfed9391a238da97d4b0bb6dfc') in 0.018005 seconds
Number of updated asset objects reloaded before import = 0
Number of asset objects unloaded after import = 50
========================================================================
Received Import Request.
  Time since last request: 0.000018 seconds.
  path: Assets/Oculus/Voice/Features/Hub/Scripts/Runtime/Interfaces/IPageInfo.cs
  artifactKey: Guid(33e5585f3c294fddbdf1f2c3b8e6786b) Importer(2089858483,0ecaa5967403d082aa24f35e1b516d23)
Start importing Assets/Oculus/Voice/Features/Hub/Scripts/Runtime/Interfaces/IPageInfo.cs using Guid(33e5585f3c294fddbdf1f2c3b8e6786b) Importer(2089858483,0ecaa5967403d082aa24f35e1b516d23) [PhysX] Initialized MultithreadedTaskDispatcher with 32 workers.
 -> (artifact id: '0c6c0960caeccfbb661f98e5e4ff8cc4') in 0.012263 seconds
Number of updated asset objects reloaded before import = 0
Number of asset objects unloaded after import = 1
========================================================================
Received Import Request.
  Time since last request: 0.000029 seconds.
  path: Assets/Oculus/Voice/Lib/Wit.ai/Scripts/Editor/Utility/WitUnderstandingViewerVoiceServiceAPI.cs
  artifactKey: Guid(dd3a9e82a16233040a917414603b56f6) Importer(2089858483,0ecaa5967403d082aa24f35e1b516d23)
Start importing Assets/Oculus/Voice/Lib/Wit.ai/Scripts/Editor/Utility/WitUnderstandingViewerVoiceServiceAPI.cs using Guid(dd3a9e82a16233040a917414603b56f6) Importer(2089858483,0ecaa5967403d082aa24f35e1b516d23) [PhysX] Initialized MultithreadedTaskDispatcher with 32 workers.
 -> (artifact id: '24c259a9716e20c7d36f40a8eb57de35') in 0.015008 seconds
Number of updated asset objects reloaded before import = 0
Number of asset objects unloaded after import = 1
========================================================================
Received Import Request.
  Time since last request: 0.000115 seconds.
  path: Assets/Oculus/SampleFramework/Usage/DistanceGrab/Prefabs/OutlineItems/DistanceGrabOculusWaterBottlePf.prefab
  artifactKey: Guid(269666423cfb5994c9d52e58a9ee03d5) Importer(2089858483,0ecaa5967403d082aa24f35e1b516d23)
Start importing Assets/Oculus/SampleFramework/Usage/DistanceGrab/Prefabs/OutlineItems/DistanceGrabOculusWaterBottlePf.prefab using Guid(269666423cfb5994c9d52e58a9ee03d5) Importer(2089858483,0ecaa5967403d082aa24f35e1b516d23) [PhysX] Initialized MultithreadedTaskDispatcher with 32 workers.
 -> (artifact id: 'cc0cf018e1d9a58efff102a8730f5b4a') in 0.021235 seconds
Number of updated asset objects reloaded before import = 0
Number of asset objects unloaded after import = 14
========================================================================
Received Import Request.
  Time since last request: 0.000017 seconds.
  path: Assets/Oculus/Interaction/Runtime/Scripts/Interaction/Models/TouchHandGrab/TouchShadowHand.cs
  artifactKey: Guid(a2775c289dc8a8a4bb5d43e687f4035d) Importer(2089858483,0ecaa5967403d082aa24f35e1b516d23)
Start importing Assets/Oculus/Interaction/Runtime/Scripts/Interaction/Models/TouchHandGrab/TouchShadowHand.cs using Guid(a2775c289dc8a8a4bb5d43e687f4035d) Importer(2089858483,0ecaa5967403d082aa24f35e1b516d23) [PhysX] Initialized MultithreadedTaskDispatcher with 32 workers.
 -> (artifact id: 'e95e2cdc360ef47f16eeec537d564955') in 0.011738 seconds
Number of updated asset objects reloaded before import = 0
Number of asset objects unloaded after import = 1
========================================================================
Received Import Request.
  Time since last request: 0.000088 seconds.
  path: Assets/Oculus/VR/Editor/OVRProjectSetup/Tasks/Implementations/OVRProjectSetupMovementSDKTasks2.cs
  artifactKey: Guid(0b59f40a4e9d6f340a944dbaa75354ca) Importer(2089858483,0ecaa5967403d082aa24f35e1b516d23)
Start importing Assets/Oculus/VR/Editor/OVRProjectSetup/Tasks/Implementations/OVRProjectSetupMovementSDKTasks2.cs using Guid(0b59f40a4e9d6f340a944dbaa75354ca) Importer(2089858483,0ecaa5967403d082aa24f35e1b516d23) [PhysX] Initialized MultithreadedTaskDispatcher with 32 workers.
 -> (artifact id: 'ff0c23abe3b3b72d3c94fdcbc140b533') in 0.011015 seconds
Number of updated asset objects reloaded before import = 0
Number of asset objects unloaded after import = 1
========================================================================
Received Import Request.
  Time since last request: 0.000101 seconds.
  path: Assets/Oculus/Voice/Lib/Wit.ai/Scripts/Editor/Inspectors/EventPropertyDrawer.cs
  artifactKey: Guid(c7a8ed72b9df46b794029f8801197ec8) Importer(2089858483,0ecaa5967403d082aa24f35e1b516d23)
Start importing Assets/Oculus/Voice/Lib/Wit.ai/Scripts/Editor/Inspectors/EventPropertyDrawer.cs using Guid(c7a8ed72b9df46b794029f8801197ec8) Importer(2089858483,0ecaa5967403d082aa24f35e1b516d23) [PhysX] Initialized MultithreadedTaskDispatcher with 32 workers.
 -> (artifact id: '0fb258b39cf10cf1b8e7f722af21aab5') in 0.010613 seconds
Number of updated asset objects reloaded before import = 0
Number of asset objects unloaded after import = 1
========================================================================
Received Import Request.
  Time since last request: 0.000056 seconds.
  path: Assets/Oculus/Interaction/Samples/Objects/Props/ChessPiece/Materials/ChessPieceMaterial.fbx
  artifactKey: Guid(817c954a31a114577b56080dd5ca87c3) Importer(2089858483,0ecaa5967403d082aa24f35e1b516d23)
Start importing Assets/Oculus/Interaction/Samples/Objects/Props/ChessPiece/Materials/ChessPieceMaterial.fbx using Guid(817c954a31a114577b56080dd5ca87c3) Importer(2089858483,0ecaa5967403d082aa24f35e1b516d23) [PhysX] Initialized MultithreadedTaskDispatcher with 32 workers.
 -> (artifact id: 'b0cabcd17d2da81529806ceb735cb6f5') in 0.022509 seconds
Number of updated asset objects reloaded before import = 0
Number of asset objects unloaded after import = 9
========================================================================
Received Import Request.
  Time since last request: 0.000064 seconds.
  path: Assets/Oculus/Interaction/Samples/Objects/Environment/Tooltips/DialogVideos/Instruction_DistanceGrab.mp4
  artifactKey: Guid(e5af65f493a159440a27be5c67131892) Importer(2089858483,0ecaa5967403d082aa24f35e1b516d23)
Start importing Assets/Oculus/Interaction/Samples/Objects/Environment/Tooltips/DialogVideos/Instruction_DistanceGrab.mp4 using Guid(e5af65f493a159440a27be5c67131892) Importer(2089858483,0ecaa5967403d082aa24f35e1b516d23) [PhysX] Initialized MultithreadedTaskDispatcher with 32 workers.
 -> (artifact id: '4429d6d6e6e280761b3776ab091ec2b3') in 0.012651 seconds
Number of updated asset objects reloaded before import = 0
Number of asset objects unloaded after import = 1
========================================================================
Received Import Request.
  Time since last request: 0.000059 seconds.
  path: Assets/Oculus/SampleFramework/Usage/SceneManager/Prefabs/FurniturePrefabs/CeilingPrefab.prefab
  artifactKey: Guid(d6d69a15991d35a4ba8e947530abeeab) Importer(2089858483,0ecaa5967403d082aa24f35e1b516d23)
Start importing Assets/Oculus/SampleFramework/Usage/SceneManager/Prefabs/FurniturePrefabs/CeilingPrefab.prefab using Guid(d6d69a15991d35a4ba8e947530abeeab) Importer(2089858483,0ecaa5967403d082aa24f35e1b516d23) [PhysX] Initialized MultithreadedTaskDispatcher with 32 workers.
 -> (artifact id: 'a55025040840b18f542cd873a1424884') in 0.015167 seconds
Number of updated asset objects reloaded before import = 0
Number of asset objects unloaded after import = 10
========================================================================
Received Import Request.
  Time since last request: 0.000017 seconds.
  path: Assets/Oculus/Interaction/Samples/Objects/Props/ChessPiece/Textures/simpleGrabKnight_AlbedoRoughness.png
  artifactKey: Guid(e35eeeb9c4e16fa469f141d669ed69d7) Importer(2089858483,0ecaa5967403d082aa24f35e1b516d23)
Start importing Assets/Oculus/Interaction/Samples/Objects/Props/ChessPiece/Textures/simpleGrabKnight_AlbedoRoughness.png using Guid(e35eeeb9c4e16fa469f141d669ed69d7) Importer(2089858483,0ecaa5967403d082aa24f35e1b516d23) [PhysX] Initialized MultithreadedTaskDispatcher with 32 workers.
 -> (artifact id: '92837a40f6641eb5cceb31e555db6323') in 0.017155 seconds
Number of updated asset objects reloaded before import = 0
Number of asset objects unloaded after import = 1
========================================================================
Received Import Request.
  Time since last request: 0.000037 seconds.
  path: Assets/Oculus/VR/Editor/BuildingBlocks/BlockData/CameraRig/Scripts/CameraRigSetupRules.cs
  artifactKey: Guid(11c63c21b94a3ff4088dda6ac3ca01cb) Importer(2089858483,0ecaa5967403d082aa24f35e1b516d23)
Start importing Assets/Oculus/VR/Editor/BuildingBlocks/BlockData/CameraRig/Scripts/CameraRigSetupRules.cs using Guid(11c63c21b94a3ff4088dda6ac3ca01cb) Importer(2089858483,0ecaa5967403d082aa24f35e1b516d23) [PhysX] Initialized MultithreadedTaskDispatcher with 32 workers.
 -> (artifact id: '867ae001efccf714ff13ffdae44f87e9') in 0.014349 seconds
Number of updated asset objects reloaded before import = 0
Number of asset objects unloaded after import = 1
========================================================================
Received Import Request.
  Time since last request: 0.000061 seconds.
  path: Assets/Oculus/Interaction/Samples/Objects/Props/BigRedButton/Textures/Podium/Podium_SpecularSmoothness.png
  artifactKey: Guid(d067328b96a9e22468bb2cbd30c51050) Importer(2089858483,0ecaa5967403d082aa24f35e1b516d23)
Start importing Assets/Oculus/Interaction/Samples/Objects/Props/BigRedButton/Textures/Podium/Podium_SpecularSmoothness.png using Guid(d067328b96a9e22468bb2cbd30c51050) Importer(2089858483,0ecaa5967403d082aa24f35e1b516d23) [PhysX] Initialized MultithreadedTaskDispatcher with 32 workers.
 -> (artifact id: '7e5bd48166e9fcf546be19046534fb2e') in 0.017469 seconds
Number of updated asset objects reloaded before import = 0
Number of asset objects unloaded after import = 1
========================================================================
Received Import Request.
  Time since last request: 0.000061 seconds.
  path: Assets/Oculus/Voice/Lib/Wit.ai/Scripts/Runtime/Data/Configuration/WitConfiguration.cs
  artifactKey: Guid(ae5a46bda3295124c99b0e6537ac7252) Importer(2089858483,0ecaa5967403d082aa24f35e1b516d23)
Start importing Assets/Oculus/Voice/Lib/Wit.ai/Scripts/Runtime/Data/Configuration/WitConfiguration.cs using Guid(ae5a46bda3295124c99b0e6537ac7252) Importer(2089858483,0ecaa5967403d082aa24f35e1b516d23) [PhysX] Initialized MultithreadedTaskDispatcher with 32 workers.
 -> (artifact id: '2f4bdb16abb73429f98f2620b42d3b49') in 0.010710 seconds
Number of updated asset objects reloaded before import = 0
Number of asset objects unloaded after import = 1
========================================================================
Received Import Request.
  Time since last request: 0.000089 seconds.
  path: Assets/Oculus/Voice/Lib/Wit.ai/Lib/Wit/Runtime/Data/Info/WitAppInfo.cs
  artifactKey: Guid(2293c9bd3dd4d3946b9298801c33b70a) Importer(2089858483,0ecaa5967403d082aa24f35e1b516d23)
Start importing Assets/Oculus/Voice/Lib/Wit.ai/Lib/Wit/Runtime/Data/Info/WitAppInfo.cs using Guid(2293c9bd3dd4d3946b9298801c33b70a) Importer(2089858483,0ecaa5967403d082aa24f35e1b516d23) [PhysX] Initialized MultithreadedTaskDispatcher with 32 workers.
 -> (artifact id: '89556a0f088f5232c81da90d61c8f95f') in 0.014092 seconds
Number of updated asset objects reloaded before import = 0
Number of asset objects unloaded after import = 1
========================================================================
Received Import Request.
  Time since last request: 0.000045 seconds.
  path: Assets/Oculus/Voice/Lib/Wit.ai/Features/TTS/Scripts/Editor/Preload/TTSPreloadUtility.cs
  artifactKey: Guid(6428a97eb23d27b48bff4ecaa464004e) Importer(2089858483,0ecaa5967403d082aa24f35e1b516d23)
Start importing Assets/Oculus/Voice/Lib/Wit.ai/Features/TTS/Scripts/Editor/Preload/TTSPreloadUtility.cs using Guid(6428a97eb23d27b48bff4ecaa464004e) Importer(2089858483,0ecaa5967403d082aa24f35e1b516d23) [PhysX] Initialized MultithreadedTaskDispatcher with 32 workers.
 -> (artifact id: 'fc31813c5945ae9d5abab584084f606c') in 0.016250 seconds
Number of updated asset objects reloaded before import = 0
Number of asset objects unloaded after import = 1
========================================================================
Received Import Request.
  Time since last request: 0.000104 seconds.
  path: Assets/Oculus/Voice/Lib/Wit.ai/Lib/Wit/Runtime/Audio/UnityAudioClipStream.cs
  artifactKey: Guid(cfd8c6095070c6941a1c64a26d980785) Importer(2089858483,0ecaa5967403d082aa24f35e1b516d23)
Start importing Assets/Oculus/Voice/Lib/Wit.ai/Lib/Wit/Runtime/Audio/UnityAudioClipStream.cs using Guid(cfd8c6095070c6941a1c64a26d980785) Importer(2089858483,0ecaa5967403d082aa24f35e1b516d23) [PhysX] Initialized MultithreadedTaskDispatcher with 32 workers.
 -> (artifact id: '391ec357a874aad6c6926d5e6813f6c6') in 0.020412 seconds
Number of updated asset objects reloaded before import = 0
Number of asset objects unloaded after import = 1
========================================================================
Received Import Request.
  Time since last request: 0.000040 seconds.
  path: Assets/Oculus/Voice/Lib/Wit.ai/Lib/Conduit/Runtime/Data/ConduitParameterValue.cs
  artifactKey: Guid(454e43699e064d35a46ea2920d1050c8) Importer(2089858483,0ecaa5967403d082aa24f35e1b516d23)
Start importing Assets/Oculus/Voice/Lib/Wit.ai/Lib/Conduit/Runtime/Data/ConduitParameterValue.cs using Guid(454e43699e064d35a46ea2920d1050c8) Importer(2089858483,0ecaa5967403d082aa24f35e1b516d23) [PhysX] Initialized MultithreadedTaskDispatcher with 32 workers.
 -> (artifact id: '62227113236cc7e616695867d506b034') in 0.016804 seconds
Number of updated asset objects reloaded before import = 0
Number of asset objects unloaded after import = 1
========================================================================
Received Import Request.
  Time since last request: 0.000061 seconds.
  path: Assets/Oculus/Voice/Lib/Wit.ai/Lib/Wit/Runtime/Audio/UnityAudioPlayer.cs
  artifactKey: Guid(10387d4a5d48b194985a819307c00b2c) Importer(2089858483,0ecaa5967403d082aa24f35e1b516d23)
Start importing Assets/Oculus/Voice/Lib/Wit.ai/Lib/Wit/Runtime/Audio/UnityAudioPlayer.cs using Guid(10387d4a5d48b194985a819307c00b2c) Importer(2089858483,0ecaa5967403d082aa24f35e1b516d23) [PhysX] Initialized MultithreadedTaskDispatcher with 32 workers.
 -> (artifact id: 'a55d5d09afe17d6b8bdf6b1f1c0cde5a') in 0.014571 seconds
Number of updated asset objects reloaded before import = 0
Number of asset objects unloaded after import = 1
========================================================================
Received Import Request.
  Time since last request: 0.000030 seconds.
  path: Assets/Oculus/Voice/Lib/Wit.ai/Features/TTS/Documentation/Images/tts_service_cachesettings.png
  artifactKey: Guid(701ca4114422ead418e08b1c0bc26348) Importer(2089858483,0ecaa5967403d082aa24f35e1b516d23)
Start importing Assets/Oculus/Voice/Lib/Wit.ai/Features/TTS/Documentation/Images/tts_service_cachesettings.png using Guid(701ca4114422ead418e08b1c0bc26348) Importer(2089858483,0ecaa5967403d082aa24f35e1b516d23) [PhysX] Initialized MultithreadedTaskDispatcher with 32 workers.
 -> (artifact id: '92123f8ac9ee519e4e10347b3484a0f4') in 0.020279 seconds
Number of updated asset objects reloaded before import = 0
Number of asset objects unloaded after import = 1
========================================================================
Received Import Request.
  Time since last request: 0.000070 seconds.
  path: Assets/Oculus/Voice/Lib/Wit.ai/Lib/Wit/Runtime/Data/Info/WitIntentInfo.cs
  artifactKey: Guid(ac032a81358dadc41b4b9aad9e9d8f3f) Importer(2089858483,0ecaa5967403d082aa24f35e1b516d23)
Start importing Assets/Oculus/Voice/Lib/Wit.ai/Lib/Wit/Runtime/Data/Info/WitIntentInfo.cs using Guid(ac032a81358dadc41b4b9aad9e9d8f3f) Importer(2089858483,0ecaa5967403d082aa24f35e1b516d23) [PhysX] Initialized MultithreadedTaskDispatcher with 32 workers.
 -> (artifact id: '953c08799a65439bb0ab2e26f01122b3') in 0.014738 seconds
Number of updated asset objects reloaded before import = 0
Number of asset objects unloaded after import = 1
========================================================================
Received Import Request.
  Time since last request: 0.000054 seconds.
  path: Assets/Oculus/Voice/Lib/Wit.ai/Scripts/Runtime/Lib/Mic/Common/MicBase.cs
  artifactKey: Guid(8f0a5c516d2f7f64b9859f28cb79cf3e) Importer(2089858483,0ecaa5967403d082aa24f35e1b516d23)
Start importing Assets/Oculus/Voice/Lib/Wit.ai/Scripts/Runtime/Lib/Mic/Common/MicBase.cs using Guid(8f0a5c516d2f7f64b9859f28cb79cf3e) Importer(2089858483,0ecaa5967403d082aa24f35e1b516d23) [PhysX] Initialized MultithreadedTaskDispatcher with 32 workers.
 -> (artifact id: 'af82fde165e14720d1c626ebe2866964') in 0.015075 seconds
Number of updated asset objects reloaded before import = 0
Number of asset objects unloaded after import = 1
========================================================================
Received Import Request.
  Time since last request: 0.000039 seconds.
  path: Assets/Oculus/Voice/Lib/Wit.ai/Features/TTS/Scripts/Runtime/Events/TTSSpeakerEvents.cs
  artifactKey: Guid(f8f392c4b8438cd4e8a5318177de7a23) Importer(2089858483,0ecaa5967403d082aa24f35e1b516d23)
Start importing Assets/Oculus/Voice/Lib/Wit.ai/Features/TTS/Scripts/Runtime/Events/TTSSpeakerEvents.cs using Guid(f8f392c4b8438cd4e8a5318177de7a23) Importer(2089858483,0ecaa5967403d082aa24f35e1b516d23) [PhysX] Initialized MultithreadedTaskDispatcher with 32 workers.
 -> (artifact id: 'ffa0c39a9fccf6aa6aac176ff9e3839d') in 0.016490 seconds
Number of updated asset objects reloaded before import = 0
Number of asset objects unloaded after import = 1
========================================================================
Received Import Request.
  Time since last request: 0.000108 seconds.
  path: Assets/Oculus/Voice/Lib/Wit.ai/Features/TTS/Scripts/Editor/TTSServiceInspector.cs
  artifactKey: Guid(a7b031cd5a557e14fa08e59b869a2e78) Importer(2089858483,0ecaa5967403d082aa24f35e1b516d23)
Start importing Assets/Oculus/Voice/Lib/Wit.ai/Features/TTS/Scripts/Editor/TTSServiceInspector.cs using Guid(a7b031cd5a557e14fa08e59b869a2e78) Importer(2089858483,0ecaa5967403d082aa24f35e1b516d23) [PhysX] Initialized MultithreadedTaskDispatcher with 32 workers.
 -> (artifact id: '4934caac616d8a865ca9ac64abd06192') in 0.016583 seconds
Number of updated asset objects reloaded before import = 0
Number of asset objects unloaded after import = 1
========================================================================
Received Import Request.
  Time since last request: 0.000087 seconds.
  path: Assets/Oculus/Interaction/Runtime/Scripts/Interaction/Models/Locomotion/Teleport/Visuals/TeleportArcVisual.cs
  artifactKey: Guid(e5b5f89edd2787e4dadc54c07f4bf8b3) Importer(2089858483,0ecaa5967403d082aa24f35e1b516d23)
Start importing Assets/Oculus/Interaction/Runtime/Scripts/Interaction/Models/Locomotion/Teleport/Visuals/TeleportArcVisual.cs using Guid(e5b5f89edd2787e4dadc54c07f4bf8b3) Importer(2089858483,0ecaa5967403d082aa24f35e1b516d23) [PhysX] Initialized MultithreadedTaskDispatcher with 32 workers.
 -> (artifact id: '6a60cf013fdd6dde1421926a7aff43de') in 0.009182 seconds
Number of updated asset objects reloaded before import = 0
Number of asset objects unloaded after import = 1
========================================================================
Received Import Request.
  Time since last request: 0.000277 seconds.
  path: Assets/Oculus/Voice/Features/Dictation/Scripts/Runtime/VoiceSDK.Dictation.Runtime.asmdef
  artifactKey: Guid(7fc7076089fdfbc4399cba40cc3b0dd6) Importer(2089858483,0ecaa5967403d082aa24f35e1b516d23)
Start importing Assets/Oculus/Voice/Features/Dictation/Scripts/Runtime/VoiceSDK.Dictation.Runtime.asmdef using Guid(7fc7076089fdfbc4399cba40cc3b0dd6) Importer(2089858483,0ecaa5967403d082aa24f35e1b516d23) [PhysX] Initialized MultithreadedTaskDispatcher with 32 workers.
 -> (artifact id: '651060223366a31ba084001b7ee12549') in 0.008609 seconds
Number of updated asset objects reloaded before import = 0
Number of asset objects unloaded after import = 1
========================================================================
Received Import Request.
  Time since last request: 0.000090 seconds.
  path: Assets/Oculus/Voice/Lib/Wit.ai/Lib/Wit/Runtime/Speech/VoiceSpeechEvents.cs
  artifactKey: Guid(ac2095bdf4fadda4cb28044d95612bac) Importer(2089858483,0ecaa5967403d082aa24f35e1b516d23)
Start importing Assets/Oculus/Voice/Lib/Wit.ai/Lib/Wit/Runtime/Speech/VoiceSpeechEvents.cs using Guid(ac2095bdf4fadda4cb28044d95612bac) Importer(2089858483,0ecaa5967403d082aa24f35e1b516d23) [PhysX] Initialized MultithreadedTaskDispatcher with 32 workers.
 -> (artifact id: 'd393af4f8e2187b6395d223e93d63f18') in 0.011058 seconds
Number of updated asset objects reloaded before import = 0
Number of asset objects unloaded after import = 1
========================================================================
Received Import Request.
  Time since last request: 0.000016 seconds.
  path: Assets/Oculus/Interaction/Samples/Objects/Environment/Locomotion/Textures/LocomotionRoom/MetaLocomotionGround.png
  artifactKey: Guid(916bb0571aa8a13418cd0c63f3f117e3) Importer(2089858483,0ecaa5967403d082aa24f35e1b516d23)
Start importing Assets/Oculus/Interaction/Samples/Objects/Environment/Locomotion/Textures/LocomotionRoom/MetaLocomotionGround.png using Guid(916bb0571aa8a13418cd0c63f3f117e3) Importer(2089858483,0ecaa5967403d082aa24f35e1b516d23) [PhysX] Initialized MultithreadedTaskDispatcher with 32 workers.
 -> (artifact id: '8142d1a3b84bc8b24aa000157df7cccb') in 0.019939 seconds
Number of updated asset objects reloaded before import = 0
Number of asset objects unloaded after import = 1
========================================================================
Received Import Request.
  Time since last request: 0.000021 seconds.
  path: Assets/Oculus/Voice/Lib/Wit.ai/Lib/Conduit/Runtime/Data/ManifestParameter.cs
  artifactKey: Guid(90727d1ff668c824e8af23da343158e4) Importer(2089858483,0ecaa5967403d082aa24f35e1b516d23)
Start importing Assets/Oculus/Voice/Lib/Wit.ai/Lib/Conduit/Runtime/Data/ManifestParameter.cs using Guid(90727d1ff668c824e8af23da343158e4) Importer(2089858483,0ecaa5967403d082aa24f35e1b516d23) [PhysX] Initialized MultithreadedTaskDispatcher with 32 workers.
 -> (artifact id: '7107912c2f4ac2f80cca1ae4a483eabb') in 0.009285 seconds
Number of updated asset objects reloaded before import = 0
Number of asset objects unloaded after import = 1
========================================================================
Received Import Request.
  Time since last request: 0.000109 seconds.
  path: Assets/Oculus/Voice/Lib/Wit.ai/Lib/Wit/Runtime/Requests/UnityRequests/WitTTSVRequest.cs
  artifactKey: Guid(4b088d61417e55d46ba721f498717418) Importer(2089858483,0ecaa5967403d082aa24f35e1b516d23)
Start importing Assets/Oculus/Voice/Lib/Wit.ai/Lib/Wit/Runtime/Requests/UnityRequests/WitTTSVRequest.cs using Guid(4b088d61417e55d46ba721f498717418) Importer(2089858483,0ecaa5967403d082aa24f35e1b516d23) [PhysX] Initialized MultithreadedTaskDispatcher with 32 workers.
 -> (artifact id: '3327147657aa879384cb0dd9de25f7c3') in 0.011278 seconds
Number of updated asset objects reloaded before import = 0
Number of asset objects unloaded after import = 1
========================================================================
Received Import Request.
  Time since last request: 0.000265 seconds.
  path: Assets/Oculus/Voice/Features/Dictation/Scripts/Runtime/Bindings/Android/PlatformDictationSDKBinding.cs
  artifactKey: Guid(41af6918ebf13234e857ebfc290db6ec) Importer(2089858483,0ecaa5967403d082aa24f35e1b516d23)
Start importing Assets/Oculus/Voice/Features/Dictation/Scripts/Runtime/Bindings/Android/PlatformDictationSDKBinding.cs using Guid(41af6918ebf13234e857ebfc290db6ec) Importer(2089858483,0ecaa5967403d082aa24f35e1b516d23) [PhysX] Initialized MultithreadedTaskDispatcher with 32 workers.
 -> (artifact id: '101765472717b4eb6a4871621a8a0407') in 0.014615 seconds
Number of updated asset objects reloaded before import = 0
Number of asset objects unloaded after import = 1
========================================================================
Received Import Request.
  Time since last request: 0.000050 seconds.
  path: Assets/Oculus/SampleFramework/Usage/TouchPro/Prefabs/Ui/UiAxis1dInspectorPf.prefab
  artifactKey: Guid(f68c9906e47541d4788727341a012a42) Importer(2089858483,0ecaa5967403d082aa24f35e1b516d23)
Start importing Assets/Oculus/SampleFramework/Usage/TouchPro/Prefabs/Ui/UiAxis1dInspectorPf.prefab using Guid(f68c9906e47541d4788727341a012a42) Importer(2089858483,0ecaa5967403d082aa24f35e1b516d23) [PhysX] Initialized MultithreadedTaskDispatcher with 32 workers.
 -> (artifact id: '9692a43c61fe826dcf21e4e93395e000') in 0.017913 seconds
Number of updated asset objects reloaded before import = 0
Number of asset objects unloaded after import = 35
========================================================================
Received Import Request.
  Time since last request: 0.000029 seconds.
  path: Assets/Oculus/Spatializer/Plugins/Android/libs/armeabi-v7a/libAudioPluginOculusSpatializer.so
  artifactKey: Guid(7fbe62f1c7858f945993b181b759a64b) Importer(2089858483,0ecaa5967403d082aa24f35e1b516d23)
Start importing Assets/Oculus/Spatializer/Plugins/Android/libs/armeabi-v7a/libAudioPluginOculusSpatializer.so using Guid(7fbe62f1c7858f945993b181b759a64b) Importer(2089858483,0ecaa5967403d082aa24f35e1b516d23) [PhysX] Initialized MultithreadedTaskDispatcher with 32 workers.
 -> (artifact id: '1e81f9c3b903d1fac05030c289b20be3') in 0.008481 seconds
Number of updated asset objects reloaded before import = 0
Number of asset objects unloaded after import = 1
========================================================================
Received Import Request.
  Time since last request: 0.000221 seconds.
  path: Assets/Oculus/Voice/Lib/Wit.ai/Scripts/Runtime/Events/WitRequestCreatedEvent.cs
  artifactKey: Guid(2134bc577e5e4ae2a9a3a1e37f1ac0dc) Importer(2089858483,0ecaa5967403d082aa24f35e1b516d23)
Start importing Assets/Oculus/Voice/Lib/Wit.ai/Scripts/Runtime/Events/WitRequestCreatedEvent.cs using Guid(2134bc577e5e4ae2a9a3a1e37f1ac0dc) Importer(2089858483,0ecaa5967403d082aa24f35e1b516d23) [PhysX] Initialized MultithreadedTaskDispatcher with 32 workers.
 -> (artifact id: 'fc9719edd0b84445a1365c0fb89356fc') in 0.010012 seconds
Number of updated asset objects reloaded before import = 0
Number of asset objects unloaded after import = 1
========================================================================
Received Import Request.
  Time since last request: 0.000086 seconds.
  path: Assets/Oculus/SampleFramework/Core/TouchControllers/Materials/Textures/touchController_controlmap.tga
  artifactKey: Guid(2cc8e2323e3925144b6880c5e7600b89) Importer(2089858483,0ecaa5967403d082aa24f35e1b516d23)
Start importing Assets/Oculus/SampleFramework/Core/TouchControllers/Materials/Textures/touchController_controlmap.tga using Guid(2cc8e2323e3925144b6880c5e7600b89) Importer(2089858483,0ecaa5967403d082aa24f35e1b516d23) [PhysX] Initialized MultithreadedTaskDispatcher with 32 workers.
 -> (artifact id: '0809726a15388c1a1a44c4e153da049b') in 0.016752 seconds
Number of updated asset objects reloaded before import = 0
Number of asset objects unloaded after import = 1
========================================================================
Received Import Request.
  Time since last request: 0.000090 seconds.
  path: Assets/Oculus/Voice/Lib/Wit.ai/Lib/Conduit/Runtime/Data/ManifestEntity.cs
  artifactKey: Guid(ea098bdc32c15f84d8e2e7081d164579) Importer(2089858483,0ecaa5967403d082aa24f35e1b516d23)
Start importing Assets/Oculus/Voice/Lib/Wit.ai/Lib/Conduit/Runtime/Data/ManifestEntity.cs using Guid(ea098bdc32c15f84d8e2e7081d164579) Importer(2089858483,0ecaa5967403d082aa24f35e1b516d23) [PhysX] Initialized MultithreadedTaskDispatcher with 32 workers.
 -> (artifact id: '9ce9e7b09ac9ca2991d11a8178bec7f8') in 0.007783 seconds
Number of updated asset objects reloaded before import = 0
Number of asset objects unloaded after import = 1
========================================================================
Received Import Request.
  Time since last request: 0.000142 seconds.
  path: Assets/Oculus/Interaction/Samples/Objects/Props/Doll/Textures/DollDiffuse.png
  artifactKey: Guid(229eee8f330bf3a458b9547fa838f51e) Importer(2089858483,0ecaa5967403d082aa24f35e1b516d23)
Start importing Assets/Oculus/Interaction/Samples/Objects/Props/Doll/Textures/DollDiffuse.png using Guid(229eee8f330bf3a458b9547fa838f51e) Importer(2089858483,0ecaa5967403d082aa24f35e1b516d23) [PhysX] Initialized MultithreadedTaskDispatcher with 32 workers.
 -> (artifact id: '40a8f5716bc99f061def2ef55d82db8b') in 0.015795 seconds
Number of updated asset objects reloaded before import = 0
Number of asset objects unloaded after import = 1
========================================================================
Received Import Request.
  Time since last request: 0.000132 seconds.
  path: Assets/Oculus/Voice/Lib/Wit.ai/Features/TTS/Documentation/TTS Overview Readme.asset
  artifactKey: Guid(c745949bbb55f7b4dba6eeac61f4a7bd) Importer(2089858483,0ecaa5967403d082aa24f35e1b516d23)
Start importing Assets/Oculus/Voice/Lib/Wit.ai/Features/TTS/Documentation/TTS Overview Readme.asset using Guid(c745949bbb55f7b4dba6eeac61f4a7bd) Importer(2089858483,0ecaa5967403d082aa24f35e1b516d23) [PhysX] Initialized MultithreadedTaskDispatcher with 32 workers.
 -> (artifact id: '716840757f17412f6c76ceeb340cd2cf') in 0.023191 seconds
Number of updated asset objects reloaded before import = 0
Number of asset objects unloaded after import = 5
========================================================================
Received Import Request.
  Time since last request: 0.000017 seconds.
  path: Assets/Oculus/Interaction/Samples/Objects/Props/BigRedButton/Textures/Podium/Podium_Normal.png
  artifactKey: Guid(93cef7b123baace49a4508c4b6f2cec3) Importer(2089858483,0ecaa5967403d082aa24f35e1b516d23)
Start importing Assets/Oculus/Interaction/Samples/Objects/Props/BigRedButton/Textures/Podium/Podium_Normal.png using Guid(93cef7b123baace49a4508c4b6f2cec3) Importer(2089858483,0ecaa5967403d082aa24f35e1b516d23) [PhysX] Initialized MultithreadedTaskDispatcher with 32 workers.
 -> (artifact id: '3e297d333a6b8ac6cb0a4d53b7c23825') in 0.019282 seconds
Number of updated asset objects reloaded before import = 0
Number of asset objects unloaded after import = 1
========================================================================
Received Import Request.
  Time since last request: 0.000167 seconds.
  path: Assets/Oculus/Voice/Lib/Wit.ai/Scripts/Runtime/Data/Entities/WitSimpleDynamicEntity.cs
  artifactKey: Guid(e15f31f7f3b6c49fb96d0553d125fe22) Importer(2089858483,0ecaa5967403d082aa24f35e1b516d23)
Start importing Assets/Oculus/Voice/Lib/Wit.ai/Scripts/Runtime/Data/Entities/WitSimpleDynamicEntity.cs using Guid(e15f31f7f3b6c49fb96d0553d125fe22) Importer(2089858483,0ecaa5967403d082aa24f35e1b516d23) [PhysX] Initialized MultithreadedTaskDispatcher with 32 workers.
 -> (artifact id: '466f348a3f60b19196460d5784501bf4') in 0.009385 seconds
Number of updated asset objects reloaded before import = 0
Number of asset objects unloaded after import = 1
========================================================================
Received Import Request.
  Time since last request: 0.000066 seconds.
  path: Assets/Oculus/VR/Editor/BuildingBlocks/BlockData/HandTracking/Scripts/HandTrackingSetupRules.cs
  artifactKey: Guid(51cdf386012239f4b89597171ff0c3f1) Importer(2089858483,0ecaa5967403d082aa24f35e1b516d23)
Start importing Assets/Oculus/VR/Editor/BuildingBlocks/BlockData/HandTracking/Scripts/HandTrackingSetupRules.cs using Guid(51cdf386012239f4b89597171ff0c3f1) Importer(2089858483,0ecaa5967403d082aa24f35e1b516d23) [PhysX] Initialized MultithreadedTaskDispatcher with 32 workers.
 -> (artifact id: '72d9968801fbfa85ea2712cd7a337027') in 0.012808 seconds
Number of updated asset objects reloaded before import = 0
Number of asset objects unloaded after import = 1
========================================================================
Received Import Request.
  Time since last request: 0.000114 seconds.
  path: Assets/Oculus/Voice/Lib/Wit.ai/Scripts/Runtime/CallbackHandlers/SimpleIntentHandler.cs
  artifactKey: Guid(8d2d3ff93ff48bd40ab5bca3cf4e6d2c) Importer(2089858483,0ecaa5967403d082aa24f35e1b516d23)
Start importing Assets/Oculus/Voice/Lib/Wit.ai/Scripts/Runtime/CallbackHandlers/SimpleIntentHandler.cs using Guid(8d2d3ff93ff48bd40ab5bca3cf4e6d2c) Importer(2089858483,0ecaa5967403d082aa24f35e1b516d23) [PhysX] Initialized MultithreadedTaskDispatcher with 32 workers.
 -> (artifact id: '6c0e8a563254ec5211e2c9b2cdb98de4') in 0.014866 seconds
Number of updated asset objects reloaded before import = 0
Number of asset objects unloaded after import = 1
========================================================================
Received Import Request.
  Time since last request: 0.000062 seconds.
  path: Assets/Oculus/Interaction/Runtime/Scripts/Interaction/Models/Locomotion/Teleport/Visuals/PinchPointerVisual.cs
  artifactKey: Guid(48f1fcbc5502d6448a5fdeb976b6fcd9) Importer(2089858483,0ecaa5967403d082aa24f35e1b516d23)
Start importing Assets/Oculus/Interaction/Runtime/Scripts/Interaction/Models/Locomotion/Teleport/Visuals/PinchPointerVisual.cs using Guid(48f1fcbc5502d6448a5fdeb976b6fcd9) Importer(2089858483,0ecaa5967403d082aa24f35e1b516d23) [PhysX] Initialized MultithreadedTaskDispatcher with 32 workers.
 -> (artifact id: '3a91417f9d54e4a654ef481c8f84bf45') in 0.015396 seconds
Number of updated asset objects reloaded before import = 0
Number of asset objects unloaded after import = 1
========================================================================
Received Import Request.
  Time since last request: 0.000019 seconds.
  path: Assets/Oculus/Voice/Lib/Wit.ai/Features/TTS/Scripts/Runtime/Utilities/TTSSpeechSplitter.cs
  artifactKey: Guid(d2accdd3f9f0a354b84b364eae500512) Importer(2089858483,0ecaa5967403d082aa24f35e1b516d23)
Start importing Assets/Oculus/Voice/Lib/Wit.ai/Features/TTS/Scripts/Runtime/Utilities/TTSSpeechSplitter.cs using Guid(d2accdd3f9f0a354b84b364eae500512) Importer(2089858483,0ecaa5967403d082aa24f35e1b516d23) [PhysX] Initialized MultithreadedTaskDispatcher with 32 workers.
 -> (artifact id: 'ca077752b85e7066ffcd873a58ed946c') in 0.016678 seconds
Number of updated asset objects reloaded before import = 0
Number of asset objects unloaded after import = 1
========================================================================
Received Import Request.
  Time since last request: 0.000066 seconds.
  path: Assets/Oculus/Voice/Lib/Wit.ai/Lib/Wit/Runtime/Data/SimulatedResponse.cs
  artifactKey: Guid(2760ac95d5db4662b1923f3a8ab4c61d) Importer(2089858483,0ecaa5967403d082aa24f35e1b516d23)
Start importing Assets/Oculus/Voice/Lib/Wit.ai/Lib/Wit/Runtime/Data/SimulatedResponse.cs using Guid(2760ac95d5db4662b1923f3a8ab4c61d) Importer(2089858483,0ecaa5967403d082aa24f35e1b516d23) [PhysX] Initialized MultithreadedTaskDispatcher with 32 workers.
 -> (artifact id: 'a4dcee31e2e44648e9b2b93bcc2a36b1') in 0.017828 seconds
Number of updated asset objects reloaded before import = 0
Number of asset objects unloaded after import = 1
========================================================================
Received Import Request.
  Time since last request: 0.000231 seconds.
  path: Assets/Oculus/Interaction/Runtime/Scripts/Interaction/Models/HandGrab/PoseMeasureParameters.cs
  artifactKey: Guid(6cf5fb44c93da2d4387ee22e7d4e93f4) Importer(2089858483,0ecaa5967403d082aa24f35e1b516d23)
Start importing Assets/Oculus/Interaction/Runtime/Scripts/Interaction/Models/HandGrab/PoseMeasureParameters.cs using Guid(6cf5fb44c93da2d4387ee22e7d4e93f4) Importer(2089858483,0ecaa5967403d082aa24f35e1b516d23) [PhysX] Initialized MultithreadedTaskDispatcher with 32 workers.
 -> (artifact id: '260e8ea2d402aa7e7f506b4a68b5a4be') in 0.014385 seconds
Number of updated asset objects reloaded before import = 0
Number of asset objects unloaded after import = 1
========================================================================
Received Import Request.
  Time since last request: 0.000292 seconds.
  path: Assets/Oculus/Voice/Lib/Wit.ai/Lib/Wit/Runtime/Json/IJsonSerializer.cs
  artifactKey: Guid(032f79fd9ca8fad469c34309dc1a67ec) Importer(2089858483,0ecaa5967403d082aa24f35e1b516d23)
Start importing Assets/Oculus/Voice/Lib/Wit.ai/Lib/Wit/Runtime/Json/IJsonSerializer.cs using Guid(032f79fd9ca8fad469c34309dc1a67ec) Importer(2089858483,0ecaa5967403d082aa24f35e1b516d23) [PhysX] Initialized MultithreadedTaskDispatcher with 32 workers.
 -> (artifact id: '197282e81ad79d65aa66191f1b849aa3') in 0.010246 seconds
Number of updated asset objects reloaded before import = 0
Number of asset objects unloaded after import = 1
========================================================================
Received Import Request.
  Time since last request: 0.000071 seconds.
  path: Assets/Oculus/Voice/Lib/Wit.ai/Lib/Wit/Runtime/Requests/IVoiceRequestOptions.cs
  artifactKey: Guid(52faf550b8372ba47ad567da469650be) Importer(2089858483,0ecaa5967403d082aa24f35e1b516d23)
Start importing Assets/Oculus/Voice/Lib/Wit.ai/Lib/Wit/Runtime/Requests/IVoiceRequestOptions.cs using Guid(52faf550b8372ba47ad567da469650be) Importer(2089858483,0ecaa5967403d082aa24f35e1b516d23) [PhysX] Initialized MultithreadedTaskDispatcher with 32 workers.
 -> (artifact id: 'd248d2dc1d4f0d43bb0b5f584376bf4b') in 0.040429 seconds
Number of updated asset objects reloaded before import = 0
Number of asset objects unloaded after import = 1
========================================================================
Received Import Request.
  Time since last request: 0.000023 seconds.
  path: Assets/Oculus/Voice/Features/Telemetry/Scripts/Editor/Telemetry.cs
  artifactKey: Guid(1e8985a06df93f24faf31608179bbb41) Importer(2089858483,0ecaa5967403d082aa24f35e1b516d23)
Start importing Assets/Oculus/Voice/Features/Telemetry/Scripts/Editor/Telemetry.cs using Guid(1e8985a06df93f24faf31608179bbb41) Importer(2089858483,0ecaa5967403d082aa24f35e1b516d23) [PhysX] Initialized MultithreadedTaskDispatcher with 32 workers.
 -> (artifact id: 'bf111c07c06007d58977c7bf08076cd6') in 0.011194 seconds
Number of updated asset objects reloaded before import = 0
Number of asset objects unloaded after import = 1
========================================================================
Received Import Request.
  Time since last request: 0.000108 seconds.
  path: Assets/Oculus/Interaction/Samples/Objects/Props/MapWithPins/Models/MapPointer.fbx
  artifactKey: Guid(d965108dd6326c74ab84da39a3c86b34) Importer(2089858483,0ecaa5967403d082aa24f35e1b516d23)
Start importing Assets/Oculus/Interaction/Samples/Objects/Props/MapWithPins/Models/MapPointer.fbx using Guid(d965108dd6326c74ab84da39a3c86b34) Importer(2089858483,0ecaa5967403d082aa24f35e1b516d23) [PhysX] Initialized MultithreadedTaskDispatcher with 32 workers.
 -> (artifact id: 'dc67eb1707bc20518e41838f5978c73a') in 0.024688 seconds
Number of updated asset objects reloaded before import = 0
Number of asset objects unloaded after import = 14
========================================================================
Received Import Request.
  Time since last request: 0.000018 seconds.
  path: Assets/Oculus/Voice/Lib/Wit.ai/Scripts/Editor/Data/Configuration/WitEndpointConfigDrawer.cs
  artifactKey: Guid(5fff8addd8c86d94d9e793036f5e5538) Importer(2089858483,0ecaa5967403d082aa24f35e1b516d23)
Start importing Assets/Oculus/Voice/Lib/Wit.ai/Scripts/Editor/Data/Configuration/WitEndpointConfigDrawer.cs using Guid(5fff8addd8c86d94d9e793036f5e5538) Importer(2089858483,0ecaa5967403d082aa24f35e1b516d23) [PhysX] Initialized MultithreadedTaskDispatcher with 32 workers.
 -> (artifact id: '3eb79714691a7d9f7d1cb4e3e019d3d9') in 0.016234 seconds
Number of updated asset objects reloaded before import = 0
Number of asset objects unloaded after import = 1
========================================================================
Received Import Request.
  Time since last request: 0.000118 seconds.
  path: Assets/Oculus/Voice/Features/VoiceHub/Hub/Pages/WhatsNew/WhatsNew.md
  artifactKey: Guid(ce1a5341f047a8444bbb7904c19c8f3e) Importer(2089858483,0ecaa5967403d082aa24f35e1b516d23)
Start importing Assets/Oculus/Voice/Features/VoiceHub/Hub/Pages/WhatsNew/WhatsNew.md using Guid(ce1a5341f047a8444bbb7904c19c8f3e) Importer(2089858483,0ecaa5967403d082aa24f35e1b516d23) [PhysX] Initialized MultithreadedTaskDispatcher with 32 workers.
 -> (artifact id: 'fea76388f2cef120b2a807a729667c78') in 0.016506 seconds
Number of updated asset objects reloaded before import = 0
Number of asset objects unloaded after import = 1
========================================================================
Received Import Request.
  Time since last request: 0.000226 seconds.
  path: Assets/Oculus/Voice/Lib/Wit.ai/Lib/Wit/Editor/Requests/WitSyncVRequest.cs
  artifactKey: Guid(d5ee5276a050391448c4d087020ea824) Importer(2089858483,0ecaa5967403d082aa24f35e1b516d23)
Start importing Assets/Oculus/Voice/Lib/Wit.ai/Lib/Wit/Editor/Requests/WitSyncVRequest.cs using Guid(d5ee5276a050391448c4d087020ea824) Importer(2089858483,0ecaa5967403d082aa24f35e1b516d23) [PhysX] Initialized MultithreadedTaskDispatcher with 32 workers.
 -> (artifact id: '72eaa13c76c6b3cae6d910dca8d72ba9') in 0.020362 seconds
Number of updated asset objects reloaded before import = 0
Number of asset objects unloaded after import = 1
========================================================================
Received Import Request.
  Time since last request: 0.000026 seconds.
  path: Assets/Oculus/Voice/Lib/Wit.ai/Lib/Conduit/Runtime/Data/WitKeyword.cs
  artifactKey: Guid(f42cdf992cab5604688b9732b53188dc) Importer(2089858483,0ecaa5967403d082aa24f35e1b516d23)
Start importing Assets/Oculus/Voice/Lib/Wit.ai/Lib/Conduit/Runtime/Data/WitKeyword.cs using Guid(f42cdf992cab5604688b9732b53188dc) Importer(2089858483,0ecaa5967403d082aa24f35e1b516d23) [PhysX] Initialized MultithreadedTaskDispatcher with 32 workers.
 -> (artifact id: '15022edc9863149d969076d7e5491a71') in 0.022091 seconds
Number of updated asset objects reloaded before import = 0
Number of asset objects unloaded after import = 1
========================================================================
Received Import Request.
  Time since last request: 0.000026 seconds.
  path: Assets/Oculus/Interaction/Samples/Objects/Environment/Room/RoomEnvironment.prefab
  artifactKey: Guid(3925a8db7d2ff834f8485d72b7dd6701) Importer(2089858483,0ecaa5967403d082aa24f35e1b516d23)
Start importing Assets/Oculus/Interaction/Samples/Objects/Environment/Room/RoomEnvironment.prefab using Guid(3925a8db7d2ff834f8485d72b7dd6701) Importer(2089858483,0ecaa5967403d082aa24f35e1b516d23) [PhysX] Initialized MultithreadedTaskDispatcher with 32 workers.
 -> (artifact id: 'd2126fe2573e8cd8b8de6425b780d37e') in 0.026898 seconds
Number of updated asset objects reloaded before import = 0
Number of asset objects unloaded after import = 128
========================================================================
Received Import Request.
  Time since last request: 0.000021 seconds.
  path: Assets/Oculus/Voice/Lib/Wit.ai/Features/TTS/Scripts/Runtime/Interfaces/ITextProcessors.cs
  artifactKey: Guid(b39a041597ab4bd9b33e797f74fb2125) Importer(2089858483,0ecaa5967403d082aa24f35e1b516d23)
Start importing Assets/Oculus/Voice/Lib/Wit.ai/Features/TTS/Scripts/Runtime/Interfaces/ITextProcessors.cs using Guid(b39a041597ab4bd9b33e797f74fb2125) Importer(2089858483,0ecaa5967403d082aa24f35e1b516d23) [PhysX] Initialized MultithreadedTaskDispatcher with 32 workers.
 -> (artifact id: '1451df5b227fd418a0e2ec200b333271') in 0.015469 seconds
Number of updated asset objects reloaded before import = 0
Number of asset objects unloaded after import = 1
========================================================================
Received Import Request.
  Time since last request: 0.000025 seconds.
  path: Assets/Oculus/Interaction/Samples/Objects/Environment/SmallRoom/Models/smallRoom.fbx
  artifactKey: Guid(f7c82b9ce28f07e4fa7f50280661a061) Importer(2089858483,0ecaa5967403d082aa24f35e1b516d23)
Start importing Assets/Oculus/Interaction/Samples/Objects/Environment/SmallRoom/Models/smallRoom.fbx using Guid(f7c82b9ce28f07e4fa7f50280661a061) Importer(2089858483,0ecaa5967403d082aa24f35e1b516d23) [PhysX] Initialized MultithreadedTaskDispatcher with 32 workers.
 -> (artifact id: '418521fdbc9d8eadd5451d7f26eb8e70') in 0.029520 seconds
Number of updated asset objects reloaded before import = 0
Number of asset objects unloaded after import = 41
========================================================================
Received Import Request.
  Time since last request: 0.000019 seconds.
  path: Assets/Oculus/Interaction/Samples/Objects/Props/Torch/Materials/torchMaterial.fbx
  artifactKey: Guid(134e9118804c640d1b832467ae5e0213) Importer(2089858483,0ecaa5967403d082aa24f35e1b516d23)
Start importing Assets/Oculus/Interaction/Samples/Objects/Props/Torch/Materials/torchMaterial.fbx using Guid(134e9118804c640d1b832467ae5e0213) Importer(2089858483,0ecaa5967403d082aa24f35e1b516d23) [PhysX] Initialized MultithreadedTaskDispatcher with 32 workers.
 -> (artifact id: '1b6b081a94dcd83e34a21b45a8ad9f92') in 0.028865 seconds
Number of updated asset objects reloaded before import = 0
Number of asset objects unloaded after import = 10
========================================================================
Received Import Request.
  Time since last request: 0.000018 seconds.
  path: Assets/Oculus/VR/Editor/BuildingBlocks/BlockData/HandTracking/Materials/SystemGestureHandMaterial.mat
  artifactKey: Guid(9d107f2f043e1ed408b970f146718017) Importer(2089858483,0ecaa5967403d082aa24f35e1b516d23)
Start importing Assets/Oculus/VR/Editor/BuildingBlocks/BlockData/HandTracking/Materials/SystemGestureHandMaterial.mat using Guid(9d107f2f043e1ed408b970f146718017) Importer(2089858483,0ecaa5967403d082aa24f35e1b516d23) [PhysX] Initialized MultithreadedTaskDispatcher with 32 workers.
 -> (artifact id: 'fe1d6715d4fb9480e5e632b3530786e7') in 0.016654 seconds
Number of updated asset objects reloaded before import = 0
Number of asset objects unloaded after import = 1
========================================================================
Received Import Request.
  Time since last request: 0.000020 seconds.
  path: Assets/Oculus/SampleFramework/Usage/SceneManager/Scripts/SimpleResizer/SimpleResizer.cs
  artifactKey: Guid(85f4ec0cb9fef7b4e9223c280e418389) Importer(2089858483,0ecaa5967403d082aa24f35e1b516d23)
Start importing Assets/Oculus/SampleFramework/Usage/SceneManager/Scripts/SimpleResizer/SimpleResizer.cs using Guid(85f4ec0cb9fef7b4e9223c280e418389) Importer(2089858483,0ecaa5967403d082aa24f35e1b516d23) [PhysX] Initialized MultithreadedTaskDispatcher with 32 workers.
 -> (artifact id: 'dc34e32dfd44fb8f77ccc21320d98e33') in 0.011813 seconds
Number of updated asset objects reloaded before import = 0
Number of asset objects unloaded after import = 1
========================================================================
Received Import Request.
  Time since last request: 0.000089 seconds.
  path: Assets/Oculus/Voice/Lib/Wit.ai/Scripts/Runtime/Utilities/FloatToStringEvent.cs
  artifactKey: Guid(c63293fa01c74b159135d721528a5c47) Importer(2089858483,0ecaa5967403d082aa24f35e1b516d23)
Start importing Assets/Oculus/Voice/Lib/Wit.ai/Scripts/Runtime/Utilities/FloatToStringEvent.cs using Guid(c63293fa01c74b159135d721528a5c47) Importer(2089858483,0ecaa5967403d082aa24f35e1b516d23) [PhysX] Initialized MultithreadedTaskDispatcher with 32 workers.
 -> (artifact id: 'e4a39c3c33eea38ce06c1bd542badeaf') in 0.013114 seconds
Number of updated asset objects reloaded before import = 0
Number of asset objects unloaded after import = 1
========================================================================
Received Import Request.
  Time since last request: 0.000050 seconds.
  path: Assets/Oculus/Voice/Lib/Wit.ai/Scripts/Runtime/Events/WitMicLevelChangedEvent.cs
  artifactKey: Guid(533049bdcc7a20a41b6fc9f90b951fd0) Importer(2089858483,0ecaa5967403d082aa24f35e1b516d23)
Start importing Assets/Oculus/Voice/Lib/Wit.ai/Scripts/Runtime/Events/WitMicLevelChangedEvent.cs using Guid(533049bdcc7a20a41b6fc9f90b951fd0) Importer(2089858483,0ecaa5967403d082aa24f35e1b516d23) [PhysX] Initialized MultithreadedTaskDispatcher with 32 workers.
 -> (artifact id: '32467b11a384c2c488048df3ca3d0287') in 0.017720 seconds
Number of updated asset objects reloaded before import = 0
Number of asset objects unloaded after import = 1
========================================================================
Received Import Request.
  Time since last request: 0.000102 seconds.
  path: Assets/Oculus/Voice/Lib/Wit.ai/Lib/Wit/Runtime/Audio/AudioClipStream.cs
  artifactKey: Guid(8792541fccaf2054a9684b837620459a) Importer(2089858483,0ecaa5967403d082aa24f35e1b516d23)
Start importing Assets/Oculus/Voice/Lib/Wit.ai/Lib/Wit/Runtime/Audio/AudioClipStream.cs using Guid(8792541fccaf2054a9684b837620459a) Importer(2089858483,0ecaa5967403d082aa24f35e1b516d23) [PhysX] Initialized MultithreadedTaskDispatcher with 32 workers.
 -> (artifact id: 'de606bd87c7211a6d2b9e14663c110e9') in 0.019170 seconds
Number of updated asset objects reloaded before import = 0
Number of asset objects unloaded after import = 1
========================================================================
Received Import Request.
  Time since last request: 0.000079 seconds.
  path: Assets/Oculus/Interaction/Runtime/Scripts/Interaction/Models/HandGrab/HandGrabResult.cs
  artifactKey: Guid(6708305e0d1e2c542b3fdfc22137b513) Importer(2089858483,0ecaa5967403d082aa24f35e1b516d23)
Start importing Assets/Oculus/Interaction/Runtime/Scripts/Interaction/Models/HandGrab/HandGrabResult.cs using Guid(6708305e0d1e2c542b3fdfc22137b513) Importer(2089858483,0ecaa5967403d082aa24f35e1b516d23) [PhysX] Initialized MultithreadedTaskDispatcher with 32 workers.
 -> (artifact id: '93aa05909cb604f8129db4f456775e3d') in 0.011224 seconds
Number of updated asset objects reloaded before import = 0
Number of asset objects unloaded after import = 1
========================================================================
Received Import Request.
  Time since last request: 0.000071 seconds.
  path: Assets/Oculus/Voice/Lib/Wit.ai/Features/TTS/Documentation/Overview.md
  artifactKey: Guid(0a78e70d61637eb498ee552bab9479ab) Importer(2089858483,0ecaa5967403d082aa24f35e1b516d23)
Start importing Assets/Oculus/Voice/Lib/Wit.ai/Features/TTS/Documentation/Overview.md using Guid(0a78e70d61637eb498ee552bab9479ab) Importer(2089858483,0ecaa5967403d082aa24f35e1b516d23) [PhysX] Initialized MultithreadedTaskDispatcher with 32 workers.
 -> (artifact id: 'e0c3b8bcc771dd078c05ce65bf3382e7') in 0.014054 seconds
Number of updated asset objects reloaded before import = 0
Number of asset objects unloaded after import = 1
========================================================================
Received Import Request.
  Time since last request: 0.000021 seconds.
  path: Assets/Oculus/Voice/Lib/Wit.ai/Lib/Wit/Runtime/Requests/IVoiceRequestEvents.cs
  artifactKey: Guid(46241d9be3cd292439cb0ab794519a76) Importer(2089858483,0ecaa5967403d082aa24f35e1b516d23)
Start importing Assets/Oculus/Voice/Lib/Wit.ai/Lib/Wit/Runtime/Requests/IVoiceRequestEvents.cs using Guid(46241d9be3cd292439cb0ab794519a76) Importer(2089858483,0ecaa5967403d082aa24f35e1b516d23) [PhysX] Initialized MultithreadedTaskDispatcher with 32 workers.
 -> (artifact id: '96a8fda44f12a4ad0fd7cb1d1cf34802') in 0.013433 seconds
Number of updated asset objects reloaded before import = 0
Number of asset objects unloaded after import = 1
========================================================================
Received Import Request.
  Time since last request: 0.000105 seconds.
  path: Assets/Oculus/Interaction/OVRIntegration/Editor/Blocks/HandTracking/Prefabs/[BB] Hands.prefab
  artifactKey: Guid(44ed1c64fbd105143bff979a6c52c4d6) Importer(2089858483,0ecaa5967403d082aa24f35e1b516d23)
Start importing Assets/Oculus/Interaction/OVRIntegration/Editor/Blocks/HandTracking/Prefabs/[BB] Hands.prefab using Guid(44ed1c64fbd105143bff979a6c52c4d6) Importer(2089858483,0ecaa5967403d082aa24f35e1b516d23) [PhysX] Initialized MultithreadedTaskDispatcher with 32 workers.
 -> (artifact id: '4457e9e7f6b8b61b8ff00c766fb92bed') in 0.019768 seconds
Number of updated asset objects reloaded before import = 0
Number of asset objects unloaded after import = 33
========================================================================
Received Import Request.
  Time since last request: 0.000020 seconds.
  path: Assets/Oculus/Voice/Lib/Wit.ai/Scripts/Editor/Drawers/StringReferenceDrawer.cs
  artifactKey: Guid(e885f2612e2647c1813153fb6981e5e9) Importer(2089858483,0ecaa5967403d082aa24f35e1b516d23)
Start importing Assets/Oculus/Voice/Lib/Wit.ai/Scripts/Editor/Drawers/StringReferenceDrawer.cs using Guid(e885f2612e2647c1813153fb6981e5e9) Importer(2089858483,0ecaa5967403d082aa24f35e1b516d23) [PhysX] Initialized MultithreadedTaskDispatcher with 32 workers.
 -> (artifact id: '029106274a477938a31b9a41e1bfbe60') in 0.020649 seconds
Number of updated asset objects reloaded before import = 0
Number of asset objects unloaded after import = 1
========================================================================
Received Import Request.
  Time since last request: 0.000080 seconds.
  path: Assets/Oculus/VR/Editor/BuildingBlocks/BlockData/VirtualKeyboard/Prefabs/OVRVirtualKeyboardBuildingBlock.prefab
  artifactKey: Guid(425a911bab27f3f4c8a25d35813093f0) Importer(2089858483,0ecaa5967403d082aa24f35e1b516d23)
Start importing Assets/Oculus/VR/Editor/BuildingBlocks/BlockData/VirtualKeyboard/Prefabs/OVRVirtualKeyboardBuildingBlock.prefab using Guid(425a911bab27f3f4c8a25d35813093f0) Importer(2089858483,0ecaa5967403d082aa24f35e1b516d23) [PhysX] Initialized MultithreadedTaskDispatcher with 32 workers.
 -> (artifact id: '9a15504af5babc12e462bf27d8f5e0a4') in 0.036949 seconds
Number of updated asset objects reloaded before import = 0
Number of asset objects unloaded after import = 5
========================================================================
Received Import Request.
  Time since last request: 0.000025 seconds.
  path: Assets/Oculus/Voice/Lib/Wit.ai/Lib/Wit/Runtime/Audio/AudioPlayer.cs
  artifactKey: Guid(ce3e5ad0f4ba49b448464a2e110dc935) Importer(2089858483,0ecaa5967403d082aa24f35e1b516d23)
Start importing Assets/Oculus/Voice/Lib/Wit.ai/Lib/Wit/Runtime/Audio/AudioPlayer.cs using Guid(ce3e5ad0f4ba49b448464a2e110dc935) Importer(2089858483,0ecaa5967403d082aa24f35e1b516d23) [PhysX] Initialized MultithreadedTaskDispatcher with 32 workers.
 -> (artifact id: '4db5537f2c526472f3b5941c42d4cc11') in 0.015754 seconds
Number of updated asset objects reloaded before import = 0
Number of asset objects unloaded after import = 1
========================================================================
Received Import Request.
  Time since last request: 0.000133 seconds.
  path: Assets/Oculus/Interaction/Runtime/Scripts/Interaction/Models/HandGrab/GrabPoseFinder.cs
  artifactKey: Guid(534b7c998bd48b040ac365ad13ff6ab8) Importer(2089858483,0ecaa5967403d082aa24f35e1b516d23)
Start importing Assets/Oculus/Interaction/Runtime/Scripts/Interaction/Models/HandGrab/GrabPoseFinder.cs using Guid(534b7c998bd48b040ac365ad13ff6ab8) Importer(2089858483,0ecaa5967403d082aa24f35e1b516d23) [PhysX] Initialized MultithreadedTaskDispatcher with 32 workers.
 -> (artifact id: '4115efdec8f2beae610cdb00ed733469') in 0.014136 seconds
Number of updated asset objects reloaded before import = 0
Number of asset objects unloaded after import = 1
========================================================================
Received Import Request.
  Time since last request: 0.000031 seconds.
  path: Assets/Oculus/Voice/Features/Hub/Scripts/Editor/Content/Samples/SamplesPage.cs
  artifactKey: Guid(c0e9b6410559489dbe69ca4c70a9ad70) Importer(2089858483,0ecaa5967403d082aa24f35e1b516d23)
Start importing Assets/Oculus/Voice/Features/Hub/Scripts/Editor/Content/Samples/SamplesPage.cs using Guid(c0e9b6410559489dbe69ca4c70a9ad70) Importer(2089858483,0ecaa5967403d082aa24f35e1b516d23) [PhysX] Initialized MultithreadedTaskDispatcher with 32 workers.
 -> (artifact id: 'a1022c6734a6da72abf4432131ed361d') in 0.023952 seconds
Number of updated asset objects reloaded before import = 0
Number of asset objects unloaded after import = 1
========================================================================
Received Import Request.
  Time since last request: 0.000119 seconds.
  path: Assets/Oculus/Interaction/Samples/Objects/Environment/Locomotion/Models/Materials/LocomotionWaterMat.mat
  artifactKey: Guid(a314406615836524ca5588c1de1a5ea8) Importer(2089858483,0ecaa5967403d082aa24f35e1b516d23)
Start importing Assets/Oculus/Interaction/Samples/Objects/Environment/Locomotion/Models/Materials/LocomotionWaterMat.mat using Guid(a314406615836524ca5588c1de1a5ea8) Importer(2089858483,0ecaa5967403d082aa24f35e1b516d23) [PhysX] Initialized MultithreadedTaskDispatcher with 32 workers.
 -> (artifact id: '744454ec864a5a2f2f03e4e5ba45fa2e') in 0.044821 seconds
Number of updated asset objects reloaded before import = 0
Number of asset objects unloaded after import = 2
========================================================================
Received Import Request.
  Time since last request: 0.000018 seconds.
  path: Assets/Oculus/Voice/Lib/Wit.ai/Scripts/Editor/Utility/AssetDatabaseUtility.cs
  artifactKey: Guid(4d247ae64c6547e4282a35e0b6b17b6f) Importer(2089858483,0ecaa5967403d082aa24f35e1b516d23)
Start importing Assets/Oculus/Voice/Lib/Wit.ai/Scripts/Editor/Utility/AssetDatabaseUtility.cs using Guid(4d247ae64c6547e4282a35e0b6b17b6f) Importer(2089858483,0ecaa5967403d082aa24f35e1b516d23) [PhysX] Initialized MultithreadedTaskDispatcher with 32 workers.
 -> (artifact id: '9c371205465b2f9d3157f5edbf5e47a1') in 0.011485 seconds
Number of updated asset objects reloaded before import = 0
Number of asset objects unloaded after import = 1
========================================================================
Received Import Request.
  Time since last request: 0.000174 seconds.
  path: Assets/Oculus/Interaction/OVRIntegration/Editor/Blocks/SyntheticHands/Prefabs/[BB] Right Hand Synthetic.prefab
  artifactKey: Guid(392af43851d822242be5b1ae72b35b46) Importer(2089858483,0ecaa5967403d082aa24f35e1b516d23)
Start importing Assets/Oculus/Interaction/OVRIntegration/Editor/Blocks/SyntheticHands/Prefabs/[BB] Right Hand Synthetic.prefab using Guid(392af43851d822242be5b1ae72b35b46) Importer(2089858483,0ecaa5967403d082aa24f35e1b516d23) [PhysX] Initialized MultithreadedTaskDispatcher with 32 workers.
 -> (artifact id: '1112f19e3c9569b3fa99d7f943194b08') in 0.016442 seconds
Number of updated asset objects reloaded before import = 0
Number of asset objects unloaded after import = 172
========================================================================
Received Import Request.
  Time since last request: 0.000019 seconds.
  path: Assets/Oculus/Interaction/Samples/Objects/Props/CoffeeCup/CoffeeCup.fbx
  artifactKey: Guid(18689f733cbf0774ab1dd44b2bd0043d) Importer(2089858483,0ecaa5967403d082aa24f35e1b516d23)
Start importing Assets/Oculus/Interaction/Samples/Objects/Props/CoffeeCup/CoffeeCup.fbx using Guid(18689f733cbf0774ab1dd44b2bd0043d) Importer(2089858483,0ecaa5967403d082aa24f35e1b516d23) [PhysX] Initialized MultithreadedTaskDispatcher with 32 workers.
 -> (artifact id: '0b177354685b493301cbca7a67194201') in 0.021309 seconds
Number of updated asset objects reloaded before import = 0
Number of asset objects unloaded after import = 8
========================================================================
Received Import Request.
  Time since last request: 0.000025 seconds.
  path: Assets/Oculus/VR/Editor/BuildingBlocks/BlockData/ControllerTracking/Textures/bb_thumb_controllertracking.png
  artifactKey: Guid(42076419df902cf4fb1f80c04a401aac) Importer(2089858483,0ecaa5967403d082aa24f35e1b516d23)
Start importing Assets/Oculus/VR/Editor/BuildingBlocks/BlockData/ControllerTracking/Textures/bb_thumb_controllertracking.png using Guid(42076419df902cf4fb1f80c04a401aac) Importer(2089858483,0ecaa5967403d082aa24f35e1b516d23) [PhysX] Initialized MultithreadedTaskDispatcher with 32 workers.
 -> (artifact id: 'ee04e1253ece84ef0647f98229d8056c') in 0.018150 seconds
Number of updated asset objects reloaded before import = 0
Number of asset objects unloaded after import = 1
========================================================================
Received Import Request.
  Time since last request: 0.000084 seconds.
  path: Assets/Oculus/SampleFramework/Core/TouchControllers/Materials/Textures/R_controller_DIF.TGA
  artifactKey: Guid(19fc42fe258be4f4fad36df2d831d6d7) Importer(2089858483,0ecaa5967403d082aa24f35e1b516d23)
Start importing Assets/Oculus/SampleFramework/Core/TouchControllers/Materials/Textures/R_controller_DIF.TGA using Guid(19fc42fe258be4f4fad36df2d831d6d7) Importer(2089858483,0ecaa5967403d082aa24f35e1b516d23) [PhysX] Initialized MultithreadedTaskDispatcher with 32 workers.
 -> (artifact id: 'c86ea480f1fe91a65a43f61c15643ed0') in 0.019243 seconds
Number of updated asset objects reloaded before import = 0
Number of asset objects unloaded after import = 1
========================================================================
Received Import Request.
  Time since last request: 0.000111 seconds.
  path: Assets/Oculus/Interaction/Runtime/Scripts/Interaction/Models/TouchHandGrab/TouchHandGrabInteractable.cs
  artifactKey: Guid(7cb4a09355f9dc244bfbcd2ac9208ef7) Importer(2089858483,0ecaa5967403d082aa24f35e1b516d23)
Start importing Assets/Oculus/Interaction/Runtime/Scripts/Interaction/Models/TouchHandGrab/TouchHandGrabInteractable.cs using Guid(7cb4a09355f9dc244bfbcd2ac9208ef7) Importer(2089858483,0ecaa5967403d082aa24f35e1b516d23) [PhysX] Initialized MultithreadedTaskDispatcher with 32 workers.
 -> (artifact id: '23231570633eabe89e8630c0f762a3bf') in 0.014088 seconds
Number of updated asset objects reloaded before import = 0
Number of asset objects unloaded after import = 1
========================================================================
Received Import Request.
  Time since last request: 0.000016 seconds.
  path: Assets/Oculus/Interaction/Runtime/Scripts/Interaction/Models/HandGrab/IHandGrabInteractable.cs
  artifactKey: Guid(f885ff021b540df45890385337b62ef6) Importer(2089858483,0ecaa5967403d082aa24f35e1b516d23)
Start importing Assets/Oculus/Interaction/Runtime/Scripts/Interaction/Models/HandGrab/IHandGrabInteractable.cs using Guid(f885ff021b540df45890385337b62ef6) Importer(2089858483,0ecaa5967403d082aa24f35e1b516d23) [PhysX] Initialized MultithreadedTaskDispatcher with 32 workers.
 -> (artifact id: '53a88078bd605140ba1a15ef927b1949') in 0.017376 seconds
Number of updated asset objects reloaded before import = 0
Number of asset objects unloaded after import = 1
========================================================================
Received Import Request.
  Time since last request: 0.000171 seconds.
  path: Assets/Oculus/Voice/Lib/Wit.ai/Scripts/Runtime/Events/WitByteDataEvent.cs
  artifactKey: Guid(f9f9db5737a746f19c8b874380099f09) Importer(2089858483,0ecaa5967403d082aa24f35e1b516d23)
Start importing Assets/Oculus/Voice/Lib/Wit.ai/Scripts/Runtime/Events/WitByteDataEvent.cs using Guid(f9f9db5737a746f19c8b874380099f09) Importer(2089858483,0ecaa5967403d082aa24f35e1b516d23) [PhysX] Initialized MultithreadedTaskDispatcher with 32 workers.
 -> (artifact id: '1a486044f93545d7c78b21e51d7067eb') in 0.014859 seconds
Number of updated asset objects reloaded before import = 0
Number of asset objects unloaded after import = 1
========================================================================
Received Import Request.
  Time since last request: 0.000112 seconds.
  path: Assets/Oculus/Voice/Lib/Wit.ai/Lib/Wit/Runtime/Data/Info/WitVoiceInfo.cs
  artifactKey: Guid(5ba01b4d0d1b69f4ea5a0c139272031d) Importer(2089858483,0ecaa5967403d082aa24f35e1b516d23)
Start importing Assets/Oculus/Voice/Lib/Wit.ai/Lib/Wit/Runtime/Data/Info/WitVoiceInfo.cs using Guid(5ba01b4d0d1b69f4ea5a0c139272031d) Importer(2089858483,0ecaa5967403d082aa24f35e1b516d23) [PhysX] Initialized MultithreadedTaskDispatcher with 32 workers.
 -> (artifact id: '912ae1fa040b40bf87787ac5696f89ad') in 0.008917 seconds
Number of updated asset objects reloaded before import = 0
Number of asset objects unloaded after import = 1
========================================================================
Received Import Request.
  Time since last request: 0.000233 seconds.
  path: Assets/Oculus/Interaction/Runtime/Scripts/Interaction/Core/Base/InteractorGroup.cs
  artifactKey: Guid(1b6e248e1445d4a42b7af4b5a000f5fe) Importer(2089858483,0ecaa5967403d082aa24f35e1b516d23)
Start importing Assets/Oculus/Interaction/Runtime/Scripts/Interaction/Core/Base/InteractorGroup.cs using Guid(1b6e248e1445d4a42b7af4b5a000f5fe) Importer(2089858483,0ecaa5967403d082aa24f35e1b516d23) [PhysX] Initialized MultithreadedTaskDispatcher with 32 workers.
 -> (artifact id: 'c380e83b9359d991c036ec68f0cd3cb6') in 0.009254 seconds
Number of updated asset objects reloaded before import = 0
Number of asset objects unloaded after import = 1
========================================================================
Received Import Request.
  Time since last request: 0.000032 seconds.
  path: Assets/Oculus/VR/Editor/OVRProjectSetup/Tasks/Implementations/OVRProjectSetupQualityTasks.cs
  artifactKey: Guid(a9f06298f32b7b54985a5a7464381e8d) Importer(2089858483,0ecaa5967403d082aa24f35e1b516d23)
Start importing Assets/Oculus/VR/Editor/OVRProjectSetup/Tasks/Implementations/OVRProjectSetupQualityTasks.cs using Guid(a9f06298f32b7b54985a5a7464381e8d) Importer(2089858483,0ecaa5967403d082aa24f35e1b516d23) [PhysX] Initialized MultithreadedTaskDispatcher with 32 workers.
 -> (artifact id: '2f3f0b7e0e5be1a21460877b6dd9cd82') in 0.016020 seconds
Number of updated asset objects reloaded before import = 0
Number of asset objects unloaded after import = 1
========================================================================
Received Import Request.
  Time since last request: 0.000158 seconds.
  path: Assets/Oculus/Interaction/Samples/Objects/Props/Torch/Particles/Textures/brazier_pool.tga
  artifactKey: Guid(3e29d3fb29ee7724ba12eb9829a4910f) Importer(2089858483,0ecaa5967403d082aa24f35e1b516d23)
Start importing Assets/Oculus/Interaction/Samples/Objects/Props/Torch/Particles/Textures/brazier_pool.tga using Guid(3e29d3fb29ee7724ba12eb9829a4910f) Importer(2089858483,0ecaa5967403d082aa24f35e1b516d23) [PhysX] Initialized MultithreadedTaskDispatcher with 32 workers.
 -> (artifact id: '302b6dcc4bcfe492eec9833d304daf45') in 0.018653 seconds
Number of updated asset objects reloaded before import = 0
Number of asset objects unloaded after import = 1
========================================================================
Received Import Request.
  Time since last request: 0.000265 seconds.
  path: Assets/Oculus/Interaction/Samples/Objects/Props/Torch/Models/torchMesh.fbx
  artifactKey: Guid(86c5355f00f45cb48aa6f9a054262758) Importer(2089858483,0ecaa5967403d082aa24f35e1b516d23)
Start importing Assets/Oculus/Interaction/Samples/Objects/Props/Torch/Models/torchMesh.fbx using Guid(86c5355f00f45cb48aa6f9a054262758) Importer(2089858483,0ecaa5967403d082aa24f35e1b516d23) [PhysX] Initialized MultithreadedTaskDispatcher with 32 workers.
 -> (artifact id: 'f1dc33d27a97e7656f479b47f02e9bca') in 0.017875 seconds
Number of updated asset objects reloaded before import = 0
Number of asset objects unloaded after import = 7
========================================================================
Received Import Request.
  Time since last request: 0.000020 seconds.
  path: Assets/Oculus/Voice/Lib/Wit.ai/Scripts/Runtime/Events/WitValidationEvent.cs
  artifactKey: Guid(ac70bc3fd716e564cb85c2e27b561144) Importer(2089858483,0ecaa5967403d082aa24f35e1b516d23)
Start importing Assets/Oculus/Voice/Lib/Wit.ai/Scripts/Runtime/Events/WitValidationEvent.cs using Guid(ac70bc3fd716e564cb85c2e27b561144) Importer(2089858483,0ecaa5967403d082aa24f35e1b516d23) [PhysX] Initialized MultithreadedTaskDispatcher with 32 workers.
 -> (artifact id: '30d28005fae0fb16abcc1c0b8f8b635a') in 0.010490 seconds
Number of updated asset objects reloaded before import = 0
Number of asset objects unloaded after import = 1
========================================================================
Received Import Request.
  Time since last request: 0.000137 seconds.
  path: Assets/Oculus/Interaction/Samples/Objects/Props/MapWithPins/Textures/MapFrame_AlbedoRoughness.png
  artifactKey: Guid(3aa5fc4e6a97e16438745b91b40bfd81) Importer(2089858483,0ecaa5967403d082aa24f35e1b516d23)
Start importing Assets/Oculus/Interaction/Samples/Objects/Props/MapWithPins/Textures/MapFrame_AlbedoRoughness.png using Guid(3aa5fc4e6a97e16438745b91b40bfd81) Importer(2089858483,0ecaa5967403d082aa24f35e1b516d23) [PhysX] Initialized MultithreadedTaskDispatcher with 32 workers.
 -> (artifact id: 'd0ef2d27b845719b15c73dc403c67158') in 0.016975 seconds
Number of updated asset objects reloaded before import = 0
Number of asset objects unloaded after import = 1
========================================================================
Received Import Request.
  Time since last request: 0.000072 seconds.
  path: Assets/Oculus/Voice/Lib/Wit.ai/Lib/Conduit/Runtime/Attributes/HandleEntityResolutionFailure.cs
  artifactKey: Guid(c49789fe68bb444438a85b64d2633782) Importer(2089858483,0ecaa5967403d082aa24f35e1b516d23)
Start importing Assets/Oculus/Voice/Lib/Wit.ai/Lib/Conduit/Runtime/Attributes/HandleEntityResolutionFailure.cs using Guid(c49789fe68bb444438a85b64d2633782) Importer(2089858483,0ecaa5967403d082aa24f35e1b516d23) [PhysX] Initialized MultithreadedTaskDispatcher with 32 workers.
 -> (artifact id: 'bd786b02bad05783be3f11e2dfc85d23') in 0.006786 seconds
Number of updated asset objects reloaded before import = 0
Number of asset objects unloaded after import = 1
Editor requested this worker to shutdown with reason: Scaling down because of idle timeout
TcpMessagingSession - receive error: operation aborted. errorcode: 995, details: 由于线程退出或应用程序请求，已中止 I/O 操作。
AssetImportWorker is now disconnected from the server
Process exiting
Exiting without the bug reporter. Application will terminate with return code 0