Using pre-set license
Built from '2022.3/staging' branch; Version is '2022.3.50f1 (c3db7f8bf9b1) revision 12835711'; Using compiler version '192829333'; Build Type 'Release'
OS: 'Windows 11  (10.0.26100) 64bit CoreCountrySpecific' Language: 'zh' Physical Memory: 16123 MB
BatchMode: 1, IsHumanControllingUs: 0, StartBugReporterOnCrash: 0, Is64bit: 1, IsPro: 1

COMMAND LINE ARGUMENTS:
D:\Unity Hub\editor\2022.3.50f1\Editor\Unity.exe
-adb2
-batchMode
-noUpm
-name
AssetImportWorker6
-projectPath
D:/Unity_project/VR_HW3
-logFile
Logs/AssetImportWorker6.log
-srvPort
63247
Successfully changed project path to: D:/Unity_project/VR_HW3
D:/Unity_project/VR_HW3
[UnityMemory] Configuration Parameters - Can be set up in boot.config
    "memorysetup-bucket-allocator-granularity=16"
    "memorysetup-bucket-allocator-bucket-count=8"
    "memorysetup-bucket-allocator-block-size=33554432"
    "memorysetup-bucket-allocator-block-count=8"
    "memorysetup-main-allocator-block-size=16777216"
    "memorysetup-thread-allocator-block-size=16777216"
    "memorysetup-gfx-main-allocator-block-size=16777216"
    "memorysetup-gfx-thread-allocator-block-size=16777216"
    "memorysetup-cache-allocator-block-size=4194304"
    "memorysetup-typetree-allocator-block-size=2097152"
    "memorysetup-profiler-bucket-allocator-granularity=16"
    "memorysetup-profiler-bucket-allocator-bucket-count=8"
    "memorysetup-profiler-bucket-allocator-block-size=33554432"
    "memorysetup-profiler-bucket-allocator-block-count=8"
    "memorysetup-profiler-allocator-block-size=16777216"
    "memorysetup-profiler-editor-allocator-block-size=1048576"
    "memorysetup-temp-allocator-size-main=16777216"
    "memorysetup-job-temp-allocator-block-size=2097152"
    "memorysetup-job-temp-allocator-block-size-background=1048576"
    "memorysetup-job-temp-allocator-reduction-small-platforms=262144"
    "memorysetup-allocator-temp-initial-block-size-main=262144"
    "memorysetup-allocator-temp-initial-block-size-worker=262144"
    "memorysetup-temp-allocator-size-background-worker=32768"
    "memorysetup-temp-allocator-size-job-worker=262144"
    "memorysetup-temp-allocator-size-preload-manager=33554432"
    "memorysetup-temp-allocator-size-nav-mesh-worker=65536"
    "memorysetup-temp-allocator-size-audio-worker=65536"
    "memorysetup-temp-allocator-size-cloud-worker=32768"
    "memorysetup-temp-allocator-size-gi-baking-worker=262144"
    "memorysetup-temp-allocator-size-gfx=262144"
Player connection [12824]  Target information:

Player connection [12824]  * "[IP] 26.181.25.47 [Port] 0 [Flags] 2 [Guid] 2960291993 [EditorId] 2960291993 [Version] 1048832 [Id] WindowsEditor(7,lenovo) [Debug] 1 [PackageName] WindowsEditor [ProjectName] Editor" 

Player connection [12824]  * "[IP] 172.17.192.1 [Port] 0 [Flags] 2 [Guid] 2960291993 [EditorId] 2960291993 [Version] 1048832 [Id] WindowsEditor(7,lenovo) [Debug] 1 [PackageName] WindowsEditor [ProjectName] Editor" 

Player connection [12824]  * "[IP] 183.173.211.123 [Port] 0 [Flags] 2 [Guid] 2960291993 [EditorId] 2960291993 [Version] 1048832 [Id] WindowsEditor(7,lenovo) [Debug] 1 [PackageName] WindowsEditor [ProjectName] Editor" 

Player connection [12824] Host joined multi-casting on [225.0.0.222:54997]...
Player connection [12824] Host joined alternative multi-casting on [225.0.0.222:34997]...
[PhysX] Initialized MultithreadedTaskDispatcher with 32 workers.
Refreshing native plugins compatible for Editor in 71.99 ms, found 8 plugins.
Preloading 2 native plugins for Editor in 5.93 ms.
Initialize engine version: 2022.3.50f1 (c3db7f8bf9b1)
[Subsystems] Discovering subsystems at path D:/Unity Hub/editor/2022.3.50f1/Editor/Data/Resources/UnitySubsystems
[Subsystems] Discovering subsystems at path D:/Unity_project/VR_HW3/Assets
GfxDevice: creating device client; threaded=0; jobified=0
Direct3D:
    Version:  Direct3D 11.0 [level 11.1]
    Renderer: NVIDIA GeForce RTX 4050 Laptop GPU (ID=0x28e1)
    Vendor:   NVIDIA
    VRAM:     5921 MB
    Driver:   32.0.15.6094
Shader 'Oculus/OVRMRCameraFrameLit': fallback shader 'Alpha-Diffuse' not found
Initialize mono
Mono path[0] = 'D:/Unity Hub/editor/2022.3.50f1/Editor/Data/Managed'
Mono path[1] = 'D:/Unity Hub/editor/2022.3.50f1/Editor/Data/MonoBleedingEdge/lib/mono/unityjit-win32'
Mono config path = 'D:/Unity Hub/editor/2022.3.50f1/Editor/Data/MonoBleedingEdge/etc'
Using monoOptions --debugger-agent=transport=dt_socket,embedding=1,server=y,suspend=n,address=127.0.0.1:56340
Begin MonoManager ReloadAssembly
Registering precompiled unity dll's ...
Register platform support module: D:/Unity Hub/editor/2022.3.50f1/Editor/Data/PlaybackEngines/WebGLSupport/UnityEditor.WebGL.Extensions.dll
Register platform support module: D:/Unity Hub/editor/2022.3.50f1/Editor/Data/PlaybackEngines/WindowsStandaloneSupport/UnityEditor.WindowsStandalone.Extensions.dll
Registered in 0.042564 seconds.
- Loaded All Assemblies, in  0.697 seconds
Native extension for WindowsStandalone target not found
Native extension for WebGL target not found
Mono: successfully reloaded assembly
- Finished resetting the current domain, in  0.255 seconds
Domain Reload Profiling: 940ms
	BeginReloadAssembly (365ms)
		ExecutionOrderSort (0ms)
		DisableScriptedObjects (0ms)
		BackupInstance (0ms)
		ReleaseScriptingObjects (0ms)
		CreateAndSetChildDomain (1ms)
	RebuildCommonClasses (35ms)
	RebuildNativeTypeToScriptingClass (8ms)
	initialDomainReloadingComplete (124ms)
	LoadAllAssembliesAndSetupDomain (153ms)
		LoadAssemblies (348ms)
		RebuildTransferFunctionScriptingTraits (0ms)
		AnalyzeDomain (147ms)
			TypeCache.Refresh (146ms)
				TypeCache.ScanAssembly (130ms)
			ScanForSourceGeneratedMonoScriptInfo (0ms)
			ResolveRequiredComponents (0ms)
	FinalizeReload (255ms)
		ReleaseScriptCaches (0ms)
		RebuildScriptCaches (0ms)
		SetupLoadedEditorAssemblies (210ms)
			LogAssemblyErrors (0ms)
			InitializePlatformSupportModulesInManaged (28ms)
			SetLoadedEditorAssemblies (6ms)
			RefreshPlugins (0ms)
			BeforeProcessingInitializeOnLoad (2ms)
			ProcessInitializeOnLoadAttributes (129ms)
			ProcessInitializeOnLoadMethodAttributes (44ms)
			AfterProcessingInitializeOnLoad (0ms)
			EditorAssembliesLoaded (0ms)
		ExecutionOrderSort2 (0ms)
		AwakeInstancesAfterBackupRestoration (0ms)
========================================================================
Worker process is ready to serve import requests
Caller must complete domain reload
Begin MonoManager ReloadAssembly
- Loaded All Assemblies, in  1.028 seconds
Native extension for WindowsStandalone target not found
Native extension for WebGL target not found
Mono: successfully reloaded assembly
- Finished resetting the current domain, in  0.890 seconds
Domain Reload Profiling: 1904ms
	BeginReloadAssembly (303ms)
		ExecutionOrderSort (0ms)
		DisableScriptedObjects (5ms)
		BackupInstance (0ms)
		ReleaseScriptingObjects (0ms)
		CreateAndSetChildDomain (24ms)
	RebuildCommonClasses (32ms)
	RebuildNativeTypeToScriptingClass (7ms)
	initialDomainReloadingComplete (54ms)
	LoadAllAssembliesAndSetupDomain (617ms)
		LoadAssemblies (659ms)
		RebuildTransferFunctionScriptingTraits (0ms)
		AnalyzeDomain (187ms)
			TypeCache.Refresh (153ms)
				TypeCache.ScanAssembly (141ms)
			ScanForSourceGeneratedMonoScriptInfo (22ms)
			ResolveRequiredComponents (11ms)
	FinalizeReload (891ms)
		ReleaseScriptCaches (0ms)
		RebuildScriptCaches (0ms)
		SetupLoadedEditorAssemblies (767ms)
			LogAssemblyErrors (0ms)
			InitializePlatformSupportModulesInManaged (11ms)
			SetLoadedEditorAssemblies (3ms)
			RefreshPlugins (0ms)
			BeforeProcessingInitializeOnLoad (97ms)
			ProcessInitializeOnLoadAttributes (613ms)
			ProcessInitializeOnLoadMethodAttributes (21ms)
			AfterProcessingInitializeOnLoad (21ms)
			EditorAssembliesLoaded (0ms)
		ExecutionOrderSort2 (0ms)
		AwakeInstancesAfterBackupRestoration (9ms)
Shader 'Oculus/OVRMRCameraFrameLit': fallback shader 'Alpha-Diffuse' not found
Launched and connected shader compiler UnityShaderCompiler.exe after 0.11 seconds
Refreshing native plugins compatible for Editor in 46.64 ms, found 8 plugins.
Preloading 2 native plugins for Editor in 0.43 ms.
Unloading 4998 Unused Serialized files (Serialized files now loaded: 0)
Unloading 21 unused Assets / (145.8 KB). Loaded Objects now: 5468.
Memory consumption went from 186.9 MB to 186.7 MB.
Total: 5.864200 ms (FindLiveObjects: 0.502700 ms CreateObjectMapping: 0.240300 ms MarkObjects: 4.904400 ms  DeleteObjects: 0.215500 ms)

AssetImportParameters requested are different than current active one (requested -> active):
  custom:scripting/monoscript/fileName/WitIntent.cs: b16c53bcdd4b02694d33f5fcb8acdf19 -> 
  custom:scripting/monoscript/fileName/GrabPointsPoseFinder.cs: 2ce4e7dd89758cfe15cc84bbdaa5d275 -> 
  custom:scripting/monoscript/fileName/CylinderProximityFieldEditor.cs: 3e379a0d9898211fdf7bd80a30343891 -> 
  custom:scripting/monoscript/fileName/CanvasMeshPointable.cs: c479bafc80e05db87d89b0e734294af3 -> 
  custom:scripting/monoscript/fileName/CylinderEditor.cs: b3e556284986a11c8d6bd82a7d7bef7e -> 
  custom:scripting/monoscript/fileName/GrabPoint.cs: a19e23b452c1156c6e2d489a5b9f5977 -> 
  custom:container-demuxer-ogg: 62fdf1f143b41e24485cea50d1cbac27 -> 
  custom:scripting/monoscript/fileName/OneHandRotateTransformer.cs: b4ad4fec7dbc0022b27ef2f1444e1086 -> 
  custom:scripting/monoscript/fileName/WitTraitValue.cs: c4fc68c99e4126ea4ce1abd10ab830cf -> 
  custom:scripting/monoscript/fileName/IMonoBehaviourFilter.cs: 9cedc3648a1ac103150b8378e75e48c4 -> 
  custom:scripting/monoscript/fileName/BezierSurfaceEditor.cs: 3bfdf637db9318a14fc832066acdc19a -> 
  custom:scripting/monoscript/fileName/SnapSurfaceHelper.cs: 7310cd667c1f6f32da3156d4956a11cb -> 
  custom:scripting/monoscript/fileName/InputDataProviderUpdateTriggerOVR.cs: c642c70bc2d53e104962e39be79e0283 -> 
  custom:scripting/monoscript/fileName/ITween.cs: d765ab2d93516afd5cff5e65cdb523ff -> 
  custom:scripting/monoscript/fileName/DropZoneInteractable.cs: da4c91e5f510c5633065c5ee349670e0 -> 
  custom:scripting/monoscript/fileName/InteractorGroup.cs: 075c37967371ab7213a5d5cca24ff1fc -> 60fe7361e8ecd7ffeba4477da21c55fe
  custom:scripting/monoscript/fileName/WitHttp.cs: 65528eef0357ac8698cea4e277f16a7c -> 
  custom:scripting/monoscript/fileName/BoxProximityField.cs: 8381476084cb2eebc09f6205ab260a5f -> 
  custom:scripting/monoscript/fileName/ProcessStep.cs: c70de6d5eef34fc1abe9451b4eb02d17 -> 
  custom:video-codec-MediaFoundation-h265: 746d11721c4dcdbdad8f713fa42b33f4 -> 
  custom:scripting/monoscript/fileName/WitTrainingUtterance.cs: a06d2df3896850626c28c2eee2f3361f -> 
  custom:scripting/monoscript/fileName/IInteractorComparer.cs: 134007cf487fdfbaee924b7d31a3e8ab -> 
  custom:scripting/monoscript/fileName/ITeleportArc.cs: 1ea6eacef0fbe7453ebeaaedd85bf98c -> 
  custom:scripting/monoscript/fileName/CylinderSurface.cs: 06b7f3fe576c2b562f08ad1445def42f -> 5bee5d43e279f1a3b524f87759982fd3
  custom:scripting/monoscript/fileName/TagMonoBehaviourFilter.cs: 899569d8afa40a8d293811b71b3f0a56 -> 
  custom:scripting/monoscript/fileName/SphereSurface.cs: 6d8b2477044e484ea8579f6f1f45e3a8 -> 
  custom:scripting/monoscript/fileName/LastKnownGoodDataModifier.cs: 0b2c17c40fb2875f055e57a3080d7c9d -> 
  custom:video-decoder-ogg-theora: a1e56fd34408186e4bbccfd4996cb3dc -> 
  custom:scripting/monoscript/fileName/WitEntityRole.cs: 8b2af296196ddab171c9825f773f77da -> 
  custom:scripting/monoscript/fileName/PointableCylinder.cs: 9a62d083874bdd860515054a450ac594 -> 
  custom:scripting/monoscript/fileName/AudioEncoding.cs: f84b3952f084caac261984fbd264acec -> 7f68c8ddbd6875f735f3280c1aa36e92
  custom:scripting/monoscript/fileName/InteractorDriver.cs: 285df5cb75aa79644c75f1cfa1d96ee4 -> 
  custom:framework-win-MediaFoundation: 216162199b28c13a410421893ffa2e32 -> 
  custom:scripting/monoscript/fileName/ISnapPoseProvider.cs: 3ec1f733df4df3213c9abc4abfa84cf1 -> 
  custom:scripting/monoscript/fileName/IDropZoneSlotsProvider.cs: fc82a4709de8cea85e0be7e46ba6942f -> 
  custom:scripting/monoscript/fileName/IAudioInputSource.cs: 9cedc902c969604d8ecab3d4c3d431d7 -> 938d3583ac997fe47e013c96006b1b9d
  custom:scripting/monoscript/fileName/BoxProximityFieldEditor.cs: 3ca172dc25f45b576b1261d9f0fc6a13 -> 
  custom:scripting/monoscript/fileName/ArcRangeModifier.cs: df4e86005874fa14c26dde0e58fe01b3 -> 
  custom:scripting/monoscript/fileName/TrainUtterances.cs: fad5269aa3542e54bceac07b82fa9fb2 -> 
  custom:scripting/monoscript/fileName/OVRSkeletonDataProviders.cs: c9301a8aea506ae86c85f3531883f294 -> 
  custom:scripting/monoscript/fileName/BoxEditor.cs: 6cb10ba4aeba036613100827e384c6dd -> 
  custom:scripting/monoscript/fileName/BoxSurface.cs: 64c4f1d5c8f509e2ebfbbe8cc0454ae3 -> 
  custom:scripting/monoscript/fileName/HandPoseRecordable.cs: be9aebb9e35f1a89cf251d5ebe16b65e -> 
  custom:scripting/monoscript/fileName/TwoHandFreeTransformer.cs: 5484f45a8b713e7524e309309f536d2e -> 
  custom:scripting/monoscript/fileName/InteractorDriverGroup.cs: 25a18cbb0a76e7a8f37930efac2dc5e3 -> 
  custom:scripting/monoscript/fileName/InteractableTransformableConnection.cs: aa199f160bbadaf2d2b7430adb4b19a9 -> 
  custom:scripting/monoscript/fileName/JointLocking.cs: 04ef49fdef9b40429c44bd8bb4f83933 -> 
  custom:scripting/monoscript/fileName/OneHandTranslateTransformer.cs: e5593db0756115f769defd5b1bc42e7e -> 
  custom:CustomObjectIndexerAttribute: 9a22284fe3817be447336de3de66b15e -> 
  custom:scripting/monoscript/fileName/WitResponse.cs: 85febed2f7a25f57ec48693bd452c142 -> 
  custom:scripting/monoscript/fileName/OneEuroFilterRotationHand.cs: b7c0c166a2ca9babc479709621d65436 -> 
  custom:scripting/monoscript/fileName/TagInteractableFilter.cs: 6c02bfd80ff65fe2d5965298b17e0457 -> 
  custom:scripting/monoscript/fileName/PointableCylinderEditor.cs: 6340733d6723a340786b526e9320784f -> 
  custom:container-demuxer-webm: 4f35f7cbe854078d1ac9338744f61a02 -> 
  custom:scripting/monoscript/fileName/PointProximityField.cs: 0f95fb408e97956db7a3762247f8adc0 -> 
  custom:scripting/monoscript/fileName/SnapAddress.cs: c2a235d307f5033a6468630481616552 -> 
  custom:scripting/monoscript/fileName/InteractorGroupMulti.cs: 6bc778766dfc2f0ec0ad2013ae6c3d21 -> 
  custom:scripting/monoscript/fileName/MicBase.cs: 1ee5e56060961d5fcfcdfe4529504890 -> 47b01f48927768722a8422b4ac545006
  custom:scripting/monoscript/fileName/DropZoneSequentialSlotsProvider.cs: 7cdedd3fff635f926ee01eb94826964d -> 
  custom:scripting/monoscript/fileName/SnapPoint.cs: 75b9e5a0f94c20895cbed2ad0cae1535 -> 
  custom:scripting/monoscript/fileName/WitTrait.cs: 3139215512626b390a96d2cb63ff9eda -> 
  custom:scripting/monoscript/fileName/ITransformable.cs: 215a3f4eeb91cb88c54863506271ef62 -> 
  custom:scripting/monoscript/fileName/CoroutineUtility.cs: fab89599511ae356a01c13a28fda4240 -> 821d19c5ac6a7e6baf82a95f7b4d30bf
  custom:scripting/monoscript/fileName/TeleportTurningGate.cs: 575c2ab79bdb37717f3efb10cff4d8ea -> 
  custom:scripting/monoscript/fileName/InputDataProviderUpdateTriggerOVREditor.cs: 296ebd2207288873d91d6a862e3b5272 -> 
  custom:scripting/monoscript/fileName/ColliderSurface.cs: b1cd8447e0ce952dcc7d7b666e8fca92 -> fc86642c94a9542e787a844561e4e4f2
  custom:scripting/monoscript/fileName/IInteractableRegistry.cs: 90647cc400823b41df847a6cbfc29026 -> 
  custom:scripting/monoscript/fileName/OneEuroFilterPositionHand.cs: 39d5de62c6b9f655efb66d407ad08fff -> 
  custom:scripting/monoscript/fileName/TTSStreamToggle.cs: 386098d9b6e67cd0a4ee56f3a7972a48 -> 0132d2e4cd28c22eddc3810c7daa80a8
  custom:scripting/monoscript/fileName/HandGrabInteractorVisual.cs: 4e78a3e45d86e390b096cc34598495d6 -> 
  custom:scripting/monoscript/fileName/WitRole.cs: d05ae217608bc7de182f2476f0c8e04d -> 
  custom:scripting/monoscript/fileName/WitIncomingEntity.cs: 78d455e2834b5f65d08838e068a6b637 -> 
  custom:scripting/monoscript/fileName/CylinderProximityField.cs: d46f096ca0f256553da6db049bd8e1f0 -> 
  custom:scripting/monoscript/fileName/OneEuroFilterRotationDataModifier.cs: bbc3acc82de59e5fbec702d8f8197eed -> 
  custom:scripting/monoscript/fileName/WitEntity.cs: f3634f6b005d657d9256924b6ee7724f -> 
  custom:container-muxer-webm: aa71ff27fc2769a1b78a27578f13a17b -> 
  custom:video-decoder-webm-vp8: 9c59270c3fd7afecdb556c50c9e8de78 -> 
  custom:scripting/monoscript/fileName/Payload.cs: 20bf3ab20e64bae704c38145b44c13ac -> 
  custom:scripting/monoscript/fileName/EnsureWitIntentsStep.cs: b136f8e7ef96058daebe6e4670855769 -> 
  custom:scripting/monoscript/fileName/HandGrabPointEditor.cs: 1de61d722aec3955a0ced3ddd1649237 -> 
  custom:scripting/monoscript/fileName/AimingStabilizedOrigin.cs: 8e9de4ec8ed1eca16b6b5ccdd53afdc0 -> 
  custom:scripting/monoscript/fileName/WitConfigurationData.cs: 1b59f7289bf740e9ef9f2be93d10f3d4 -> 
  custom:scripting/monoscript/fileName/VoiceUnityRequest.cs: e67404959cad22b5a8fdd8bc15940a60 -> 
  custom:scripting/monoscript/fileName/SyncWitEntitiesStep.cs: 2ad573a8b9afd7f1740d493d07a4c0da -> 
  custom:scripting/monoscript/fileName/PointableDelegate.cs: 90647cc400823b41df847a6cbfc29026 -> 
  custom:SearchIndexIgnoredProperties: e643bd26f0fe6173181afceb89e7c659 -> 
  custom:scripting/monoscript/fileName/PointablePlane.cs: 0c63873222e6ee1c4bb906924cab90d1 -> 
  custom:AudioImporter_EditorPlatform: d09bf68614088b80899f8185d706f6e7 -> 
  custom:scripting/monoscript/fileName/SphereEditor.cs: 276cafd8aae7e32d736a0c4daa10ab21 -> 
  custom:scripting/monoscript/fileName/CircleProximityField.cs: 3470d85e5a68b53f46ca8356f6863551 -> 
  custom:scripting/monoscript/fileName/Transformable.cs: 5a246a64658742dc20c886d79003f704 -> 
  custom:scripting/monoscript/fileName/InteractionOVRCameraRig.cs: 19e5e98fb10016c5e6956c7b291d0f17 -> 
  custom:scripting/monoscript/fileName/ObtainIdmData.cs: 93689dcf59e4155113dc068b963c769d -> 
  custom:scripting/monoscript/fileName/HandGrabPoint.cs: f8f9a4aeaae4341c0efe8cc3e2aa5fd8 -> 
  custom:scripting/monoscript/fileName/PointableGroup.cs: aea7bf2c731b6179d62dad93c7f1a961 -> 
  custom:scripting/monoscript/fileName/TransformableUnityEventWrapper.cs: aa0309b765937680c8aa9e4e094215f7 -> 
  custom:scripting/monoscript/fileName/MicDebug.cs: 0703043cca43f55a99276c84b88d73fb -> 75d2f3a208b34ca2e9e43f6d5775eb91
  custom:scripting/monoscript/fileName/OneHandPhysicsJointTransformer.cs: e946e3b4b5cd8cde3f541291179028e9 -> 
  custom:scripting/monoscript/fileName/WitApplication.cs: 19806fe5aebcf74124ed49d589a7e43e -> 
  custom:scripting/monoscript/fileName/IInteractorDriver.cs: fc0a89f4490fc0584b64c6fc827ee895 -> 
  custom:scripting/monoscript/fileName/GrabbableUnityEventWrapper.cs: 33df70b122ad7f22db2cbfaa0b81510a -> 
  custom:scripting/monoscript/fileName/BezierSurface.cs: da0b185221f59d400e85940f5ce71c91 -> 
  custom:scripting/monoscript/fileName/InteractorComparer.cs: 90647cc400823b41df847a6cbfc29026 -> 
  custom:scripting/monoscript/fileName/HandPoseRecorder.cs: d6ebfdaa7663426067642c12a6222914 -> 
  custom:scripting/monoscript/fileName/CanvasRenderTextureMesh.cs: ba9623d0f846f302f4c58ca374ea8422 -> 
  custom:scripting/monoscript/fileName/IProximityField.cs: 1b8f3ef3bb8397988a6923ea34f554a3 -> 
  custom:scripting/monoscript/fileName/HandGrabInteractionUtilities.cs: 5e1b87f0c932124d19544f2653fcf382 -> 
  custom:scripting/monoscript/fileName/OneHandFreeTransformer.cs: 80b454bb7a7e54382c3e5a83c645a9b0 -> 
  custom:scripting/monoscript/fileName/TwoHandPlaneTransformer.cs: 82508aadcccc9aaae16a3d02dab1f1dd -> 
  custom:scripting/monoscript/fileName/IWitHttp.cs: 91506f2edcd3bae61fa15b5c8c35b6d5 -> 
  custom:scripting/monoscript/fileName/JointRotationHistoryModifier.cs: b84eeaa16ce785ca3e0b5335f31473cc -> 
  custom:scripting/monoscript/fileName/TTSWitVoiceData.cs: 879b5b5a667decd113f2ef27fec58193 -> 
  custom:video-encoder-webm-vp8: eb34c28f22e8b96e1ab97ce403110664 -> 
  custom:scripting/monoscript/fileName/FingerGrabAPI.cs: f38129e37b49d6e3a171bd504092712b -> 
  custom:scripting/monoscript/fileName/DummyDataModifier.cs: ebbb5589f565d8685d37bb183b4c3ff4 -> 
  custom:scripting/monoscript/fileName/IDistanceInteractable.cs: c2d2949b74e1e24067c043dc8ee82c5a -> 
  custom:audio-decoder-ogg-vorbis: bf7c407c2cedff20999df2af8eb42d56 -> 
  custom:scripting/monoscript/fileName/SyntheticHandModifier.cs: 873320c031209152e80a3521b7c6e3f2 -> 
  custom:scripting/monoscript/fileName/ISnapSurface.cs: e613c1039942a8c6f8524e6d36ccbc1b -> 
  custom:scripting/monoscript/fileName/HandGrab.cs: 50288240abd576346d83074011541b5b -> 
  custom:scripting/monoscript/fileName/TTSSpeakerInput.cs: 827d47b543f4663c13881e200e539afd -> 9224de466064073281bc72c5b8b2748c
  custom:scripting/monoscript/fileName/OneEuroFilterPositionDataModifier.cs: da29522a4b6eb1cb5f6511bdbdd27a95 -> 
  custom:scripting/monoscript/fileName/WitTrainingEntity.cs: f6d2096c03af45821ae473c66af255f2 -> 
  custom:scripting/monoscript/fileName/WitEntityKeyword.cs: b5b67313fa30a40635477940a31ddbde -> 
  custom:scripting/monoscript/fileName/PointableGrabbableConnection.cs: 35ac7dedcc44186f6f6c7bf3730e6343 -> 
  custom:scripting/monoscript/fileName/FixedScaleDataModifier.cs: 89e1be89d924ac28373337b3361e61dd -> 
  custom:scripting/monoscript/fileName/PointablePlaneEditor.cs: 37a91ecc3d62d378d68629c686a51361 -> 
  custom:scripting/monoscript/fileName/WitTrainer.cs: 5fb3c95ba24e9cf857cd9b4cee94291b -> 
  custom:scripting/monoscript/fileName/IInteractableFilter.cs: 81259a32cb7c13def6a0b70f08c66048 -> 
  custom:scripting/monoscript/fileName/TTSStatusLabel.cs: 17147acb333fe55f1217dee5b341ea9e -> 
  custom:scripting/monoscript/fileName/DropZoneInteractor.cs: 76b4b17e6eac72d8f5a16e87fd0e63b5 -> 
  custom:scripting/monoscript/fileName/IAspectProvider.cs: 9859c5919d893814fee2cdd590f4f949 -> 
  custom:scripting/monoscript/fileName/OnConduitFailedParameterResolutionAttribute.cs: 60901a81960a7c5a81c752381f8034ab -> 
  custom:scripting/monoscript/fileName/Mic.cs: 525051591b471bdbfa16530d37dcb655 -> 5fc48121bdfa6f25d9345006a81f8860
  custom:scripting/monoscript/fileName/TTSCacheToggle.cs: fef530a103c6b74722a7b6f18941e54c -> 410df47b336bde136543845320d773f8
  custom:scripting/monoscript/fileName/MicPermissionsManager.cs: 81a336319435a61331b696a347e78b9e -> f25de0368c3638f9a3bd7e7f63f0755a
  custom:scripting/monoscript/fileName/StepRunner.cs: 6ab640738f608e4b47206553c39b2c58 -> 
  custom:scripting/monoscript/fileName/WitUnityRequest.cs: 2bd88b304dddeb742392b5d5568e7bf7 -> 156bc76d85c310a98e115eec74a771cd
  custom:audio-encoder-webm-vorbis: bf7c407c2cedff20999df2af8eb42d56 -> 
  custom:scripting/monoscript/fileName/CircleProximityFieldEditor.cs: 55b157de94575afe7fdac58cd51e3b1c -> 
  custom:scripting/monoscript/fileName/TTSErrorText.cs: f03cdbc7b1d745067e8f357414e703b1 -> 21a4d51c9f7822c5dae2e2c7e2605044
  custom:scripting/monoscript/fileName/FingerPinchAPI.cs: 478ca37299a2b7ce3d309683ce89043a -> 
  custom:scripting/monoscript/fileName/IPointableSurface.cs: d7a8e441db2730be64c585bb12bf4db1 -> 
  custom:scripting/monoscript/fileName/PhysicsTransformable.cs: 5811faf37734ce7ec9b28418c4758de1 -> 
  custom:scripting/monoscript/fileName/PitchRemap.cs: 5b7277eeb0a8effc4822cb897b70f197 -> 
  custom:scripting/monoscript/fileName/WitOutgoingEntity.cs: c7126ba0b7fa09ef7a925f4dc186e5b7 -> 
  custom:scripting/monoscript/fileName/LocomotionGateVisual.cs: e25bbb39051f52b97c3e93bb37ab390d -> 
  custom:scripting/monoscript/fileName/TTSWitVoiceUtility.cs: eee5b9af7f1fc7fc0da148c8bdf0ad4f -> 
  custom:scripting/monoscript/fileName/HandleEntityResolutionFailureAttribute.cs: c6e2d1dd1bcaba0322547519e0e12ac7 -> 
========================================================================
Received Import Request.
  Time since last request: 287521.359534 seconds.
  path: Assets/Oculus/Platform/Scripts/UserPresenceStatus.cs
  artifactKey: Guid(737fdccdf4542bf498c1363c77818305) Importer(2089858483,0ecaa5967403d082aa24f35e1b516d23)
Start importing Assets/Oculus/Platform/Scripts/UserPresenceStatus.cs using Guid(737fdccdf4542bf498c1363c77818305) Importer(2089858483,0ecaa5967403d082aa24f35e1b516d23) [PhysX] Initialized MultithreadedTaskDispatcher with 32 workers.
 -> (artifact id: 'a28fb8dc711435b2e32e0cfecb745f89') in 0.146711 seconds
Number of updated asset objects reloaded before import = 0
Number of asset objects unloaded after import = 1
========================================================================
Received Import Request.
  Time since last request: 0.000038 seconds.
  path: Assets/Oculus/Platform/Scripts/VoipBitrate.cs
  artifactKey: Guid(84308236652108943811fb1eed12ac15) Importer(2089858483,0ecaa5967403d082aa24f35e1b516d23)
Start importing Assets/Oculus/Platform/Scripts/VoipBitrate.cs using Guid(84308236652108943811fb1eed12ac15) Importer(2089858483,0ecaa5967403d082aa24f35e1b516d23) [PhysX] Initialized MultithreadedTaskDispatcher with 32 workers.
 -> (artifact id: '19955ea06f36f1a8ebfe31b0feda6b3a') in 0.007729 seconds
Number of updated asset objects reloaded before import = 0
Number of asset objects unloaded after import = 1
========================================================================
Received Import Request.
  Time since last request: 0.000193 seconds.
  path: Assets/Oculus/Spatializer/scripts/ONSPPropagationGeometry.cs
  artifactKey: Guid(abdaae8d2b81ba54498967f33610da0d) Importer(2089858483,0ecaa5967403d082aa24f35e1b516d23)
Start importing Assets/Oculus/Spatializer/scripts/ONSPPropagationGeometry.cs using Guid(abdaae8d2b81ba54498967f33610da0d) Importer(2089858483,0ecaa5967403d082aa24f35e1b516d23) [PhysX] Initialized MultithreadedTaskDispatcher with 32 workers.
 -> (artifact id: '9a71a94d6b581b3fb0e33f16dc05ee11') in 0.010846 seconds
Number of updated asset objects reloaded before import = 0
Number of asset objects unloaded after import = 1
========================================================================
Received Import Request.
  Time since last request: 2.378073 seconds.
  path: Assets/Oculus/VR/Editor/OVRExpansionFileGenerator.cs
  artifactKey: Guid(b2a0ba46d78379541a5f56225e034afa) Importer(2089858483,0ecaa5967403d082aa24f35e1b516d23)
Start importing Assets/Oculus/VR/Editor/OVRExpansionFileGenerator.cs using Guid(b2a0ba46d78379541a5f56225e034afa) Importer(2089858483,0ecaa5967403d082aa24f35e1b516d23) [PhysX] Initialized MultithreadedTaskDispatcher with 32 workers.
 -> (artifact id: 'fc66b2dc61d1f2ed5382e674069f4a8a') in 0.014289 seconds
Number of updated asset objects reloaded before import = 0
Number of asset objects unloaded after import = 1
========================================================================
Received Import Request.
  Time since last request: 0.000090 seconds.
  path: Assets/Oculus/VR/Resources/Texture2D Blit.shader
  artifactKey: Guid(a31796e9e8816c7448b55d584c9417f1) Importer(2089858483,0ecaa5967403d082aa24f35e1b516d23)
Start importing Assets/Oculus/VR/Resources/Texture2D Blit.shader using Guid(a31796e9e8816c7448b55d584c9417f1) Importer(2089858483,0ecaa5967403d082aa24f35e1b516d23) [PhysX] Initialized MultithreadedTaskDispatcher with 32 workers.
 -> (artifact id: '07e833968fc4881fe0915b46dbcbe291') in 0.018651 seconds
Number of updated asset objects reloaded before import = 0
Number of asset objects unloaded after import = 1
========================================================================
Received Import Request.
  Time since last request: 0.000061 seconds.
  path: Assets/Oculus/VR/Scripts/AssemblyInfo.cs
  artifactKey: Guid(07a8397add4f58d4dbfa3505a0517451) Importer(2089858483,0ecaa5967403d082aa24f35e1b516d23)
Start importing Assets/Oculus/VR/Scripts/AssemblyInfo.cs using Guid(07a8397add4f58d4dbfa3505a0517451) Importer(2089858483,0ecaa5967403d082aa24f35e1b516d23) [PhysX] Initialized MultithreadedTaskDispatcher with 32 workers.
 -> (artifact id: 'fdc1250832119958aeb0de82fcbc27e3') in 0.013794 seconds
Number of updated asset objects reloaded before import = 0
Number of asset objects unloaded after import = 1
========================================================================
Received Import Request.
  Time since last request: 0.000070 seconds.
  path: Assets/Oculus/VR/Scripts/OVRSceneObjectTransformType.cs
  artifactKey: Guid(4caaff6020739204f89e868484e10760) Importer(2089858483,0ecaa5967403d082aa24f35e1b516d23)
Start importing Assets/Oculus/VR/Scripts/OVRSceneObjectTransformType.cs using Guid(4caaff6020739204f89e868484e10760) Importer(2089858483,0ecaa5967403d082aa24f35e1b516d23) [PhysX] Initialized MultithreadedTaskDispatcher with 32 workers.
 -> (artifact id: '2d718315c308a2f48f77ebf03508d52f') in 0.008764 seconds
Number of updated asset objects reloaded before import = 0
Number of asset objects unloaded after import = 1
========================================================================
Received Import Request.
  Time since last request: 0.000091 seconds.
  path: Assets/Oculus/VR/Scripts/OVRDebugHeadController.cs
  artifactKey: Guid(563681618daa71b4c89f979b1fd7170b) Importer(2089858483,0ecaa5967403d082aa24f35e1b516d23)
Start importing Assets/Oculus/VR/Scripts/OVRDebugHeadController.cs using Guid(563681618daa71b4c89f979b1fd7170b) Importer(2089858483,0ecaa5967403d082aa24f35e1b516d23) [PhysX] Initialized MultithreadedTaskDispatcher with 32 workers.
 -> (artifact id: '1de0eab14c373aba94733868fb68ceff') in 0.010298 seconds
Number of updated asset objects reloaded before import = 0
Number of asset objects unloaded after import = 1
========================================================================
Received Import Request.
  Time since last request: 0.000147 seconds.
  path: Assets/Oculus/VR/Scripts/OVRPlugin.cs
  artifactKey: Guid(61abd23f3aff5394ba8027ee380760b8) Importer(2089858483,0ecaa5967403d082aa24f35e1b516d23)
Start importing Assets/Oculus/VR/Scripts/OVRPlugin.cs using Guid(61abd23f3aff5394ba8027ee380760b8) Importer(2089858483,0ecaa5967403d082aa24f35e1b516d23) [PhysX] Initialized MultithreadedTaskDispatcher with 32 workers.
 -> (artifact id: '95c3029395de384475e689f7bfd258fe') in 0.009263 seconds
Number of updated asset objects reloaded before import = 0
Number of asset objects unloaded after import = 1
========================================================================
Received Import Request.
  Time since last request: 0.000142 seconds.
  path: Assets/Oculus/VR/Resources/Underlay Impostor.shader
  artifactKey: Guid(eaeac9ce83896a04691d2590189776f5) Importer(2089858483,0ecaa5967403d082aa24f35e1b516d23)
Start importing Assets/Oculus/VR/Resources/Underlay Impostor.shader using Guid(eaeac9ce83896a04691d2590189776f5) Importer(2089858483,0ecaa5967403d082aa24f35e1b516d23) [PhysX] Initialized MultithreadedTaskDispatcher with 32 workers.
 -> (artifact id: 'e01ce798d9d7be25e4ccaf60f8f3fe02') in 0.018217 seconds
Number of updated asset objects reloaded before import = 0
Number of asset objects unloaded after import = 1
========================================================================
Received Import Request.
  Time since last request: 0.000126 seconds.
  path: Assets/Oculus/VR/Scripts/OVRInput.cs
  artifactKey: Guid(d210caf8a50e1954c80690fa858572ad) Importer(2089858483,0ecaa5967403d082aa24f35e1b516d23)
Start importing Assets/Oculus/VR/Scripts/OVRInput.cs using Guid(d210caf8a50e1954c80690fa858572ad) Importer(2089858483,0ecaa5967403d082aa24f35e1b516d23) [PhysX] Initialized MultithreadedTaskDispatcher with 32 workers.
 -> (artifact id: 'e15b030b81d82847aa40be559d6772bf') in 0.014677 seconds
Number of updated asset objects reloaded before import = 0
Number of asset objects unloaded after import = 1
========================================================================
Received Import Request.
  Time since last request: 0.000024 seconds.
  path: Assets/Oculus/VR/Prefabs/OVRHandPrefab.prefab
  artifactKey: Guid(835e735ca71bf78459fb2cababd74112) Importer(2089858483,0ecaa5967403d082aa24f35e1b516d23)
Start importing Assets/Oculus/VR/Prefabs/OVRHandPrefab.prefab using Guid(835e735ca71bf78459fb2cababd74112) Importer(2089858483,0ecaa5967403d082aa24f35e1b516d23) [PhysX] Initialized MultithreadedTaskDispatcher with 32 workers.
 -> (artifact id: 'eea1ed42e7d066237e58a12d6e392b87') in 0.075568 seconds
Number of updated asset objects reloaded before import = 0
Number of asset objects unloaded after import = 10
========================================================================
Received Import Request.
  Time since last request: 0.000087 seconds.
  path: Assets/Oculus/VR/Editor/OVRPluginUpdater.cs
  artifactKey: Guid(9e64a3a065da39f4caa17a7372962df6) Importer(2089858483,0ecaa5967403d082aa24f35e1b516d23)
Start importing Assets/Oculus/VR/Editor/OVRPluginUpdater.cs using Guid(9e64a3a065da39f4caa17a7372962df6) Importer(2089858483,0ecaa5967403d082aa24f35e1b516d23) [PhysX] Initialized MultithreadedTaskDispatcher with 32 workers.
 -> (artifact id: 'f555d9b4069ec4346818c7b70190f279') in 0.010635 seconds
Number of updated asset objects reloaded before import = 0
Number of asset objects unloaded after import = 1
========================================================================
Received Import Request.
  Time since last request: 0.000138 seconds.
  path: Assets/Oculus/VR/Scripts/OVRPlatformMenu.cs
  artifactKey: Guid(2afcf575f4a68de4db434c7b7233c451) Importer(2089858483,0ecaa5967403d082aa24f35e1b516d23)
Start importing Assets/Oculus/VR/Scripts/OVRPlatformMenu.cs using Guid(2afcf575f4a68de4db434c7b7233c451) Importer(2089858483,0ecaa5967403d082aa24f35e1b516d23) [PhysX] Initialized MultithreadedTaskDispatcher with 32 workers.
 -> (artifact id: '506227907b1f8bb9c64ef61c43990cb5') in 0.016347 seconds
Number of updated asset objects reloaded before import = 0
Number of asset objects unloaded after import = 1
========================================================================
Received Import Request.
  Time since last request: 0.000120 seconds.
  path: Assets/Oculus/VR/Prefabs/OVRCameraRig.prefab
  artifactKey: Guid(126d619cf4daa52469682f85c1378b4a) Importer(2089858483,0ecaa5967403d082aa24f35e1b516d23)
Start importing Assets/Oculus/VR/Prefabs/OVRCameraRig.prefab using Guid(126d619cf4daa52469682f85c1378b4a) Importer(2089858483,0ecaa5967403d082aa24f35e1b516d23) [PhysX] Initialized MultithreadedTaskDispatcher with 32 workers.
 -> (artifact id: 'e2525f411978ec9afbe3bb8aef391779') in 0.024717 seconds
Number of updated asset objects reloaded before import = 0
Number of asset objects unloaded after import = 29
========================================================================
Received Import Request.
  Time since last request: 0.000022 seconds.
  path: Assets/Oculus/VR/Scripts/OVRKtxTexture.cs
  artifactKey: Guid(23eec80b7bf73ba41a46466912cd6bb9) Importer(2089858483,0ecaa5967403d082aa24f35e1b516d23)
Start importing Assets/Oculus/VR/Scripts/OVRKtxTexture.cs using Guid(23eec80b7bf73ba41a46466912cd6bb9) Importer(2089858483,0ecaa5967403d082aa24f35e1b516d23) [PhysX] Initialized MultithreadedTaskDispatcher with 32 workers.
 -> (artifact id: '53541cb54f5beefb85c175b8b96e94b5') in 0.009835 seconds
Number of updated asset objects reloaded before import = 0
Number of asset objects unloaded after import = 1
========================================================================
Received Import Request.
  Time since last request: 0.000186 seconds.
  path: Assets/Oculus/VR/Editor/OVRSemanticClassificationEditor.cs
  artifactKey: Guid(84e1c458ff4b7d247a4d2494db7a3d38) Importer(2089858483,0ecaa5967403d082aa24f35e1b516d23)
Start importing Assets/Oculus/VR/Editor/OVRSemanticClassificationEditor.cs using Guid(84e1c458ff4b7d247a4d2494db7a3d38) Importer(2089858483,0ecaa5967403d082aa24f35e1b516d23) [PhysX] Initialized MultithreadedTaskDispatcher with 32 workers.
 -> (artifact id: 'f18a5cd23928ee27f3082e14e126b73c') in 0.010618 seconds
Number of updated asset objects reloaded before import = 0
Number of asset objects unloaded after import = 1
========================================================================
Received Import Request.
  Time since last request: 0.000148 seconds.
  path: Assets/Oculus/VR/Scenes/MRC.unity
  artifactKey: Guid(c249320cff740054f973da7f7e24bd1f) Importer(2089858483,0ecaa5967403d082aa24f35e1b516d23)
Start importing Assets/Oculus/VR/Scenes/MRC.unity using Guid(c249320cff740054f973da7f7e24bd1f) Importer(2089858483,0ecaa5967403d082aa24f35e1b516d23) [PhysX] Initialized MultithreadedTaskDispatcher with 32 workers.
 -> (artifact id: 'ae95820972320961439cc0fa20e56e29') in 0.011110 seconds
Number of updated asset objects reloaded before import = 0
Number of asset objects unloaded after import = 1
========================================================================
Received Import Request.
  Time since last request: 0.000132 seconds.
  path: Assets/Oculus/VR/Editor/OVRSystemSplashScreenEditor.cs
  artifactKey: Guid(47f00d7e649540e3a7abefb3e924036f) Importer(2089858483,0ecaa5967403d082aa24f35e1b516d23)
Start importing Assets/Oculus/VR/Editor/OVRSystemSplashScreenEditor.cs using Guid(47f00d7e649540e3a7abefb3e924036f) Importer(2089858483,0ecaa5967403d082aa24f35e1b516d23) [PhysX] Initialized MultithreadedTaskDispatcher with 32 workers.
 -> (artifact id: 'ae44d62960e4993581dc27eb871aa525') in 0.012535 seconds
Number of updated asset objects reloaded before import = 0
Number of asset objects unloaded after import = 1
========================================================================
Received Import Request.
  Time since last request: 0.000140 seconds.
  path: Assets/Oculus/VR/Prefabs/OVRCubemapCaptureProbe.prefab
  artifactKey: Guid(7a400e96d4650ff4e827a7e727fad81d) Importer(2089858483,0ecaa5967403d082aa24f35e1b516d23)
Start importing Assets/Oculus/VR/Prefabs/OVRCubemapCaptureProbe.prefab using Guid(7a400e96d4650ff4e827a7e727fad81d) Importer(2089858483,0ecaa5967403d082aa24f35e1b516d23) [PhysX] Initialized MultithreadedTaskDispatcher with 32 workers.
 -> (artifact id: 'baf8bcce6da5fa968e95307369603469') in 0.020657 seconds
Number of updated asset objects reloaded before import = 0
Number of asset objects unloaded after import = 5
========================================================================
Received Import Request.
  Time since last request: 0.000018 seconds.
  path: Assets/Oculus/VR/Meshes/Cone.obj
  artifactKey: Guid(c28fa8d61f81fb742b1180a6d4516625) Importer(2089858483,0ecaa5967403d082aa24f35e1b516d23)
Start importing Assets/Oculus/VR/Meshes/Cone.obj using Guid(c28fa8d61f81fb742b1180a6d4516625) Importer(2089858483,0ecaa5967403d082aa24f35e1b516d23) [PhysX] Initialized MultithreadedTaskDispatcher with 32 workers.
 -> (artifact id: '3e036c551bd0fdf3e9edca529c6f174a') in 0.049227 seconds
Number of updated asset objects reloaded before import = 0
Number of asset objects unloaded after import = 11
========================================================================
Received Import Request.
  Time since last request: 0.000019 seconds.
  path: Assets/Oculus/VR/Scripts/OVRScenePlane.cs
  artifactKey: Guid(29ed0e0807c8fba47bb33b89172401e8) Importer(2089858483,0ecaa5967403d082aa24f35e1b516d23)
Start importing Assets/Oculus/VR/Scripts/OVRScenePlane.cs using Guid(29ed0e0807c8fba47bb33b89172401e8) Importer(2089858483,0ecaa5967403d082aa24f35e1b516d23) [PhysX] Initialized MultithreadedTaskDispatcher with 32 workers.
 -> (artifact id: 'b4aa1fe1fc2f7f42366c161afe1e18db') in 0.011811 seconds
Number of updated asset objects reloaded before import = 0
Number of asset objects unloaded after import = 1
========================================================================
Received Import Request.
  Time since last request: 0.000116 seconds.
  path: Assets/Oculus/VR/Scripts/OVRSpace.cs
  artifactKey: Guid(f0a035a1179b5854ea99bbedbcca3231) Importer(2089858483,0ecaa5967403d082aa24f35e1b516d23)
Start importing Assets/Oculus/VR/Scripts/OVRSpace.cs using Guid(f0a035a1179b5854ea99bbedbcca3231) Importer(2089858483,0ecaa5967403d082aa24f35e1b516d23) [PhysX] Initialized MultithreadedTaskDispatcher with 32 workers.
 -> (artifact id: '60ec14ac111764f77a3b6f28fdccb231') in 0.010323 seconds
Number of updated asset objects reloaded before import = 0
Number of asset objects unloaded after import = 1
========================================================================
Received Import Request.
  Time since last request: 2.595504 seconds.
  path: Assets/Oculus/AudioManager/Scripts/Audio/SoundFXRef.cs
  artifactKey: Guid(48176edab546a48de9b146105d7c5f47) Importer(2089858483,0ecaa5967403d082aa24f35e1b516d23)
Start importing Assets/Oculus/AudioManager/Scripts/Audio/SoundFXRef.cs using Guid(48176edab546a48de9b146105d7c5f47) Importer(2089858483,0ecaa5967403d082aa24f35e1b516d23) [PhysX] Initialized MultithreadedTaskDispatcher with 32 workers.
 -> (artifact id: '230ed7177f41c7bf8da0fb31fdb708e3') in 0.007682 seconds
Number of updated asset objects reloaded before import = 0
Number of asset objects unloaded after import = 1
========================================================================
Received Import Request.
  Time since last request: 0.000034 seconds.
  path: Assets/Oculus/Interaction/Runtime/Materials/TransparentStandard.mat
  artifactKey: Guid(c2ace68b1ed79454a8d2febfb98c4a2b) Importer(2089858483,0ecaa5967403d082aa24f35e1b516d23)
Start importing Assets/Oculus/Interaction/Runtime/Materials/TransparentStandard.mat using Guid(c2ace68b1ed79454a8d2febfb98c4a2b) Importer(2089858483,0ecaa5967403d082aa24f35e1b516d23) [PhysX] Initialized MultithreadedTaskDispatcher with 32 workers.
 -> (artifact id: '5372ce78603af70126c8fdbac8e63df1') in 0.015104 seconds
Number of updated asset objects reloaded before import = 0
Number of asset objects unloaded after import = 1
========================================================================
Received Import Request.
  Time since last request: 0.000373 seconds.
  path: Assets/Oculus/Interaction/Editor/Surfaces/BoundsClipperEditor.cs
  artifactKey: Guid(ac62e2f2d66aeef43b16ba05a35880fa) Importer(2089858483,0ecaa5967403d082aa24f35e1b516d23)
Start importing Assets/Oculus/Interaction/Editor/Surfaces/BoundsClipperEditor.cs using Guid(ac62e2f2d66aeef43b16ba05a35880fa) Importer(2089858483,0ecaa5967403d082aa24f35e1b516d23) [PhysX] Initialized MultithreadedTaskDispatcher with 32 workers.
 -> (artifact id: 'e2a43d3c42f7b477bbe96f58157e495c') in 0.011615 seconds
Number of updated asset objects reloaded before import = 0
Number of asset objects unloaded after import = 1
========================================================================
Received Import Request.
  Time since last request: 0.000092 seconds.
  path: Assets/Oculus/Interaction/Editor/AutoWiring/UnityObjectAddedBroadcaster.cs
  artifactKey: Guid(6713358c2c4d39e4ba0eae4312ee2580) Importer(2089858483,0ecaa5967403d082aa24f35e1b516d23)
Start importing Assets/Oculus/Interaction/Editor/AutoWiring/UnityObjectAddedBroadcaster.cs using Guid(6713358c2c4d39e4ba0eae4312ee2580) Importer(2089858483,0ecaa5967403d082aa24f35e1b516d23) [PhysX] Initialized MultithreadedTaskDispatcher with 32 workers.
 -> (artifact id: '78df543fcfac3c070c6c51ac4333e8bb') in 0.019258 seconds
Number of updated asset objects reloaded before import = 0
Number of asset objects unloaded after import = 1
========================================================================
Received Import Request.
  Time since last request: 0.000017 seconds.
  path: Assets/Oculus/Interaction/Runtime/Materials/RoundedBoxUnlit.mat
  artifactKey: Guid(d9665615562752448b5140038771d26c) Importer(2089858483,0ecaa5967403d082aa24f35e1b516d23)
Start importing Assets/Oculus/Interaction/Runtime/Materials/RoundedBoxUnlit.mat using Guid(d9665615562752448b5140038771d26c) Importer(2089858483,0ecaa5967403d082aa24f35e1b516d23) [PhysX] Initialized MultithreadedTaskDispatcher with 32 workers.
 -> (artifact id: '00fefa915c25b2cb89673833ede82fa1') in 0.035250 seconds
Number of updated asset objects reloaded before import = 0
Number of asset objects unloaded after import = 1
========================================================================
Received Import Request.
  Time since last request: 0.000036 seconds.
  path: Assets/Oculus/Interaction/Editor/PoseDetection/JointRotationFeatureConfigEditor.cs
  artifactKey: Guid(548ff893703b939438b2a96d8c8fcba0) Importer(2089858483,0ecaa5967403d082aa24f35e1b516d23)
Start importing Assets/Oculus/Interaction/Editor/PoseDetection/JointRotationFeatureConfigEditor.cs using Guid(548ff893703b939438b2a96d8c8fcba0) Importer(2089858483,0ecaa5967403d082aa24f35e1b516d23) [PhysX] Initialized MultithreadedTaskDispatcher with 32 workers.
 -> (artifact id: 'ec1db8e71ad2a6a1c7627d01e03d3862') in 0.011490 seconds
Number of updated asset objects reloaded before import = 0
Number of asset objects unloaded after import = 1
========================================================================
Received Import Request.
  Time since last request: 0.000028 seconds.
  path: Assets/Oculus/Interaction/Runtime/Materials/UIDepthOverwrite.mat
  artifactKey: Guid(c7cda63c3ebb50847950fc3a925d784f) Importer(2089858483,0ecaa5967403d082aa24f35e1b516d23)
Start importing Assets/Oculus/Interaction/Runtime/Materials/UIDepthOverwrite.mat using Guid(c7cda63c3ebb50847950fc3a925d784f) Importer(2089858483,0ecaa5967403d082aa24f35e1b516d23) [PhysX] Initialized MultithreadedTaskDispatcher with 32 workers.
 -> (artifact id: '153a9d1d636e9d0fd70f795bb0772ee7') in 0.008132 seconds
Number of updated asset objects reloaded before import = 0
Number of asset objects unloaded after import = 1
========================================================================
Received Import Request.
  Time since last request: 0.000128 seconds.
  path: Assets/Oculus/Interaction/Editor/Utils/EditorConstants.cs
  artifactKey: Guid(6098114538e7342429e2722e7766d1af) Importer(2089858483,0ecaa5967403d082aa24f35e1b516d23)
Start importing Assets/Oculus/Interaction/Editor/Utils/EditorConstants.cs using Guid(6098114538e7342429e2722e7766d1af) Importer(2089858483,0ecaa5967403d082aa24f35e1b516d23) [PhysX] Initialized MultithreadedTaskDispatcher with 32 workers.
 -> (artifact id: 'ec2542828333bd6f9adfb3331d851f09') in 0.007672 seconds
Number of updated asset objects reloaded before import = 0
Number of asset objects unloaded after import = 1
========================================================================
Received Import Request.
  Time since last request: 0.000204 seconds.
  path: Assets/Oculus/Interaction/Samples/Materials/Moon.fbx
  artifactKey: Guid(c248512dc5f8d7546ae41e52308e4b20) Importer(2089858483,0ecaa5967403d082aa24f35e1b516d23)
Start importing Assets/Oculus/Interaction/Samples/Materials/Moon.fbx using Guid(c248512dc5f8d7546ae41e52308e4b20) Importer(2089858483,0ecaa5967403d082aa24f35e1b516d23) [PhysX] Initialized MultithreadedTaskDispatcher with 32 workers.
 -> (artifact id: '0d40ede09eab0e7f018ab567c2460484') in 0.027413 seconds
Number of updated asset objects reloaded before import = 0
Number of asset objects unloaded after import = 9
========================================================================
Received Import Request.
  Time since last request: 0.000103 seconds.
  path: Assets/Oculus/Interaction/Samples/Animations/TutorialLocomotion_Teleport.controller
  artifactKey: Guid(70786d2beb4615842bdaa90e491c3614) Importer(2089858483,0ecaa5967403d082aa24f35e1b516d23)
Start importing Assets/Oculus/Interaction/Samples/Animations/TutorialLocomotion_Teleport.controller using Guid(70786d2beb4615842bdaa90e491c3614) Importer(2089858483,0ecaa5967403d082aa24f35e1b516d23) [PhysX] Initialized MultithreadedTaskDispatcher with 32 workers.
 -> (artifact id: '506fd25edd1cf41909736a8334cc247b') in 0.179197 seconds
Number of updated asset objects reloaded before import = 0
Number of asset objects unloaded after import = 11
========================================================================
Received Import Request.
  Time since last request: 0.000022 seconds.
  path: Assets/Oculus/Interaction/Editor/Surfaces/CylinderSurfaceEditor.cs
  artifactKey: Guid(e07ffae6a51b8ba438d7976a6c2dfd0d) Importer(2089858483,0ecaa5967403d082aa24f35e1b516d23)
Start importing Assets/Oculus/Interaction/Editor/Surfaces/CylinderSurfaceEditor.cs using Guid(e07ffae6a51b8ba438d7976a6c2dfd0d) Importer(2089858483,0ecaa5967403d082aa24f35e1b516d23) [PhysX] Initialized MultithreadedTaskDispatcher with 32 workers.
 -> (artifact id: '07fededfb06efaa1132e38497578f7d5') in 0.006990 seconds
Number of updated asset objects reloaded before import = 0
Number of asset objects unloaded after import = 1
========================================================================
Received Import Request.
  Time since last request: 0.000160 seconds.
  path: Assets/Oculus/Interaction/Runtime/Materials/OculusHand.mat
  artifactKey: Guid(d641a50c4fe4ee3489a64cf52b76ae79) Importer(2089858483,0ecaa5967403d082aa24f35e1b516d23)
Start importing Assets/Oculus/Interaction/Runtime/Materials/OculusHand.mat using Guid(d641a50c4fe4ee3489a64cf52b76ae79) Importer(2089858483,0ecaa5967403d082aa24f35e1b516d23) [PhysX] Initialized MultithreadedTaskDispatcher with 32 workers.
 -> (artifact id: '76ccd6290d1d5e2ef20a6cdfef74d6a7') in 0.030360 seconds
Number of updated asset objects reloaded before import = 0
Number of asset objects unloaded after import = 2
========================================================================
Received Import Request.
  Time since last request: 0.000017 seconds.
  path: Assets/Oculus/Interaction/Samples/Animations/TutorialLocomotion_1.anim
  artifactKey: Guid(a2d8f6602517aa945bfaf8b3b1784cc2) Importer(2089858483,0ecaa5967403d082aa24f35e1b516d23)
Start importing Assets/Oculus/Interaction/Samples/Animations/TutorialLocomotion_1.anim using Guid(a2d8f6602517aa945bfaf8b3b1784cc2) Importer(2089858483,0ecaa5967403d082aa24f35e1b516d23) [PhysX] Initialized MultithreadedTaskDispatcher with 32 workers.
 -> (artifact id: '859aa374394512d709f1a4128619791a') in 0.065200 seconds
Number of updated asset objects reloaded before import = 0
Number of asset objects unloaded after import = 1
========================================================================
Received Import Request.
  Time since last request: 0.000036 seconds.
  path: Assets/Oculus/Interaction/Runtime/Textures/BlockedGradient.png
  artifactKey: Guid(a8ddce36d617998409e580c64361552f) Importer(2089858483,0ecaa5967403d082aa24f35e1b516d23)
Start importing Assets/Oculus/Interaction/Runtime/Textures/BlockedGradient.png using Guid(a8ddce36d617998409e580c64361552f) Importer(2089858483,0ecaa5967403d082aa24f35e1b516d23) [PhysX] Initialized MultithreadedTaskDispatcher with 32 workers.
 -> (artifact id: 'e5eb6cfe470b91e4fdcd73cb0f2d82b7') in 0.061706 seconds
Number of updated asset objects reloaded before import = 0
Number of asset objects unloaded after import = 1
========================================================================
Received Import Request.
  Time since last request: 2.495193 seconds.
  path: Assets/Oculus/Interaction/Samples/Scripts/RotationAudioEvents.cs
  artifactKey: Guid(328b20022c3885e43a8861c57af4caf5) Importer(2089858483,0ecaa5967403d082aa24f35e1b516d23)
Start importing Assets/Oculus/Interaction/Samples/Scripts/RotationAudioEvents.cs using Guid(328b20022c3885e43a8861c57af4caf5) Importer(2089858483,0ecaa5967403d082aa24f35e1b516d23) [PhysX] Initialized MultithreadedTaskDispatcher with 32 workers.
 -> (artifact id: '500ab37dbbff6d17543a3b6f2ea113e3') in 0.007756 seconds
Number of updated asset objects reloaded before import = 0
Number of asset objects unloaded after import = 1
========================================================================
Received Import Request.
  Time since last request: 0.000025 seconds.
  path: Assets/Oculus/Platform/Scripts/Models/CloudStorageMetadata.cs
  artifactKey: Guid(1a6ff0d9eb067d74e87a166ab86cc0dd) Importer(2089858483,0ecaa5967403d082aa24f35e1b516d23)
Start importing Assets/Oculus/Platform/Scripts/Models/CloudStorageMetadata.cs using Guid(1a6ff0d9eb067d74e87a166ab86cc0dd) Importer(2089858483,0ecaa5967403d082aa24f35e1b516d23) [PhysX] Initialized MultithreadedTaskDispatcher with 32 workers.
 -> (artifact id: '0ce52bae20fd76d9fd9b994f8a0855b5') in 0.005121 seconds
Number of updated asset objects reloaded before import = 0
Number of asset objects unloaded after import = 1
========================================================================
Received Import Request.
  Time since last request: 0.000035 seconds.
  path: Assets/Oculus/Spatializer/scenes/sounds/sine.wav
  artifactKey: Guid(197b6f9ffe1223343aa4672db3771875) Importer(2089858483,0ecaa5967403d082aa24f35e1b516d23)
Start importing Assets/Oculus/Spatializer/scenes/sounds/sine.wav using Guid(197b6f9ffe1223343aa4672db3771875) Importer(2089858483,0ecaa5967403d082aa24f35e1b516d23) [PhysX] Initialized MultithreadedTaskDispatcher with 32 workers.
 -> (artifact id: 'ad78d1d77e8ff696ae52edfa7d5e6f9b') in 0.028494 seconds
Number of updated asset objects reloaded before import = 0
Number of asset objects unloaded after import = 1
========================================================================
Received Import Request.
  Time since last request: 0.000213 seconds.
  path: Assets/Oculus/Spatializer/scenes/materials/Ground.mat
  artifactKey: Guid(e121bf11a9143914dbafa9e733415f2a) Importer(2089858483,0ecaa5967403d082aa24f35e1b516d23)
Start importing Assets/Oculus/Spatializer/scenes/materials/Ground.mat using Guid(e121bf11a9143914dbafa9e733415f2a) Importer(2089858483,0ecaa5967403d082aa24f35e1b516d23) [PhysX] Initialized MultithreadedTaskDispatcher with 32 workers.
 -> (artifact id: 'dc8821de9c8107ec2b6029359614aaae') in 0.015130 seconds
Number of updated asset objects reloaded before import = 0
Number of asset objects unloaded after import = 1
========================================================================
Received Import Request.
  Time since last request: 0.000125 seconds.
  path: Assets/Oculus/Platform/Scripts/Models/CloudStorageConflictMetadata.cs
  artifactKey: Guid(f4529c5ae12f84c44899a5ca599b6ecd) Importer(2089858483,0ecaa5967403d082aa24f35e1b516d23)
Start importing Assets/Oculus/Platform/Scripts/Models/CloudStorageConflictMetadata.cs using Guid(f4529c5ae12f84c44899a5ca599b6ecd) Importer(2089858483,0ecaa5967403d082aa24f35e1b516d23) [PhysX] Initialized MultithreadedTaskDispatcher with 32 workers.
 -> (artifact id: 'cc27ee6eb23325ce3dfefba4bbd1b1bb') in 0.017975 seconds
Number of updated asset objects reloaded before import = 0
Number of asset objects unloaded after import = 1
========================================================================
Received Import Request.
  Time since last request: 0.000024 seconds.
  path: Assets/Oculus/Platform/Scripts/Models/OrgScopedID.cs
  artifactKey: Guid(cb83ca4346878f54e9edb14cbfb92dad) Importer(2089858483,0ecaa5967403d082aa24f35e1b516d23)
Start importing Assets/Oculus/Platform/Scripts/Models/OrgScopedID.cs using Guid(cb83ca4346878f54e9edb14cbfb92dad) Importer(2089858483,0ecaa5967403d082aa24f35e1b516d23) [PhysX] Initialized MultithreadedTaskDispatcher with 32 workers.
 -> (artifact id: 'aaf37dd8db5ca8ecf67a2a93d548082b') in 0.010344 seconds
Number of updated asset objects reloaded before import = 0
Number of asset objects unloaded after import = 1
========================================================================
Received Import Request.
  Time since last request: 0.000181 seconds.
  path: Assets/Oculus/SampleFramework/Usage/Firebase/SampleUI.cs
  artifactKey: Guid(62ce7e49b6fbfe84db3ccea903d0c104) Importer(2089858483,0ecaa5967403d082aa24f35e1b516d23)
Start importing Assets/Oculus/SampleFramework/Usage/Firebase/SampleUI.cs using Guid(62ce7e49b6fbfe84db3ccea903d0c104) Importer(2089858483,0ecaa5967403d082aa24f35e1b516d23) [PhysX] Initialized MultithreadedTaskDispatcher with 32 workers.
 -> (artifact id: 'ccea064b5d06c8e5b304811b26fd3fc0') in 0.011907 seconds
Number of updated asset objects reloaded before import = 0
Number of asset objects unloaded after import = 1
========================================================================
Received Import Request.
  Time since last request: 0.000146 seconds.
  path: Assets/Oculus/Interaction/Samples/Textures/Scissors.png
  artifactKey: Guid(f5342f171ba4a9d42801d9116dc2da0c) Importer(2089858483,0ecaa5967403d082aa24f35e1b516d23)
Start importing Assets/Oculus/Interaction/Samples/Textures/Scissors.png using Guid(f5342f171ba4a9d42801d9116dc2da0c) Importer(2089858483,0ecaa5967403d082aa24f35e1b516d23) [PhysX] Initialized MultithreadedTaskDispatcher with 32 workers.
 -> (artifact id: 'd32b0515380c57d7cbe1f55b8146d6a1') in 0.014789 seconds
Number of updated asset objects reloaded before import = 0
Number of asset objects unloaded after import = 1
========================================================================
Received Import Request.
  Time since last request: 0.000042 seconds.
  path: Assets/Oculus/Spatializer/scenes/materials/AmbisonicObject1.mat
  artifactKey: Guid(584662273d60a0f47bd7fecbb570e66e) Importer(2089858483,0ecaa5967403d082aa24f35e1b516d23)
Start importing Assets/Oculus/Spatializer/scenes/materials/AmbisonicObject1.mat using Guid(584662273d60a0f47bd7fecbb570e66e) Importer(2089858483,0ecaa5967403d082aa24f35e1b516d23) [PhysX] Initialized MultithreadedTaskDispatcher with 32 workers.
 -> (artifact id: '7a5569741c5258fc12be83d20d5ed6dd') in 0.048385 seconds
Number of updated asset objects reloaded before import = 0
Number of asset objects unloaded after import = 1
========================================================================
Received Import Request.
  Time since last request: 0.000082 seconds.
  path: Assets/Oculus/Interaction/Samples/Shaders/StencilWriter.shader
  artifactKey: Guid(4afa4535914e1924cb7bef9318c2018c) Importer(2089858483,0ecaa5967403d082aa24f35e1b516d23)
Start importing Assets/Oculus/Interaction/Samples/Shaders/StencilWriter.shader using Guid(4afa4535914e1924cb7bef9318c2018c) Importer(2089858483,0ecaa5967403d082aa24f35e1b516d23) [PhysX] Initialized MultithreadedTaskDispatcher with 32 workers.
 -> (artifact id: 'aa323aebc2afde52d89b33bcc01466d3') in 0.012539 seconds
Number of updated asset objects reloaded before import = 0
Number of asset objects unloaded after import = 1
========================================================================
Received Import Request.
  Time since last request: 0.000018 seconds.
  path: Assets/Oculus/Interaction/Samples/Textures/Frame.png
  artifactKey: Guid(d98a21a858d948a41bab0c0b2b1fe613) Importer(2089858483,0ecaa5967403d082aa24f35e1b516d23)
Start importing Assets/Oculus/Interaction/Samples/Textures/Frame.png using Guid(d98a21a858d948a41bab0c0b2b1fe613) Importer(2089858483,0ecaa5967403d082aa24f35e1b516d23) [PhysX] Initialized MultithreadedTaskDispatcher with 32 workers.
 -> (artifact id: '02df0525d1a3d041651948930ad5b162') in 0.015364 seconds
Number of updated asset objects reloaded before import = 0
Number of asset objects unloaded after import = 1
========================================================================
Received Import Request.
  Time since last request: 0.000074 seconds.
  path: Assets/Oculus/Platform/Scripts/Models/LaunchReportFlowResult.cs
  artifactKey: Guid(dd39534aa19eea849a28ea4da4aac464) Importer(2089858483,0ecaa5967403d082aa24f35e1b516d23)
Start importing Assets/Oculus/Platform/Scripts/Models/LaunchReportFlowResult.cs using Guid(dd39534aa19eea849a28ea4da4aac464) Importer(2089858483,0ecaa5967403d082aa24f35e1b516d23) [PhysX] Initialized MultithreadedTaskDispatcher with 32 workers.
 -> (artifact id: '3d9361c2f0250b4fe7b4070c5189864e') in 0.012023 seconds
Number of updated asset objects reloaded before import = 0
Number of asset objects unloaded after import = 1
========================================================================
Received Import Request.
  Time since last request: 0.000138 seconds.
  path: Assets/Oculus/Platform/Scripts/Models/UserReportID.cs
  artifactKey: Guid(3c9566020c8239548b2efa1583525ffe) Importer(2089858483,0ecaa5967403d082aa24f35e1b516d23)
Start importing Assets/Oculus/Platform/Scripts/Models/UserReportID.cs using Guid(3c9566020c8239548b2efa1583525ffe) Importer(2089858483,0ecaa5967403d082aa24f35e1b516d23) [PhysX] Initialized MultithreadedTaskDispatcher with 32 workers.
 -> (artifact id: '31a7d3c3f2405d16b2471fd7f6b3bf43') in 0.013099 seconds
Number of updated asset objects reloaded before import = 0
Number of asset objects unloaded after import = 1
========================================================================
Received Import Request.
  Time since last request: 0.000151 seconds.
  path: Assets/Oculus/Platform/Samples/NetChat/DataEntry.cs
  artifactKey: Guid(bfbb4b78fb9572d4da744c39224c6f1d) Importer(2089858483,0ecaa5967403d082aa24f35e1b516d23)
Start importing Assets/Oculus/Platform/Samples/NetChat/DataEntry.cs using Guid(bfbb4b78fb9572d4da744c39224c6f1d) Importer(2089858483,0ecaa5967403d082aa24f35e1b516d23) [PhysX] Initialized MultithreadedTaskDispatcher with 32 workers.
 -> (artifact id: '632907b509fc9e339cda023bb12bc842') in 0.016966 seconds
Number of updated asset objects reloaded before import = 0
Number of asset objects unloaded after import = 1
========================================================================
Received Import Request.
  Time since last request: 0.000179 seconds.
  path: Assets/Oculus/Interaction/Samples/Textures/Rock.png
  artifactKey: Guid(7b6994f659c3a984fb36e8f608322176) Importer(2089858483,0ecaa5967403d082aa24f35e1b516d23)
Start importing Assets/Oculus/Interaction/Samples/Textures/Rock.png using Guid(7b6994f659c3a984fb36e8f608322176) Importer(2089858483,0ecaa5967403d082aa24f35e1b516d23) [PhysX] Initialized MultithreadedTaskDispatcher with 32 workers.
 -> (artifact id: '43dce7bc52fbf99f10db242a55ac265c') in 0.019256 seconds
Number of updated asset objects reloaded before import = 0
Number of asset objects unloaded after import = 1
========================================================================
Received Import Request.
  Time since last request: 0.000021 seconds.
  path: Assets/Oculus/Interaction/Samples/Scripts/SceneLoader.cs
  artifactKey: Guid(8c4c1b38c49ffa449b585d54fcdc4a8c) Importer(2089858483,0ecaa5967403d082aa24f35e1b516d23)
Start importing Assets/Oculus/Interaction/Samples/Scripts/SceneLoader.cs using Guid(8c4c1b38c49ffa449b585d54fcdc4a8c) Importer(2089858483,0ecaa5967403d082aa24f35e1b516d23) [PhysX] Initialized MultithreadedTaskDispatcher with 32 workers.
 -> (artifact id: '7ef5407e5040487d76019c9bce0999f0') in 0.008639 seconds
Number of updated asset objects reloaded before import = 0
Number of asset objects unloaded after import = 1
========================================================================
Received Import Request.
  Time since last request: 0.000209 seconds.
  path: Assets/Oculus/Platform/Scripts/Models/AppDownloadResult.cs
  artifactKey: Guid(c565748abbe1c6444875714099401e8b) Importer(2089858483,0ecaa5967403d082aa24f35e1b516d23)
Start importing Assets/Oculus/Platform/Scripts/Models/AppDownloadResult.cs using Guid(c565748abbe1c6444875714099401e8b) Importer(2089858483,0ecaa5967403d082aa24f35e1b516d23) [PhysX] Initialized MultithreadedTaskDispatcher with 32 workers.
 -> (artifact id: 'c0d545bba9f6a8e8747971114de94432') in 0.013450 seconds
Number of updated asset objects reloaded before import = 0
Number of asset objects unloaded after import = 1
========================================================================
Received Import Request.
  Time since last request: 0.000216 seconds.
  path: Assets/Oculus/LipSync/Plugins/Win64/OVRLipSync.dll
  artifactKey: Guid(cffe8c2b7142fa3438fc1b6ccaeda372) Importer(2089858483,0ecaa5967403d082aa24f35e1b516d23)
Start importing Assets/Oculus/LipSync/Plugins/Win64/OVRLipSync.dll using Guid(cffe8c2b7142fa3438fc1b6ccaeda372) Importer(2089858483,0ecaa5967403d082aa24f35e1b516d23) [PhysX] Initialized MultithreadedTaskDispatcher with 32 workers.
 -> (artifact id: '57aec55d268bf3b3ef9cf5a9e89fd7ea') in 0.010340 seconds
Number of updated asset objects reloaded before import = 0
Number of asset objects unloaded after import = 1
========================================================================
Received Import Request.
  Time since last request: 0.000019 seconds.
  path: Assets/Oculus/Platform/Scripts/Models/NetSyncSetSessionPropertyResult.cs
  artifactKey: Guid(115269dd7f9d0684382108bd524efd4b) Importer(2089858483,0ecaa5967403d082aa24f35e1b516d23)
Start importing Assets/Oculus/Platform/Scripts/Models/NetSyncSetSessionPropertyResult.cs using Guid(115269dd7f9d0684382108bd524efd4b) Importer(2089858483,0ecaa5967403d082aa24f35e1b516d23) [PhysX] Initialized MultithreadedTaskDispatcher with 32 workers.
 -> (artifact id: '1c89cb6110b720b36fbeb16cd275dee0') in 0.013116 seconds
Number of updated asset objects reloaded before import = 0
Number of asset objects unloaded after import = 1
========================================================================
Received Import Request.
  Time since last request: 0.000116 seconds.
  path: Assets/Oculus/Platform/Scripts/Models/Product.cs
  artifactKey: Guid(26c0296fda5f75541b0c1c757efa1cbd) Importer(2089858483,0ecaa5967403d082aa24f35e1b516d23)
Start importing Assets/Oculus/Platform/Scripts/Models/Product.cs using Guid(26c0296fda5f75541b0c1c757efa1cbd) Importer(2089858483,0ecaa5967403d082aa24f35e1b516d23) [PhysX] Initialized MultithreadedTaskDispatcher with 32 workers.
 -> (artifact id: '5488532ae0b2da26c53e00e0da449813') in 0.015210 seconds
Number of updated asset objects reloaded before import = 0
Number of asset objects unloaded after import = 1
========================================================================
Received Import Request.
  Time since last request: 0.000112 seconds.
  path: Assets/Oculus/SampleFramework/Core/CustomHands/GrabConeVolume.asset
  artifactKey: Guid(687d21fc72e51324cbb1c3078c72718e) Importer(2089858483,0ecaa5967403d082aa24f35e1b516d23)
Start importing Assets/Oculus/SampleFramework/Core/CustomHands/GrabConeVolume.asset using Guid(687d21fc72e51324cbb1c3078c72718e) Importer(2089858483,0ecaa5967403d082aa24f35e1b516d23) [PhysX] Initialized MultithreadedTaskDispatcher with 32 workers.
 -> (artifact id: 'bf3f3ccb4178f693fa716f4f234fb0e9') in 0.014528 seconds
Number of updated asset objects reloaded before import = 0
Number of asset objects unloaded after import = 1
========================================================================
Received Import Request.
  Time since last request: 0.000017 seconds.
  path: Assets/Oculus/Spatializer/scenes/sounds/hammer.wav
  artifactKey: Guid(3a4baf251c1814716b9458d036384a76) Importer(2089858483,0ecaa5967403d082aa24f35e1b516d23)
Start importing Assets/Oculus/Spatializer/scenes/sounds/hammer.wav using Guid(3a4baf251c1814716b9458d036384a76) Importer(2089858483,0ecaa5967403d082aa24f35e1b516d23) [PhysX] Initialized MultithreadedTaskDispatcher with 32 workers.
 -> (artifact id: '9cb36dfb93af28869c0e3e572123e96d') in 0.052825 seconds
Number of updated asset objects reloaded before import = 0
Number of asset objects unloaded after import = 1
========================================================================
Received Import Request.
  Time since last request: 0.000092 seconds.
  path: Assets/Oculus/Platform/Scripts/Models/Destination.cs
  artifactKey: Guid(09e40dee6d23e9b4abe72b58d1ffd208) Importer(2089858483,0ecaa5967403d082aa24f35e1b516d23)
Start importing Assets/Oculus/Platform/Scripts/Models/Destination.cs using Guid(09e40dee6d23e9b4abe72b58d1ffd208) Importer(2089858483,0ecaa5967403d082aa24f35e1b516d23) [PhysX] Initialized MultithreadedTaskDispatcher with 32 workers.
 -> (artifact id: 'a791445b4cbede8c2dea8776ac35bdb3') in 0.007335 seconds
Number of updated asset objects reloaded before import = 0
Number of asset objects unloaded after import = 1
========================================================================
Received Import Request.
  Time since last request: 0.000108 seconds.
  path: Assets/Oculus/Platform/Samples/EntitlementCheck/EntitlementCheck.cs
  artifactKey: Guid(75ccf1814f335d94ab1902064233299e) Importer(2089858483,0ecaa5967403d082aa24f35e1b516d23)
Start importing Assets/Oculus/Platform/Samples/EntitlementCheck/EntitlementCheck.cs using Guid(75ccf1814f335d94ab1902064233299e) Importer(2089858483,0ecaa5967403d082aa24f35e1b516d23) [PhysX] Initialized MultithreadedTaskDispatcher with 32 workers.
 -> (artifact id: 'bb910440b136c7060671cb8512c2e537') in 0.006965 seconds
Number of updated asset objects reloaded before import = 0
Number of asset objects unloaded after import = 1
========================================================================
Received Import Request.
  Time since last request: 0.000078 seconds.
  path: Assets/Oculus/Platform/Scripts/Models/MatchmakingEnqueueResult.cs
  artifactKey: Guid(5635c7d33a0525448a73c31a900fcb2a) Importer(2089858483,0ecaa5967403d082aa24f35e1b516d23)
Start importing Assets/Oculus/Platform/Scripts/Models/MatchmakingEnqueueResult.cs using Guid(5635c7d33a0525448a73c31a900fcb2a) Importer(2089858483,0ecaa5967403d082aa24f35e1b516d23) [PhysX] Initialized MultithreadedTaskDispatcher with 32 workers.
 -> (artifact id: '56c7f06799340fca74ea3dd7c1a59a58') in 0.007990 seconds
Number of updated asset objects reloaded before import = 0
Number of asset objects unloaded after import = 1
========================================================================
Received Import Request.
  Time since last request: 0.000091 seconds.
  path: Assets/Oculus/SampleFramework/Usage/Locomotion/NavMesh.asset
  artifactKey: Guid(dd8879010941ba840b773dc0f8db1c4d) Importer(2089858483,0ecaa5967403d082aa24f35e1b516d23)
Start importing Assets/Oculus/SampleFramework/Usage/Locomotion/NavMesh.asset using Guid(dd8879010941ba840b773dc0f8db1c4d) Importer(2089858483,0ecaa5967403d082aa24f35e1b516d23) [PhysX] Initialized MultithreadedTaskDispatcher with 32 workers.
 -> (artifact id: '4e8be892b9cff7047a40de48b294e92a') in 0.011595 seconds
Number of updated asset objects reloaded before import = 0
Number of asset objects unloaded after import = 1
========================================================================
Received Import Request.
  Time since last request: 0.000135 seconds.
  path: Assets/Oculus/Platform/Scripts/Models/NetSyncSessionsChangedNotification.cs
  artifactKey: Guid(50d03e04604dff74ca3f1633522487b7) Importer(2089858483,0ecaa5967403d082aa24f35e1b516d23)
Start importing Assets/Oculus/Platform/Scripts/Models/NetSyncSessionsChangedNotification.cs using Guid(50d03e04604dff74ca3f1633522487b7) Importer(2089858483,0ecaa5967403d082aa24f35e1b516d23) [PhysX] Initialized MultithreadedTaskDispatcher with 32 workers.
 -> (artifact id: '27362b8b9c3b3f01d5db3c7110e22b20') in 0.012716 seconds
Number of updated asset objects reloaded before import = 0
Number of asset objects unloaded after import = 1
========================================================================
Received Import Request.
  Time since last request: 0.000122 seconds.
  path: Assets/Oculus/LipSync/Models/FemaleHead_Morph/skin_NRM.tga
  artifactKey: Guid(e2d7f58dd4c84431b994602bf58090de) Importer(2089858483,0ecaa5967403d082aa24f35e1b516d23)
Start importing Assets/Oculus/LipSync/Models/FemaleHead_Morph/skin_NRM.tga using Guid(e2d7f58dd4c84431b994602bf58090de) Importer(2089858483,0ecaa5967403d082aa24f35e1b516d23) [PhysX] Initialized MultithreadedTaskDispatcher with 32 workers.
 -> (artifact id: '744cfc01a6adf29bcfd1366fbe3e6ed6') in 0.031774 seconds
Number of updated asset objects reloaded before import = 0
Number of asset objects unloaded after import = 1
========================================================================
Received Import Request.
  Time since last request: 0.000134 seconds.
  path: Assets/Oculus/SampleFramework/Usage/DistanceGrab/GroundMaterial.mat
  artifactKey: Guid(8d8daae58c69eef4e8ac3d976703af6b) Importer(2089858483,0ecaa5967403d082aa24f35e1b516d23)
Start importing Assets/Oculus/SampleFramework/Usage/DistanceGrab/GroundMaterial.mat using Guid(8d8daae58c69eef4e8ac3d976703af6b) Importer(2089858483,0ecaa5967403d082aa24f35e1b516d23) [PhysX] Initialized MultithreadedTaskDispatcher with 32 workers.
 -> (artifact id: '83c963d9df1b3dc05fe6eb303dee3b95') in 0.040694 seconds
Number of updated asset objects reloaded before import = 0
Number of asset objects unloaded after import = 1
========================================================================
Received Import Request.
  Time since last request: 0.000017 seconds.
  path: Assets/Oculus/Platform/Scripts/Models/Team.cs
  artifactKey: Guid(55e3e9482b5cbfa4c8801c1f8b6df5eb) Importer(2089858483,0ecaa5967403d082aa24f35e1b516d23)
Start importing Assets/Oculus/Platform/Scripts/Models/Team.cs using Guid(55e3e9482b5cbfa4c8801c1f8b6df5eb) Importer(2089858483,0ecaa5967403d082aa24f35e1b516d23) [PhysX] Initialized MultithreadedTaskDispatcher with 32 workers.
 -> (artifact id: 'c95fc019e1a0749b6a7cec08430005af') in 0.012001 seconds
Number of updated asset objects reloaded before import = 0
Number of asset objects unloaded after import = 1
========================================================================
Received Import Request.
  Time since last request: 0.000080 seconds.
  path: Assets/Oculus/Platform/Samples/SimplePlatformSample/MainScene.unity
  artifactKey: Guid(318d73ef645634c49839069272d9e4f4) Importer(2089858483,0ecaa5967403d082aa24f35e1b516d23)
Start importing Assets/Oculus/Platform/Samples/SimplePlatformSample/MainScene.unity using Guid(318d73ef645634c49839069272d9e4f4) Importer(2089858483,0ecaa5967403d082aa24f35e1b516d23) [PhysX] Initialized MultithreadedTaskDispatcher with 32 workers.
 -> (artifact id: '2154f7550032c5a8367faf2eac8db3a9') in 0.008459 seconds
Number of updated asset objects reloaded before import = 0
Number of asset objects unloaded after import = 1
========================================================================
Received Import Request.
  Time since last request: 0.000130 seconds.
  path: Assets/Oculus/Spatializer/scenes/materials/SpatializedObject1.mat
  artifactKey: Guid(6498d4298a35c5c44894b5f194468896) Importer(2089858483,0ecaa5967403d082aa24f35e1b516d23)
Start importing Assets/Oculus/Spatializer/scenes/materials/SpatializedObject1.mat using Guid(6498d4298a35c5c44894b5f194468896) Importer(2089858483,0ecaa5967403d082aa24f35e1b516d23) [PhysX] Initialized MultithreadedTaskDispatcher with 32 workers.
 -> (artifact id: '90b2d49b7214b16102db97a8d667bfee') in 0.015371 seconds
Number of updated asset objects reloaded before import = 0
Number of asset objects unloaded after import = 1
========================================================================
Received Import Request.
  Time since last request: 2.421208 seconds.
  path: Assets/Oculus/Voice/Samples/TTSVoices/TTSVoices.unity
  artifactKey: Guid(e99baad8337e84a4f93e76c76b8ce49b) Importer(2089858483,0ecaa5967403d082aa24f35e1b516d23)
Start importing Assets/Oculus/Voice/Samples/TTSVoices/TTSVoices.unity using Guid(e99baad8337e84a4f93e76c76b8ce49b) Importer(2089858483,0ecaa5967403d082aa24f35e1b516d23) [PhysX] Initialized MultithreadedTaskDispatcher with 32 workers.
 -> (artifact id: '122f511ef0c6e9460759a70b8e9521fe') in 0.007633 seconds
Number of updated asset objects reloaded before import = 0
Number of asset objects unloaded after import = 1
========================================================================
Received Import Request.
  Time since last request: 0.000047 seconds.
  path: Assets/Oculus/VR/Editor/OpenXRFeatures/MetaXRFeatureSet.cs
  artifactKey: Guid(e754bcfe5884bbe4c9624274ffec8bac) Importer(2089858483,0ecaa5967403d082aa24f35e1b516d23)
Start importing Assets/Oculus/VR/Editor/OpenXRFeatures/MetaXRFeatureSet.cs using Guid(e754bcfe5884bbe4c9624274ffec8bac) Importer(2089858483,0ecaa5967403d082aa24f35e1b516d23) [PhysX] Initialized MultithreadedTaskDispatcher with 32 workers.
 -> (artifact id: '0436c5d7bc59a6e7cd9a9825882154c6') in 0.016758 seconds
Number of updated asset objects reloaded before import = 0
Number of asset objects unloaded after import = 1
========================================================================
Received Import Request.
  Time since last request: 0.000014 seconds.
  path: Assets/Oculus/VR/Scripts/Util/OVRNetwork.cs
  artifactKey: Guid(df7e9afcfd21ebd44951ca0eeb5cd692) Importer(2089858483,0ecaa5967403d082aa24f35e1b516d23)
Start importing Assets/Oculus/VR/Scripts/Util/OVRNetwork.cs using Guid(df7e9afcfd21ebd44951ca0eeb5cd692) Importer(2089858483,0ecaa5967403d082aa24f35e1b516d23) [PhysX] Initialized MultithreadedTaskDispatcher with 32 workers.
 -> (artifact id: '238b060c4dbdf2470b1782a7a3d953bf') in 0.009578 seconds
Number of updated asset objects reloaded before import = 0
Number of asset objects unloaded after import = 1
========================================================================
Received Import Request.
  Time since last request: 0.000284 seconds.
  path: Assets/Oculus/VR/Scripts/OVRVirtualKeyboard/OVRVirtualKeyboardSampleWPMPrompt.cs
  artifactKey: Guid(4ad6f774c54d4181bd7a2c868a39c8c8) Importer(2089858483,0ecaa5967403d082aa24f35e1b516d23)
Start importing Assets/Oculus/VR/Scripts/OVRVirtualKeyboard/OVRVirtualKeyboardSampleWPMPrompt.cs using Guid(4ad6f774c54d4181bd7a2c868a39c8c8) Importer(2089858483,0ecaa5967403d082aa24f35e1b516d23) [PhysX] Initialized MultithreadedTaskDispatcher with 32 workers.
 -> (artifact id: '6771feecc8cc949b7d5bc325b6571a35') in 0.027716 seconds
Number of updated asset objects reloaded before import = 0
Number of asset objects unloaded after import = 1
========================================================================
Received Import Request.
  Time since last request: 0.000203 seconds.
  path: Assets/Oculus/VR/Scripts/Composition/OVRSandwichComposition.cs
  artifactKey: Guid(3c02efcdd3fb2aa4e9c641b0c2a54b9a) Importer(2089858483,0ecaa5967403d082aa24f35e1b516d23)
Start importing Assets/Oculus/VR/Scripts/Composition/OVRSandwichComposition.cs using Guid(3c02efcdd3fb2aa4e9c641b0c2a54b9a) Importer(2089858483,0ecaa5967403d082aa24f35e1b516d23) [PhysX] Initialized MultithreadedTaskDispatcher with 32 workers.
 -> (artifact id: 'eac79df93f0379c77576530c3cef9642') in 0.017694 seconds
Number of updated asset objects reloaded before import = 0
Number of asset objects unloaded after import = 1
========================================================================
Received Import Request.
  Time since last request: 0.000041 seconds.
  path: Assets/Oculus/VR/Textures/OculusTouchForRift/touchController_controlmap.tga
  artifactKey: Guid(8469e5158ec88094497effdf524ee900) Importer(2089858483,0ecaa5967403d082aa24f35e1b516d23)
Start importing Assets/Oculus/VR/Textures/OculusTouchForRift/touchController_controlmap.tga using Guid(8469e5158ec88094497effdf524ee900) Importer(2089858483,0ecaa5967403d082aa24f35e1b516d23) [PhysX] Initialized MultithreadedTaskDispatcher with 32 workers.
 -> (artifact id: '7b3603732c67b771b48f487cfa40b9e0') in 0.018566 seconds
Number of updated asset objects reloaded before import = 0
Number of asset objects unloaded after import = 1
========================================================================
Received Import Request.
  Time since last request: 0.000299 seconds.
  path: Assets/Oculus/VR/Editor/BuildingBlocks/Meta.XR.BuildingBlocks.Editor.asmdef
  artifactKey: Guid(93bda9a2bc9dddc43930634fa65d6e42) Importer(2089858483,0ecaa5967403d082aa24f35e1b516d23)
Start importing Assets/Oculus/VR/Editor/BuildingBlocks/Meta.XR.BuildingBlocks.Editor.asmdef using Guid(93bda9a2bc9dddc43930634fa65d6e42) Importer(2089858483,0ecaa5967403d082aa24f35e1b516d23) [PhysX] Initialized MultithreadedTaskDispatcher with 32 workers.
 -> (artifact id: '047ad23865df70fac3d77d1b04ed65fb') in 0.012934 seconds
Number of updated asset objects reloaded before import = 0
Number of asset objects unloaded after import = 1
========================================================================
Received Import Request.
  Time since last request: 0.000073 seconds.
  path: Assets/Oculus/VR/Scripts/Composition/OVRComposition.cs
  artifactKey: Guid(829a382f3380d4b46ad9670463232a0b) Importer(2089858483,0ecaa5967403d082aa24f35e1b516d23)
Start importing Assets/Oculus/VR/Scripts/Composition/OVRComposition.cs using Guid(829a382f3380d4b46ad9670463232a0b) Importer(2089858483,0ecaa5967403d082aa24f35e1b516d23) [PhysX] Initialized MultithreadedTaskDispatcher with 32 workers.
 -> (artifact id: '6de8d4a11b67a4bfd1cea78213ee538f') in 0.009729 seconds
Number of updated asset objects reloaded before import = 0
Number of asset objects unloaded after import = 1
========================================================================
Received Import Request.
  Time since last request: 0.000095 seconds.
  path: Assets/Oculus/VR/Editor/OVRTelemetry/OVREditorShutdown.cs
  artifactKey: Guid(80946f7f1ef81084d998df0943b117d6) Importer(2089858483,0ecaa5967403d082aa24f35e1b516d23)
Start importing Assets/Oculus/VR/Editor/OVRTelemetry/OVREditorShutdown.cs using Guid(80946f7f1ef81084d998df0943b117d6) Importer(2089858483,0ecaa5967403d082aa24f35e1b516d23) [PhysX] Initialized MultithreadedTaskDispatcher with 32 workers.
 -> (artifact id: '536b8954f0aa009e49e1ef5f67033cc7') in 0.010380 seconds
Number of updated asset objects reloaded before import = 0
Number of asset objects unloaded after import = 1
========================================================================
Received Import Request.
  Time since last request: 0.000078 seconds.
  path: Assets/Oculus/VR/Scripts/Util/OVRMeshJobs.cs
  artifactKey: Guid(b3f4a655128585a47aba854348fd95a0) Importer(2089858483,0ecaa5967403d082aa24f35e1b516d23)
Start importing Assets/Oculus/VR/Scripts/Util/OVRMeshJobs.cs using Guid(b3f4a655128585a47aba854348fd95a0) Importer(2089858483,0ecaa5967403d082aa24f35e1b516d23) [PhysX] Initialized MultithreadedTaskDispatcher with 32 workers.
 -> (artifact id: 'a6aab48517e65eac36f04623d4d5c5e8') in 0.012380 seconds
Number of updated asset objects reloaded before import = 0
Number of asset objects unloaded after import = 1
========================================================================
Received Import Request.
  Time since last request: 0.000027 seconds.
  path: Assets/Oculus/VR/Editor/BuildingBlocks/CustomHierarchyIcon.cs
  artifactKey: Guid(45f3bbef57a1eb54d9bab25f13fbc2cf) Importer(2089858483,0ecaa5967403d082aa24f35e1b516d23)
Start importing Assets/Oculus/VR/Editor/BuildingBlocks/CustomHierarchyIcon.cs using Guid(45f3bbef57a1eb54d9bab25f13fbc2cf) Importer(2089858483,0ecaa5967403d082aa24f35e1b516d23) [PhysX] Initialized MultithreadedTaskDispatcher with 32 workers.
 -> (artifact id: '26d79f82e72dfc5b190daf6405304970') in 0.013508 seconds
Number of updated asset objects reloaded before import = 0
Number of asset objects unloaded after import = 1
========================================================================
Received Import Request.
  Time since last request: 0.000021 seconds.
  path: Assets/Oculus/VR/Editor/OVRProjectSetup/OVRProjectSetupUtils.cs
  artifactKey: Guid(d8c9cf42992bd9243b91495e0bee3883) Importer(2089858483,0ecaa5967403d082aa24f35e1b516d23)
Start importing Assets/Oculus/VR/Editor/OVRProjectSetup/OVRProjectSetupUtils.cs using Guid(d8c9cf42992bd9243b91495e0bee3883) Importer(2089858483,0ecaa5967403d082aa24f35e1b516d23) [PhysX] Initialized MultithreadedTaskDispatcher with 32 workers.
 -> (artifact id: 'e48d3f5aee309ef1da39d47fafb9b2e4') in 0.012427 seconds
Number of updated asset objects reloaded before import = 0
Number of asset objects unloaded after import = 1
========================================================================
Received Import Request.
  Time since last request: 0.000108 seconds.
  path: Assets/Oculus/AudioManager/Scripts/Audio/Editor/SoundFXPropertyDrawer.cs
  artifactKey: Guid(e791ce392b6937f47b1f7c90c6b402db) Importer(2089858483,0ecaa5967403d082aa24f35e1b516d23)
Start importing Assets/Oculus/AudioManager/Scripts/Audio/Editor/SoundFXPropertyDrawer.cs using Guid(e791ce392b6937f47b1f7c90c6b402db) Importer(2089858483,0ecaa5967403d082aa24f35e1b516d23) [PhysX] Initialized MultithreadedTaskDispatcher with 32 workers.
 -> (artifact id: 'afc89a4c0fee906ab740f5b205e556b2') in 0.014536 seconds
Number of updated asset objects reloaded before import = 0
Number of asset objects unloaded after import = 1
========================================================================
Received Import Request.
  Time since last request: 0.000063 seconds.
  path: Assets/Oculus/AudioManager/Scripts/Audio/Editor/Oculus.AudioManager.Audio.Editor.asmdef
  artifactKey: Guid(e2367297a6c431949a05cf8078ad917d) Importer(2089858483,0ecaa5967403d082aa24f35e1b516d23)
Start importing Assets/Oculus/AudioManager/Scripts/Audio/Editor/Oculus.AudioManager.Audio.Editor.asmdef using Guid(e2367297a6c431949a05cf8078ad917d) Importer(2089858483,0ecaa5967403d082aa24f35e1b516d23) [PhysX] Initialized MultithreadedTaskDispatcher with 32 workers.
 -> (artifact id: 'cd101b78d747178a139e599b12acd15d') in 0.012618 seconds
Number of updated asset objects reloaded before import = 0
Number of asset objects unloaded after import = 1
========================================================================
Received Import Request.
  Time since last request: 0.000111 seconds.
  path: Assets/Oculus/VR/Scripts/OVRVirtualKeyboard/OVRVirtualKeyboardControllerInputHandler.cs
  artifactKey: Guid(361ce7a1a5551c24badfb5e31a467aaf) Importer(2089858483,0ecaa5967403d082aa24f35e1b516d23)
Start importing Assets/Oculus/VR/Scripts/OVRVirtualKeyboard/OVRVirtualKeyboardControllerInputHandler.cs using Guid(361ce7a1a5551c24badfb5e31a467aaf) Importer(2089858483,0ecaa5967403d082aa24f35e1b516d23) [PhysX] Initialized MultithreadedTaskDispatcher with 32 workers.
 -> (artifact id: '05aae05b27b11f5b318cda7158bedae2') in 0.012758 seconds
Number of updated asset objects reloaded before import = 0
Number of asset objects unloaded after import = 1
========================================================================
Received Import Request.
  Time since last request: 0.000171 seconds.
  path: Assets/Oculus/VR/Scripts/OVRVirtualKeyboard/OVRVirtualKeyboardSampleInputHandler.cs
  artifactKey: Guid(cc63033c3cdd4ad09f74f921a53d6321) Importer(2089858483,0ecaa5967403d082aa24f35e1b516d23)
Start importing Assets/Oculus/VR/Scripts/OVRVirtualKeyboard/OVRVirtualKeyboardSampleInputHandler.cs using Guid(cc63033c3cdd4ad09f74f921a53d6321) Importer(2089858483,0ecaa5967403d082aa24f35e1b516d23) [PhysX] Initialized MultithreadedTaskDispatcher with 32 workers.
 -> (artifact id: '0a25764997c9fb602ca04cbfb8e66eba') in 0.014724 seconds
Number of updated asset objects reloaded before import = 0
Number of asset objects unloaded after import = 1
========================================================================
Received Import Request.
  Time since last request: 0.000067 seconds.
  path: Assets/Oculus/VR/Textures/MetaQuestTouchPro/controller_r_lo_Normal.png
  artifactKey: Guid(fe6dffbda2f52bb4998faa03fee04336) Importer(2089858483,0ecaa5967403d082aa24f35e1b516d23)
Start importing Assets/Oculus/VR/Textures/MetaQuestTouchPro/controller_r_lo_Normal.png using Guid(fe6dffbda2f52bb4998faa03fee04336) Importer(2089858483,0ecaa5967403d082aa24f35e1b516d23) [PhysX] Initialized MultithreadedTaskDispatcher with 32 workers.
 -> (artifact id: 'fdb016778058fa2809dbb18fa51e2f6c') in 0.019682 seconds
Number of updated asset objects reloaded before import = 0
Number of asset objects unloaded after import = 1
========================================================================
Received Import Request.
  Time since last request: 0.000054 seconds.
  path: Assets/Oculus/VR/Scripts/Util/OVRRecord.cs
  artifactKey: Guid(63f0fe0d60ddeb54f9f43d701286af2d) Importer(2089858483,0ecaa5967403d082aa24f35e1b516d23)
Start importing Assets/Oculus/VR/Scripts/Util/OVRRecord.cs using Guid(63f0fe0d60ddeb54f9f43d701286af2d) Importer(2089858483,0ecaa5967403d082aa24f35e1b516d23) [PhysX] Initialized MultithreadedTaskDispatcher with 32 workers.
 -> (artifact id: 'c622eeb620bb64029e7aede8bef0ba83') in 0.010917 seconds
Number of updated asset objects reloaded before import = 0
Number of asset objects unloaded after import = 1
========================================================================
Received Import Request.
  Time since last request: 0.000116 seconds.
  path: Assets/Oculus/VR/Scripts/Editor/OVRSkeletonEditor.cs
  artifactKey: Guid(8695749c9d2c4b408eba12edb958ce84) Importer(2089858483,0ecaa5967403d082aa24f35e1b516d23)
Start importing Assets/Oculus/VR/Scripts/Editor/OVRSkeletonEditor.cs using Guid(8695749c9d2c4b408eba12edb958ce84) Importer(2089858483,0ecaa5967403d082aa24f35e1b516d23) [PhysX] Initialized MultithreadedTaskDispatcher with 32 workers.
 -> (artifact id: 'af434c0308f4d14938a4ca0a7dfd35a1') in 0.008610 seconds
Number of updated asset objects reloaded before import = 0
Number of asset objects unloaded after import = 1
========================================================================
Received Import Request.
  Time since last request: 0.000089 seconds.
  path: Assets/Oculus/VR/Scripts/Util/OVRDebugInfo.cs
  artifactKey: Guid(b71d1996d67004241a3b69960856ffcb) Importer(2089858483,0ecaa5967403d082aa24f35e1b516d23)
Start importing Assets/Oculus/VR/Scripts/Util/OVRDebugInfo.cs using Guid(b71d1996d67004241a3b69960856ffcb) Importer(2089858483,0ecaa5967403d082aa24f35e1b516d23) [PhysX] Initialized MultithreadedTaskDispatcher with 32 workers.
 -> (artifact id: '77d8d7b8417ab71e428eba7f8a570bb7') in 0.007237 seconds
Number of updated asset objects reloaded before import = 0
Number of asset objects unloaded after import = 1
========================================================================
Received Import Request.
  Time since last request: 0.000116 seconds.
  path: Assets/Oculus/VR/Scripts/Util/OVRControllerHelper.cs
  artifactKey: Guid(aed62bf3ae2456c408f247f96808ce96) Importer(2089858483,0ecaa5967403d082aa24f35e1b516d23)
Start importing Assets/Oculus/VR/Scripts/Util/OVRControllerHelper.cs using Guid(aed62bf3ae2456c408f247f96808ce96) Importer(2089858483,0ecaa5967403d082aa24f35e1b516d23) [PhysX] Initialized MultithreadedTaskDispatcher with 32 workers.
 -> (artifact id: 'a9628b0c82be2656189e41d94391be49') in 0.007168 seconds
Number of updated asset objects reloaded before import = 0
Number of asset objects unloaded after import = 1
========================================================================
Received Import Request.
  Time since last request: 0.000127 seconds.
  path: Assets/Oculus/AudioManager/Scripts/Audio/Editor/AudioManagerInspector.cs
  artifactKey: Guid(9f04a80514947486d9793cab0005447f) Importer(2089858483,0ecaa5967403d082aa24f35e1b516d23)
Start importing Assets/Oculus/AudioManager/Scripts/Audio/Editor/AudioManagerInspector.cs using Guid(9f04a80514947486d9793cab0005447f) Importer(2089858483,0ecaa5967403d082aa24f35e1b516d23) [PhysX] Initialized MultithreadedTaskDispatcher with 32 workers.
 -> (artifact id: 'ba165c4e1d5123e185c88eabc32d6afb') in 0.011183 seconds
Number of updated asset objects reloaded before import = 0
Number of asset objects unloaded after import = 1
========================================================================
Received Import Request.
  Time since last request: 0.000077 seconds.
  path: Assets/Oculus/VR/Meshes/MetaQuestTouchPlus/MetaQuestTouchPlus_Left.fbx
  artifactKey: Guid(2b1aaafc31655024394d83dc00911c1c) Importer(2089858483,0ecaa5967403d082aa24f35e1b516d23)
Start importing Assets/Oculus/VR/Meshes/MetaQuestTouchPlus/MetaQuestTouchPlus_Left.fbx using Guid(2b1aaafc31655024394d83dc00911c1c) Importer(2089858483,0ecaa5967403d082aa24f35e1b516d23) [PhysX] Initialized MultithreadedTaskDispatcher with 32 workers.
 -> (artifact id: 'c7755d9607740a51de17b9196db28685') in 0.068228 seconds
Number of updated asset objects reloaded before import = 0
Number of asset objects unloaded after import = 49
========================================================================
Received Import Request.
  Time since last request: 0.000019 seconds.
  path: Assets/Oculus/VR/Scripts/BuildingBlocks/BuildingBlock.cs
  artifactKey: Guid(5b023183069df224080314a560e6e1ff) Importer(2089858483,0ecaa5967403d082aa24f35e1b516d23)
Start importing Assets/Oculus/VR/Scripts/BuildingBlocks/BuildingBlock.cs using Guid(5b023183069df224080314a560e6e1ff) Importer(2089858483,0ecaa5967403d082aa24f35e1b516d23) [PhysX] Initialized MultithreadedTaskDispatcher with 32 workers.
 -> (artifact id: '3d7f7249575965a25b4d7f2e6556a7f5') in 0.019281 seconds
Number of updated asset objects reloaded before import = 0
Number of asset objects unloaded after import = 2
========================================================================
Received Import Request.
  Time since last request: 0.000079 seconds.
  path: Assets/Oculus/VR/Editor/BuildingBlocks/BlockBaseData.cs
  artifactKey: Guid(1780035368273fe41aee25e63916b5d2) Importer(2089858483,0ecaa5967403d082aa24f35e1b516d23)
Start importing Assets/Oculus/VR/Editor/BuildingBlocks/BlockBaseData.cs using Guid(1780035368273fe41aee25e63916b5d2) Importer(2089858483,0ecaa5967403d082aa24f35e1b516d23) [PhysX] Initialized MultithreadedTaskDispatcher with 32 workers.
 -> (artifact id: 'fe631cbf453402224731fbbda3fb8fcd') in 0.014453 seconds
Number of updated asset objects reloaded before import = 0
Number of asset objects unloaded after import = 1
========================================================================
Received Import Request.
  Time since last request: 0.000075 seconds.
  path: Assets/Oculus/VR/Editor/OVRProjectSetup/OVRProjectSetupSettings.cs
  artifactKey: Guid(939e07d58bc74256b6cb58d86fe35a56) Importer(2089858483,0ecaa5967403d082aa24f35e1b516d23)
Start importing Assets/Oculus/VR/Editor/OVRProjectSetup/OVRProjectSetupSettings.cs using Guid(939e07d58bc74256b6cb58d86fe35a56) Importer(2089858483,0ecaa5967403d082aa24f35e1b516d23) [PhysX] Initialized MultithreadedTaskDispatcher with 32 workers.
 -> (artifact id: '6eab818f604624f6ca41b9ff81ee025c') in 0.009150 seconds
Number of updated asset objects reloaded before import = 0
Number of asset objects unloaded after import = 1
========================================================================
Received Import Request.
  Time since last request: 0.000133 seconds.
  path: Assets/Oculus/Interaction/Editor/Selection/Hands/ConicalFrustumEditor.cs
  artifactKey: Guid(f7a5cb795adad5546a86a929a3211ab3) Importer(2089858483,0ecaa5967403d082aa24f35e1b516d23)
Start importing Assets/Oculus/Interaction/Editor/Selection/Hands/ConicalFrustumEditor.cs using Guid(f7a5cb795adad5546a86a929a3211ab3) Importer(2089858483,0ecaa5967403d082aa24f35e1b516d23) [PhysX] Initialized MultithreadedTaskDispatcher with 32 workers.
 -> (artifact id: '5fd5ccb8970cb5bf1326b9783ef6ffa0') in 0.015204 seconds
Number of updated asset objects reloaded before import = 0
Number of asset objects unloaded after import = 1
========================================================================
Received Import Request.
  Time since last request: 0.000074 seconds.
  path: Assets/Oculus/VR/Meshes/MetaQuestTouchPlus/MetaQuestTouchPlus_Right.fbx
  artifactKey: Guid(deed68a7fd2e9234899298cf80fae7ad) Importer(2089858483,0ecaa5967403d082aa24f35e1b516d23)
Start importing Assets/Oculus/VR/Meshes/MetaQuestTouchPlus/MetaQuestTouchPlus_Right.fbx using Guid(deed68a7fd2e9234899298cf80fae7ad) Importer(2089858483,0ecaa5967403d082aa24f35e1b516d23) [PhysX] Initialized MultithreadedTaskDispatcher with 32 workers.
 -> (artifact id: '873b5caa22efaa68923e59af41a1321b') in 0.055783 seconds
Number of updated asset objects reloaded before import = 0
Number of asset objects unloaded after import = 49
========================================================================
Received Import Request.
  Time since last request: 0.000018 seconds.
  path: Assets/Oculus/Interaction/OVRIntegration/Editor/AutoWiring/OVRAutoWiring.cs
  artifactKey: Guid(3101156b92d612946bc5cff636ced1ae) Importer(2089858483,0ecaa5967403d082aa24f35e1b516d23)
Start importing Assets/Oculus/Interaction/OVRIntegration/Editor/AutoWiring/OVRAutoWiring.cs using Guid(3101156b92d612946bc5cff636ced1ae) Importer(2089858483,0ecaa5967403d082aa24f35e1b516d23) [PhysX] Initialized MultithreadedTaskDispatcher with 32 workers.
 -> (artifact id: 'bf4fab2c16ed1f05adae65993a376bfc') in 0.011269 seconds
Number of updated asset objects reloaded before import = 0
Number of asset objects unloaded after import = 1
========================================================================
Received Import Request.
  Time since last request: 0.000028 seconds.
  path: Assets/Oculus/VR/Meshes/OculusTouchForQuestAndRiftS/OculusTouchForQuestAndRiftS_Left.fbx
  artifactKey: Guid(32fbc8bcebb64584da5868aeeb086cda) Importer(2089858483,0ecaa5967403d082aa24f35e1b516d23)
Start importing Assets/Oculus/VR/Meshes/OculusTouchForQuestAndRiftS/OculusTouchForQuestAndRiftS_Left.fbx using Guid(32fbc8bcebb64584da5868aeeb086cda) Importer(2089858483,0ecaa5967403d082aa24f35e1b516d23) [PhysX] Initialized MultithreadedTaskDispatcher with 32 workers.
 -> (artifact id: 'e7106973dd1d7f2f20bfc84002423769') in 0.047143 seconds
Number of updated asset objects reloaded before import = 0
Number of asset objects unloaded after import = 49
========================================================================
Received Import Request.
  Time since last request: 2.304151 seconds.
  path: Assets/Oculus/Interaction/Runtime/Animations/Hands/HandCap_r_.anim
  artifactKey: Guid(6bc7ce953b327f747b7db6b0d87e796b) Importer(2089858483,0ecaa5967403d082aa24f35e1b516d23)
Start importing Assets/Oculus/Interaction/Runtime/Animations/Hands/HandCap_r_.anim using Guid(6bc7ce953b327f747b7db6b0d87e796b) Importer(2089858483,0ecaa5967403d082aa24f35e1b516d23) [PhysX] Initialized MultithreadedTaskDispatcher with 32 workers.
 -> (artifact id: '88a043c2121f4b47a24ebe40a888f982') in 0.012227 seconds
Number of updated asset objects reloaded before import = 0
Number of asset objects unloaded after import = 1
========================================================================
Received Import Request.
  Time since last request: 0.000059 seconds.
  path: Assets/Oculus/Interaction/Runtime/Scripts/PoseDetection/ColliderContainsHandJointActiveState.cs
  artifactKey: Guid(af496e475135e134aa6a3ad7e0109882) Importer(2089858483,0ecaa5967403d082aa24f35e1b516d23)
Start importing Assets/Oculus/Interaction/Runtime/Scripts/PoseDetection/ColliderContainsHandJointActiveState.cs using Guid(af496e475135e134aa6a3ad7e0109882) Importer(2089858483,0ecaa5967403d082aa24f35e1b516d23) [PhysX] Initialized MultithreadedTaskDispatcher with 32 workers.
 -> (artifact id: '5fa7aa7c785466fcc0e871dd04d5edb8') in 0.011232 seconds
Number of updated asset objects reloaded before import = 0
Number of asset objects unloaded after import = 1
========================================================================
Received Import Request.
  Time since last request: 0.000120 seconds.
  path: Assets/Oculus/Interaction/Runtime/Prefabs/Debug/InteractorDebugVisual.prefab
  artifactKey: Guid(70ed9ea80d1fb9f4bb7e91a1a4456b29) Importer(2089858483,0ecaa5967403d082aa24f35e1b516d23)
Start importing Assets/Oculus/Interaction/Runtime/Prefabs/Debug/InteractorDebugVisual.prefab using Guid(70ed9ea80d1fb9f4bb7e91a1a4456b29) Importer(2089858483,0ecaa5967403d082aa24f35e1b516d23) [PhysX] Initialized MultithreadedTaskDispatcher with 32 workers.
 -> (artifact id: '4dc580ee36789e5d626a3a95f9852434') in 0.029893 seconds
Number of updated asset objects reloaded before import = 0
Number of asset objects unloaded after import = 7
========================================================================
Received Import Request.
  Time since last request: 0.000026 seconds.
  path: Assets/Oculus/Interaction/Runtime/Scripts/Collisions/IsCapsuleWithinColliderApprox.cs
  artifactKey: Guid(b0502bb2a0224d844b255565fd926a1a) Importer(2089858483,0ecaa5967403d082aa24f35e1b516d23)
Start importing Assets/Oculus/Interaction/Runtime/Scripts/Collisions/IsCapsuleWithinColliderApprox.cs using Guid(b0502bb2a0224d844b255565fd926a1a) Importer(2089858483,0ecaa5967403d082aa24f35e1b516d23) [PhysX] Initialized MultithreadedTaskDispatcher with 32 workers.
 -> (artifact id: '816a2212f76ce119b3dfebdcf215eaf4') in 0.009254 seconds
Number of updated asset objects reloaded before import = 0
Number of asset objects unloaded after import = 1
========================================================================
Received Import Request.
  Time since last request: 0.000182 seconds.
  path: Assets/Oculus/Interaction/Runtime/Prefabs/Locomotion/TeleportHandInteractor.prefab
  artifactKey: Guid(7554c31b8982af447ace36d015744ef2) Importer(2089858483,0ecaa5967403d082aa24f35e1b516d23)
Start importing Assets/Oculus/Interaction/Runtime/Prefabs/Locomotion/TeleportHandInteractor.prefab using Guid(7554c31b8982af447ace36d015744ef2) Importer(2089858483,0ecaa5967403d082aa24f35e1b516d23) [PhysX] Initialized MultithreadedTaskDispatcher with 32 workers.
 -> (artifact id: '53f9b14ad5621cd82fabde4759ea3e82') in 0.035846 seconds
Number of updated asset objects reloaded before import = 0
Number of asset objects unloaded after import = 51
========================================================================
Received Import Request.
  Time since last request: 0.000020 seconds.
  path: Assets/Oculus/Interaction/Runtime/Prefabs/Locomotion/HandTurnerInteractor.prefab
  artifactKey: Guid(33eb956ef103d39499719c0aa41102b4) Importer(2089858483,0ecaa5967403d082aa24f35e1b516d23)
Start importing Assets/Oculus/Interaction/Runtime/Prefabs/Locomotion/HandTurnerInteractor.prefab using Guid(33eb956ef103d39499719c0aa41102b4) Importer(2089858483,0ecaa5967403d082aa24f35e1b516d23) [PhysX] Initialized MultithreadedTaskDispatcher with 32 workers.
 -> (artifact id: 'a9fb12e6ca98eb15585933e1bb661a00') in 0.028189 seconds
Number of updated asset objects reloaded before import = 0
Number of asset objects unloaded after import = 58
========================================================================
Received Import Request.
  Time since last request: 0.000027 seconds.
  path: Assets/Oculus/Interaction/Runtime/Scripts/Movements/ObjectPullProvider.cs
  artifactKey: Guid(c42b92a6b90197042be7c25c2a319e55) Importer(2089858483,0ecaa5967403d082aa24f35e1b516d23)
Start importing Assets/Oculus/Interaction/Runtime/Scripts/Movements/ObjectPullProvider.cs using Guid(c42b92a6b90197042be7c25c2a319e55) Importer(2089858483,0ecaa5967403d082aa24f35e1b516d23) [PhysX] Initialized MultithreadedTaskDispatcher with 32 workers.
 -> (artifact id: 'eb9a8481a02dacafc79d2b1efd140fea') in 0.006392 seconds
Number of updated asset objects reloaded before import = 0
Number of asset objects unloaded after import = 1
========================================================================
Received Import Request.
  Time since last request: 0.000039 seconds.
  path: Assets/Oculus/Interaction/Samples/Audio/Content/Interaction_BasicRay_Back.wav
  artifactKey: Guid(4393389c4e9969940bfda2dc7f786204) Importer(2089858483,0ecaa5967403d082aa24f35e1b516d23)
Start importing Assets/Oculus/Interaction/Samples/Audio/Content/Interaction_BasicRay_Back.wav using Guid(4393389c4e9969940bfda2dc7f786204) Importer(2089858483,0ecaa5967403d082aa24f35e1b516d23) [PhysX] Initialized MultithreadedTaskDispatcher with 32 workers.
 -> (artifact id: 'e816a85bad66a46cd92058256adbe43c') in 0.022313 seconds
Number of updated asset objects reloaded before import = 0
Number of asset objects unloaded after import = 1
========================================================================
Received Import Request.
  Time since last request: 0.000084 seconds.
  path: Assets/Oculus/Interaction/Samples/Audio/Content/Interaction_BasicGrab_Release_05.wav
  artifactKey: Guid(c50c15daa22b036448a23aa43ec3381e) Importer(2089858483,0ecaa5967403d082aa24f35e1b516d23)
Start importing Assets/Oculus/Interaction/Samples/Audio/Content/Interaction_BasicGrab_Release_05.wav using Guid(c50c15daa22b036448a23aa43ec3381e) Importer(2089858483,0ecaa5967403d082aa24f35e1b516d23) [PhysX] Initialized MultithreadedTaskDispatcher with 32 workers.
 -> (artifact id: '2a31d4d3f938694feaa81e405f1f3b9f') in 0.022608 seconds
Number of updated asset objects reloaded before import = 0
Number of asset objects unloaded after import = 1
========================================================================
Received Import Request.
  Time since last request: 0.000128 seconds.
  path: Assets/Oculus/Interaction/Runtime/Prefabs/Locomotion/TeleportControllerInteractor.prefab
  artifactKey: Guid(9dbe1cda60e679648bfee3898ce17d93) Importer(2089858483,0ecaa5967403d082aa24f35e1b516d23)
Start importing Assets/Oculus/Interaction/Runtime/Prefabs/Locomotion/TeleportControllerInteractor.prefab using Guid(9dbe1cda60e679648bfee3898ce17d93) Importer(2089858483,0ecaa5967403d082aa24f35e1b516d23) [PhysX] Initialized MultithreadedTaskDispatcher with 32 workers.
 -> (artifact id: '17f49567f64b45bee3e6227f3d5cb8bd') in 0.022300 seconds
Number of updated asset objects reloaded before import = 0
Number of asset objects unloaded after import = 53
========================================================================
Received Import Request.
  Time since last request: 0.000024 seconds.
  path: Assets/Oculus/Interaction/Samples/Audio/Prefabs/BasicGesturesSwipeAudio.prefab
  artifactKey: Guid(87f21855284871e4aa142d376bd8f2ab) Importer(2089858483,0ecaa5967403d082aa24f35e1b516d23)
Start importing Assets/Oculus/Interaction/Samples/Audio/Prefabs/BasicGesturesSwipeAudio.prefab using Guid(87f21855284871e4aa142d376bd8f2ab) Importer(2089858483,0ecaa5967403d082aa24f35e1b516d23) [PhysX] Initialized MultithreadedTaskDispatcher with 32 workers.
 -> (artifact id: '56ecdacf06d18fd3d367fc5eaecdfeb5') in 0.033551 seconds
Number of updated asset objects reloaded before import = 0
Number of asset objects unloaded after import = 7
========================================================================
Received Import Request.
  Time since last request: 0.000017 seconds.
  path: Assets/Oculus/Interaction/Runtime/Scripts/PoseDetection/JointDistanceActiveState.cs
  artifactKey: Guid(06fe84cad95e40a428c3ca4346ad3afd) Importer(2089858483,0ecaa5967403d082aa24f35e1b516d23)
Start importing Assets/Oculus/Interaction/Runtime/Scripts/PoseDetection/JointDistanceActiveState.cs using Guid(06fe84cad95e40a428c3ca4346ad3afd) Importer(2089858483,0ecaa5967403d082aa24f35e1b516d23) [PhysX] Initialized MultithreadedTaskDispatcher with 32 workers.
 -> (artifact id: 'b3691a4598ee773a2f0a002bed1ab7b0') in 0.009280 seconds
Number of updated asset objects reloaded before import = 0
Number of asset objects unloaded after import = 1
========================================================================
Received Import Request.
  Time since last request: 0.000150 seconds.
  path: Assets/Oculus/Interaction/Runtime/Shaders/Locomotion/Hotspot.shader
  artifactKey: Guid(c6205320beaf25644968a9120395a1ad) Importer(2089858483,0ecaa5967403d082aa24f35e1b516d23)
Start importing Assets/Oculus/Interaction/Runtime/Shaders/Locomotion/Hotspot.shader using Guid(c6205320beaf25644968a9120395a1ad) Importer(2089858483,0ecaa5967403d082aa24f35e1b516d23) [PhysX] Initialized MultithreadedTaskDispatcher with 32 workers.
 -> (artifact id: 'b6676f3be429a32834afc3d99fa59f84') in 0.010827 seconds
Number of updated asset objects reloaded before import = 0
Number of asset objects unloaded after import = 1
========================================================================
Received Import Request.
  Time since last request: 0.000109 seconds.
  path: Assets/Oculus/Interaction/Runtime/Prefabs/Hands/RightHandVisual.prefab
  artifactKey: Guid(68af3ca65203dda408ed2b00fe76c117) Importer(2089858483,0ecaa5967403d082aa24f35e1b516d23)
Start importing Assets/Oculus/Interaction/Runtime/Prefabs/Hands/RightHandVisual.prefab using Guid(68af3ca65203dda408ed2b00fe76c117) Importer(2089858483,0ecaa5967403d082aa24f35e1b516d23) [PhysX] Initialized MultithreadedTaskDispatcher with 32 workers.
 -> (artifact id: '06e5d146bcdf5e74343a463f04128308') in 0.019941 seconds
Number of updated asset objects reloaded before import = 0
Number of asset objects unloaded after import = 6
========================================================================
Received Import Request.
  Time since last request: 0.000076 seconds.
  path: Assets/Oculus/Interaction/Runtime/Prefabs/Body/Body.prefab
  artifactKey: Guid(70fbb28682c6d554a8a8e495be5a36a5) Importer(2089858483,0ecaa5967403d082aa24f35e1b516d23)
Start importing Assets/Oculus/Interaction/Runtime/Prefabs/Body/Body.prefab using Guid(70fbb28682c6d554a8a8e495be5a36a5) Importer(2089858483,0ecaa5967403d082aa24f35e1b516d23) [PhysX] Initialized MultithreadedTaskDispatcher with 32 workers.
 -> (artifact id: '27878c1d08e5ad7c4023194c7f8addec') in 0.018548 seconds
Number of updated asset objects reloaded before import = 0
Number of asset objects unloaded after import = 5
========================================================================
Received Import Request.
  Time since last request: 0.000099 seconds.
  path: Assets/Oculus/Interaction/Samples/Audio/Prefabs/ComplexGrabStoneReleaseAudio.prefab
  artifactKey: Guid(721e429017725a24fa6362e8d93267a2) Importer(2089858483,0ecaa5967403d082aa24f35e1b516d23)
Start importing Assets/Oculus/Interaction/Samples/Audio/Prefabs/ComplexGrabStoneReleaseAudio.prefab using Guid(721e429017725a24fa6362e8d93267a2) Importer(2089858483,0ecaa5967403d082aa24f35e1b516d23) [PhysX] Initialized MultithreadedTaskDispatcher with 32 workers.
 -> (artifact id: 'f631a200ca44665225ff1bd116c1d185') in 0.029441 seconds
Number of updated asset objects reloaded before import = 0
Number of asset objects unloaded after import = 11
========================================================================
Received Import Request.
  Time since last request: 0.000031 seconds.
  path: Assets/Oculus/Interaction/Runtime/Resources/Shaders/UIOverlay.shader
  artifactKey: Guid(8b285c159c620c6459d22feaaadf4445) Importer(2089858483,0ecaa5967403d082aa24f35e1b516d23)
Start importing Assets/Oculus/Interaction/Runtime/Resources/Shaders/UIOverlay.shader using Guid(8b285c159c620c6459d22feaaadf4445) Importer(2089858483,0ecaa5967403d082aa24f35e1b516d23) [PhysX] Initialized MultithreadedTaskDispatcher with 32 workers.
 -> (artifact id: 'e1bdb6cf289e893f9ae11c942b2cf437') in 0.015103 seconds
Number of updated asset objects reloaded before import = 0
Number of asset objects unloaded after import = 1
========================================================================
Received Import Request.
  Time since last request: 0.000106 seconds.
  path: Assets/Oculus/Interaction/Runtime/Animations/Hands/IndexSlide_l_.anim
  artifactKey: Guid(79c929058091c4b45b0eb31f8c58f015) Importer(2089858483,0ecaa5967403d082aa24f35e1b516d23)
Start importing Assets/Oculus/Interaction/Runtime/Animations/Hands/IndexSlide_l_.anim using Guid(79c929058091c4b45b0eb31f8c58f015) Importer(2089858483,0ecaa5967403d082aa24f35e1b516d23) [PhysX] Initialized MultithreadedTaskDispatcher with 32 workers.
 -> (artifact id: 'cf310de65bb87822d64953124acb6336') in 0.016375 seconds
Number of updated asset objects reloaded before import = 0
Number of asset objects unloaded after import = 1
========================================================================
Received Import Request.
  Time since last request: 0.000137 seconds.
  path: Assets/Oculus/Interaction/Samples/Audio/Content/Interaction_BasicPoke_ToyButton_Release_03.wav
  artifactKey: Guid(ef4f51c9b55aa174e96e815bd0e7cbda) Importer(2089858483,0ecaa5967403d082aa24f35e1b516d23)
Start importing Assets/Oculus/Interaction/Samples/Audio/Content/Interaction_BasicPoke_ToyButton_Release_03.wav using Guid(ef4f51c9b55aa174e96e815bd0e7cbda) Importer(2089858483,0ecaa5967403d082aa24f35e1b516d23) [PhysX] Initialized MultithreadedTaskDispatcher with 32 workers.
 -> (artifact id: '0466964dbdfa89bab8e7f14a6331909e') in 0.031588 seconds
Number of updated asset objects reloaded before import = 0
Number of asset objects unloaded after import = 1
========================================================================
Received Import Request.
  Time since last request: 0.000018 seconds.
  path: Assets/Oculus/Interaction/Runtime/Resources/Shaders/Imposter_AlphaCutout.shader
  artifactKey: Guid(10b48d0db7f496b49b9f141e7cd253af) Importer(2089858483,0ecaa5967403d082aa24f35e1b516d23)
Start importing Assets/Oculus/Interaction/Runtime/Resources/Shaders/Imposter_AlphaCutout.shader using Guid(10b48d0db7f496b49b9f141e7cd253af) Importer(2089858483,0ecaa5967403d082aa24f35e1b516d23) [PhysX] Initialized MultithreadedTaskDispatcher with 32 workers.
 -> (artifact id: 'e709ea8321a57bd193ba9d7d1180a2a5') in 0.012422 seconds
Number of updated asset objects reloaded before import = 0
Number of asset objects unloaded after import = 1
========================================================================
Received Import Request.
  Time since last request: 0.000117 seconds.
  path: Assets/Oculus/Interaction/Runtime/Scripts/Unity/PointableCanvas.cs
  artifactKey: Guid(3ffe41fe81087fa41a2062cc69b99615) Importer(2089858483,0ecaa5967403d082aa24f35e1b516d23)
Start importing Assets/Oculus/Interaction/Runtime/Scripts/Unity/PointableCanvas.cs using Guid(3ffe41fe81087fa41a2062cc69b99615) Importer(2089858483,0ecaa5967403d082aa24f35e1b516d23) [PhysX] Initialized MultithreadedTaskDispatcher with 32 workers.
 -> (artifact id: '3a1ae8de90249fc4f7e36e72499cfbf5') in 0.010684 seconds
Number of updated asset objects reloaded before import = 0
Number of asset objects unloaded after import = 1
========================================================================
Received Import Request.
  Time since last request: 0.000129 seconds.
  path: Assets/Oculus/Interaction/Runtime/Scripts/PoseDetection/HmdOffset.cs
  artifactKey: Guid(8310d4698426ea24e923c8a77fe0f3a0) Importer(2089858483,0ecaa5967403d082aa24f35e1b516d23)
Start importing Assets/Oculus/Interaction/Runtime/Scripts/PoseDetection/HmdOffset.cs using Guid(8310d4698426ea24e923c8a77fe0f3a0) Importer(2089858483,0ecaa5967403d082aa24f35e1b516d23) [PhysX] Initialized MultithreadedTaskDispatcher with 32 workers.
 -> (artifact id: 'd246c02013d3aa21d40f274aa5af18f7') in 0.008943 seconds
Number of updated asset objects reloaded before import = 0
Number of asset objects unloaded after import = 1
========================================================================
Received Import Request.
  Time since last request: 0.000133 seconds.
  path: Assets/Oculus/Interaction/Samples/Audio/Content/Interaction_Object_Impact_08.wav
  artifactKey: Guid(b52bcbc955bfb7b4b866604115d42e9c) Importer(2089858483,0ecaa5967403d082aa24f35e1b516d23)
Start importing Assets/Oculus/Interaction/Samples/Audio/Content/Interaction_Object_Impact_08.wav using Guid(b52bcbc955bfb7b4b866604115d42e9c) Importer(2089858483,0ecaa5967403d082aa24f35e1b516d23) [PhysX] Initialized MultithreadedTaskDispatcher with 32 workers.
 -> (artifact id: '326df4af79a79af40ac7770a3707bad2') in 0.041564 seconds
Number of updated asset objects reloaded before import = 0
Number of asset objects unloaded after import = 1
========================================================================
Received Import Request.
  Time since last request: 0.000065 seconds.
  path: Assets/Oculus/Interaction/Runtime/Scripts/Unity/PointableCanvasMesh.cs
  artifactKey: Guid(b78f8e52fe10fd9499c5e5c8b3f953fd) Importer(2089858483,0ecaa5967403d082aa24f35e1b516d23)
Start importing Assets/Oculus/Interaction/Runtime/Scripts/Unity/PointableCanvasMesh.cs using Guid(b78f8e52fe10fd9499c5e5c8b3f953fd) Importer(2089858483,0ecaa5967403d082aa24f35e1b516d23) [PhysX] Initialized MultithreadedTaskDispatcher with 32 workers.
 -> (artifact id: '5280e1a5df1339085dd7ca85ff87d4f5') in 0.008494 seconds
Number of updated asset objects reloaded before import = 0
Number of asset objects unloaded after import = 1
========================================================================
Received Import Request.
  Time since last request: 0.000100 seconds.
  path: Assets/Oculus/Interaction/Runtime/Scripts/Attributes/OptionalAttribute.cs
  artifactKey: Guid(ed8877737b1570c42b9dafa5f1dcce9f) Importer(2089858483,0ecaa5967403d082aa24f35e1b516d23)
Start importing Assets/Oculus/Interaction/Runtime/Scripts/Attributes/OptionalAttribute.cs using Guid(ed8877737b1570c42b9dafa5f1dcce9f) Importer(2089858483,0ecaa5967403d082aa24f35e1b516d23) [PhysX] Initialized MultithreadedTaskDispatcher with 32 workers.
 -> (artifact id: '89e8620af964bf0b64b4d9d958e09a0c') in 0.008875 seconds
Number of updated asset objects reloaded before import = 0
Number of asset objects unloaded after import = 1
========================================================================
Received Import Request.
  Time since last request: 0.000065 seconds.
  path: Assets/Oculus/Interaction/Samples/Audio/Prefabs/BasicPokeCanvasReleaseAudio.prefab
  artifactKey: Guid(5be9ac6f03f4be64d8d686b355cd0961) Importer(2089858483,0ecaa5967403d082aa24f35e1b516d23)
Start importing Assets/Oculus/Interaction/Samples/Audio/Prefabs/BasicPokeCanvasReleaseAudio.prefab using Guid(5be9ac6f03f4be64d8d686b355cd0961) Importer(2089858483,0ecaa5967403d082aa24f35e1b516d23) [PhysX] Initialized MultithreadedTaskDispatcher with 32 workers.
 -> (artifact id: 'f1746e9cccd5f496c559fe9770a06704') in 0.019532 seconds
Number of updated asset objects reloaded before import = 0
Number of asset objects unloaded after import = 7
========================================================================
Received Import Request.
  Time since last request: 0.000036 seconds.
  path: Assets/Oculus/Interaction/Runtime/Scripts/Attributes/InspectorButton.cs
  artifactKey: Guid(49e18ec05efde04499be425cfc618529) Importer(2089858483,0ecaa5967403d082aa24f35e1b516d23)
Start importing Assets/Oculus/Interaction/Runtime/Scripts/Attributes/InspectorButton.cs using Guid(49e18ec05efde04499be425cfc618529) Importer(2089858483,0ecaa5967403d082aa24f35e1b516d23) [PhysX] Initialized MultithreadedTaskDispatcher with 32 workers.
 -> (artifact id: '81953f085aa113975249735a73bb3815') in 0.009281 seconds
Number of updated asset objects reloaded before import = 0
Number of asset objects unloaded after import = 1
========================================================================
Received Import Request.
  Time since last request: 0.000120 seconds.
  path: Assets/Oculus/Interaction/Runtime/Scripts/Extensions/MonoBehaviourStartExtensions.cs
  artifactKey: Guid(7e905110e6125b442b02d7a80ba72015) Importer(2089858483,0ecaa5967403d082aa24f35e1b516d23)
Start importing Assets/Oculus/Interaction/Runtime/Scripts/Extensions/MonoBehaviourStartExtensions.cs using Guid(7e905110e6125b442b02d7a80ba72015) Importer(2089858483,0ecaa5967403d082aa24f35e1b516d23) [PhysX] Initialized MultithreadedTaskDispatcher with 32 workers.
 -> (artifact id: 'c3d818e687f7830d06a98e9d84566328') in 0.007923 seconds
Number of updated asset objects reloaded before import = 0
Number of asset objects unloaded after import = 1
========================================================================
Received Import Request.
  Time since last request: 0.000201 seconds.
  path: Assets/Oculus/Interaction/Runtime/Scripts/MaterialProperties/RoundedBoxProperties.cs
  artifactKey: Guid(0a0ad4ecf30771d44bf163058922924b) Importer(2089858483,0ecaa5967403d082aa24f35e1b516d23)
Start importing Assets/Oculus/Interaction/Runtime/Scripts/MaterialProperties/RoundedBoxProperties.cs using Guid(0a0ad4ecf30771d44bf163058922924b) Importer(2089858483,0ecaa5967403d082aa24f35e1b516d23) [PhysX] Initialized MultithreadedTaskDispatcher with 32 workers.
 -> (artifact id: '0b8e8948e2ee970d7be6883451dece01') in 0.016139 seconds
Number of updated asset objects reloaded before import = 0
Number of asset objects unloaded after import = 1
========================================================================
Received Import Request.
  Time since last request: 0.000183 seconds.
  path: Assets/Oculus/Interaction/Runtime/Scripts/Grab/GrabTypeFlags.cs
  artifactKey: Guid(654ba27bf15ed6b40a251d7b6baafd79) Importer(2089858483,0ecaa5967403d082aa24f35e1b516d23)
Start importing Assets/Oculus/Interaction/Runtime/Scripts/Grab/GrabTypeFlags.cs using Guid(654ba27bf15ed6b40a251d7b6baafd79) Importer(2089858483,0ecaa5967403d082aa24f35e1b516d23) [PhysX] Initialized MultithreadedTaskDispatcher with 32 workers.
 -> (artifact id: '3594fbdf3bb01c737fad2b45f43e957e') in 0.008674 seconds
Number of updated asset objects reloaded before import = 0
Number of asset objects unloaded after import = 1
========================================================================
Received Import Request.
  Time since last request: 0.000118 seconds.
  path: Assets/Oculus/Interaction/Samples/Audio/Content/Interaction_Locomotion_ChangeDirection.wav
  artifactKey: Guid(ef37598b3ebcae346825ac59d4c29671) Importer(2089858483,0ecaa5967403d082aa24f35e1b516d23)
Start importing Assets/Oculus/Interaction/Samples/Audio/Content/Interaction_Locomotion_ChangeDirection.wav using Guid(ef37598b3ebcae346825ac59d4c29671) Importer(2089858483,0ecaa5967403d082aa24f35e1b516d23) [PhysX] Initialized MultithreadedTaskDispatcher with 32 workers.
 -> (artifact id: 'c507a7b91a3b403dd3fa40ee3b6c7731') in 0.023806 seconds
Number of updated asset objects reloaded before import = 0
Number of asset objects unloaded after import = 1
========================================================================
Received Import Request.
  Time since last request: 0.000110 seconds.
  path: Assets/Oculus/Interaction/Runtime/DefaultSettings/Locomotion/OpenIndex.asset
  artifactKey: Guid(54acefe4ee2625c4d9d5212c72c067f9) Importer(2089858483,0ecaa5967403d082aa24f35e1b516d23)
Start importing Assets/Oculus/Interaction/Runtime/DefaultSettings/Locomotion/OpenIndex.asset using Guid(54acefe4ee2625c4d9d5212c72c067f9) Importer(2089858483,0ecaa5967403d082aa24f35e1b516d23) [PhysX] Initialized MultithreadedTaskDispatcher with 32 workers.
 -> (artifact id: '8a2c128d316c7b685e778f5460253957') in 0.015595 seconds
Number of updated asset objects reloaded before import = 0
Number of asset objects unloaded after import = 1
========================================================================
Received Import Request.
  Time since last request: 0.000023 seconds.
  path: Assets/Oculus/Interaction/Runtime/Prefabs/Debug/TransformFeatureVectorDebugVisual.prefab
  artifactKey: Guid(25a7ae0e6b801a34e9ceb5b3aa8c9955) Importer(2089858483,0ecaa5967403d082aa24f35e1b516d23)
Start importing Assets/Oculus/Interaction/Runtime/Prefabs/Debug/TransformFeatureVectorDebugVisual.prefab using Guid(25a7ae0e6b801a34e9ceb5b3aa8c9955) Importer(2089858483,0ecaa5967403d082aa24f35e1b516d23) [PhysX] Initialized MultithreadedTaskDispatcher with 32 workers.
 -> (artifact id: '6eeb38ab4847a856dba3f09fbc986916') in 0.021894 seconds
Number of updated asset objects reloaded before import = 0
Number of asset objects unloaded after import = 6
========================================================================
Received Import Request.
  Time since last request: 0.000172 seconds.
  path: Assets/Oculus/Interaction/Samples/Audio/Prefabs/ComplexGrabStoneGrabAudio.prefab
  artifactKey: Guid(36f9e4d94e3541446b28a1ffc63010c7) Importer(2089858483,0ecaa5967403d082aa24f35e1b516d23)
Start importing Assets/Oculus/Interaction/Samples/Audio/Prefabs/ComplexGrabStoneGrabAudio.prefab using Guid(36f9e4d94e3541446b28a1ffc63010c7) Importer(2089858483,0ecaa5967403d082aa24f35e1b516d23) [PhysX] Initialized MultithreadedTaskDispatcher with 32 workers.
 -> (artifact id: 'dbdf570b2e79086f53746a97a07b02a7') in 0.031212 seconds
Number of updated asset objects reloaded before import = 0
Number of asset objects unloaded after import = 11
========================================================================
Received Import Request.
  Time since last request: 0.000020 seconds.
  path: Assets/Oculus/Interaction/Samples/Audio/Content/Interaction_BasicPoke_Keypad_09.wav
  artifactKey: Guid(b38b26d07f7435f43a1179467c7deacc) Importer(2089858483,0ecaa5967403d082aa24f35e1b516d23)
Start importing Assets/Oculus/Interaction/Samples/Audio/Content/Interaction_BasicPoke_Keypad_09.wav using Guid(b38b26d07f7435f43a1179467c7deacc) Importer(2089858483,0ecaa5967403d082aa24f35e1b516d23) [PhysX] Initialized MultithreadedTaskDispatcher with 32 workers.
 -> (artifact id: '4864a4397e24a2784ba134905e070d1d') in 0.027401 seconds
Number of updated asset objects reloaded before import = 0
Number of asset objects unloaded after import = 1
========================================================================
Received Import Request.
  Time since last request: 0.000122 seconds.
  path: Assets/Oculus/Interaction/Samples/Audio/Content/Interaction_BasicGestures_SwipeForward_01.wav
  artifactKey: Guid(152aafa4bc75a894f80f0da543555c4b) Importer(2089858483,0ecaa5967403d082aa24f35e1b516d23)
Start importing Assets/Oculus/Interaction/Samples/Audio/Content/Interaction_BasicGestures_SwipeForward_01.wav using Guid(152aafa4bc75a894f80f0da543555c4b) Importer(2089858483,0ecaa5967403d082aa24f35e1b516d23) [PhysX] Initialized MultithreadedTaskDispatcher with 32 workers.
 -> (artifact id: '22da518684b799b3d087e114ca145185') in 0.029754 seconds
Number of updated asset objects reloaded before import = 0
Number of asset objects unloaded after import = 1
========================================================================
Received Import Request.
  Time since last request: 0.000067 seconds.
  path: Assets/Oculus/Interaction/Samples/Audio/Content/Interaction_PoseDetection_ThumbsDown_03.wav
  artifactKey: Guid(11f00901e96c8d34687e2b184c356f9d) Importer(2089858483,0ecaa5967403d082aa24f35e1b516d23)
Start importing Assets/Oculus/Interaction/Samples/Audio/Content/Interaction_PoseDetection_ThumbsDown_03.wav using Guid(11f00901e96c8d34687e2b184c356f9d) Importer(2089858483,0ecaa5967403d082aa24f35e1b516d23) [PhysX] Initialized MultithreadedTaskDispatcher with 32 workers.
 -> (artifact id: '71eed49eeeb48eaf54e6ce02d959667c') in 0.024621 seconds
Number of updated asset objects reloaded before import = 0
Number of asset objects unloaded after import = 1
========================================================================
Received Import Request.
  Time since last request: 0.000059 seconds.
  path: Assets/Oculus/Interaction/Runtime/Prefabs/Debug/InteractableDebugVisual.prefab
  artifactKey: Guid(d8e7f9244f8318d4da7ca7c2f6a483db) Importer(2089858483,0ecaa5967403d082aa24f35e1b516d23)
Start importing Assets/Oculus/Interaction/Runtime/Prefabs/Debug/InteractableDebugVisual.prefab using Guid(d8e7f9244f8318d4da7ca7c2f6a483db) Importer(2089858483,0ecaa5967403d082aa24f35e1b516d23) [PhysX] Initialized MultithreadedTaskDispatcher with 32 workers.
 -> (artifact id: '2418a81c8d8e6c8e8e3258de025af91c') in 0.019837 seconds
Number of updated asset objects reloaded before import = 0
Number of asset objects unloaded after import = 7
========================================================================
Received Import Request.
  Time since last request: 0.000069 seconds.
  path: Assets/Oculus/Interaction/Samples/Audio/Content/Interaction_PoseDetection_Scissors_01.wav
  artifactKey: Guid(35700466f1688cb488905b1899b92552) Importer(2089858483,0ecaa5967403d082aa24f35e1b516d23)
Start importing Assets/Oculus/Interaction/Samples/Audio/Content/Interaction_PoseDetection_Scissors_01.wav using Guid(35700466f1688cb488905b1899b92552) Importer(2089858483,0ecaa5967403d082aa24f35e1b516d23) [PhysX] Initialized MultithreadedTaskDispatcher with 32 workers.
 -> (artifact id: '99406efe84c7055f71d6adc49413b2ac') in 0.025869 seconds
Number of updated asset objects reloaded before import = 0
Number of asset objects unloaded after import = 1
========================================================================
Received Import Request.
  Time since last request: 0.000061 seconds.
  path: Assets/Oculus/Interaction/Runtime/Prefabs/DistanceHandGrab/ControllerDistanceGrabInteractor.prefab
  artifactKey: Guid(86f711b02960d794b8c4ad0bcbf17527) Importer(2089858483,0ecaa5967403d082aa24f35e1b516d23)
Start importing Assets/Oculus/Interaction/Runtime/Prefabs/DistanceHandGrab/ControllerDistanceGrabInteractor.prefab using Guid(86f711b02960d794b8c4ad0bcbf17527) Importer(2089858483,0ecaa5967403d082aa24f35e1b516d23) [PhysX] Initialized MultithreadedTaskDispatcher with 32 workers.
 -> (artifact id: '5a983b9290c0c46373269077eba798e8') in 0.021803 seconds
Number of updated asset objects reloaded before import = 0
Number of asset objects unloaded after import = 16
========================================================================
Received Import Request.
  Time since last request: 0.000165 seconds.
  path: Assets/Oculus/Interaction/Runtime/Scripts/MaterialProperties/MaterialPropertyBlockEditor.cs
  artifactKey: Guid(d5e48d93b64a9ae4f9fd5a728c8f51af) Importer(2089858483,0ecaa5967403d082aa24f35e1b516d23)
Start importing Assets/Oculus/Interaction/Runtime/Scripts/MaterialProperties/MaterialPropertyBlockEditor.cs using Guid(d5e48d93b64a9ae4f9fd5a728c8f51af) Importer(2089858483,0ecaa5967403d082aa24f35e1b516d23) [PhysX] Initialized MultithreadedTaskDispatcher with 32 workers.
 -> (artifact id: 'dd84b15b6db0750cb2dbc79446ff60b9') in 0.009953 seconds
Number of updated asset objects reloaded before import = 0
Number of asset objects unloaded after import = 1
========================================================================
Received Import Request.
  Time since last request: 0.000099 seconds.
  path: Assets/Oculus/Interaction/Samples/Audio/Prefabs/ComplexGrabPinReleaseAudio.prefab
  artifactKey: Guid(1dd2ef34e70eb5b4fa2185b3d1481fc6) Importer(2089858483,0ecaa5967403d082aa24f35e1b516d23)
Start importing Assets/Oculus/Interaction/Samples/Audio/Prefabs/ComplexGrabPinReleaseAudio.prefab using Guid(1dd2ef34e70eb5b4fa2185b3d1481fc6) Importer(2089858483,0ecaa5967403d082aa24f35e1b516d23) [PhysX] Initialized MultithreadedTaskDispatcher with 32 workers.
 -> (artifact id: '5101c6e57d291e707537cf16f141475e') in 0.023720 seconds
Number of updated asset objects reloaded before import = 0
Number of asset objects unloaded after import = 11
========================================================================
Received Import Request.
  Time since last request: 0.000019 seconds.
  path: Assets/Oculus/Interaction/Runtime/Scripts/Utils/NativeMethods.cs
  artifactKey: Guid(fa35f54c3240e4d4c85471af32b1fe2e) Importer(2089858483,0ecaa5967403d082aa24f35e1b516d23)
Start importing Assets/Oculus/Interaction/Runtime/Scripts/Utils/NativeMethods.cs using Guid(fa35f54c3240e4d4c85471af32b1fe2e) Importer(2089858483,0ecaa5967403d082aa24f35e1b516d23) [PhysX] Initialized MultithreadedTaskDispatcher with 32 workers.
 -> (artifact id: 'bae6ee23a790f139169702c0f7f91a5e') in 0.013964 seconds
Number of updated asset objects reloaded before import = 0
Number of asset objects unloaded after import = 1
========================================================================
Received Import Request.
  Time since last request: 0.000145 seconds.
  path: Assets/Oculus/Interaction/Runtime/Resources/Shaders/Imposter_AlphaBlended.shader
  artifactKey: Guid(02ed280057e9dde4eb526df88dfc7632) Importer(2089858483,0ecaa5967403d082aa24f35e1b516d23)
Start importing Assets/Oculus/Interaction/Runtime/Resources/Shaders/Imposter_AlphaBlended.shader using Guid(02ed280057e9dde4eb526df88dfc7632) Importer(2089858483,0ecaa5967403d082aa24f35e1b516d23) [PhysX] Initialized MultithreadedTaskDispatcher with 32 workers.
 -> (artifact id: 'd68a2a407b5b00c79c8bd553c76933a7') in 0.011623 seconds
Number of updated asset objects reloaded before import = 0
Number of asset objects unloaded after import = 1
========================================================================
Received Import Request.
  Time since last request: 0.000085 seconds.
  path: Assets/Oculus/Interaction/Samples/Audio/Content/Interaction_PoseDetection_Paper_02.wav
  artifactKey: Guid(804545687cb242649ae26f9c2eb148d2) Importer(2089858483,0ecaa5967403d082aa24f35e1b516d23)
Start importing Assets/Oculus/Interaction/Samples/Audio/Content/Interaction_PoseDetection_Paper_02.wav using Guid(804545687cb242649ae26f9c2eb148d2) Importer(2089858483,0ecaa5967403d082aa24f35e1b516d23) [PhysX] Initialized MultithreadedTaskDispatcher with 32 workers.
 -> (artifact id: '0fcc6355cbee0850e9c0dc4d250c632c') in 0.028886 seconds
Number of updated asset objects reloaded before import = 0
Number of asset objects unloaded after import = 1
========================================================================
Received Import Request.
  Time since last request: 0.000025 seconds.
  path: Assets/Oculus/Interaction/Runtime/Prefabs/Grab/GrabInteractable.prefab
  artifactKey: Guid(4a3c8f82a01756d43afc639499c0ce51) Importer(2089858483,0ecaa5967403d082aa24f35e1b516d23)
Start importing Assets/Oculus/Interaction/Runtime/Prefabs/Grab/GrabInteractable.prefab using Guid(4a3c8f82a01756d43afc639499c0ce51) Importer(2089858483,0ecaa5967403d082aa24f35e1b516d23) [PhysX] Initialized MultithreadedTaskDispatcher with 32 workers.
 -> (artifact id: '78defa5a7326da53d588bfe341cf0582') in 0.029284 seconds
Number of updated asset objects reloaded before import = 0
Number of asset objects unloaded after import = 15
========================================================================
Received Import Request.
  Time since last request: 1.682013 seconds.
  path: Assets/Oculus/Interaction/Samples/Audio/Prefabs/ObjectResizeUpAudio.prefab
  artifactKey: Guid(e35c14d64fd3af744baab6342ffa5d15) Importer(2089858483,0ecaa5967403d082aa24f35e1b516d23)
Start importing Assets/Oculus/Interaction/Samples/Audio/Prefabs/ObjectResizeUpAudio.prefab using Guid(e35c14d64fd3af744baab6342ffa5d15) Importer(2089858483,0ecaa5967403d082aa24f35e1b516d23) [PhysX] Initialized MultithreadedTaskDispatcher with 32 workers.
 -> (artifact id: '863410fc6b1d7aaec6f45f017ea968bd') in 0.023645 seconds
Number of updated asset objects reloaded before import = 0
Number of asset objects unloaded after import = 7
========================================================================
Received Import Request.
  Time since last request: 0.000031 seconds.
  path: Assets/Oculus/Platform/Samples/VrBoardGame/Scripts/GameBoard.cs
  artifactKey: Guid(94decd43dfca0db43a3936edb109ca2e) Importer(2089858483,0ecaa5967403d082aa24f35e1b516d23)
Start importing Assets/Oculus/Platform/Samples/VrBoardGame/Scripts/GameBoard.cs using Guid(94decd43dfca0db43a3936edb109ca2e) Importer(2089858483,0ecaa5967403d082aa24f35e1b516d23) [PhysX] Initialized MultithreadedTaskDispatcher with 32 workers.
 -> (artifact id: '8404eb930d45931b9bf16b3ba4980c33') in 0.021072 seconds
Number of updated asset objects reloaded before import = 0
Number of asset objects unloaded after import = 1
========================================================================
Received Import Request.
  Time since last request: 0.000121 seconds.
  path: Assets/Oculus/SampleFramework/Core/CustomHands/Materials/Hands_solid.mat
  artifactKey: Guid(3637b758ff163493f8bb8b6d7e96d7ae) Importer(2089858483,0ecaa5967403d082aa24f35e1b516d23)
Start importing Assets/Oculus/SampleFramework/Core/CustomHands/Materials/Hands_solid.mat using Guid(3637b758ff163493f8bb8b6d7e96d7ae) Importer(2089858483,0ecaa5967403d082aa24f35e1b516d23) [PhysX] Initialized MultithreadedTaskDispatcher with 32 workers.
 -> (artifact id: '41e316588e9279b5359647918a9ba5eb') in 0.018065 seconds
Number of updated asset objects reloaded before import = 0
Number of asset objects unloaded after import = 1
========================================================================
Received Import Request.
  Time since last request: 0.000115 seconds.
  path: Assets/Oculus/Platform/Samples/VrHoops/Scripts/P2PManager.cs
  artifactKey: Guid(f418f541d32d24e7aad85c24970462d1) Importer(2089858483,0ecaa5967403d082aa24f35e1b516d23)
Start importing Assets/Oculus/Platform/Samples/VrHoops/Scripts/P2PManager.cs using Guid(f418f541d32d24e7aad85c24970462d1) Importer(2089858483,0ecaa5967403d082aa24f35e1b516d23) [PhysX] Initialized MultithreadedTaskDispatcher with 32 workers.
 -> (artifact id: 'e9015f9b1e6e3ed315d4dec4d8df45e3') in 0.016207 seconds
Number of updated asset objects reloaded before import = 0
Number of asset objects unloaded after import = 1
========================================================================
Received Import Request.
  Time since last request: 0.000017 seconds.
  path: Assets/Oculus/SampleFramework/Core/CustomHands/Materials/Hands_striped.mat
  artifactKey: Guid(2053692007a444b4298a3c679f98a1ce) Importer(2089858483,0ecaa5967403d082aa24f35e1b516d23)
Start importing Assets/Oculus/SampleFramework/Core/CustomHands/Materials/Hands_striped.mat using Guid(2053692007a444b4298a3c679f98a1ce) Importer(2089858483,0ecaa5967403d082aa24f35e1b516d23) [PhysX] Initialized MultithreadedTaskDispatcher with 32 workers.
 -> (artifact id: '57b2e0061319de5d90d6b7b75e7c4a57') in 0.014163 seconds
Number of updated asset objects reloaded before import = 0
Number of asset objects unloaded after import = 2
========================================================================
Received Import Request.
  Time since last request: 0.000017 seconds.
  path: Assets/Oculus/LipSync/Models/FemaleHead_Morph/Materials/skin_DIFF.mat
  artifactKey: Guid(3d380053edac948aa9d428fce6a5288b) Importer(2089858483,0ecaa5967403d082aa24f35e1b516d23)
Start importing Assets/Oculus/LipSync/Models/FemaleHead_Morph/Materials/skin_DIFF.mat using Guid(3d380053edac948aa9d428fce6a5288b) Importer(2089858483,0ecaa5967403d082aa24f35e1b516d23) [PhysX] Initialized MultithreadedTaskDispatcher with 32 workers.
 -> (artifact id: 'c7c7d8a0cb268b21caf1139062a22e88') in 0.067396 seconds
Number of updated asset objects reloaded before import = 0
Number of asset objects unloaded after import = 3
========================================================================
Received Import Request.
  Time since last request: 0.000017 seconds.
  path: Assets/Oculus/SampleFramework/Core/DebugUI/Prefabs/UIHelpers.prefab
  artifactKey: Guid(a9d2de84afb308a4796cc671d3432b4d) Importer(2089858483,0ecaa5967403d082aa24f35e1b516d23)
Start importing Assets/Oculus/SampleFramework/Core/DebugUI/Prefabs/UIHelpers.prefab using Guid(a9d2de84afb308a4796cc671d3432b4d) Importer(2089858483,0ecaa5967403d082aa24f35e1b516d23) [PhysX] Initialized MultithreadedTaskDispatcher with 32 workers.
 -> (artifact id: '81974c1ea0d4d8b616c8965828f3207f') in 0.016517 seconds
Number of updated asset objects reloaded before import = 0
Number of asset objects unloaded after import = 17
========================================================================
Received Import Request.
  Time since last request: 0.000023 seconds.
  path: Assets/Oculus/SampleFramework/Core/DebugUI/Scripts/HandedInputSelector.cs
  artifactKey: Guid(ef803169364cc6e4d9b4df31d9c7fed7) Importer(2089858483,0ecaa5967403d082aa24f35e1b516d23)
Start importing Assets/Oculus/SampleFramework/Core/DebugUI/Scripts/HandedInputSelector.cs using Guid(ef803169364cc6e4d9b4df31d9c7fed7) Importer(2089858483,0ecaa5967403d082aa24f35e1b516d23) [PhysX] Initialized MultithreadedTaskDispatcher with 32 workers.
 -> (artifact id: '6931665b46017c181eb3629ed99564af') in 0.010725 seconds
Number of updated asset objects reloaded before import = 0
Number of asset objects unloaded after import = 1
========================================================================
Received Import Request.
  Time since last request: 0.000088 seconds.
  path: Assets/Oculus/SampleFramework/Core/TouchControllers/Animations/l_controller_joy_N_anim.fbx
  artifactKey: Guid(7bb1b18c78a07f547a8933d1c50a662b) Importer(2089858483,0ecaa5967403d082aa24f35e1b516d23)
Start importing Assets/Oculus/SampleFramework/Core/TouchControllers/Animations/l_controller_joy_N_anim.fbx using Guid(7bb1b18c78a07f547a8933d1c50a662b) Importer(2089858483,0ecaa5967403d082aa24f35e1b516d23) [PhysX] Initialized MultithreadedTaskDispatcher with 32 workers.
 -> (artifact id: '589e5825efc262c7d3dc19e0777453d1') in 0.019795 seconds
Number of updated asset objects reloaded before import = 0
Number of asset objects unloaded after import = 22
========================================================================
Received Import Request.
  Time since last request: 0.000017 seconds.
  path: Assets/Oculus/Interaction/Samples/Scenes/Features/RayCanvasFlat.unity
  artifactKey: Guid(7f5c84932632e2a4eb3d90db823935f1) Importer(2089858483,0ecaa5967403d082aa24f35e1b516d23)
Start importing Assets/Oculus/Interaction/Samples/Scenes/Features/RayCanvasFlat.unity using Guid(7f5c84932632e2a4eb3d90db823935f1) Importer(2089858483,0ecaa5967403d082aa24f35e1b516d23) [PhysX] Initialized MultithreadedTaskDispatcher with 32 workers.
 -> (artifact id: '54e70aa623970930f144d2982e3df23f') in 0.006029 seconds
Number of updated asset objects reloaded before import = 0
Number of asset objects unloaded after import = 1
========================================================================
Received Import Request.
  Time since last request: 0.000102 seconds.
  path: Assets/Oculus/SampleFramework/Core/CustomHands/Materials/Hands_DiffBump.shader
  artifactKey: Guid(1fe91a423ce814160aefef165e8ea6e0) Importer(2089858483,0ecaa5967403d082aa24f35e1b516d23)
Start importing Assets/Oculus/SampleFramework/Core/CustomHands/Materials/Hands_DiffBump.shader using Guid(1fe91a423ce814160aefef165e8ea6e0) Importer(2089858483,0ecaa5967403d082aa24f35e1b516d23) [PhysX] Initialized MultithreadedTaskDispatcher with 32 workers.
 -> (artifact id: 'f56f1c08f99e0b502a7a60428d387a08') in 0.051952 seconds
Number of updated asset objects reloaded before import = 0
Number of asset objects unloaded after import = 1
========================================================================
Received Import Request.
  Time since last request: 0.000124 seconds.
  path: Assets/Oculus/Platform/Samples/VrHoops/Scripts/RemotePlayer.cs
  artifactKey: Guid(125c22697d9e63447888218eccbc7005) Importer(2089858483,0ecaa5967403d082aa24f35e1b516d23)
Start importing Assets/Oculus/Platform/Samples/VrHoops/Scripts/RemotePlayer.cs using Guid(125c22697d9e63447888218eccbc7005) Importer(2089858483,0ecaa5967403d082aa24f35e1b516d23) [PhysX] Initialized MultithreadedTaskDispatcher with 32 workers.
 -> (artifact id: '929723307efa484ee819c4b3133e3258') in 0.006983 seconds
Number of updated asset objects reloaded before import = 0
Number of asset objects unloaded after import = 1
========================================================================
Received Import Request.
  Time since last request: 0.000090 seconds.
  path: Assets/Oculus/SampleFramework/Core/CustomHands/Animations/l_hand_pinch_anim.fbx
  artifactKey: Guid(a91ff20f7450bf446a6bf0bfb5e932ae) Importer(2089858483,0ecaa5967403d082aa24f35e1b516d23)
Start importing Assets/Oculus/SampleFramework/Core/CustomHands/Animations/l_hand_pinch_anim.fbx using Guid(a91ff20f7450bf446a6bf0bfb5e932ae) Importer(2089858483,0ecaa5967403d082aa24f35e1b516d23) [PhysX] Initialized MultithreadedTaskDispatcher with 32 workers.
 -> (artifact id: '3137af4e8d1f72f6ef59aa7a0d2b8d5f') in 0.031339 seconds
Number of updated asset objects reloaded before import = 0
Number of asset objects unloaded after import = 57
========================================================================
Received Import Request.
  Time since last request: 0.000022 seconds.
  path: Assets/Oculus/SampleFramework/Core/HandsInteraction/Materials/RayMaterial.mat
  artifactKey: Guid(0b157fd34da92084a8cf68f92d515504) Importer(2089858483,0ecaa5967403d082aa24f35e1b516d23)
Start importing Assets/Oculus/SampleFramework/Core/HandsInteraction/Materials/RayMaterial.mat using Guid(0b157fd34da92084a8cf68f92d515504) Importer(2089858483,0ecaa5967403d082aa24f35e1b516d23) [PhysX] Initialized MultithreadedTaskDispatcher with 32 workers.
 -> (artifact id: 'e1ef3fc230647e88af028cdcf143d2c6') in 0.012412 seconds
Number of updated asset objects reloaded before import = 0
Number of asset objects unloaded after import = 1
========================================================================
Received Import Request.
  Time since last request: 0.000063 seconds.
  path: Assets/Oculus/SampleFramework/Core/TouchControllers/Animations/r_controller_button03_anim.fbx
  artifactKey: Guid(d87443f60dbf8e743b0a2469d69e32b7) Importer(2089858483,0ecaa5967403d082aa24f35e1b516d23)
Start importing Assets/Oculus/SampleFramework/Core/TouchControllers/Animations/r_controller_button03_anim.fbx using Guid(d87443f60dbf8e743b0a2469d69e32b7) Importer(2089858483,0ecaa5967403d082aa24f35e1b516d23) [PhysX] Initialized MultithreadedTaskDispatcher with 32 workers.
 -> (artifact id: 'b4998851c11055051cbc5f3b64635b88') in 0.017773 seconds
Number of updated asset objects reloaded before import = 0
Number of asset objects unloaded after import = 23
========================================================================
Received Import Request.
  Time since last request: 0.000042 seconds.
  path: Assets/Oculus/Interaction/Samples/Scripts/Locomotion/LocomotionTutorialAnimationUnityEventWrapper.cs
  artifactKey: Guid(5e71d82996a6bf84e94d1cd4dc728f5d) Importer(2089858483,0ecaa5967403d082aa24f35e1b516d23)
Start importing Assets/Oculus/Interaction/Samples/Scripts/Locomotion/LocomotionTutorialAnimationUnityEventWrapper.cs using Guid(5e71d82996a6bf84e94d1cd4dc728f5d) Importer(2089858483,0ecaa5967403d082aa24f35e1b516d23) [PhysX] Initialized MultithreadedTaskDispatcher with 32 workers.
 -> (artifact id: 'dfd6206e887ad2f4b2b687cb844e9918') in 0.011476 seconds
Number of updated asset objects reloaded before import = 0
Number of asset objects unloaded after import = 1
========================================================================
Received Import Request.
  Time since last request: 0.000127 seconds.
  path: Assets/Oculus/SampleFramework/Core/CustomHands/Animations/old_r_hand_pinch_anim.fbx
  artifactKey: Guid(6e0d791d9e2bdcd4f80b32d42036676f) Importer(2089858483,0ecaa5967403d082aa24f35e1b516d23)
Start importing Assets/Oculus/SampleFramework/Core/CustomHands/Animations/old_r_hand_pinch_anim.fbx using Guid(6e0d791d9e2bdcd4f80b32d42036676f) Importer(2089858483,0ecaa5967403d082aa24f35e1b516d23) [PhysX] Initialized MultithreadedTaskDispatcher with 32 workers.
 -> (artifact id: 'e2818237c91d2d84075a0e22585117f0') in 0.018615 seconds
Number of updated asset objects reloaded before import = 0
Number of asset objects unloaded after import = 57
========================================================================
Received Import Request.
  Time since last request: 0.000042 seconds.
  path: Assets/Oculus/Platform/Samples/VrHoops/Scripts/PlayerArea.cs
  artifactKey: Guid(4bf1a3ead6c1aa341873bdfda4366001) Importer(2089858483,0ecaa5967403d082aa24f35e1b516d23)
Start importing Assets/Oculus/Platform/Samples/VrHoops/Scripts/PlayerArea.cs using Guid(4bf1a3ead6c1aa341873bdfda4366001) Importer(2089858483,0ecaa5967403d082aa24f35e1b516d23) [PhysX] Initialized MultithreadedTaskDispatcher with 32 workers.
 -> (artifact id: '1678a91411d8dd2d25253f36dacb7298') in 0.009981 seconds
Number of updated asset objects reloaded before import = 0
Number of asset objects unloaded after import = 1
========================================================================
Received Import Request.
  Time since last request: 0.000020 seconds.
  path: Assets/Oculus/SampleFramework/Core/DebugUI/Prefabs/CanvasWithDebug.prefab
  artifactKey: Guid(ddb963bcde7d8a04a88b3ee4709f46c7) Importer(2089858483,0ecaa5967403d082aa24f35e1b516d23)
Start importing Assets/Oculus/SampleFramework/Core/DebugUI/Prefabs/CanvasWithDebug.prefab using Guid(ddb963bcde7d8a04a88b3ee4709f46c7) Importer(2089858483,0ecaa5967403d082aa24f35e1b516d23) [PhysX] Initialized MultithreadedTaskDispatcher with 32 workers.
 -> (artifact id: '8a21d1e05c215a4ed8863c19d5206b28') in 0.067359 seconds
Number of updated asset objects reloaded before import = 0
Number of asset objects unloaded after import = 143
========================================================================
Received Import Request.
  Time since last request: 0.000021 seconds.
  path: Assets/Oculus/SampleFramework/Core/TouchControllers/Animations/l_controller_joy_S_anim.fbx
  artifactKey: Guid(be94e816082889b4984c82da7ff7608b) Importer(2089858483,0ecaa5967403d082aa24f35e1b516d23)
Start importing Assets/Oculus/SampleFramework/Core/TouchControllers/Animations/l_controller_joy_S_anim.fbx using Guid(be94e816082889b4984c82da7ff7608b) Importer(2089858483,0ecaa5967403d082aa24f35e1b516d23) [PhysX] Initialized MultithreadedTaskDispatcher with 32 workers.
 -> (artifact id: '581f8688fa628fa4d08d4abed47e9bc7') in 0.016911 seconds
Number of updated asset objects reloaded before import = 0
Number of asset objects unloaded after import = 22
========================================================================
Received Import Request.
  Time since last request: 0.000028 seconds.
  path: Assets/Oculus/SampleFramework/Core/Locomotion/Scripts/TeleportSupport.cs
  artifactKey: Guid(fe04b5c507a8a0849a67429ae5bb4aa4) Importer(2089858483,0ecaa5967403d082aa24f35e1b516d23)
Start importing Assets/Oculus/SampleFramework/Core/Locomotion/Scripts/TeleportSupport.cs using Guid(fe04b5c507a8a0849a67429ae5bb4aa4) Importer(2089858483,0ecaa5967403d082aa24f35e1b516d23) [PhysX] Initialized MultithreadedTaskDispatcher with 32 workers.
 -> (artifact id: '46a97aecb6f7b8c61d5601de68599c96') in 0.007509 seconds
Number of updated asset objects reloaded before import = 0
Number of asset objects unloaded after import = 1
========================================================================
Received Import Request.
  Time since last request: 0.000103 seconds.
  path: Assets/Oculus/SampleFramework/Core/CustomHands/Models/RightHandAnimator.controller
  artifactKey: Guid(f2f9ddb32c6ba5e4dbe0f3ff6cf497aa) Importer(2089858483,0ecaa5967403d082aa24f35e1b516d23)
Start importing Assets/Oculus/SampleFramework/Core/CustomHands/Models/RightHandAnimator.controller using Guid(f2f9ddb32c6ba5e4dbe0f3ff6cf497aa) Importer(2089858483,0ecaa5967403d082aa24f35e1b516d23) [PhysX] Initialized MultithreadedTaskDispatcher with 32 workers.
 -> (artifact id: '54e7961fee1bd0af0a7d1647da7b6fda') in 0.024305 seconds
Number of updated asset objects reloaded before import = 0
Number of asset objects unloaded after import = 31
========================================================================
Received Import Request.
  Time since last request: 0.000018 seconds.
  path: Assets/Oculus/Interaction/Samples/Objects/Environment/ComplexGrabInfoFrames.prefab
  artifactKey: Guid(b4f307b2f11c677479bd6a4c08149679) Importer(2089858483,0ecaa5967403d082aa24f35e1b516d23)
Start importing Assets/Oculus/Interaction/Samples/Objects/Environment/ComplexGrabInfoFrames.prefab using Guid(b4f307b2f11c677479bd6a4c08149679) Importer(2089858483,0ecaa5967403d082aa24f35e1b516d23) [PhysX] Initialized MultithreadedTaskDispatcher with 32 workers.
 -> (artifact id: '39d73939441805a1a58e0a09ee6d66ba') in 0.043114 seconds
Number of updated asset objects reloaded before import = 0
Number of asset objects unloaded after import = 142
========================================================================
Received Import Request.
  Time since last request: 0.000017 seconds.
  path: Assets/Oculus/SampleFramework/Core/CustomHands/Animations/l_hand_default_anim.fbx
  artifactKey: Guid(1ae9aefe37a62de429ddc2edd1ca36f3) Importer(2089858483,0ecaa5967403d082aa24f35e1b516d23)
Start importing Assets/Oculus/SampleFramework/Core/CustomHands/Animations/l_hand_default_anim.fbx using Guid(1ae9aefe37a62de429ddc2edd1ca36f3) Importer(2089858483,0ecaa5967403d082aa24f35e1b516d23) [PhysX] Initialized MultithreadedTaskDispatcher with 32 workers.
 -> (artifact id: 'aa4acb0dfb4a7252e7f3f409c4b3f793') in 0.019132 seconds
Number of updated asset objects reloaded before import = 0
Number of asset objects unloaded after import = 57
========================================================================
Received Import Request.
  Time since last request: 0.000189 seconds.
  path: Assets/Oculus/Interaction/Samples/Objects/Environment/BasicPoseDetectionPoses.prefab
  artifactKey: Guid(48779c4e9105c1d4c986f52958bba9a3) Importer(2089858483,0ecaa5967403d082aa24f35e1b516d23)
Start importing Assets/Oculus/Interaction/Samples/Objects/Environment/BasicPoseDetectionPoses.prefab using Guid(48779c4e9105c1d4c986f52958bba9a3) Importer(2089858483,0ecaa5967403d082aa24f35e1b516d23) [PhysX] Initialized MultithreadedTaskDispatcher with 32 workers.
 -> (artifact id: '133093c97987061c69932d660ceebdc0') in 0.085870 seconds
Number of updated asset objects reloaded before import = 0
Number of asset objects unloaded after import = 216
========================================================================
Received Import Request.
  Time since last request: 0.000019 seconds.
  path: Assets/Oculus/SampleFramework/Core/CustomHands/Textures/Hands_stripes_01.png
  artifactKey: Guid(3eb12af43cd0000409a977bcf35e4d4a) Importer(2089858483,0ecaa5967403d082aa24f35e1b516d23)
Start importing Assets/Oculus/SampleFramework/Core/CustomHands/Textures/Hands_stripes_01.png using Guid(3eb12af43cd0000409a977bcf35e4d4a) Importer(2089858483,0ecaa5967403d082aa24f35e1b516d23) [PhysX] Initialized MultithreadedTaskDispatcher with 32 workers.
 -> (artifact id: '87f543fdeecd4d09e179175013de63fb') in 0.021063 seconds
Number of updated asset objects reloaded before import = 0
Number of asset objects unloaded after import = 1
========================================================================
Received Import Request.
  Time since last request: 0.000092 seconds.
  path: Assets/Oculus/SampleFramework/Core/Locomotion/Scripts/TeleportOrientationHandler.cs
  artifactKey: Guid(9e582fd1da19d4b4089aca841af87b66) Importer(2089858483,0ecaa5967403d082aa24f35e1b516d23)
Start importing Assets/Oculus/SampleFramework/Core/Locomotion/Scripts/TeleportOrientationHandler.cs using Guid(9e582fd1da19d4b4089aca841af87b66) Importer(2089858483,0ecaa5967403d082aa24f35e1b516d23) [PhysX] Initialized MultithreadedTaskDispatcher with 32 workers.
 -> (artifact id: '400d3e9a4a9bb24ad2e03375e6731711') in 0.008898 seconds
Number of updated asset objects reloaded before import = 0
Number of asset objects unloaded after import = 1
========================================================================
Received Import Request.
  Time since last request: 0.000036 seconds.
  path: Assets/Oculus/SampleFramework/Core/HandsInteraction/Materials/SystemGestureHandMaterial.mat
  artifactKey: Guid(6b3381fce337f7049a8972d9356bde5e) Importer(2089858483,0ecaa5967403d082aa24f35e1b516d23)
Start importing Assets/Oculus/SampleFramework/Core/HandsInteraction/Materials/SystemGestureHandMaterial.mat using Guid(6b3381fce337f7049a8972d9356bde5e) Importer(2089858483,0ecaa5967403d082aa24f35e1b516d23) [PhysX] Initialized MultithreadedTaskDispatcher with 32 workers.
 -> (artifact id: 'be84b570bb0cc5d8f9f65c33bfd43f59') in 0.011750 seconds
Number of updated asset objects reloaded before import = 0
Number of asset objects unloaded after import = 1
========================================================================
Received Import Request.
  Time since last request: 0.000056 seconds.
  path: Assets/Oculus/SampleFramework/Core/DebugUI/Textures/radio_PSD.psd
  artifactKey: Guid(e18f01d9439b38045b70e908d6f06d82) Importer(2089858483,0ecaa5967403d082aa24f35e1b516d23)
Start importing Assets/Oculus/SampleFramework/Core/DebugUI/Textures/radio_PSD.psd using Guid(e18f01d9439b38045b70e908d6f06d82) Importer(2089858483,0ecaa5967403d082aa24f35e1b516d23) [PhysX] Initialized MultithreadedTaskDispatcher with 32 workers.
 -> (artifact id: '3a44d4ff25a3347fa47639f66b8f0e09') in 0.019766 seconds
Number of updated asset objects reloaded before import = 0
Number of asset objects unloaded after import = 1
========================================================================
Received Import Request.
  Time since last request: 0.000174 seconds.
  path: Assets/Oculus/Platform/Samples/VrHoops/Scripts/MatchmakingManager.cs
  artifactKey: Guid(fa69df7dcb6814fab9439789f1e23e2e) Importer(2089858483,0ecaa5967403d082aa24f35e1b516d23)
Start importing Assets/Oculus/Platform/Samples/VrHoops/Scripts/MatchmakingManager.cs using Guid(fa69df7dcb6814fab9439789f1e23e2e) Importer(2089858483,0ecaa5967403d082aa24f35e1b516d23) [PhysX] Initialized MultithreadedTaskDispatcher with 32 workers.
 -> (artifact id: '675b3e4cc27c62c14ba5a87738b8dbcb') in 0.032451 seconds
Number of updated asset objects reloaded before import = 0
Number of asset objects unloaded after import = 1
========================================================================
Received Import Request.
  Time since last request: 0.000258 seconds.
  path: Assets/Oculus/Platform/Samples/VrBoardGame/Scripts/BoardPosition.cs
  artifactKey: Guid(d9244e220b0fee34c98de6ed84ee6cdd) Importer(2089858483,0ecaa5967403d082aa24f35e1b516d23)
Start importing Assets/Oculus/Platform/Samples/VrBoardGame/Scripts/BoardPosition.cs using Guid(d9244e220b0fee34c98de6ed84ee6cdd) Importer(2089858483,0ecaa5967403d082aa24f35e1b516d23) [PhysX] Initialized MultithreadedTaskDispatcher with 32 workers.
 -> (artifact id: 'ab85618d69d10809de6dd6d985bb2b25') in 0.023051 seconds
Number of updated asset objects reloaded before import = 0
Number of asset objects unloaded after import = 1
========================================================================
Received Import Request.
  Time since last request: 0.000016 seconds.
  path: Assets/Oculus/Interaction/Samples/ThirdParty/Textures/ComprehensiveGrabMapTexture.png
  artifactKey: Guid(1b30196ca66ece04f80c3809a3133644) Importer(2089858483,0ecaa5967403d082aa24f35e1b516d23)
Start importing Assets/Oculus/Interaction/Samples/ThirdParty/Textures/ComprehensiveGrabMapTexture.png using Guid(1b30196ca66ece04f80c3809a3133644) Importer(2089858483,0ecaa5967403d082aa24f35e1b516d23) [PhysX] Initialized MultithreadedTaskDispatcher with 32 workers.
 -> (artifact id: '5bbb6a28275d3683419112cfb8849966') in 0.030297 seconds
Number of updated asset objects reloaded before import = 0
Number of asset objects unloaded after import = 3
========================================================================
Received Import Request.
  Time since last request: 0.000017 seconds.
  path: Assets/Oculus/SampleFramework/Core/Locomotion/Scripts/TeleportPoint.cs
  artifactKey: Guid(1787d5d9d5016e24887c57d4163b3ebb) Importer(2089858483,0ecaa5967403d082aa24f35e1b516d23)
Start importing Assets/Oculus/SampleFramework/Core/Locomotion/Scripts/TeleportPoint.cs using Guid(1787d5d9d5016e24887c57d4163b3ebb) Importer(2089858483,0ecaa5967403d082aa24f35e1b516d23) [PhysX] Initialized MultithreadedTaskDispatcher with 32 workers.
 -> (artifact id: 'e12f6920bd0d8b542f49f0baf4d3851a') in 0.010457 seconds
Number of updated asset objects reloaded before import = 0
Number of asset objects unloaded after import = 1
========================================================================
Received Import Request.
  Time since last request: 0.000133 seconds.
  path: Assets/Oculus/SampleFramework/Core/DistanceGrab/Prefabs/DistanceGrabHandRight.prefab
  artifactKey: Guid(6fae51a9f4170334e8639e8dbfc0a54b) Importer(2089858483,0ecaa5967403d082aa24f35e1b516d23)
Start importing Assets/Oculus/SampleFramework/Core/DistanceGrab/Prefabs/DistanceGrabHandRight.prefab using Guid(6fae51a9f4170334e8639e8dbfc0a54b) Importer(2089858483,0ecaa5967403d082aa24f35e1b516d23) [PhysX] Initialized MultithreadedTaskDispatcher with 32 workers.
 -> (artifact id: '538bedaa20dfc4b45e98fdcb937f78f9') in 0.023884 seconds
Number of updated asset objects reloaded before import = 0
Number of asset objects unloaded after import = 154
========================================================================
Received Import Request.
  Time since last request: 0.000015 seconds.
  path: Assets/Oculus/SampleFramework/Core/CustomHands/Models/HandMaterial.mat
  artifactKey: Guid(cc8c9e8a516866042b69a6919d0ab885) Importer(2089858483,0ecaa5967403d082aa24f35e1b516d23)
Start importing Assets/Oculus/SampleFramework/Core/CustomHands/Models/HandMaterial.mat using Guid(cc8c9e8a516866042b69a6919d0ab885) Importer(2089858483,0ecaa5967403d082aa24f35e1b516d23) [PhysX] Initialized MultithreadedTaskDispatcher with 32 workers.
 -> (artifact id: '03df699755d83705769249db13728e12') in 0.009758 seconds
Number of updated asset objects reloaded before import = 0
Number of asset objects unloaded after import = 1
========================================================================
Received Import Request.
  Time since last request: 0.000072 seconds.
  path: Assets/Oculus/Platform/Samples/VrHoops/Scripts/DetectBasket.cs
  artifactKey: Guid(a63d0cd5dd6d39a4abd35114563fe347) Importer(2089858483,0ecaa5967403d082aa24f35e1b516d23)
Start importing Assets/Oculus/Platform/Samples/VrHoops/Scripts/DetectBasket.cs using Guid(a63d0cd5dd6d39a4abd35114563fe347) Importer(2089858483,0ecaa5967403d082aa24f35e1b516d23) [PhysX] Initialized MultithreadedTaskDispatcher with 32 workers.
 -> (artifact id: '1c8d969c239e76e556bd01f1c7c63ab2') in 0.009676 seconds
Number of updated asset objects reloaded before import = 0
Number of asset objects unloaded after import = 1
========================================================================
Received Import Request.
  Time since last request: 0.000015 seconds.
  path: Assets/Oculus/SampleFramework/Core/TouchControllers/Animations/l_controller_joy_W_anim.fbx
  artifactKey: Guid(2f1df26289a19bb4ea46f213b340524c) Importer(2089858483,0ecaa5967403d082aa24f35e1b516d23)
Start importing Assets/Oculus/SampleFramework/Core/TouchControllers/Animations/l_controller_joy_W_anim.fbx using Guid(2f1df26289a19bb4ea46f213b340524c) Importer(2089858483,0ecaa5967403d082aa24f35e1b516d23) [PhysX] Initialized MultithreadedTaskDispatcher with 32 workers.
 -> (artifact id: '044bebb9d4d538efb5972b484f8a34de') in 0.016584 seconds
Number of updated asset objects reloaded before import = 0
Number of asset objects unloaded after import = 22
========================================================================
Received Import Request.
  Time since last request: 0.000079 seconds.
  path: Assets/Oculus/SampleFramework/Core/Locomotion/Scripts/TeleportInputHandler.cs
  artifactKey: Guid(687155c0dd8b55d409e36711e0cc7167) Importer(2089858483,0ecaa5967403d082aa24f35e1b516d23)
Start importing Assets/Oculus/SampleFramework/Core/Locomotion/Scripts/TeleportInputHandler.cs using Guid(687155c0dd8b55d409e36711e0cc7167) Importer(2089858483,0ecaa5967403d082aa24f35e1b516d23) [PhysX] Initialized MultithreadedTaskDispatcher with 32 workers.
 -> (artifact id: '53b752a67a85474c23fd1177a5f83c8f') in 0.011206 seconds
Number of updated asset objects reloaded before import = 0
Number of asset objects unloaded after import = 1
========================================================================
Received Import Request.
  Time since last request: 0.000056 seconds.
  path: Assets/Oculus/SampleFramework/Core/CustomHands/Textures/ramp_02.png
  artifactKey: Guid(00b54db44fb90497d8e51b542bb5d340) Importer(2089858483,0ecaa5967403d082aa24f35e1b516d23)
Start importing Assets/Oculus/SampleFramework/Core/CustomHands/Textures/ramp_02.png using Guid(00b54db44fb90497d8e51b542bb5d340) Importer(2089858483,0ecaa5967403d082aa24f35e1b516d23) [PhysX] Initialized MultithreadedTaskDispatcher with 32 workers.
 -> (artifact id: '835b24b99282fd0e13198c0953ddaa97') in 0.016421 seconds
Number of updated asset objects reloaded before import = 0
Number of asset objects unloaded after import = 1
========================================================================
Received Import Request.
  Time since last request: 0.000095 seconds.
  path: Assets/Oculus/Interaction/Samples/Scripts/Body/LockedBodyPose.cs
  artifactKey: Guid(91ff0dbc3add03444934d0bd81a06242) Importer(2089858483,0ecaa5967403d082aa24f35e1b516d23)
Start importing Assets/Oculus/Interaction/Samples/Scripts/Body/LockedBodyPose.cs using Guid(91ff0dbc3add03444934d0bd81a06242) Importer(2089858483,0ecaa5967403d082aa24f35e1b516d23) [PhysX] Initialized MultithreadedTaskDispatcher with 32 workers.
 -> (artifact id: '3699e6a67ff2f5984d8025e0dec35780') in 0.010358 seconds
Number of updated asset objects reloaded before import = 0
Number of asset objects unloaded after import = 1
========================================================================
Received Import Request.
  Time since last request: 0.000020 seconds.
  path: Assets/Oculus/SampleFramework/Core/HandsInteraction/Shaders/OculusSampleAlphaHandOutline.shader
  artifactKey: Guid(8aba22c2208aff640a2fdc9a5e45a9dd) Importer(2089858483,0ecaa5967403d082aa24f35e1b516d23)
Start importing Assets/Oculus/SampleFramework/Core/HandsInteraction/Shaders/OculusSampleAlphaHandOutline.shader using Guid(8aba22c2208aff640a2fdc9a5e45a9dd) Importer(2089858483,0ecaa5967403d082aa24f35e1b516d23) [PhysX] Initialized MultithreadedTaskDispatcher with 32 workers.
 -> (artifact id: '766c44cf3942b0b2a271fd9cad1983ab') in 0.007620 seconds
Number of updated asset objects reloaded before import = 0
Number of asset objects unloaded after import = 1
========================================================================
Received Import Request.
  Time since last request: 1.350686 seconds.
  path: Assets/Oculus/SampleFramework/Core/TouchControllers/Materials/L_controller_gloss_MAT.mat
  artifactKey: Guid(165c00e6a6441ba4c928870ca72b6395) Importer(2089858483,0ecaa5967403d082aa24f35e1b516d23)
Start importing Assets/Oculus/SampleFramework/Core/TouchControllers/Materials/L_controller_gloss_MAT.mat using Guid(165c00e6a6441ba4c928870ca72b6395) Importer(2089858483,0ecaa5967403d082aa24f35e1b516d23) [PhysX] Initialized MultithreadedTaskDispatcher with 32 workers.
 -> (artifact id: '69ace04385e2cb5e7c16cd1cbe450f3d') in 0.011670 seconds
Number of updated asset objects reloaded before import = 0
Number of asset objects unloaded after import = 2
========================================================================
Received Import Request.
  Time since last request: 0.000034 seconds.
  path: Assets/Oculus/SampleFramework/Usage/HandsTrainExample/TrainScene/Lightmap-27_comp_shadowmask.png
  artifactKey: Guid(9e5e0737552048c4a898f585d179fc13) Importer(2089858483,0ecaa5967403d082aa24f35e1b516d23)
Start importing Assets/Oculus/SampleFramework/Usage/HandsTrainExample/TrainScene/Lightmap-27_comp_shadowmask.png using Guid(9e5e0737552048c4a898f585d179fc13) Importer(2089858483,0ecaa5967403d082aa24f35e1b516d23) [PhysX] Initialized MultithreadedTaskDispatcher with 32 workers.
 -> (artifact id: '8bdeab9899d63d1227bf2f04465dbfae') in 0.023165 seconds
Number of updated asset objects reloaded before import = 0
Number of asset objects unloaded after import = 1
========================================================================
Received Import Request.
  Time since last request: 0.000080 seconds.
  path: Assets/Oculus/SampleFramework/Usage/Locomotion/Materials/MeterGrid.png
  artifactKey: Guid(38bf306a80da8c34abb88f6a022e2df9) Importer(2089858483,0ecaa5967403d082aa24f35e1b516d23)
Start importing Assets/Oculus/SampleFramework/Usage/Locomotion/Materials/MeterGrid.png using Guid(38bf306a80da8c34abb88f6a022e2df9) Importer(2089858483,0ecaa5967403d082aa24f35e1b516d23) [PhysX] Initialized MultithreadedTaskDispatcher with 32 workers.
 -> (artifact id: '63adc034f2df1500d3448a450be32e46') in 0.022047 seconds
Number of updated asset objects reloaded before import = 0
Number of asset objects unloaded after import = 1
========================================================================
Received Import Request.
  Time since last request: 0.000016 seconds.
  path: Assets/Oculus/SampleFramework/Usage/Locomotion/Prefabs/WallsAndDoorsPf.prefab
  artifactKey: Guid(e58e667acb62349e085229e0f8abfc7f) Importer(2089858483,0ecaa5967403d082aa24f35e1b516d23)
Start importing Assets/Oculus/SampleFramework/Usage/Locomotion/Prefabs/WallsAndDoorsPf.prefab using Guid(e58e667acb62349e085229e0f8abfc7f) Importer(2089858483,0ecaa5967403d082aa24f35e1b516d23) [PhysX] Initialized MultithreadedTaskDispatcher with 32 workers.
 -> (artifact id: '42b13de321be24b201084697932cab72') in 0.010112 seconds
Number of updated asset objects reloaded before import = 0
Number of asset objects unloaded after import = 10
========================================================================
Received Import Request.
  Time since last request: 0.000138 seconds.
  path: Assets/Oculus/SampleFramework/Usage/Locomotion/Models/WedgeFloor_10.fbx
  artifactKey: Guid(2225882751f554d0989a705cd3846b1c) Importer(2089858483,0ecaa5967403d082aa24f35e1b516d23)
Start importing Assets/Oculus/SampleFramework/Usage/Locomotion/Models/WedgeFloor_10.fbx using Guid(2225882751f554d0989a705cd3846b1c) Importer(2089858483,0ecaa5967403d082aa24f35e1b516d23) [PhysX] Initialized MultithreadedTaskDispatcher with 32 workers.
 -> (artifact id: 'f312076c3d710eb1ec9faab643a2a5da') in 0.023146 seconds
Number of updated asset objects reloaded before import = 0
Number of asset objects unloaded after import = 7
========================================================================
Received Import Request.
  Time since last request: 0.000016 seconds.
  path: Assets/Oculus/SampleFramework/Usage/Locomotion/Textures/floor_tile_01_amb.png
  artifactKey: Guid(8ae5623890e694f06b02c6f20d2d7d77) Importer(2089858483,0ecaa5967403d082aa24f35e1b516d23)
Start importing Assets/Oculus/SampleFramework/Usage/Locomotion/Textures/floor_tile_01_amb.png using Guid(8ae5623890e694f06b02c6f20d2d7d77) Importer(2089858483,0ecaa5967403d082aa24f35e1b516d23) [PhysX] Initialized MultithreadedTaskDispatcher with 32 workers.
 -> (artifact id: 'af3c7f52c0497c2e2334416f43e5a157') in 0.018222 seconds
Number of updated asset objects reloaded before import = 0
Number of asset objects unloaded after import = 1
========================================================================
Received Import Request.
  Time since last request: 0.000033 seconds.
  path: Assets/Oculus/SampleFramework/Usage/Locomotion/Models/WedgeCeiling_10.fbx
  artifactKey: Guid(5a57539efb226489f93795837f26cd06) Importer(2089858483,0ecaa5967403d082aa24f35e1b516d23)
Start importing Assets/Oculus/SampleFramework/Usage/Locomotion/Models/WedgeCeiling_10.fbx using Guid(5a57539efb226489f93795837f26cd06) Importer(2089858483,0ecaa5967403d082aa24f35e1b516d23) [PhysX] Initialized MultithreadedTaskDispatcher with 32 workers.
 -> (artifact id: 'cfaf16bf93640abf3718a9f9f93e1158') in 0.020918 seconds
Number of updated asset objects reloaded before import = 0
Number of asset objects unloaded after import = 7
========================================================================
Received Import Request.
  Time since last request: 0.000017 seconds.
  path: Assets/Oculus/SampleFramework/Usage/DistanceGrab/Materials/TriangleCursorTargeted.mat
  artifactKey: Guid(61ef159634e7b49fb88f64dfa954b0f5) Importer(2089858483,0ecaa5967403d082aa24f35e1b516d23)
Start importing Assets/Oculus/SampleFramework/Usage/DistanceGrab/Materials/TriangleCursorTargeted.mat using Guid(61ef159634e7b49fb88f64dfa954b0f5) Importer(2089858483,0ecaa5967403d082aa24f35e1b516d23) [PhysX] Initialized MultithreadedTaskDispatcher with 32 workers.
 -> (artifact id: 'f6b8c74c866e2682ab669a5f31a18681') in 0.012998 seconds
Number of updated asset objects reloaded before import = 0
Number of asset objects unloaded after import = 2
========================================================================
Received Import Request.
  Time since last request: 0.000088 seconds.
  path: Assets/Oculus/SampleFramework/Usage/SceneManager/Materials/Green.mat
  artifactKey: Guid(302477ffe5025c8418b312bcaf88563f) Importer(2089858483,0ecaa5967403d082aa24f35e1b516d23)
Start importing Assets/Oculus/SampleFramework/Usage/SceneManager/Materials/Green.mat using Guid(302477ffe5025c8418b312bcaf88563f) Importer(2089858483,0ecaa5967403d082aa24f35e1b516d23) [PhysX] Initialized MultithreadedTaskDispatcher with 32 workers.
 -> (artifact id: '7eca252850408ccd5a67e269454556ea') in 0.015149 seconds
Number of updated asset objects reloaded before import = 0
Number of asset objects unloaded after import = 1
========================================================================
Received Import Request.
  Time since last request: 0.000016 seconds.
  path: Assets/Oculus/SampleFramework/Usage/HandsTrainExample/TrainScene/Lightmap-38_comp_light.exr
  artifactKey: Guid(c89369294e3e2b243a0856c19795596c) Importer(2089858483,0ecaa5967403d082aa24f35e1b516d23)
Start importing Assets/Oculus/SampleFramework/Usage/HandsTrainExample/TrainScene/Lightmap-38_comp_light.exr using Guid(c89369294e3e2b243a0856c19795596c) Importer(2089858483,0ecaa5967403d082aa24f35e1b516d23) [PhysX] Initialized MultithreadedTaskDispatcher with 32 workers.
 -> (artifact id: 'd76aa7a4d7f4eed9520da1b2adac4474') in 0.015002 seconds
Number of updated asset objects reloaded before import = 0
Number of asset objects unloaded after import = 1
========================================================================
Received Import Request.
  Time since last request: 0.000057 seconds.
  path: Assets/Oculus/SampleFramework/Usage/DistanceGrab/Materials/ToyCubeWithOutline.mat
  artifactKey: Guid(99420f5a26a93487aa0ae70d73da8c34) Importer(2089858483,0ecaa5967403d082aa24f35e1b516d23)
Start importing Assets/Oculus/SampleFramework/Usage/DistanceGrab/Materials/ToyCubeWithOutline.mat using Guid(99420f5a26a93487aa0ae70d73da8c34) Importer(2089858483,0ecaa5967403d082aa24f35e1b516d23) [PhysX] Initialized MultithreadedTaskDispatcher with 32 workers.
 -> (artifact id: 'f63235a4459637b9cf711402f622145c') in 0.011376 seconds
Number of updated asset objects reloaded before import = 0
Number of asset objects unloaded after import = 3
========================================================================
Received Import Request.
  Time since last request: 0.000015 seconds.
  path: Assets/Oculus/SampleFramework/Usage/Locomotion/Textures/concrete_01_msm.png
  artifactKey: Guid(822a095e7cc3f4cce8b355ce5d46f26a) Importer(2089858483,0ecaa5967403d082aa24f35e1b516d23)
Start importing Assets/Oculus/SampleFramework/Usage/Locomotion/Textures/concrete_01_msm.png using Guid(822a095e7cc3f4cce8b355ce5d46f26a) Importer(2089858483,0ecaa5967403d082aa24f35e1b516d23) [PhysX] Initialized MultithreadedTaskDispatcher with 32 workers.
 -> (artifact id: 'bf61f138bc985f363231a31753fab81b') in 0.012669 seconds
Number of updated asset objects reloaded before import = 0
Number of asset objects unloaded after import = 1
========================================================================
Received Import Request.
  Time since last request: 0.000103 seconds.
  path: Assets/Oculus/SampleFramework/Usage/HandsTrainExample/TrainScene/Lightmap-12_comp_dir.png
  artifactKey: Guid(2558c1f91fd96f84abeac5e50c0ca44e) Importer(2089858483,0ecaa5967403d082aa24f35e1b516d23)
Start importing Assets/Oculus/SampleFramework/Usage/HandsTrainExample/TrainScene/Lightmap-12_comp_dir.png using Guid(2558c1f91fd96f84abeac5e50c0ca44e) Importer(2089858483,0ecaa5967403d082aa24f35e1b516d23) [PhysX] Initialized MultithreadedTaskDispatcher with 32 workers.
 -> (artifact id: 'df6f53352c2071d4af39d32e362e9a94') in 0.017475 seconds
Number of updated asset objects reloaded before import = 0
Number of asset objects unloaded after import = 1
========================================================================
Received Import Request.
  Time since last request: 0.000104 seconds.
  path: Assets/Oculus/SampleFramework/Usage/SceneManager/Materials/Floor.mat
  artifactKey: Guid(6317243759ba40f43a2bf4a90c9e95d8) Importer(2089858483,0ecaa5967403d082aa24f35e1b516d23)
Start importing Assets/Oculus/SampleFramework/Usage/SceneManager/Materials/Floor.mat using Guid(6317243759ba40f43a2bf4a90c9e95d8) Importer(2089858483,0ecaa5967403d082aa24f35e1b516d23) [PhysX] Initialized MultithreadedTaskDispatcher with 32 workers.
 -> (artifact id: '20494807a73e60ad0c83f9c59986b69b') in 0.011978 seconds
Number of updated asset objects reloaded before import = 0
Number of asset objects unloaded after import = 1
========================================================================
Received Import Request.
  Time since last request: 0.000086 seconds.
  path: Assets/Oculus/SampleFramework/Usage/HandsTrainExample/Prefabs/XingPost.prefab
  artifactKey: Guid(c5170255550e6fa43a078b7f187375e7) Importer(2089858483,0ecaa5967403d082aa24f35e1b516d23)
Start importing Assets/Oculus/SampleFramework/Usage/HandsTrainExample/Prefabs/XingPost.prefab using Guid(c5170255550e6fa43a078b7f187375e7) Importer(2089858483,0ecaa5967403d082aa24f35e1b516d23) [PhysX] Initialized MultithreadedTaskDispatcher with 32 workers.
 -> (artifact id: '056133af61afc0ac30bbc01c7e2de78f') in 0.025347 seconds
Number of updated asset objects reloaded before import = 0
Number of asset objects unloaded after import = 43
========================================================================
Received Import Request.
  Time since last request: 0.000018 seconds.
  path: Assets/Oculus/SampleFramework/Usage/SceneManager/Materials/Volume.mat
  artifactKey: Guid(543b651ad3494a6499aacc90e536b48d) Importer(2089858483,0ecaa5967403d082aa24f35e1b516d23)
Start importing Assets/Oculus/SampleFramework/Usage/SceneManager/Materials/Volume.mat using Guid(543b651ad3494a6499aacc90e536b48d) Importer(2089858483,0ecaa5967403d082aa24f35e1b516d23) [PhysX] Initialized MultithreadedTaskDispatcher with 32 workers.
 -> (artifact id: '705eea380eddb260d978f1dd8010a68c') in 0.013428 seconds
Number of updated asset objects reloaded before import = 0
Number of asset objects unloaded after import = 2
========================================================================
Received Import Request.
  Time since last request: 0.000017 seconds.
  path: Assets/Oculus/SampleFramework/Usage/SceneManager/Scripts/BouncingBallMgr.cs
  artifactKey: Guid(5eceb167892f49a48a0f8e1ee2bd4e02) Importer(2089858483,0ecaa5967403d082aa24f35e1b516d23)
Start importing Assets/Oculus/SampleFramework/Usage/SceneManager/Scripts/BouncingBallMgr.cs using Guid(5eceb167892f49a48a0f8e1ee2bd4e02) Importer(2089858483,0ecaa5967403d082aa24f35e1b516d23) [PhysX] Initialized MultithreadedTaskDispatcher with 32 workers.
 -> (artifact id: '5dfc85b51f30a5cae733096400ac4da6') in 0.010799 seconds
Number of updated asset objects reloaded before import = 0
Number of asset objects unloaded after import = 1
========================================================================
Received Import Request.
  Time since last request: 0.000172 seconds.
  path: Assets/Oculus/SampleFramework/Usage/SceneManager/Materials/Volume Mesh.mat
  artifactKey: Guid(92560d2023bfad34d83532384d82ae5e) Importer(2089858483,0ecaa5967403d082aa24f35e1b516d23)
Start importing Assets/Oculus/SampleFramework/Usage/SceneManager/Materials/Volume Mesh.mat using Guid(92560d2023bfad34d83532384d82ae5e) Importer(2089858483,0ecaa5967403d082aa24f35e1b516d23) [PhysX] Initialized MultithreadedTaskDispatcher with 32 workers.
 -> (artifact id: 'e32d23d677303ae79385da9eb7a5dadd') in 0.013002 seconds
Number of updated asset objects reloaded before import = 0
Number of asset objects unloaded after import = 1
========================================================================
Received Import Request.
  Time since last request: 0.000090 seconds.
  path: Assets/Oculus/SampleFramework/Usage/Passthrough/Scripts/HandMeshUI.cs
  artifactKey: Guid(ff682cd7f7129418aa8ec97bc03d5c8c) Importer(2089858483,0ecaa5967403d082aa24f35e1b516d23)
Start importing Assets/Oculus/SampleFramework/Usage/Passthrough/Scripts/HandMeshUI.cs using Guid(ff682cd7f7129418aa8ec97bc03d5c8c) Importer(2089858483,0ecaa5967403d082aa24f35e1b516d23) [PhysX] Initialized MultithreadedTaskDispatcher with 32 workers.
 -> (artifact id: 'dc884ac5765bd907b97c31f8dc8dd78d') in 0.009061 seconds
Number of updated asset objects reloaded before import = 0
Number of asset objects unloaded after import = 1
========================================================================
Received Import Request.
  Time since last request: 0.000081 seconds.
  path: Assets/Oculus/SampleFramework/Usage/OVROverlay/Textures/Tile_Texture_Farlands.png
  artifactKey: Guid(8c55e093297ecf64098d47568188e390) Importer(2089858483,0ecaa5967403d082aa24f35e1b516d23)
Start importing Assets/Oculus/SampleFramework/Usage/OVROverlay/Textures/Tile_Texture_Farlands.png using Guid(8c55e093297ecf64098d47568188e390) Importer(2089858483,0ecaa5967403d082aa24f35e1b516d23) [PhysX] Initialized MultithreadedTaskDispatcher with 32 workers.
 -> (artifact id: '41dc4d4f426812276a2234c61e2d0f37') in 0.019348 seconds
Number of updated asset objects reloaded before import = 0
Number of asset objects unloaded after import = 1
========================================================================
Received Import Request.
  Time since last request: 0.000105 seconds.
  path: Assets/Oculus/SampleFramework/Usage/SceneManager/Materials/Ceiling.mat
  artifactKey: Guid(e84b08dfae603654ca8b369fa516ab8a) Importer(2089858483,0ecaa5967403d082aa24f35e1b516d23)
Start importing Assets/Oculus/SampleFramework/Usage/SceneManager/Materials/Ceiling.mat using Guid(e84b08dfae603654ca8b369fa516ab8a) Importer(2089858483,0ecaa5967403d082aa24f35e1b516d23) [PhysX] Initialized MultithreadedTaskDispatcher with 32 workers.
 -> (artifact id: 'fd147024a624931b449c60c9085cec3d') in 0.009102 seconds
Number of updated asset objects reloaded before import = 0
Number of asset objects unloaded after import = 1
========================================================================
Received Import Request.
  Time since last request: 0.000073 seconds.
  path: Assets/Oculus/SampleFramework/Usage/Passthrough/Materials/SelectivePassthrough.shader
  artifactKey: Guid(a199f698ecf1463488778ee398e3bf0c) Importer(2089858483,0ecaa5967403d082aa24f35e1b516d23)
Start importing Assets/Oculus/SampleFramework/Usage/Passthrough/Materials/SelectivePassthrough.shader using Guid(a199f698ecf1463488778ee398e3bf0c) Importer(2089858483,0ecaa5967403d082aa24f35e1b516d23) [PhysX] Initialized MultithreadedTaskDispatcher with 32 workers.
 -> (artifact id: 'f8ab05989aa699d09862a600d517aee1') in 0.008634 seconds
Number of updated asset objects reloaded before import = 0
Number of asset objects unloaded after import = 1
========================================================================
Received Import Request.
  Time since last request: 0.000345 seconds.
  path: Assets/Oculus/SampleFramework/Usage/HandsTrainExample/Textures/grid_10x10_v4.png
  artifactKey: Guid(f2660f35c6546224e87dd8e9822a3531) Importer(2089858483,0ecaa5967403d082aa24f35e1b516d23)
Start importing Assets/Oculus/SampleFramework/Usage/HandsTrainExample/Textures/grid_10x10_v4.png using Guid(f2660f35c6546224e87dd8e9822a3531) Importer(2089858483,0ecaa5967403d082aa24f35e1b516d23) [PhysX] Initialized MultithreadedTaskDispatcher with 32 workers.
 -> (artifact id: '08e125431cef4e7b7df9df9f6b0e3eb2') in 0.015040 seconds
Number of updated asset objects reloaded before import = 0
Number of asset objects unloaded after import = 1
========================================================================
Received Import Request.
  Time since last request: 0.000093 seconds.
  path: Assets/Oculus/SampleFramework/Usage/Passthrough/Materials/DropShadow.mat
  artifactKey: Guid(453454162b59cff4e85715109e372e86) Importer(2089858483,0ecaa5967403d082aa24f35e1b516d23)
Start importing Assets/Oculus/SampleFramework/Usage/Passthrough/Materials/DropShadow.mat using Guid(453454162b59cff4e85715109e372e86) Importer(2089858483,0ecaa5967403d082aa24f35e1b516d23) [PhysX] Initialized MultithreadedTaskDispatcher with 32 workers.
 -> (artifact id: 'a393c660d9c1bff69e836755e0ced646') in 0.009105 seconds
Number of updated asset objects reloaded before import = 0
Number of asset objects unloaded after import = 2
========================================================================
Received Import Request.
  Time since last request: 0.000018 seconds.
  path: Assets/Oculus/SampleFramework/Usage/HandsTrainExample/TrainScene/Lightmap-31_comp_shadowmask.png
  artifactKey: Guid(f70e7df3a2fa3aa41a0f5a99ee2c74a2) Importer(2089858483,0ecaa5967403d082aa24f35e1b516d23)
Start importing Assets/Oculus/SampleFramework/Usage/HandsTrainExample/TrainScene/Lightmap-31_comp_shadowmask.png using Guid(f70e7df3a2fa3aa41a0f5a99ee2c74a2) Importer(2089858483,0ecaa5967403d082aa24f35e1b516d23) [PhysX] Initialized MultithreadedTaskDispatcher with 32 workers.
 -> (artifact id: '7a80f725796c0b511ebc2d4cfcb4f02b') in 0.014122 seconds
Number of updated asset objects reloaded before import = 0
Number of asset objects unloaded after import = 1
========================================================================
Received Import Request.
  Time since last request: 0.000017 seconds.
  path: Assets/Oculus/SampleFramework/Usage/OVROverlay/Prefabs/OculusWoodBlockNoPhysPf.prefab
  artifactKey: Guid(70c07dd50d6ddb74fbfa78eccee120c5) Importer(2089858483,0ecaa5967403d082aa24f35e1b516d23)
Start importing Assets/Oculus/SampleFramework/Usage/OVROverlay/Prefabs/OculusWoodBlockNoPhysPf.prefab using Guid(70c07dd50d6ddb74fbfa78eccee120c5) Importer(2089858483,0ecaa5967403d082aa24f35e1b516d23) [PhysX] Initialized MultithreadedTaskDispatcher with 32 workers.
 -> (artifact id: '3d08ad81e0819f81e0094612abefe4de') in 0.015011 seconds
Number of updated asset objects reloaded before import = 0
Number of asset objects unloaded after import = 7
========================================================================
Received Import Request.
  Time since last request: 0.000044 seconds.
  path: Assets/Oculus/SampleFramework/Usage/HandsTrainExample/Audio/Windmill_Rotate_Fast_Loop.wav
  artifactKey: Guid(2883b27e450c9164496330700b848f3f) Importer(2089858483,0ecaa5967403d082aa24f35e1b516d23)
Start importing Assets/Oculus/SampleFramework/Usage/HandsTrainExample/Audio/Windmill_Rotate_Fast_Loop.wav using Guid(2883b27e450c9164496330700b848f3f) Importer(2089858483,0ecaa5967403d082aa24f35e1b516d23) [PhysX] Initialized MultithreadedTaskDispatcher with 32 workers.
 -> (artifact id: '0e4fd9601ab30ddfde6a3b00b90b22ab') in 0.035415 seconds
Number of updated asset objects reloaded before import = 0
Number of asset objects unloaded after import = 1
========================================================================
Received Import Request.
  Time since last request: 0.000231 seconds.
  path: Assets/Oculus/SampleFramework/Usage/Passthrough/Materials/BrushRing.mat
  artifactKey: Guid(fc831064da805784e84a86149c3671bb) Importer(2089858483,0ecaa5967403d082aa24f35e1b516d23)
Start importing Assets/Oculus/SampleFramework/Usage/Passthrough/Materials/BrushRing.mat using Guid(fc831064da805784e84a86149c3671bb) Importer(2089858483,0ecaa5967403d082aa24f35e1b516d23) [PhysX] Initialized MultithreadedTaskDispatcher with 32 workers.
 -> (artifact id: 'a841fd004b14cba786b0a581e1b1d67b') in 0.011192 seconds
Number of updated asset objects reloaded before import = 0
Number of asset objects unloaded after import = 2
========================================================================
Received Import Request.
  Time since last request: 0.000028 seconds.
  path: Assets/Oculus/SampleFramework/Usage/Passthrough/Scripts/PassthroughBrush.cs
  artifactKey: Guid(3c316363f4d5d264fb22b6342654e580) Importer(2089858483,0ecaa5967403d082aa24f35e1b516d23)
Start importing Assets/Oculus/SampleFramework/Usage/Passthrough/Scripts/PassthroughBrush.cs using Guid(3c316363f4d5d264fb22b6342654e580) Importer(2089858483,0ecaa5967403d082aa24f35e1b516d23) [PhysX] Initialized MultithreadedTaskDispatcher with 32 workers.
 -> (artifact id: 'de8c1fb9a2b2a52425fb8414e7aafecb') in 0.010599 seconds
Number of updated asset objects reloaded before import = 0
Number of asset objects unloaded after import = 1
========================================================================
Received Import Request.
  Time since last request: 0.000021 seconds.
  path: Assets/Oculus/SampleFramework/Usage/HandsTrainExample/TrainScene/Lightmap-28_comp_shadowmask.png
  artifactKey: Guid(19859e0c03452054887ceffabffc3b6f) Importer(2089858483,0ecaa5967403d082aa24f35e1b516d23)
Start importing Assets/Oculus/SampleFramework/Usage/HandsTrainExample/TrainScene/Lightmap-28_comp_shadowmask.png using Guid(19859e0c03452054887ceffabffc3b6f) Importer(2089858483,0ecaa5967403d082aa24f35e1b516d23) [PhysX] Initialized MultithreadedTaskDispatcher with 32 workers.
 -> (artifact id: '85b5b9af6de7caf83c2c0290a26cc9e5') in 0.016892 seconds
Number of updated asset objects reloaded before import = 0
Number of asset objects unloaded after import = 1
========================================================================
Received Import Request.
  Time since last request: 0.000018 seconds.
  path: Assets/Oculus/SampleFramework/Usage/HandsTrainExample/Scripts/CowController.cs
  artifactKey: Guid(68a26abcaa6c9634681e21c3d4eb1efe) Importer(2089858483,0ecaa5967403d082aa24f35e1b516d23)
Start importing Assets/Oculus/SampleFramework/Usage/HandsTrainExample/Scripts/CowController.cs using Guid(68a26abcaa6c9634681e21c3d4eb1efe) Importer(2089858483,0ecaa5967403d082aa24f35e1b516d23) [PhysX] Initialized MultithreadedTaskDispatcher with 32 workers.
 -> (artifact id: '1bdd26b1eb62ce2f1af336b74422e226') in 0.010754 seconds
Number of updated asset objects reloaded before import = 0
Number of asset objects unloaded after import = 1
========================================================================
Received Import Request.
  Time since last request: 0.000125 seconds.
  path: Assets/Oculus/SampleFramework/Usage/SceneManager/Materials/Fabric.mat
  artifactKey: Guid(aae5e920b8e06ca44af918d3f48f4ad5) Importer(2089858483,0ecaa5967403d082aa24f35e1b516d23)
Start importing Assets/Oculus/SampleFramework/Usage/SceneManager/Materials/Fabric.mat using Guid(aae5e920b8e06ca44af918d3f48f4ad5) Importer(2089858483,0ecaa5967403d082aa24f35e1b516d23) [PhysX] Initialized MultithreadedTaskDispatcher with 32 workers.
 -> (artifact id: '5c2e77ff03e85856caf0d8a5c5e843ef') in 0.014477 seconds
Number of updated asset objects reloaded before import = 0
Number of asset objects unloaded after import = 1
========================================================================
Received Import Request.
  Time since last request: 0.000134 seconds.
  path: Assets/Oculus/SampleFramework/Usage/Locomotion/Materials/MAT_brick_01.mat
  artifactKey: Guid(eded406ac811741c5a8a5142b2043467) Importer(2089858483,0ecaa5967403d082aa24f35e1b516d23)
Start importing Assets/Oculus/SampleFramework/Usage/Locomotion/Materials/MAT_brick_01.mat using Guid(eded406ac811741c5a8a5142b2043467) Importer(2089858483,0ecaa5967403d082aa24f35e1b516d23) [PhysX] Initialized MultithreadedTaskDispatcher with 32 workers.
 -> (artifact id: 'd788cf7c71e04925ed47ad017505cde6') in 0.033786 seconds
Number of updated asset objects reloaded before import = 0
Number of asset objects unloaded after import = 4
========================================================================
Received Import Request.
  Time since last request: 0.000018 seconds.
  path: Assets/Oculus/SampleFramework/Usage/HandsTrainExample/TrainScene/Lightmap-30_comp_dir.png
  artifactKey: Guid(44652a245e2bac243a38762376eff290) Importer(2089858483,0ecaa5967403d082aa24f35e1b516d23)
Start importing Assets/Oculus/SampleFramework/Usage/HandsTrainExample/TrainScene/Lightmap-30_comp_dir.png using Guid(44652a245e2bac243a38762376eff290) Importer(2089858483,0ecaa5967403d082aa24f35e1b516d23) [PhysX] Initialized MultithreadedTaskDispatcher with 32 workers.
 -> (artifact id: '7afd0cd06c4674e7f08eeb616d1b6f31') in 0.017840 seconds
Number of updated asset objects reloaded before import = 0
Number of asset objects unloaded after import = 1
========================================================================
Received Import Request.
  Time since last request: 0.000086 seconds.
  path: Assets/Oculus/SampleFramework/Usage/HandsTrainExample/TrainScene/Lightmap-27_comp_dir.png
  artifactKey: Guid(6e83fb2ba2e14df43bc7c9b1a8c11623) Importer(2089858483,0ecaa5967403d082aa24f35e1b516d23)
Start importing Assets/Oculus/SampleFramework/Usage/HandsTrainExample/TrainScene/Lightmap-27_comp_dir.png using Guid(6e83fb2ba2e14df43bc7c9b1a8c11623) Importer(2089858483,0ecaa5967403d082aa24f35e1b516d23) [PhysX] Initialized MultithreadedTaskDispatcher with 32 workers.
 -> (artifact id: 'a7d7d38c41d69ff4ecaaf75adfc0c418') in 0.015846 seconds
Number of updated asset objects reloaded before import = 0
Number of asset objects unloaded after import = 1
========================================================================
Received Import Request.
  Time since last request: 0.000171 seconds.
  path: Assets/Oculus/SampleFramework/Usage/SceneManager/Materials/OverwriteAlpha.mat
  artifactKey: Guid(a64b8dbc22e273046956b88552913ade) Importer(2089858483,0ecaa5967403d082aa24f35e1b516d23)
Start importing Assets/Oculus/SampleFramework/Usage/SceneManager/Materials/OverwriteAlpha.mat using Guid(a64b8dbc22e273046956b88552913ade) Importer(2089858483,0ecaa5967403d082aa24f35e1b516d23) [PhysX] Initialized MultithreadedTaskDispatcher with 32 workers.
 -> (artifact id: 'dfc010ac53168299429447739eb3da5c') in 0.014700 seconds
Number of updated asset objects reloaded before import = 0
Number of asset objects unloaded after import = 1
========================================================================
Received Import Request.
  Time since last request: 0.000128 seconds.
  path: Assets/Oculus/SampleFramework/Usage/Locomotion/Textures/floor_tile_01_dif.png
  artifactKey: Guid(b1e192ef5397548b28e9549ba9e04a14) Importer(2089858483,0ecaa5967403d082aa24f35e1b516d23)
Start importing Assets/Oculus/SampleFramework/Usage/Locomotion/Textures/floor_tile_01_dif.png using Guid(b1e192ef5397548b28e9549ba9e04a14) Importer(2089858483,0ecaa5967403d082aa24f35e1b516d23) [PhysX] Initialized MultithreadedTaskDispatcher with 32 workers.
 -> (artifact id: '2456816629edfd909d3a265d9a36b8c8') in 0.017851 seconds
Number of updated asset objects reloaded before import = 0
Number of asset objects unloaded after import = 1
========================================================================
Received Import Request.
  Time since last request: 0.000091 seconds.
  path: Assets/Oculus/SampleFramework/Usage/Passthrough/Prefabs/LineSegment.prefab
  artifactKey: Guid(aa578d7f416c7f34bae9343334788be7) Importer(2089858483,0ecaa5967403d082aa24f35e1b516d23)
Start importing Assets/Oculus/SampleFramework/Usage/Passthrough/Prefabs/LineSegment.prefab using Guid(aa578d7f416c7f34bae9343334788be7) Importer(2089858483,0ecaa5967403d082aa24f35e1b516d23) [PhysX] Initialized MultithreadedTaskDispatcher with 32 workers.
 -> (artifact id: '689f35de2fb21c4796dec4584c39e296') in 0.015711 seconds
Number of updated asset objects reloaded before import = 0
Number of asset objects unloaded after import = 5
========================================================================
Received Import Request.
  Time since last request: 0.000018 seconds.
  path: Assets/Oculus/SampleFramework/Usage/Locomotion/Textures/metal_01_nml.png
  artifactKey: Guid(3948563beb7ab48f7bdc6eb0943fb2c6) Importer(2089858483,0ecaa5967403d082aa24f35e1b516d23)
Start importing Assets/Oculus/SampleFramework/Usage/Locomotion/Textures/metal_01_nml.png using Guid(3948563beb7ab48f7bdc6eb0943fb2c6) Importer(2089858483,0ecaa5967403d082aa24f35e1b516d23) [PhysX] Initialized MultithreadedTaskDispatcher with 32 workers.
 -> (artifact id: 'f97e83a4a21cafc7a32b52ea57670db7') in 0.015139 seconds
Number of updated asset objects reloaded before import = 0
Number of asset objects unloaded after import = 1
========================================================================
Received Import Request.
  Time since last request: 0.000146 seconds.
  path: Assets/Oculus/SampleFramework/Usage/HandsTrainExample/TrainScene/Lightmap-25_comp_light.exr
  artifactKey: Guid(5d4aa2361fbd7f647972ea7d407bdd75) Importer(2089858483,0ecaa5967403d082aa24f35e1b516d23)
Start importing Assets/Oculus/SampleFramework/Usage/HandsTrainExample/TrainScene/Lightmap-25_comp_light.exr using Guid(5d4aa2361fbd7f647972ea7d407bdd75) Importer(2089858483,0ecaa5967403d082aa24f35e1b516d23) [PhysX] Initialized MultithreadedTaskDispatcher with 32 workers.
 -> (artifact id: '355e695d5f440eb447fdf39be7081cfb') in 0.017063 seconds
Number of updated asset objects reloaded before import = 0
Number of asset objects unloaded after import = 1
========================================================================
Received Import Request.
  Time since last request: 0.000142 seconds.
  path: Assets/Oculus/SampleFramework/Usage/HandsTrainExample/Materials/BackgroundMaterial.mat
  artifactKey: Guid(e95c781da52e2d14fb2fba44d7476164) Importer(2089858483,0ecaa5967403d082aa24f35e1b516d23)
Start importing Assets/Oculus/SampleFramework/Usage/HandsTrainExample/Materials/BackgroundMaterial.mat using Guid(e95c781da52e2d14fb2fba44d7476164) Importer(2089858483,0ecaa5967403d082aa24f35e1b516d23) [PhysX] Initialized MultithreadedTaskDispatcher with 32 workers.
 -> (artifact id: '5dc526ceb7bf69548c974a9c189eafd5') in 0.019559 seconds
Number of updated asset objects reloaded before import = 0
Number of asset objects unloaded after import = 4
========================================================================
Received Import Request.
  Time since last request: 0.000017 seconds.
  path: Assets/Oculus/SampleFramework/Usage/HandsTrainExample/TrainScene/Lightmap-33_comp_shadowmask.png
  artifactKey: Guid(8614d160622632c48973c928e59f1df7) Importer(2089858483,0ecaa5967403d082aa24f35e1b516d23)
Start importing Assets/Oculus/SampleFramework/Usage/HandsTrainExample/TrainScene/Lightmap-33_comp_shadowmask.png using Guid(8614d160622632c48973c928e59f1df7) Importer(2089858483,0ecaa5967403d082aa24f35e1b516d23) [PhysX] Initialized MultithreadedTaskDispatcher with 32 workers.
 -> (artifact id: '074a2c271df9098d254edf747077895c') in 0.014536 seconds
Number of updated asset objects reloaded before import = 0
Number of asset objects unloaded after import = 1
========================================================================
Received Import Request.
  Time since last request: 0.000080 seconds.
  path: Assets/Oculus/SampleFramework/Usage/Locomotion/Materials/MAT_concrete_01.mat
  artifactKey: Guid(b825d518262c2453b9c06573f9b21658) Importer(2089858483,0ecaa5967403d082aa24f35e1b516d23)
Start importing Assets/Oculus/SampleFramework/Usage/Locomotion/Materials/MAT_concrete_01.mat using Guid(b825d518262c2453b9c06573f9b21658) Importer(2089858483,0ecaa5967403d082aa24f35e1b516d23) [PhysX] Initialized MultithreadedTaskDispatcher with 32 workers.
 -> (artifact id: 'b9e3c0c7671b37af71c25fe6388818b1') in 0.016867 seconds
Number of updated asset objects reloaded before import = 0
Number of asset objects unloaded after import = 4
========================================================================
Received Import Request.
  Time since last request: 0.000019 seconds.
  path: Assets/Oculus/SampleFramework/Usage/Locomotion/Models/WorldGeo.fbx
  artifactKey: Guid(fb9ba08c9d86b5a409b5fe2eb4f02f5a) Importer(2089858483,0ecaa5967403d082aa24f35e1b516d23)
Start importing Assets/Oculus/SampleFramework/Usage/Locomotion/Models/WorldGeo.fbx using Guid(fb9ba08c9d86b5a409b5fe2eb4f02f5a) Importer(2089858483,0ecaa5967403d082aa24f35e1b516d23) [PhysX] Initialized MultithreadedTaskDispatcher with 32 workers.
 -> (artifact id: '763d26a4fab4e83c46c10f98b20bf5e7') in 0.043650 seconds
Number of updated asset objects reloaded before import = 0
Number of asset objects unloaded after import = 310
========================================================================
Received Import Request.
  Time since last request: 0.000017 seconds.
  path: Assets/Oculus/SampleFramework/Usage/HandsTrainExample/TrainScene/Lightmap-0_comp_light.exr
  artifactKey: Guid(c441ec513759f0641996383614cb4a7a) Importer(2089858483,0ecaa5967403d082aa24f35e1b516d23)
Start importing Assets/Oculus/SampleFramework/Usage/HandsTrainExample/TrainScene/Lightmap-0_comp_light.exr using Guid(c441ec513759f0641996383614cb4a7a) Importer(2089858483,0ecaa5967403d082aa24f35e1b516d23) [PhysX] Initialized MultithreadedTaskDispatcher with 32 workers.
 -> (artifact id: 'b97092f1d7fff9dba660a65a6b489db1') in 0.017476 seconds
Number of updated asset objects reloaded before import = 0
Number of asset objects unloaded after import = 1
========================================================================
Received Import Request.
  Time since last request: 0.000051 seconds.
  path: Assets/Oculus/SampleFramework/Usage/HandsTrainExample/TrainScene/Lightmap-25_comp_shadowmask.png
  artifactKey: Guid(25539577c72c9d44b9f852ece77f53b7) Importer(2089858483,0ecaa5967403d082aa24f35e1b516d23)
Start importing Assets/Oculus/SampleFramework/Usage/HandsTrainExample/TrainScene/Lightmap-25_comp_shadowmask.png using Guid(25539577c72c9d44b9f852ece77f53b7) Importer(2089858483,0ecaa5967403d082aa24f35e1b516d23) [PhysX] Initialized MultithreadedTaskDispatcher with 32 workers.
 -> (artifact id: '0b41d56a63dbf0c567c3dad5ae877001') in 0.015466 seconds
Number of updated asset objects reloaded before import = 0
Number of asset objects unloaded after import = 1
========================================================================
Received Import Request.
  Time since last request: 0.000108 seconds.
  path: Assets/Oculus/SampleFramework/Usage/Passthrough/Scenes/PassthroughStyles.unity
  artifactKey: Guid(a1a6574991742284e9630c2e8f93648a) Importer(2089858483,0ecaa5967403d082aa24f35e1b516d23)
Start importing Assets/Oculus/SampleFramework/Usage/Passthrough/Scenes/PassthroughStyles.unity using Guid(a1a6574991742284e9630c2e8f93648a) Importer(2089858483,0ecaa5967403d082aa24f35e1b516d23) [PhysX] Initialized MultithreadedTaskDispatcher with 32 workers.
 -> (artifact id: '43e75247c5da522c8e050e3406cf0e30') in 0.009607 seconds
Number of updated asset objects reloaded before import = 0
Number of asset objects unloaded after import = 1
========================================================================
Received Import Request.
  Time since last request: 0.000193 seconds.
  path: Assets/Oculus/SampleFramework/Usage/OVROverlay/Materials/Tile_Mat_OculusVideo.mat
  artifactKey: Guid(094be3701c9869d41b1dadbb555ee720) Importer(2089858483,0ecaa5967403d082aa24f35e1b516d23)
Start importing Assets/Oculus/SampleFramework/Usage/OVROverlay/Materials/Tile_Mat_OculusVideo.mat using Guid(094be3701c9869d41b1dadbb555ee720) Importer(2089858483,0ecaa5967403d082aa24f35e1b516d23) [PhysX] Initialized MultithreadedTaskDispatcher with 32 workers.
 -> (artifact id: 'b01f5bfce4cbfcc744431bd449a83c12') in 0.015751 seconds
Number of updated asset objects reloaded before import = 0
Number of asset objects unloaded after import = 2
========================================================================
Received Import Request.
  Time since last request: 0.000162 seconds.
  path: Assets/Oculus/SampleFramework/Usage/OVROverlay/Materials/Tile_Mat_360Photo.mat
  artifactKey: Guid(8388a76b6d38060498be3f057adc62fb) Importer(2089858483,0ecaa5967403d082aa24f35e1b516d23)
Start importing Assets/Oculus/SampleFramework/Usage/OVROverlay/Materials/Tile_Mat_360Photo.mat using Guid(8388a76b6d38060498be3f057adc62fb) Importer(2089858483,0ecaa5967403d082aa24f35e1b516d23) [PhysX] Initialized MultithreadedTaskDispatcher with 32 workers.
 -> (artifact id: '34408795b709556b9758e6b25b64f7a3') in 0.012782 seconds
Number of updated asset objects reloaded before import = 0
Number of asset objects unloaded after import = 2
========================================================================
Received Import Request.
  Time since last request: 0.000021 seconds.
  path: Assets/Oculus/SampleFramework/Usage/HandsTrainExample/Textures/selection_cylinder_filled.png
  artifactKey: Guid(5e00d9c6ac492e447b6f74beeadcd1fe) Importer(2089858483,0ecaa5967403d082aa24f35e1b516d23)
Start importing Assets/Oculus/SampleFramework/Usage/HandsTrainExample/Textures/selection_cylinder_filled.png using Guid(5e00d9c6ac492e447b6f74beeadcd1fe) Importer(2089858483,0ecaa5967403d082aa24f35e1b516d23) [PhysX] Initialized MultithreadedTaskDispatcher with 32 workers.
 -> (artifact id: '8b4aefae952eda79e701c40c8dc7dc05') in 0.020488 seconds
Number of updated asset objects reloaded before import = 0
Number of asset objects unloaded after import = 1
========================================================================
Received Import Request.
  Time since last request: 0.000085 seconds.
  path: Assets/Oculus/SampleFramework/Usage/HandsTrainExample/TrainScene/Lightmap-8_comp_dir.png
  artifactKey: Guid(5c1031c6067a4db45a7bdf1e31c07670) Importer(2089858483,0ecaa5967403d082aa24f35e1b516d23)
Start importing Assets/Oculus/SampleFramework/Usage/HandsTrainExample/TrainScene/Lightmap-8_comp_dir.png using Guid(5c1031c6067a4db45a7bdf1e31c07670) Importer(2089858483,0ecaa5967403d082aa24f35e1b516d23) [PhysX] Initialized MultithreadedTaskDispatcher with 32 workers.
 -> (artifact id: '89923d53f5ded08791a832198fb993d9') in 0.022502 seconds
Number of updated asset objects reloaded before import = 0
Number of asset objects unloaded after import = 1
========================================================================
Received Import Request.
  Time since last request: 0.000105 seconds.
  path: Assets/Oculus/SampleFramework/Usage/SceneManager/Materials/Metal.mat
  artifactKey: Guid(ebd389a7176a61f4c88965b506f5b5e9) Importer(2089858483,0ecaa5967403d082aa24f35e1b516d23)
Start importing Assets/Oculus/SampleFramework/Usage/SceneManager/Materials/Metal.mat using Guid(ebd389a7176a61f4c88965b506f5b5e9) Importer(2089858483,0ecaa5967403d082aa24f35e1b516d23) [PhysX] Initialized MultithreadedTaskDispatcher with 32 workers.
 -> (artifact id: 'fa4756f58dfb4d51a461113f454d320d') in 0.010735 seconds
Number of updated asset objects reloaded before import = 0
Number of asset objects unloaded after import = 1
========================================================================
Received Import Request.
  Time since last request: 0.000254 seconds.
  path: Assets/Oculus/SampleFramework/Core/Video/Editor/AndroidVideoEditorUtil.cs
  artifactKey: Guid(c7d707d7c724f334299af6342653da7c) Importer(2089858483,0ecaa5967403d082aa24f35e1b516d23)
Start importing Assets/Oculus/SampleFramework/Core/Video/Editor/AndroidVideoEditorUtil.cs using Guid(c7d707d7c724f334299af6342653da7c) Importer(2089858483,0ecaa5967403d082aa24f35e1b516d23) [PhysX] Initialized MultithreadedTaskDispatcher with 32 workers.
 -> (artifact id: 'afc9c946004333733f54ce192a9277ff') in 0.014192 seconds
Number of updated asset objects reloaded before import = 0
Number of asset objects unloaded after import = 1
========================================================================
Received Import Request.
  Time since last request: 0.000051 seconds.
  path: Assets/Oculus/SampleFramework/Usage/Passthrough/Materials/SelectivePassthroughSoft.mat
  artifactKey: Guid(ddbf76a20fa22a14a83e42283bde1eb8) Importer(2089858483,0ecaa5967403d082aa24f35e1b516d23)
Start importing Assets/Oculus/SampleFramework/Usage/Passthrough/Materials/SelectivePassthroughSoft.mat using Guid(ddbf76a20fa22a14a83e42283bde1eb8) Importer(2089858483,0ecaa5967403d082aa24f35e1b516d23) [PhysX] Initialized MultithreadedTaskDispatcher with 32 workers.
 -> (artifact id: '1908fd0eea7910a7e3ee5ec20e019e8a') in 0.017272 seconds
Number of updated asset objects reloaded before import = 0
Number of asset objects unloaded after import = 2
========================================================================
Received Import Request.
  Time since last request: 0.000071 seconds.
  path: Assets/Oculus/SampleFramework/Usage/Passthrough/Scripts/EnableUnpremultipliedAlpha.cs
  artifactKey: Guid(7d62788dcc9ea074fa279a45302d60de) Importer(2089858483,0ecaa5967403d082aa24f35e1b516d23)
Start importing Assets/Oculus/SampleFramework/Usage/Passthrough/Scripts/EnableUnpremultipliedAlpha.cs using Guid(7d62788dcc9ea074fa279a45302d60de) Importer(2089858483,0ecaa5967403d082aa24f35e1b516d23) [PhysX] Initialized MultithreadedTaskDispatcher with 32 workers.
 -> (artifact id: 'f40d51e84e5d0635467a96612989a8c7') in 0.010929 seconds
Number of updated asset objects reloaded before import = 0
Number of asset objects unloaded after import = 1
========================================================================
Received Import Request.
  Time since last request: 0.000325 seconds.
  path: Assets/Oculus/SampleFramework/Usage/Locomotion/Models/Cube_1_4.fbx
  artifactKey: Guid(224c38915b3804120a195b495c4d21e2) Importer(2089858483,0ecaa5967403d082aa24f35e1b516d23)
Start importing Assets/Oculus/SampleFramework/Usage/Locomotion/Models/Cube_1_4.fbx using Guid(224c38915b3804120a195b495c4d21e2) Importer(2089858483,0ecaa5967403d082aa24f35e1b516d23) [PhysX] Initialized MultithreadedTaskDispatcher with 32 workers.
 -> (artifact id: '4c5a1acc6690306f94f50a5d6d467686') in 0.012499 seconds
Number of updated asset objects reloaded before import = 0
Number of asset objects unloaded after import = 7
========================================================================
Received Import Request.
  Time since last request: 0.000019 seconds.
  path: Assets/Oculus/SampleFramework/Usage/HandsTrainExample/TrainScene/Lightmap-39_comp_dir.png
  artifactKey: Guid(5d48c9be409ec174f9f15e927748d86e) Importer(2089858483,0ecaa5967403d082aa24f35e1b516d23)
Start importing Assets/Oculus/SampleFramework/Usage/HandsTrainExample/TrainScene/Lightmap-39_comp_dir.png using Guid(5d48c9be409ec174f9f15e927748d86e) Importer(2089858483,0ecaa5967403d082aa24f35e1b516d23) [PhysX] Initialized MultithreadedTaskDispatcher with 32 workers.
 -> (artifact id: '5394ea154f50068378c0bc26d2487e2b') in 0.014784 seconds
Number of updated asset objects reloaded before import = 0
Number of asset objects unloaded after import = 1
========================================================================
Received Import Request.
  Time since last request: 0.000111 seconds.
  path: Assets/Oculus/SampleFramework/Usage/HandsTrainExample/TrainScene/Lightmap-37_comp_shadowmask.png
  artifactKey: Guid(ce80095845fd174489aa963898a2318e) Importer(2089858483,0ecaa5967403d082aa24f35e1b516d23)
Start importing Assets/Oculus/SampleFramework/Usage/HandsTrainExample/TrainScene/Lightmap-37_comp_shadowmask.png using Guid(ce80095845fd174489aa963898a2318e) Importer(2089858483,0ecaa5967403d082aa24f35e1b516d23) [PhysX] Initialized MultithreadedTaskDispatcher with 32 workers.
 -> (artifact id: '69b5da1f75bca0c093726e76fa7acd69') in 0.018310 seconds
Number of updated asset objects reloaded before import = 0
Number of asset objects unloaded after import = 1
========================================================================
Received Import Request.
  Time since last request: 0.000234 seconds.
  path: Assets/Oculus/SampleFramework/Usage/Passthrough/Materials/Ring.png
  artifactKey: Guid(ed65ca2f8c8dd71468e926b24b73fc85) Importer(2089858483,0ecaa5967403d082aa24f35e1b516d23)
Start importing Assets/Oculus/SampleFramework/Usage/Passthrough/Materials/Ring.png using Guid(ed65ca2f8c8dd71468e926b24b73fc85) Importer(2089858483,0ecaa5967403d082aa24f35e1b516d23) [PhysX] Initialized MultithreadedTaskDispatcher with 32 workers.
 -> (artifact id: '534020e4b04965a697cec4607ef48090') in 0.019702 seconds
Number of updated asset objects reloaded before import = 0
Number of asset objects unloaded after import = 1
========================================================================
Received Import Request.
  Time since last request: 0.000106 seconds.
  path: Assets/Oculus/SampleFramework/Usage/HandsTrainExample/TrainScene/Lightmap-17_comp_light.exr
  artifactKey: Guid(191b589b307b46342abe653f8c0c36c5) Importer(2089858483,0ecaa5967403d082aa24f35e1b516d23)
Start importing Assets/Oculus/SampleFramework/Usage/HandsTrainExample/TrainScene/Lightmap-17_comp_light.exr using Guid(191b589b307b46342abe653f8c0c36c5) Importer(2089858483,0ecaa5967403d082aa24f35e1b516d23) [PhysX] Initialized MultithreadedTaskDispatcher with 32 workers.
 -> (artifact id: 'aaf080c1b00cc6d1451c3ae80cbb7077') in 0.017862 seconds
Number of updated asset objects reloaded before import = 0
Number of asset objects unloaded after import = 1
========================================================================
Received Import Request.
  Time since last request: 0.000077 seconds.
  path: Assets/Oculus/SampleFramework/Usage/Passthrough/Scripts/GrabObject.cs
  artifactKey: Guid(03d5bda4ee38ce448b105c32ae5d8bb0) Importer(2089858483,0ecaa5967403d082aa24f35e1b516d23)
Start importing Assets/Oculus/SampleFramework/Usage/Passthrough/Scripts/GrabObject.cs using Guid(03d5bda4ee38ce448b105c32ae5d8bb0) Importer(2089858483,0ecaa5967403d082aa24f35e1b516d23) [PhysX] Initialized MultithreadedTaskDispatcher with 32 workers.
 -> (artifact id: '40efc830ec06db3d7724a6cc7a0cbcfa') in 0.007914 seconds
Number of updated asset objects reloaded before import = 0
Number of asset objects unloaded after import = 1
========================================================================
Received Import Request.
  Time since last request: 0.000208 seconds.
  path: Assets/Oculus/SampleFramework/Usage/HandsTrainExample/TrainScene/LightingData.asset
  artifactKey: Guid(89dbbe81f8feac946ad8422162c38220) Importer(2089858483,0ecaa5967403d082aa24f35e1b516d23)
Start importing Assets/Oculus/SampleFramework/Usage/HandsTrainExample/TrainScene/LightingData.asset using Guid(89dbbe81f8feac946ad8422162c38220) Importer(2089858483,0ecaa5967403d082aa24f35e1b516d23) [PhysX] Initialized MultithreadedTaskDispatcher with 32 workers.
 -> (artifact id: '2f2caa42ddfc5071217ef32817c69f4f') in 0.011420 seconds
Number of updated asset objects reloaded before import = 0
Number of asset objects unloaded after import = 2
========================================================================
Received Import Request.
  Time since last request: 0.000202 seconds.
  path: Assets/Oculus/SampleFramework/Usage/HandsTrainExample/Shaders/ButtonGlow.shader
  artifactKey: Guid(e030bde756726c94bba808165a905b79) Importer(2089858483,0ecaa5967403d082aa24f35e1b516d23)
Start importing Assets/Oculus/SampleFramework/Usage/HandsTrainExample/Shaders/ButtonGlow.shader using Guid(e030bde756726c94bba808165a905b79) Importer(2089858483,0ecaa5967403d082aa24f35e1b516d23) [PhysX] Initialized MultithreadedTaskDispatcher with 32 workers.
 -> (artifact id: 'fa01f110025141993ff4393ded3787a5') in 0.008599 seconds
Number of updated asset objects reloaded before import = 0
Number of asset objects unloaded after import = 1
========================================================================
Received Import Request.
  Time since last request: 0.000290 seconds.
  path: Assets/Oculus/SampleFramework/Usage/SceneManager/Shaders/Hidden.shader
  artifactKey: Guid(60bc1070efac0cc468527b083b0e845e) Importer(2089858483,0ecaa5967403d082aa24f35e1b516d23)
Start importing Assets/Oculus/SampleFramework/Usage/SceneManager/Shaders/Hidden.shader using Guid(60bc1070efac0cc468527b083b0e845e) Importer(2089858483,0ecaa5967403d082aa24f35e1b516d23) [PhysX] Initialized MultithreadedTaskDispatcher with 32 workers.
 -> (artifact id: '6616bec3c2dfc9539067e7d5572b71fc') in 0.006900 seconds
Number of updated asset objects reloaded before import = 0
Number of asset objects unloaded after import = 1
========================================================================
Received Import Request.
  Time since last request: 0.000337 seconds.
  path: Assets/Oculus/SampleFramework/Usage/Locomotion/Textures/wall_cinder_01_msm.png
  artifactKey: Guid(e1aca10d2084d4a16ac922b11ff30928) Importer(2089858483,0ecaa5967403d082aa24f35e1b516d23)
Start importing Assets/Oculus/SampleFramework/Usage/Locomotion/Textures/wall_cinder_01_msm.png using Guid(e1aca10d2084d4a16ac922b11ff30928) Importer(2089858483,0ecaa5967403d082aa24f35e1b516d23) [PhysX] Initialized MultithreadedTaskDispatcher with 32 workers.
 -> (artifact id: '3e64bb9de678bff361412d4ca3227105') in 0.016407 seconds
Number of updated asset objects reloaded before import = 0
Number of asset objects unloaded after import = 1
========================================================================
Received Import Request.
  Time since last request: 0.000131 seconds.
  path: Assets/Oculus/SampleFramework/Usage/Locomotion/Models/WedgeCeiling_15.fbx
  artifactKey: Guid(9b9a865d8bbaa4aba869373566746a86) Importer(2089858483,0ecaa5967403d082aa24f35e1b516d23)
Start importing Assets/Oculus/SampleFramework/Usage/Locomotion/Models/WedgeCeiling_15.fbx using Guid(9b9a865d8bbaa4aba869373566746a86) Importer(2089858483,0ecaa5967403d082aa24f35e1b516d23) [PhysX] Initialized MultithreadedTaskDispatcher with 32 workers.
 -> (artifact id: 'f5bb43b55a9c350fcedf3bc464a7541b') in 0.012537 seconds
Number of updated asset objects reloaded before import = 0
Number of asset objects unloaded after import = 7
========================================================================
Received Import Request.
  Time since last request: 0.000039 seconds.
  path: Assets/Oculus/SampleFramework/Usage/HandsTrainExample/TrainScene/Lightmap-29_comp_light.exr
  artifactKey: Guid(3587725581cd96549a34a2d53c1cf690) Importer(2089858483,0ecaa5967403d082aa24f35e1b516d23)
Start importing Assets/Oculus/SampleFramework/Usage/HandsTrainExample/TrainScene/Lightmap-29_comp_light.exr using Guid(3587725581cd96549a34a2d53c1cf690) Importer(2089858483,0ecaa5967403d082aa24f35e1b516d23) [PhysX] Initialized MultithreadedTaskDispatcher with 32 workers.
 -> (artifact id: '23e59812a5dfd1f4532fff12e8a4c1e2') in 0.015310 seconds
Number of updated asset objects reloaded before import = 0
Number of asset objects unloaded after import = 1
========================================================================
Received Import Request.
  Time since last request: 0.000057 seconds.
  path: Assets/Oculus/SampleFramework/Usage/HandsTrainExample/TrainScene/Lightmap-26_comp_shadowmask.png
  artifactKey: Guid(5dbb562af96fff14f8750df12a4a9f32) Importer(2089858483,0ecaa5967403d082aa24f35e1b516d23)
Start importing Assets/Oculus/SampleFramework/Usage/HandsTrainExample/TrainScene/Lightmap-26_comp_shadowmask.png using Guid(5dbb562af96fff14f8750df12a4a9f32) Importer(2089858483,0ecaa5967403d082aa24f35e1b516d23) [PhysX] Initialized MultithreadedTaskDispatcher with 32 workers.
 -> (artifact id: 'de1fa97879f7ef346352aa11f1998595') in 0.014167 seconds
Number of updated asset objects reloaded before import = 0
Number of asset objects unloaded after import = 1
========================================================================
Received Import Request.
  Time since last request: 0.000075 seconds.
  path: Assets/Oculus/SampleFramework/Usage/Locomotion/Models/Cube_1_9.fbx
  artifactKey: Guid(27b0bc30a7a594c8ebf062ec735d41e0) Importer(2089858483,0ecaa5967403d082aa24f35e1b516d23)
Start importing Assets/Oculus/SampleFramework/Usage/Locomotion/Models/Cube_1_9.fbx using Guid(27b0bc30a7a594c8ebf062ec735d41e0) Importer(2089858483,0ecaa5967403d082aa24f35e1b516d23) [PhysX] Initialized MultithreadedTaskDispatcher with 32 workers.
 -> (artifact id: 'cbd946838563e7c628ccca09235104df') in 0.014388 seconds
Number of updated asset objects reloaded before import = 0
Number of asset objects unloaded after import = 7
========================================================================
Received Import Request.
  Time since last request: 0.000070 seconds.
  path: Assets/Oculus/SampleFramework/Usage/SharedAssets/Materials/GroundMat.mat
  artifactKey: Guid(7ae7dc43beb34534db810dee799107f1) Importer(2089858483,0ecaa5967403d082aa24f35e1b516d23)
Start importing Assets/Oculus/SampleFramework/Usage/SharedAssets/Materials/GroundMat.mat using Guid(7ae7dc43beb34534db810dee799107f1) Importer(2089858483,0ecaa5967403d082aa24f35e1b516d23) [PhysX] Initialized MultithreadedTaskDispatcher with 32 workers.
 -> (artifact id: '4ff65aaaa34bc08854cfd8075a8ae09e') in 0.012979 seconds
Number of updated asset objects reloaded before import = 0
Number of asset objects unloaded after import = 1
========================================================================
Received Import Request.
  Time since last request: 0.000574 seconds.
  path: Assets/Oculus/SampleFramework/Usage/Passthrough/Materials/QuadOutline.mat
  artifactKey: Guid(8b121481a37d7bd40a103176d65df1ee) Importer(2089858483,0ecaa5967403d082aa24f35e1b516d23)
Start importing Assets/Oculus/SampleFramework/Usage/Passthrough/Materials/QuadOutline.mat using Guid(8b121481a37d7bd40a103176d65df1ee) Importer(2089858483,0ecaa5967403d082aa24f35e1b516d23) [PhysX] Initialized MultithreadedTaskDispatcher with 32 workers.
 -> (artifact id: 'e95473a15c992d47e69890fdb2be4d47') in 0.010587 seconds
Number of updated asset objects reloaded before import = 0
Number of asset objects unloaded after import = 2
========================================================================
Received Import Request.
  Time since last request: 0.000139 seconds.
  path: Assets/Oculus/SampleFramework/Usage/Locomotion/Models/WedgeFloor_02.fbx
  artifactKey: Guid(b68f495516d5445c98c860bb0add8c27) Importer(2089858483,0ecaa5967403d082aa24f35e1b516d23)
Start importing Assets/Oculus/SampleFramework/Usage/Locomotion/Models/WedgeFloor_02.fbx using Guid(b68f495516d5445c98c860bb0add8c27) Importer(2089858483,0ecaa5967403d082aa24f35e1b516d23) [PhysX] Initialized MultithreadedTaskDispatcher with 32 workers.
 -> (artifact id: '32252657dc5e14003f105bee94f54404') in 0.024645 seconds
Number of updated asset objects reloaded before import = 0
Number of asset objects unloaded after import = 7
========================================================================
Received Import Request.
  Time since last request: 0.000018 seconds.
  path: Assets/Oculus/SampleFramework/Usage/HandsTrainExample/TrainScene/Lightmap-10_comp_dir.png
  artifactKey: Guid(6cc49fd2fff97544abc9bcc5a06702f9) Importer(2089858483,0ecaa5967403d082aa24f35e1b516d23)
Start importing Assets/Oculus/SampleFramework/Usage/HandsTrainExample/TrainScene/Lightmap-10_comp_dir.png using Guid(6cc49fd2fff97544abc9bcc5a06702f9) Importer(2089858483,0ecaa5967403d082aa24f35e1b516d23) [PhysX] Initialized MultithreadedTaskDispatcher with 32 workers.
 -> (artifact id: 'b7b87ad3409214c6db7f40004e1154bf') in 0.016840 seconds
Number of updated asset objects reloaded before import = 0
Number of asset objects unloaded after import = 1
========================================================================
Received Import Request.
  Time since last request: 0.000188 seconds.
  path: Assets/Oculus/SampleFramework/Usage/HandsTrainExample/TrainScene/Lightmap-2_comp_dir.png
  artifactKey: Guid(f46e7852c315af74fb314eb5ee922ca1) Importer(2089858483,0ecaa5967403d082aa24f35e1b516d23)
Start importing Assets/Oculus/SampleFramework/Usage/HandsTrainExample/TrainScene/Lightmap-2_comp_dir.png using Guid(f46e7852c315af74fb314eb5ee922ca1) Importer(2089858483,0ecaa5967403d082aa24f35e1b516d23) [PhysX] Initialized MultithreadedTaskDispatcher with 32 workers.
 -> (artifact id: '439d843e11d8bce16c6ba4dfa088147b') in 0.021890 seconds
Number of updated asset objects reloaded before import = 0
Number of asset objects unloaded after import = 1
========================================================================
Received Import Request.
  Time since last request: 0.000051 seconds.
  path: Assets/Oculus/SampleFramework/Usage/Passthrough/Materials/SelectivePassthroughHands.mat
  artifactKey: Guid(b711286d46553614c8f4e2f88af54316) Importer(2089858483,0ecaa5967403d082aa24f35e1b516d23)
Start importing Assets/Oculus/SampleFramework/Usage/Passthrough/Materials/SelectivePassthroughHands.mat using Guid(b711286d46553614c8f4e2f88af54316) Importer(2089858483,0ecaa5967403d082aa24f35e1b516d23) [PhysX] Initialized MultithreadedTaskDispatcher with 32 workers.
 -> (artifact id: '9f7ffe80b92a10e22cd38d70e4ee6171') in 0.025045 seconds
Number of updated asset objects reloaded before import = 0
Number of asset objects unloaded after import = 2
========================================================================
Received Import Request.
  Time since last request: 0.672632 seconds.
  path: Assets/Oculus/SampleFramework/Usage/SharedAssets/Models/ball_billiard_03.fbx
  artifactKey: Guid(9e5fdf0438d84fe498dfaf4e22a401f1) Importer(2089858483,0ecaa5967403d082aa24f35e1b516d23)
Start importing Assets/Oculus/SampleFramework/Usage/SharedAssets/Models/ball_billiard_03.fbx using Guid(9e5fdf0438d84fe498dfaf4e22a401f1) Importer(2089858483,0ecaa5967403d082aa24f35e1b516d23) [PhysX] Initialized MultithreadedTaskDispatcher with 32 workers.
 -> (artifact id: '2c5edaacfbfd6260ab18db78c432b38f') in 0.029821 seconds
Number of updated asset objects reloaded before import = 0
Number of asset objects unloaded after import = 7
========================================================================
Received Import Request.
  Time since last request: 0.000134 seconds.
  path: Assets/Oculus/Interaction/Runtime/Scripts/Interaction/Visuals/HandDebugVisual.cs
  artifactKey: Guid(1830e4f80a9284e41bb09ffb2c9cd75e) Importer(2089858483,0ecaa5967403d082aa24f35e1b516d23)
Start importing Assets/Oculus/Interaction/Runtime/Scripts/Interaction/Visuals/HandDebugVisual.cs using Guid(1830e4f80a9284e41bb09ffb2c9cd75e) Importer(2089858483,0ecaa5967403d082aa24f35e1b516d23) [PhysX] Initialized MultithreadedTaskDispatcher with 32 workers.
 -> (artifact id: '659424cfd899ec53a02e2ba88d33b41c') in 0.018017 seconds
Number of updated asset objects reloaded before import = 0
Number of asset objects unloaded after import = 1
========================================================================
Received Import Request.
  Time since last request: 0.000117 seconds.
  path: Assets/Oculus/Voice/Samples/BuiltInTimer/Scripts/TimerController.cs
  artifactKey: Guid(bf89088f719e0164b9e096a3394188b4) Importer(2089858483,0ecaa5967403d082aa24f35e1b516d23)
Start importing Assets/Oculus/Voice/Samples/BuiltInTimer/Scripts/TimerController.cs using Guid(bf89088f719e0164b9e096a3394188b4) Importer(2089858483,0ecaa5967403d082aa24f35e1b516d23) [PhysX] Initialized MultithreadedTaskDispatcher with 32 workers.
 -> (artifact id: 'c663c9f972afe5ec03d93ce9cb5cbe24') in 0.015193 seconds
Number of updated asset objects reloaded before import = 0
Number of asset objects unloaded after import = 1
========================================================================
Received Import Request.
  Time since last request: 0.000364 seconds.
  path: Assets/Oculus/SampleFramework/Usage/SharedAssets/Models/room_01.fbx
  artifactKey: Guid(1f0aadb398be948b6ae5e4016e357e33) Importer(2089858483,0ecaa5967403d082aa24f35e1b516d23)
Start importing Assets/Oculus/SampleFramework/Usage/SharedAssets/Models/room_01.fbx using Guid(1f0aadb398be948b6ae5e4016e357e33) Importer(2089858483,0ecaa5967403d082aa24f35e1b516d23) [PhysX] Initialized MultithreadedTaskDispatcher with 32 workers.
 -> (artifact id: 'ab0c8b8b30b5d4791d5a54e27610b88a') in 0.032830 seconds
Number of updated asset objects reloaded before import = 0
Number of asset objects unloaded after import = 7
========================================================================
Received Import Request.
  Time since last request: 0.000033 seconds.
  path: Assets/Oculus/Interaction/Runtime/Scripts/Unity/Input/InputAxis.cs
  artifactKey: Guid(62ac6de3f9c5a0a4c98563d8b26fc962) Importer(2089858483,0ecaa5967403d082aa24f35e1b516d23)
Start importing Assets/Oculus/Interaction/Runtime/Scripts/Unity/Input/InputAxis.cs using Guid(62ac6de3f9c5a0a4c98563d8b26fc962) Importer(2089858483,0ecaa5967403d082aa24f35e1b516d23) [PhysX] Initialized MultithreadedTaskDispatcher with 32 workers.
 -> (artifact id: '743df0996e2bf56a866d344111af1cbc') in 0.017763 seconds
Number of updated asset objects reloaded before import = 0
Number of asset objects unloaded after import = 1
========================================================================
Received Import Request.
  Time since last request: 0.000014 seconds.
  path: Assets/Oculus/Interaction/Runtime/Scripts/Interaction/Core/IEvent.cs
  artifactKey: Guid(b96f19340c1c73f46ad904ddd175b08b) Importer(2089858483,0ecaa5967403d082aa24f35e1b516d23)
Start importing Assets/Oculus/Interaction/Runtime/Scripts/Interaction/Core/IEvent.cs using Guid(b96f19340c1c73f46ad904ddd175b08b) Importer(2089858483,0ecaa5967403d082aa24f35e1b516d23) [PhysX] Initialized MultithreadedTaskDispatcher with 32 workers.
 -> (artifact id: '929b81c71c0216c7165abe9c65c6340a') in 0.018712 seconds
Number of updated asset objects reloaded before import = 0
Number of asset objects unloaded after import = 1
========================================================================
Received Import Request.
  Time since last request: 0.000104 seconds.
  path: Assets/Oculus/Interaction/Runtime/Scripts/Selection/Hands/ConicalFrustum.cs
  artifactKey: Guid(546c836d3c95db04182543d3541aeb12) Importer(2089858483,0ecaa5967403d082aa24f35e1b516d23)
Start importing Assets/Oculus/Interaction/Runtime/Scripts/Selection/Hands/ConicalFrustum.cs using Guid(546c836d3c95db04182543d3541aeb12) Importer(2089858483,0ecaa5967403d082aa24f35e1b516d23) [PhysX] Initialized MultithreadedTaskDispatcher with 32 workers.
 -> (artifact id: 'fed23dcc5f03c1df769970e6e7d956cd') in 0.007902 seconds
Number of updated asset objects reloaded before import = 0
Number of asset objects unloaded after import = 1
========================================================================
Received Import Request.
  Time since last request: 0.000090 seconds.
  path: Assets/Oculus/Interaction/Runtime/Scripts/Interaction/Visuals/InteractorDebugVisual.cs
  artifactKey: Guid(5e38df5678b37d6429ef2446d3589e00) Importer(2089858483,0ecaa5967403d082aa24f35e1b516d23)
Start importing Assets/Oculus/Interaction/Runtime/Scripts/Interaction/Visuals/InteractorDebugVisual.cs using Guid(5e38df5678b37d6429ef2446d3589e00) Importer(2089858483,0ecaa5967403d082aa24f35e1b516d23) [PhysX] Initialized MultithreadedTaskDispatcher with 32 workers.
 -> (artifact id: '80f95c41acd1f7dad1cb57c6120f1338') in 0.018964 seconds
Number of updated asset objects reloaded before import = 0
Number of asset objects unloaded after import = 1
========================================================================
Received Import Request.
  Time since last request: 0.000037 seconds.
  path: Assets/Oculus/Voice/Scripts/Editor/Utility/VoiceSDKStyles.cs
  artifactKey: Guid(fa1f0af066e824a31875bc815a72cc5c) Importer(2089858483,0ecaa5967403d082aa24f35e1b516d23)
Start importing Assets/Oculus/Voice/Scripts/Editor/Utility/VoiceSDKStyles.cs using Guid(fa1f0af066e824a31875bc815a72cc5c) Importer(2089858483,0ecaa5967403d082aa24f35e1b516d23) [PhysX] Initialized MultithreadedTaskDispatcher with 32 workers.
 -> (artifact id: 'be41a90b87209178075c1c830f59cb09') in 0.018695 seconds
Number of updated asset objects reloaded before import = 0
Number of asset objects unloaded after import = 1
========================================================================
Received Import Request.
  Time since last request: 0.000016 seconds.
  path: Assets/Oculus/Voice/Samples/ShapesConduit/Materials/Shapes.mat
  artifactKey: Guid(7eee638959ba48447904ca4481589955) Importer(2089858483,0ecaa5967403d082aa24f35e1b516d23)
Start importing Assets/Oculus/Voice/Samples/ShapesConduit/Materials/Shapes.mat using Guid(7eee638959ba48447904ca4481589955) Importer(2089858483,0ecaa5967403d082aa24f35e1b516d23) [PhysX] Initialized MultithreadedTaskDispatcher with 32 workers.
 -> (artifact id: '70ba32a6ad197e45ed22e37a396f259d') in 0.016651 seconds
Number of updated asset objects reloaded before import = 0
Number of asset objects unloaded after import = 1
========================================================================
Received Import Request.
  Time since last request: 0.000156 seconds.
  path: Assets/Oculus/Interaction/Runtime/Scripts/Interaction/Core/UniqueIdentifier.cs
  artifactKey: Guid(44a265649958ca641ab37f99689bf65f) Importer(2089858483,0ecaa5967403d082aa24f35e1b516d23)
Start importing Assets/Oculus/Interaction/Runtime/Scripts/Interaction/Core/UniqueIdentifier.cs using Guid(44a265649958ca641ab37f99689bf65f) Importer(2089858483,0ecaa5967403d082aa24f35e1b516d23) [PhysX] Initialized MultithreadedTaskDispatcher with 32 workers.
 -> (artifact id: '933e2a55f4f48b8cab2606e564565d2b') in 0.011246 seconds
Number of updated asset objects reloaded before import = 0
Number of asset objects unloaded after import = 1
========================================================================
Received Import Request.
  Time since last request: 0.000192 seconds.
  path: Assets/Oculus/Interaction/Runtime/Scripts/Interaction/Core/TagSetFilter.cs
  artifactKey: Guid(75d3a1facc5f29d4ea65d3af68af5c9e) Importer(2089858483,0ecaa5967403d082aa24f35e1b516d23)
Start importing Assets/Oculus/Interaction/Runtime/Scripts/Interaction/Core/TagSetFilter.cs using Guid(75d3a1facc5f29d4ea65d3af68af5c9e) Importer(2089858483,0ecaa5967403d082aa24f35e1b516d23) [PhysX] Initialized MultithreadedTaskDispatcher with 32 workers.
 -> (artifact id: '4bf5cbb1eb495556af886928ee41ea72') in 0.015924 seconds
Number of updated asset objects reloaded before import = 0
Number of asset objects unloaded after import = 1
========================================================================
Received Import Request.
  Time since last request: 0.000016 seconds.
  path: Assets/Oculus/Interaction/Runtime/Scripts/Interaction/Visuals/InteractorGroupNodeUI.cs
  artifactKey: Guid(151c99721687ef044be26f2368d71bbf) Importer(2089858483,0ecaa5967403d082aa24f35e1b516d23)
Start importing Assets/Oculus/Interaction/Runtime/Scripts/Interaction/Visuals/InteractorGroupNodeUI.cs using Guid(151c99721687ef044be26f2368d71bbf) Importer(2089858483,0ecaa5967403d082aa24f35e1b516d23) [PhysX] Initialized MultithreadedTaskDispatcher with 32 workers.
 -> (artifact id: 'c5e18353e01f4ce02a0d7d5f2b551e25') in 0.014291 seconds
Number of updated asset objects reloaded before import = 0
Number of asset objects unloaded after import = 1
========================================================================
Received Import Request.
  Time since last request: 0.000417 seconds.
  path: Assets/Oculus/Voice/Scripts/Editor/Inspectors/AppVoiceExperienceEditor.cs
  artifactKey: Guid(03744310c46b6e546b2b772e941f8cb2) Importer(2089858483,0ecaa5967403d082aa24f35e1b516d23)
Start importing Assets/Oculus/Voice/Scripts/Editor/Inspectors/AppVoiceExperienceEditor.cs using Guid(03744310c46b6e546b2b772e941f8cb2) Importer(2089858483,0ecaa5967403d082aa24f35e1b516d23) [PhysX] Initialized MultithreadedTaskDispatcher with 32 workers.
 -> (artifact id: '327b658db2e85d3ede839f938f9e5150') in 0.013165 seconds
Number of updated asset objects reloaded before import = 0
Number of asset objects unloaded after import = 1
========================================================================
Received Import Request.
  Time since last request: 0.000014 seconds.
  path: Assets/Oculus/Interaction/OVRIntegration/Runtime/Prefabs/Hands/OVRLeftHandVisual.prefab
  artifactKey: Guid(70d02a90551f23042a882cdceeaf8e3a) Importer(2089858483,0ecaa5967403d082aa24f35e1b516d23)
Start importing Assets/Oculus/Interaction/OVRIntegration/Runtime/Prefabs/Hands/OVRLeftHandVisual.prefab using Guid(70d02a90551f23042a882cdceeaf8e3a) Importer(2089858483,0ecaa5967403d082aa24f35e1b516d23) [PhysX] Initialized MultithreadedTaskDispatcher with 32 workers.
 -> (artifact id: 'cf396ec2ce3b803483b74c695191d38f') in 0.017488 seconds
Number of updated asset objects reloaded before import = 0
Number of asset objects unloaded after import = 169
========================================================================
Received Import Request.
  Time since last request: 0.000018 seconds.
  path: Assets/Oculus/Voice/Scripts/Runtime/Interfaces/IPlatformVoiceService.cs
  artifactKey: Guid(64225fc2964c4ee98ff780eb51274278) Importer(2089858483,0ecaa5967403d082aa24f35e1b516d23)
Start importing Assets/Oculus/Voice/Scripts/Runtime/Interfaces/IPlatformVoiceService.cs using Guid(64225fc2964c4ee98ff780eb51274278) Importer(2089858483,0ecaa5967403d082aa24f35e1b516d23) [PhysX] Initialized MultithreadedTaskDispatcher with 32 workers.
 -> (artifact id: 'f0867175612a33a2dab2f64df89cca9b') in 0.011212 seconds
Number of updated asset objects reloaded before import = 0
Number of asset objects unloaded after import = 1
========================================================================
Received Import Request.
  Time since last request: 0.000043 seconds.
  path: Assets/Oculus/Interaction/OVRIntegration/Editor/Blocks/Interactions/Interactions.asset
  artifactKey: Guid(ad47a29653b2662408ec5035f82259c0) Importer(2089858483,0ecaa5967403d082aa24f35e1b516d23)
Start importing Assets/Oculus/Interaction/OVRIntegration/Editor/Blocks/Interactions/Interactions.asset using Guid(ad47a29653b2662408ec5035f82259c0) Importer(2089858483,0ecaa5967403d082aa24f35e1b516d23) [PhysX] Initialized MultithreadedTaskDispatcher with 32 workers.
 -> (artifact id: '30cfe4c5a253546f5c805bf8bbe7c774') in 0.020305 seconds
Number of updated asset objects reloaded before import = 0
Number of asset objects unloaded after import = 12
========================================================================
Received Import Request.
  Time since last request: 0.000018 seconds.
  path: Assets/Oculus/Interaction/Runtime/Scripts/Input/OneEuroFilter/OneEuroFilterMulti.cs
  artifactKey: Guid(162ae485931cbb8418cc08cbfe83931e) Importer(2089858483,0ecaa5967403d082aa24f35e1b516d23)
Start importing Assets/Oculus/Interaction/Runtime/Scripts/Input/OneEuroFilter/OneEuroFilterMulti.cs using Guid(162ae485931cbb8418cc08cbfe83931e) Importer(2089858483,0ecaa5967403d082aa24f35e1b516d23) [PhysX] Initialized MultithreadedTaskDispatcher with 32 workers.
 -> (artifact id: '16395ac50260381fe95194e295bcda56') in 0.013281 seconds
Number of updated asset objects reloaded before import = 0
Number of asset objects unloaded after import = 1
========================================================================
Received Import Request.
  Time since last request: 0.000236 seconds.
  path: Assets/Oculus/VR/Meshes/OculusTouchForQuest2/Animation/OculusTouchQuest2RightAnimation.controller
  artifactKey: Guid(62a9d09916ac8bf4ba30ba4803d3503a) Importer(2089858483,0ecaa5967403d082aa24f35e1b516d23)
Start importing Assets/Oculus/VR/Meshes/OculusTouchForQuest2/Animation/OculusTouchQuest2RightAnimation.controller using Guid(62a9d09916ac8bf4ba30ba4803d3503a) Importer(2089858483,0ecaa5967403d082aa24f35e1b516d23) [PhysX] Initialized MultithreadedTaskDispatcher with 32 workers.
 -> (artifact id: '061837e1e006b13a3b6092e540f248cd') in 0.011369 seconds
Number of updated asset objects reloaded before import = 0
Number of asset objects unloaded after import = 38
========================================================================
Received Import Request.
  Time since last request: 0.000277 seconds.
  path: Assets/Oculus/Voice/Samples/TTSVoices/Scripts/phrases.txt
  artifactKey: Guid(7bc5942879ad5394b88ffcc2db2f52f3) Importer(2089858483,0ecaa5967403d082aa24f35e1b516d23)
Start importing Assets/Oculus/Voice/Samples/TTSVoices/Scripts/phrases.txt using Guid(7bc5942879ad5394b88ffcc2db2f52f3) Importer(2089858483,0ecaa5967403d082aa24f35e1b516d23) [PhysX] Initialized MultithreadedTaskDispatcher with 32 workers.
 -> (artifact id: '7053aea3b21cfd77fa17a4bc0a62aa9f') in 0.010544 seconds
Number of updated asset objects reloaded before import = 0
Number of asset objects unloaded after import = 1
========================================================================
Received Import Request.
  Time since last request: 0.000124 seconds.
  path: Assets/Oculus/SampleFramework/Usage/SharedAssets/Textures/room_atlas_02_emi.png
  artifactKey: Guid(e101268ba1d244def93ea23c83d3cf07) Importer(2089858483,0ecaa5967403d082aa24f35e1b516d23)
Start importing Assets/Oculus/SampleFramework/Usage/SharedAssets/Textures/room_atlas_02_emi.png using Guid(e101268ba1d244def93ea23c83d3cf07) Importer(2089858483,0ecaa5967403d082aa24f35e1b516d23) [PhysX] Initialized MultithreadedTaskDispatcher with 32 workers.
 -> (artifact id: 'd8fca3de6c42965992e5e6ff85fd44fb') in 0.020808 seconds
Number of updated asset objects reloaded before import = 0
Number of asset objects unloaded after import = 1
========================================================================
Received Import Request.
  Time since last request: 0.000208 seconds.
  path: Assets/Oculus/VR/Scripts/OVRAnchor/OVRAnchorComponents/OVRTriangleMesh.cs
  artifactKey: Guid(0e2d445935c74f9484188ad82fbfd067) Importer(2089858483,0ecaa5967403d082aa24f35e1b516d23)
Start importing Assets/Oculus/VR/Scripts/OVRAnchor/OVRAnchorComponents/OVRTriangleMesh.cs using Guid(0e2d445935c74f9484188ad82fbfd067) Importer(2089858483,0ecaa5967403d082aa24f35e1b516d23) [PhysX] Initialized MultithreadedTaskDispatcher with 32 workers.
 -> (artifact id: '4d82e93d529e2476ca25a94db53852b2') in 0.006416 seconds
Number of updated asset objects reloaded before import = 0
Number of asset objects unloaded after import = 1
========================================================================
Received Import Request.
  Time since last request: 0.000271 seconds.
  path: Assets/Oculus/SampleFramework/Usage/StartScene/Textures/BlackCubemap.png
  artifactKey: Guid(b40a1cb5f1124ec489cc1e7a533e46e6) Importer(2089858483,0ecaa5967403d082aa24f35e1b516d23)
Start importing Assets/Oculus/SampleFramework/Usage/StartScene/Textures/BlackCubemap.png using Guid(b40a1cb5f1124ec489cc1e7a533e46e6) Importer(2089858483,0ecaa5967403d082aa24f35e1b516d23) [PhysX] Initialized MultithreadedTaskDispatcher with 32 workers.
 -> (artifact id: 'fc606df624a3914a555aeefa6da62b17') in 0.023833 seconds
Number of updated asset objects reloaded before import = 0
Number of asset objects unloaded after import = 1
========================================================================
Received Import Request.
  Time since last request: 0.000132 seconds.
  path: Assets/Oculus/Interaction/Runtime/Scripts/Input/Controllers/IControllerDataModifier.cs
  artifactKey: Guid(b392af6b92984f2887f80975b07141ba) Importer(2089858483,0ecaa5967403d082aa24f35e1b516d23)
Start importing Assets/Oculus/Interaction/Runtime/Scripts/Input/Controllers/IControllerDataModifier.cs using Guid(b392af6b92984f2887f80975b07141ba) Importer(2089858483,0ecaa5967403d082aa24f35e1b516d23) [PhysX] Initialized MultithreadedTaskDispatcher with 32 workers.
 -> (artifact id: '61eb03ab98ba0c2d5e756e486c5a4d57') in 0.017953 seconds
Number of updated asset objects reloaded before import = 0
Number of asset objects unloaded after import = 1
========================================================================
Received Import Request.
  Time since last request: 0.000230 seconds.
  path: Assets/Oculus/VR/Scripts/OVRAnchor/OVRAnchorComponents/OVRAnchorContainer.cs
  artifactKey: Guid(808c13beb83f4e819eb369c205ccd05c) Importer(2089858483,0ecaa5967403d082aa24f35e1b516d23)
Start importing Assets/Oculus/VR/Scripts/OVRAnchor/OVRAnchorComponents/OVRAnchorContainer.cs using Guid(808c13beb83f4e819eb369c205ccd05c) Importer(2089858483,0ecaa5967403d082aa24f35e1b516d23) [PhysX] Initialized MultithreadedTaskDispatcher with 32 workers.
 -> (artifact id: '9982bffb5f3fc1b0cc88318f52a5f6df') in 0.017490 seconds
Number of updated asset objects reloaded before import = 0
Number of asset objects unloaded after import = 1
========================================================================
Received Import Request.
  Time since last request: 0.000156 seconds.
  path: Assets/Oculus/Interaction/Runtime/Scripts/Interaction/Visuals/SelectorDebugVisual.cs
  artifactKey: Guid(6137da04b96b3a5458fac63522c5ac3f) Importer(2089858483,0ecaa5967403d082aa24f35e1b516d23)
Start importing Assets/Oculus/Interaction/Runtime/Scripts/Interaction/Visuals/SelectorDebugVisual.cs using Guid(6137da04b96b3a5458fac63522c5ac3f) Importer(2089858483,0ecaa5967403d082aa24f35e1b516d23) [PhysX] Initialized MultithreadedTaskDispatcher with 32 workers.
 -> (artifact id: '97fb37012c75655a8f76ba9d14757b5b') in 0.018429 seconds
Number of updated asset objects reloaded before import = 0
Number of asset objects unloaded after import = 1
========================================================================
Received Import Request.
  Time since last request: 0.000043 seconds.
  path: Assets/Oculus/Voice/Samples/TTSVoices/Scripts/TTSFileToggle.cs
  artifactKey: Guid(1477d39e8c825744295e2e122d84ca82) Importer(2089858483,0ecaa5967403d082aa24f35e1b516d23)
Start importing Assets/Oculus/Voice/Samples/TTSVoices/Scripts/TTSFileToggle.cs using Guid(1477d39e8c825744295e2e122d84ca82) Importer(2089858483,0ecaa5967403d082aa24f35e1b516d23) [PhysX] Initialized MultithreadedTaskDispatcher with 32 workers.
 -> (artifact id: 'da35051784c8a4c4030ddc4ec8875c82') in 0.018206 seconds
Number of updated asset objects reloaded before import = 0
Number of asset objects unloaded after import = 1
========================================================================
Received Import Request.
  Time since last request: 0.000017 seconds.
  path: Assets/Oculus/SampleFramework/Usage/SpatialAnchor/Materials/IconBackground.mat
  artifactKey: Guid(5ec6b1df0a0620b44b46efcf07957ab3) Importer(2089858483,0ecaa5967403d082aa24f35e1b516d23)
Start importing Assets/Oculus/SampleFramework/Usage/SpatialAnchor/Materials/IconBackground.mat using Guid(5ec6b1df0a0620b44b46efcf07957ab3) Importer(2089858483,0ecaa5967403d082aa24f35e1b516d23) [PhysX] Initialized MultithreadedTaskDispatcher with 32 workers.
 -> (artifact id: '53e7bdcb6d7ac950c7099e6cc959822b') in 0.015325 seconds
Number of updated asset objects reloaded before import = 0
Number of asset objects unloaded after import = 1
========================================================================
Received Import Request.
  Time since last request: 0.000017 seconds.
  path: Assets/Oculus/Interaction/Runtime/Scripts/PoseDetection/Debug/ActiveStateDebugTreeUI.cs
  artifactKey: Guid(8ff3d6159be4e004f8ae25b5fcf864bb) Importer(2089858483,0ecaa5967403d082aa24f35e1b516d23)
Start importing Assets/Oculus/Interaction/Runtime/Scripts/PoseDetection/Debug/ActiveStateDebugTreeUI.cs using Guid(8ff3d6159be4e004f8ae25b5fcf864bb) Importer(2089858483,0ecaa5967403d082aa24f35e1b516d23) [PhysX] Initialized MultithreadedTaskDispatcher with 32 workers.
 -> (artifact id: '6f261e63d297badccb5adcc04b5aef0d') in 0.011332 seconds
Number of updated asset objects reloaded before import = 0
Number of asset objects unloaded after import = 1
========================================================================
Received Import Request.
  Time since last request: 0.000214 seconds.
  path: Assets/Oculus/Interaction/Runtime/Scripts/Interaction/Core/SecondaryInteractorFilter.cs
  artifactKey: Guid(fe6ecba06b668d944b0a9b93e5f2324f) Importer(2089858483,0ecaa5967403d082aa24f35e1b516d23)
Start importing Assets/Oculus/Interaction/Runtime/Scripts/Interaction/Core/SecondaryInteractorFilter.cs using Guid(fe6ecba06b668d944b0a9b93e5f2324f) Importer(2089858483,0ecaa5967403d082aa24f35e1b516d23) [PhysX] Initialized MultithreadedTaskDispatcher with 32 workers.
 -> (artifact id: 'd2df8650997827e2f593c7de547fd8f4') in 0.014627 seconds
Number of updated asset objects reloaded before import = 0
Number of asset objects unloaded after import = 1
========================================================================
Received Import Request.
  Time since last request: 0.000019 seconds.
  path: Assets/Oculus/Voice/Samples/TTSVoices/Audio/AsyncComplete.wav
  artifactKey: Guid(08c3f8e8283d6b94880e22280a446d1b) Importer(2089858483,0ecaa5967403d082aa24f35e1b516d23)
Start importing Assets/Oculus/Voice/Samples/TTSVoices/Audio/AsyncComplete.wav using Guid(08c3f8e8283d6b94880e22280a446d1b) Importer(2089858483,0ecaa5967403d082aa24f35e1b516d23) [PhysX] Initialized MultithreadedTaskDispatcher with 32 workers.
 -> (artifact id: '09012c2b8498ac416e01e0c102251335') in 0.026221 seconds
Number of updated asset objects reloaded before import = 0
Number of asset objects unloaded after import = 1
========================================================================
Received Import Request.
  Time since last request: 0.000215 seconds.
  path: Assets/Oculus/Voice/Samples/TTSVoices/Scripts/TTSSpeakerStatusLabel.cs
  artifactKey: Guid(57fe967670cb74c419e8588c173b0583) Importer(2089858483,0ecaa5967403d082aa24f35e1b516d23)
Start importing Assets/Oculus/Voice/Samples/TTSVoices/Scripts/TTSSpeakerStatusLabel.cs using Guid(57fe967670cb74c419e8588c173b0583) Importer(2089858483,0ecaa5967403d082aa24f35e1b516d23) [PhysX] Initialized MultithreadedTaskDispatcher with 32 workers.
 -> (artifact id: 'f3117e1010a7d6923c69e084aa2f0323') in 0.010174 seconds
Number of updated asset objects reloaded before import = 0
Number of asset objects unloaded after import = 1
========================================================================
Received Import Request.
  Time since last request: 0.000058 seconds.
  path: Assets/Oculus/VR/Editor/BuildingBlocks/Animations/bb_outline_01.png
  artifactKey: Guid(0df6b5d007f0c064a862ce0a7393196a) Importer(2089858483,0ecaa5967403d082aa24f35e1b516d23)
Start importing Assets/Oculus/VR/Editor/BuildingBlocks/Animations/bb_outline_01.png using Guid(0df6b5d007f0c064a862ce0a7393196a) Importer(2089858483,0ecaa5967403d082aa24f35e1b516d23) [PhysX] Initialized MultithreadedTaskDispatcher with 32 workers.
 -> (artifact id: '86b82d6fde81b8cb812eeeb33274a2d6') in 0.024719 seconds
Number of updated asset objects reloaded before import = 0
Number of asset objects unloaded after import = 1
========================================================================
Received Import Request.
  Time since last request: 0.000021 seconds.
  path: Assets/Oculus/SampleFramework/Usage/SpatialAnchor/Materials/LineMat.mat
  artifactKey: Guid(0cbffc4fb1a293742bc1585db8956773) Importer(2089858483,0ecaa5967403d082aa24f35e1b516d23)
Start importing Assets/Oculus/SampleFramework/Usage/SpatialAnchor/Materials/LineMat.mat using Guid(0cbffc4fb1a293742bc1585db8956773) Importer(2089858483,0ecaa5967403d082aa24f35e1b516d23) [PhysX] Initialized MultithreadedTaskDispatcher with 32 workers.
 -> (artifact id: 'd2d95210edd256ecdc7be039059deb3a') in 0.036652 seconds
Number of updated asset objects reloaded before import = 0
Number of asset objects unloaded after import = 1
========================================================================
Received Import Request.
  Time since last request: 0.000015 seconds.
  path: Assets/Oculus/VR/Editor/BuildingBlocks/Icons/ovr_icon_addblock.png
  artifactKey: Guid(8de3361e4c791f94d85338238347dd7a) Importer(2089858483,0ecaa5967403d082aa24f35e1b516d23)
Start importing Assets/Oculus/VR/Editor/BuildingBlocks/Icons/ovr_icon_addblock.png using Guid(8de3361e4c791f94d85338238347dd7a) Importer(2089858483,0ecaa5967403d082aa24f35e1b516d23) [PhysX] Initialized MultithreadedTaskDispatcher with 32 workers.
 -> (artifact id: '1cf43ee56effad7de0a3bcf7576ea72a') in 0.022022 seconds
Number of updated asset objects reloaded before import = 0
Number of asset objects unloaded after import = 1
========================================================================
Received Import Request.
  Time since last request: 0.000058 seconds.
  path: Assets/Oculus/Voice/Samples/Chess/Scripts/Meta.Voice.Samples.Chess.asmdef
  artifactKey: Guid(5dee22db95ad4c6499562cbedf95705c) Importer(2089858483,0ecaa5967403d082aa24f35e1b516d23)
Start importing Assets/Oculus/Voice/Samples/Chess/Scripts/Meta.Voice.Samples.Chess.asmdef using Guid(5dee22db95ad4c6499562cbedf95705c) Importer(2089858483,0ecaa5967403d082aa24f35e1b516d23) [PhysX] Initialized MultithreadedTaskDispatcher with 32 workers.
 -> (artifact id: '2325ad06f0cb4ea11f8f44d6aaf04ab8') in 0.009349 seconds
Number of updated asset objects reloaded before import = 0
Number of asset objects unloaded after import = 1
========================================================================
Received Import Request.
  Time since last request: 0.000069 seconds.
  path: Assets/Oculus/VR/Scripts/OVRAnchor/OVRAnchorComponents/OVRAnchorComponents.gen.cs
  artifactKey: Guid(b3d7c9331dd825041bbd89858f165463) Importer(2089858483,0ecaa5967403d082aa24f35e1b516d23)
Start importing Assets/Oculus/VR/Scripts/OVRAnchor/OVRAnchorComponents/OVRAnchorComponents.gen.cs using Guid(b3d7c9331dd825041bbd89858f165463) Importer(2089858483,0ecaa5967403d082aa24f35e1b516d23) [PhysX] Initialized MultithreadedTaskDispatcher with 32 workers.
 -> (artifact id: 'deebd00a0125694d24594640303c0cf9') in 0.010539 seconds
Number of updated asset objects reloaded before import = 0
Number of asset objects unloaded after import = 1
========================================================================
Received Import Request.
  Time since last request: 0.000147 seconds.
  path: Assets/Oculus/VR/Scripts/OVRAnchor/OVRAnchorComponents/OVRBounded3D.cs
  artifactKey: Guid(4e084c5263424e6aaa12b7c6536407ad) Importer(2089858483,0ecaa5967403d082aa24f35e1b516d23)
Start importing Assets/Oculus/VR/Scripts/OVRAnchor/OVRAnchorComponents/OVRBounded3D.cs using Guid(4e084c5263424e6aaa12b7c6536407ad) Importer(2089858483,0ecaa5967403d082aa24f35e1b516d23) [PhysX] Initialized MultithreadedTaskDispatcher with 32 workers.
 -> (artifact id: 'd8aeb2cd01a7866b2c2d346046bdecc7') in 0.014618 seconds
Number of updated asset objects reloaded before import = 0
Number of asset objects unloaded after import = 1
========================================================================
Received Import Request.
  Time since last request: 0.000070 seconds.
  path: Assets/Oculus/Voice/Samples/Shapes/Materials/Skybox.mat
  artifactKey: Guid(d49ff97a571f9ed4190359b6fda70b24) Importer(2089858483,0ecaa5967403d082aa24f35e1b516d23)
Start importing Assets/Oculus/Voice/Samples/Shapes/Materials/Skybox.mat using Guid(d49ff97a571f9ed4190359b6fda70b24) Importer(2089858483,0ecaa5967403d082aa24f35e1b516d23) [PhysX] Initialized MultithreadedTaskDispatcher with 32 workers.
 -> (artifact id: '440afa4d3844046c9ab6b4c8b468d9a8') in 0.014547 seconds
Number of updated asset objects reloaded before import = 0
Number of asset objects unloaded after import = 1
========================================================================
Received Import Request.
  Time since last request: 0.000085 seconds.
  path: Assets/Oculus/Voice/Documentation/Samples/Shapes/Shapes - Sample.asset
  artifactKey: Guid(906babf5e5f629740962b197fabef88a) Importer(2089858483,0ecaa5967403d082aa24f35e1b516d23)
Start importing Assets/Oculus/Voice/Documentation/Samples/Shapes/Shapes - Sample.asset using Guid(906babf5e5f629740962b197fabef88a) Importer(2089858483,0ecaa5967403d082aa24f35e1b516d23) [PhysX] Initialized MultithreadedTaskDispatcher with 32 workers.
 -> (artifact id: '424db1a2ac3eeeb03749b6d201e3a258') in 0.019137 seconds
Number of updated asset objects reloaded before import = 0
Number of asset objects unloaded after import = 3
========================================================================
Received Import Request.
  Time since last request: 0.000016 seconds.
  path: Assets/Oculus/VR/Meshes/MetaQuestTouchPro/Materials/MetaQuestProLeft_Material.mat
  artifactKey: Guid(b58fdf466c162d447913b955fc10ad96) Importer(2089858483,0ecaa5967403d082aa24f35e1b516d23)
Start importing Assets/Oculus/VR/Meshes/MetaQuestTouchPro/Materials/MetaQuestProLeft_Material.mat using Guid(b58fdf466c162d447913b955fc10ad96) Importer(2089858483,0ecaa5967403d082aa24f35e1b516d23) [PhysX] Initialized MultithreadedTaskDispatcher with 32 workers.
 -> (artifact id: '4b97381f38aaf2dfa18843694f451d48') in 0.022425 seconds
Number of updated asset objects reloaded before import = 0
Number of asset objects unloaded after import = 3
========================================================================
Received Import Request.
  Time since last request: 0.000018 seconds.
  path: Assets/Oculus/Interaction/Runtime/Scripts/Body/Input/ISkeletonMapping.cs
  artifactKey: Guid(65f8c7ef36409cb40a43b76f21309db3) Importer(2089858483,0ecaa5967403d082aa24f35e1b516d23)
Start importing Assets/Oculus/Interaction/Runtime/Scripts/Body/Input/ISkeletonMapping.cs using Guid(65f8c7ef36409cb40a43b76f21309db3) Importer(2089858483,0ecaa5967403d082aa24f35e1b516d23) [PhysX] Initialized MultithreadedTaskDispatcher with 32 workers.
 -> (artifact id: '02efd2ee90842d3be995434fddcc072f') in 0.015656 seconds
Number of updated asset objects reloaded before import = 0
Number of asset objects unloaded after import = 1
========================================================================
Received Import Request.
  Time since last request: 0.000068 seconds.
  path: Assets/Oculus/Interaction/Runtime/Scripts/Interaction/Core/ISelector.cs
  artifactKey: Guid(943b088ec5d454f408757c12bc50bba9) Importer(2089858483,0ecaa5967403d082aa24f35e1b516d23)
Start importing Assets/Oculus/Interaction/Runtime/Scripts/Interaction/Core/ISelector.cs using Guid(943b088ec5d454f408757c12bc50bba9) Importer(2089858483,0ecaa5967403d082aa24f35e1b516d23) [PhysX] Initialized MultithreadedTaskDispatcher with 32 workers.
 -> (artifact id: 'd60ad0f0c95be570cd8028faa29f2898') in 0.007381 seconds
Number of updated asset objects reloaded before import = 0
Number of asset objects unloaded after import = 1
========================================================================
Received Import Request.
  Time since last request: 0.000054 seconds.
  path: Assets/Oculus/Voice/Scripts/Editor/Windows/SettingsWindow.cs
  artifactKey: Guid(2c810bb2a5bea4e4897c121e3264df3d) Importer(2089858483,0ecaa5967403d082aa24f35e1b516d23)
Start importing Assets/Oculus/Voice/Scripts/Editor/Windows/SettingsWindow.cs using Guid(2c810bb2a5bea4e4897c121e3264df3d) Importer(2089858483,0ecaa5967403d082aa24f35e1b516d23) [PhysX] Initialized MultithreadedTaskDispatcher with 32 workers.
 -> (artifact id: '383d33364cd43c9fcd79ef0e3c78f9d3') in 0.013232 seconds
Number of updated asset objects reloaded before import = 0
Number of asset objects unloaded after import = 1
========================================================================
Received Import Request.
  Time since last request: 0.000025 seconds.
  path: Assets/Oculus/Voice/Samples/Shapes/Materials/Shapes.mat
  artifactKey: Guid(1d4f1cabe1d44f24fab3957c9afcb58b) Importer(2089858483,0ecaa5967403d082aa24f35e1b516d23)
Start importing Assets/Oculus/Voice/Samples/Shapes/Materials/Shapes.mat using Guid(1d4f1cabe1d44f24fab3957c9afcb58b) Importer(2089858483,0ecaa5967403d082aa24f35e1b516d23) [PhysX] Initialized MultithreadedTaskDispatcher with 32 workers.
 -> (artifact id: '661a1807fec40bf17540d52854264879') in 0.012221 seconds
Number of updated asset objects reloaded before import = 0
Number of asset objects unloaded after import = 1
========================================================================
Received Import Request.
  Time since last request: 0.000089 seconds.
  path: Assets/Oculus/Interaction/OVRIntegration/Runtime/Scripts/UnityCanvas/OVRCanvasMeshRenderer.cs
  artifactKey: Guid(e79beb32c1e430c42aa2376685d99ae7) Importer(2089858483,0ecaa5967403d082aa24f35e1b516d23)
Start importing Assets/Oculus/Interaction/OVRIntegration/Runtime/Scripts/UnityCanvas/OVRCanvasMeshRenderer.cs using Guid(e79beb32c1e430c42aa2376685d99ae7) Importer(2089858483,0ecaa5967403d082aa24f35e1b516d23) [PhysX] Initialized MultithreadedTaskDispatcher with 32 workers.
 -> (artifact id: '2836c6c4daf5735a4fb05c24b9b26f6b') in 0.014537 seconds
Number of updated asset objects reloaded before import = 0
Number of asset objects unloaded after import = 1
========================================================================
Received Import Request.
  Time since last request: 0.000056 seconds.
  path: Assets/Oculus/Interaction/Runtime/Scripts/PoseDetection/Debug/JointVelocityDebugVisual.cs
  artifactKey: Guid(ad4c672f99cfab247af90b55917b90f5) Importer(2089858483,0ecaa5967403d082aa24f35e1b516d23)
Start importing Assets/Oculus/Interaction/Runtime/Scripts/PoseDetection/Debug/JointVelocityDebugVisual.cs using Guid(ad4c672f99cfab247af90b55917b90f5) Importer(2089858483,0ecaa5967403d082aa24f35e1b516d23) [PhysX] Initialized MultithreadedTaskDispatcher with 32 workers.
 -> (artifact id: '52d932298fd60c755750fc19afc05765') in 0.012527 seconds
Number of updated asset objects reloaded before import = 0
Number of asset objects unloaded after import = 1
========================================================================
Received Import Request.
  Time since last request: 0.000096 seconds.
  path: Assets/Oculus/Interaction/Runtime/Scripts/Body/PoseDetection/BodyPoseComparerActiveStateDebugVisual.cs
  artifactKey: Guid(9faf130193937b348be91e09c530a810) Importer(2089858483,0ecaa5967403d082aa24f35e1b516d23)
Start importing Assets/Oculus/Interaction/Runtime/Scripts/Body/PoseDetection/BodyPoseComparerActiveStateDebugVisual.cs using Guid(9faf130193937b348be91e09c530a810) Importer(2089858483,0ecaa5967403d082aa24f35e1b516d23) [PhysX] Initialized MultithreadedTaskDispatcher with 32 workers.
 -> (artifact id: 'f2f9a2b7aa232d99b74d11dc3435d635') in 0.009409 seconds
Number of updated asset objects reloaded before import = 0
Number of asset objects unloaded after import = 1
========================================================================
Received Import Request.
  Time since last request: 0.000127 seconds.
  path: Assets/Oculus/Interaction/Runtime/Scripts/Body/PoseDetection/BodyPoseData.cs
  artifactKey: Guid(55ca4a17febb5bb4084ecb9e8cd230cc) Importer(2089858483,0ecaa5967403d082aa24f35e1b516d23)
Start importing Assets/Oculus/Interaction/Runtime/Scripts/Body/PoseDetection/BodyPoseData.cs using Guid(55ca4a17febb5bb4084ecb9e8cd230cc) Importer(2089858483,0ecaa5967403d082aa24f35e1b516d23) [PhysX] Initialized MultithreadedTaskDispatcher with 32 workers.
 -> (artifact id: '53a9f1feec23fb4e3d5217497d2c1188') in 0.018871 seconds
Number of updated asset objects reloaded before import = 0
Number of asset objects unloaded after import = 1
========================================================================
Received Import Request.
  Time since last request: 0.000101 seconds.
  path: Assets/Oculus/Interaction/Runtime/Scripts/Interaction/Pointable/IPointableCanvas.cs
  artifactKey: Guid(a1e4d2f14ad886f4d97b6279f17943e3) Importer(2089858483,0ecaa5967403d082aa24f35e1b516d23)
Start importing Assets/Oculus/Interaction/Runtime/Scripts/Interaction/Pointable/IPointableCanvas.cs using Guid(a1e4d2f14ad886f4d97b6279f17943e3) Importer(2089858483,0ecaa5967403d082aa24f35e1b516d23) [PhysX] Initialized MultithreadedTaskDispatcher with 32 workers.
 -> (artifact id: 'da128bfc208a8c056b49b1fb9c4615cf') in 0.012099 seconds
Number of updated asset objects reloaded before import = 0
Number of asset objects unloaded after import = 1
========================================================================
Received Import Request.
  Time since last request: 0.000158 seconds.
  path: Assets/Oculus/Voice/Samples/ShapesConduit/Scripts/ShapeName.cs
  artifactKey: Guid(8febadc8b73ed5441ad1ef3d5001e93d) Importer(2089858483,0ecaa5967403d082aa24f35e1b516d23)
Start importing Assets/Oculus/Voice/Samples/ShapesConduit/Scripts/ShapeName.cs using Guid(8febadc8b73ed5441ad1ef3d5001e93d) Importer(2089858483,0ecaa5967403d082aa24f35e1b516d23) [PhysX] Initialized MultithreadedTaskDispatcher with 32 workers.
 -> (artifact id: '2f3de37c4f55970249c88120acbe0af6') in 0.015177 seconds
Number of updated asset objects reloaded before import = 0
Number of asset objects unloaded after import = 1
========================================================================
Received Import Request.
  Time since last request: 0.000090 seconds.
  path: Assets/Oculus/VR/Editor/OVRProjectSetup/Icons/ovr_icon_category_error.png
  artifactKey: Guid(23ed0d2bfc90b1d4f97cf416f2cd23a8) Importer(2089858483,0ecaa5967403d082aa24f35e1b516d23)
Start importing Assets/Oculus/VR/Editor/OVRProjectSetup/Icons/ovr_icon_category_error.png using Guid(23ed0d2bfc90b1d4f97cf416f2cd23a8) Importer(2089858483,0ecaa5967403d082aa24f35e1b516d23) [PhysX] Initialized MultithreadedTaskDispatcher with 32 workers.
 -> (artifact id: '5cbd9cb511f447bcd1a9259edb8d8977') in 0.021608 seconds
Number of updated asset objects reloaded before import = 0
Number of asset objects unloaded after import = 1
========================================================================
Received Import Request.
  Time since last request: 0.000091 seconds.
  path: Assets/Oculus/Interaction/Runtime/Scripts/DistanceGrab/Visuals/ReticleGhostDrawer.cs
  artifactKey: Guid(0c6aa09f2d128af4d93fb9fc29ecec33) Importer(2089858483,0ecaa5967403d082aa24f35e1b516d23)
Start importing Assets/Oculus/Interaction/Runtime/Scripts/DistanceGrab/Visuals/ReticleGhostDrawer.cs using Guid(0c6aa09f2d128af4d93fb9fc29ecec33) Importer(2089858483,0ecaa5967403d082aa24f35e1b516d23) [PhysX] Initialized MultithreadedTaskDispatcher with 32 workers.
 -> (artifact id: '438a0cde64d20bef042d4af58472acf0') in 0.013744 seconds
Number of updated asset objects reloaded before import = 0
Number of asset objects unloaded after import = 1
========================================================================
Received Import Request.
  Time since last request: 0.000094 seconds.
  path: Assets/Oculus/Interaction/Runtime/Scripts/PoseDetection/Debug/TransformFeatureVectorDebugVisual.cs
  artifactKey: Guid(e5b3b9e0179019c46a27bcc4ed7916ff) Importer(2089858483,0ecaa5967403d082aa24f35e1b516d23)
Start importing Assets/Oculus/Interaction/Runtime/Scripts/PoseDetection/Debug/TransformFeatureVectorDebugVisual.cs using Guid(e5b3b9e0179019c46a27bcc4ed7916ff) Importer(2089858483,0ecaa5967403d082aa24f35e1b516d23) [PhysX] Initialized MultithreadedTaskDispatcher with 32 workers.
 -> (artifact id: 'ab940e18e2f866edf3d6d27b4d4ebd7b') in 0.013538 seconds
Number of updated asset objects reloaded before import = 0
Number of asset objects unloaded after import = 1
========================================================================
Received Import Request.
  Time since last request: 0.000079 seconds.
  path: Assets/Oculus/Interaction/OVRIntegration/Runtime/Prefabs/Hands/OVRRightHandSynthetic.prefab
  artifactKey: Guid(94313e563929cb3499e3989be338a213) Importer(2089858483,0ecaa5967403d082aa24f35e1b516d23)
Start importing Assets/Oculus/Interaction/OVRIntegration/Runtime/Prefabs/Hands/OVRRightHandSynthetic.prefab using Guid(94313e563929cb3499e3989be338a213) Importer(2089858483,0ecaa5967403d082aa24f35e1b516d23) [PhysX] Initialized MultithreadedTaskDispatcher with 32 workers.
 -> (artifact id: '8c5be8ac145cf3923d20a5b3f9857941') in 0.019139 seconds
Number of updated asset objects reloaded before import = 0
Number of asset objects unloaded after import = 172
========================================================================
Received Import Request.
  Time since last request: 0.000022 seconds.
  path: Assets/Oculus/Interaction/Runtime/Scripts/Interaction/Core/SecondaryInteractorConnection.cs
  artifactKey: Guid(0c36d956bf264294ebb871f3b4e04372) Importer(2089858483,0ecaa5967403d082aa24f35e1b516d23)
Start importing Assets/Oculus/Interaction/Runtime/Scripts/Interaction/Core/SecondaryInteractorConnection.cs using Guid(0c36d956bf264294ebb871f3b4e04372) Importer(2089858483,0ecaa5967403d082aa24f35e1b516d23) [PhysX] Initialized MultithreadedTaskDispatcher with 32 workers.
 -> (artifact id: 'd5d5c97c1ffd55be7b1d6c0ef46ff782') in 0.011417 seconds
Number of updated asset objects reloaded before import = 0
Number of asset objects unloaded after import = 1
========================================================================
Received Import Request.
  Time since last request: 0.000069 seconds.
  path: Assets/Oculus/Interaction/Runtime/Scripts/Input/Hands/IHandSkeletonProvider.cs
  artifactKey: Guid(be3974c2b13042ecb43558bf99c1603b) Importer(2089858483,0ecaa5967403d082aa24f35e1b516d23)
Start importing Assets/Oculus/Interaction/Runtime/Scripts/Input/Hands/IHandSkeletonProvider.cs using Guid(be3974c2b13042ecb43558bf99c1603b) Importer(2089858483,0ecaa5967403d082aa24f35e1b516d23) [PhysX] Initialized MultithreadedTaskDispatcher with 32 workers.
 -> (artifact id: '257e1e9aafaf325e8e290a5fd1810cae') in 0.012210 seconds
Number of updated asset objects reloaded before import = 0
Number of asset objects unloaded after import = 1
========================================================================
Received Import Request.
  Time since last request: 0.000123 seconds.
  path: Assets/Oculus/Voice/Samples/LiveUnderstanding/Scripts/Meta.Voice.Samples.LiveUnderstanding.asmdef
  artifactKey: Guid(baaa3b50d57e56447bac374c0e7aa2f2) Importer(2089858483,0ecaa5967403d082aa24f35e1b516d23)
Start importing Assets/Oculus/Voice/Samples/LiveUnderstanding/Scripts/Meta.Voice.Samples.LiveUnderstanding.asmdef using Guid(baaa3b50d57e56447bac374c0e7aa2f2) Importer(2089858483,0ecaa5967403d082aa24f35e1b516d23) [PhysX] Initialized MultithreadedTaskDispatcher with 32 workers.
 -> (artifact id: 'ea7814fb985352b5b4a12b8fcbe1eccf') in 0.011693 seconds
Number of updated asset objects reloaded before import = 0
Number of asset objects unloaded after import = 1
========================================================================
Received Import Request.
  Time since last request: 0.000159 seconds.
  path: Assets/Oculus/Voice/Samples/TTSVoices/Materials/Skybox.mat
  artifactKey: Guid(eb25191ecaaa6864bb08fe4b3eea748c) Importer(2089858483,0ecaa5967403d082aa24f35e1b516d23)
Start importing Assets/Oculus/Voice/Samples/TTSVoices/Materials/Skybox.mat using Guid(eb25191ecaaa6864bb08fe4b3eea748c) Importer(2089858483,0ecaa5967403d082aa24f35e1b516d23) [PhysX] Initialized MultithreadedTaskDispatcher with 32 workers.
 -> (artifact id: 'a31f2f2bfefa769f23bde4d696502599') in 0.016161 seconds
Number of updated asset objects reloaded before import = 0
Number of asset objects unloaded after import = 1
========================================================================
Received Import Request.
  Time since last request: 0.000017 seconds.
  path: Assets/Oculus/Interaction/Runtime/Scripts/PoseDetection/Debug/HandShapeSkeletalDebugVisual.cs
  artifactKey: Guid(86fda5ce347f35d44a5c6faee65c6679) Importer(2089858483,0ecaa5967403d082aa24f35e1b516d23)
Start importing Assets/Oculus/Interaction/Runtime/Scripts/PoseDetection/Debug/HandShapeSkeletalDebugVisual.cs using Guid(86fda5ce347f35d44a5c6faee65c6679) Importer(2089858483,0ecaa5967403d082aa24f35e1b516d23) [PhysX] Initialized MultithreadedTaskDispatcher with 32 workers.
 -> (artifact id: 'e02cf22859f063f33287484afa084a55') in 0.010869 seconds
Number of updated asset objects reloaded before import = 0
Number of asset objects unloaded after import = 1
========================================================================
Received Import Request.
  Time since last request: 0.000020 seconds.
  path: Assets/Oculus/VR/Scripts/Util/Async/OVRTask.cs
  artifactKey: Guid(7bc71515869d46e08e210173388da05c) Importer(2089858483,0ecaa5967403d082aa24f35e1b516d23)
Start importing Assets/Oculus/VR/Scripts/Util/Async/OVRTask.cs using Guid(7bc71515869d46e08e210173388da05c) Importer(2089858483,0ecaa5967403d082aa24f35e1b516d23) [PhysX] Initialized MultithreadedTaskDispatcher with 32 workers.
 -> (artifact id: 'f00602a3cbafee9fe165e8eed42e3001') in 0.011743 seconds
Number of updated asset objects reloaded before import = 0
Number of asset objects unloaded after import = 1
========================================================================
Received Import Request.
  Time since last request: 0.000072 seconds.
  path: Assets/Oculus/Interaction/OVRIntegration/Runtime/Scripts/Input/OVRAxis2D.cs
  artifactKey: Guid(2412d6d784007cf409d79410b6fd915f) Importer(2089858483,0ecaa5967403d082aa24f35e1b516d23)
Start importing Assets/Oculus/Interaction/OVRIntegration/Runtime/Scripts/Input/OVRAxis2D.cs using Guid(2412d6d784007cf409d79410b6fd915f) Importer(2089858483,0ecaa5967403d082aa24f35e1b516d23) [PhysX] Initialized MultithreadedTaskDispatcher with 32 workers.
 -> (artifact id: 'd901c6796cdab71eb7f93e68b643a81d') in 0.016636 seconds
Number of updated asset objects reloaded before import = 0
Number of asset objects unloaded after import = 1
========================================================================
Received Import Request.
  Time since last request: 0.000112 seconds.
  path: Assets/Oculus/Voice/Lib/Wit.ai/Prefabs/Wit.prefab
  artifactKey: Guid(dc847e9f83e1d68469a4741be4840ccf) Importer(2089858483,0ecaa5967403d082aa24f35e1b516d23)
Start importing Assets/Oculus/Voice/Lib/Wit.ai/Prefabs/Wit.prefab using Guid(dc847e9f83e1d68469a4741be4840ccf) Importer(2089858483,0ecaa5967403d082aa24f35e1b516d23) [PhysX] Initialized MultithreadedTaskDispatcher with 32 workers.
 -> (artifact id: '4ab7492e31bafe5b800e58e604192f2d') in 0.045703 seconds
Number of updated asset objects reloaded before import = 0
Number of asset objects unloaded after import = 6
========================================================================
Received Import Request.
  Time since last request: 0.000061 seconds.
  path: Assets/Oculus/Interaction/Runtime/Scripts/Interaction/Surfaces/CircleSurface.cs
  artifactKey: Guid(7ec226bf3cad457418d926296435ec78) Importer(2089858483,0ecaa5967403d082aa24f35e1b516d23)
Start importing Assets/Oculus/Interaction/Runtime/Scripts/Interaction/Surfaces/CircleSurface.cs using Guid(7ec226bf3cad457418d926296435ec78) Importer(2089858483,0ecaa5967403d082aa24f35e1b516d23) [PhysX] Initialized MultithreadedTaskDispatcher with 32 workers.
 -> (artifact id: '23ba25a448a0199330e3b3a4a5b3b967') in 0.013575 seconds
Number of updated asset objects reloaded before import = 0
Number of asset objects unloaded after import = 1
========================================================================
Received Import Request.
  Time since last request: 0.000025 seconds.
  path: Assets/Oculus/Interaction/OVRIntegration/Runtime/Prefabs/Hands/OVRLeftHandSynthetic.prefab
  artifactKey: Guid(e7fbb376593cff24f9db4ecf8d465aaf) Importer(2089858483,0ecaa5967403d082aa24f35e1b516d23)
Start importing Assets/Oculus/Interaction/OVRIntegration/Runtime/Prefabs/Hands/OVRLeftHandSynthetic.prefab using Guid(e7fbb376593cff24f9db4ecf8d465aaf) Importer(2089858483,0ecaa5967403d082aa24f35e1b516d23) [PhysX] Initialized MultithreadedTaskDispatcher with 32 workers.
 -> (artifact id: '50003021a657bab7f9b564bf09dcbdec') in 0.015500 seconds
Number of updated asset objects reloaded before import = 0
Number of asset objects unloaded after import = 172
========================================================================
Received Import Request.
  Time since last request: 0.000019 seconds.
  path: Assets/Oculus/Interaction/Runtime/Scripts/Grab/SnapSurfaces/GrabPoseHelper.cs
  artifactKey: Guid(cada41609b5284144aef14e522e6351a) Importer(2089858483,0ecaa5967403d082aa24f35e1b516d23)
Start importing Assets/Oculus/Interaction/Runtime/Scripts/Grab/SnapSurfaces/GrabPoseHelper.cs using Guid(cada41609b5284144aef14e522e6351a) Importer(2089858483,0ecaa5967403d082aa24f35e1b516d23) [PhysX] Initialized MultithreadedTaskDispatcher with 32 workers.
 -> (artifact id: '79b13ae3943343405bfc70c0a2a41363') in 0.015740 seconds
Number of updated asset objects reloaded before import = 0
Number of asset objects unloaded after import = 1
========================================================================
Received Import Request.
  Time since last request: 0.000092 seconds.
  path: Assets/Oculus/Interaction/Runtime/Scripts/Input/OneEuroFilter/OneEuroFilter.cs
  artifactKey: Guid(b3d7c849d35713b40af7b25d745369ed) Importer(2089858483,0ecaa5967403d082aa24f35e1b516d23)
Start importing Assets/Oculus/Interaction/Runtime/Scripts/Input/OneEuroFilter/OneEuroFilter.cs using Guid(b3d7c849d35713b40af7b25d745369ed) Importer(2089858483,0ecaa5967403d082aa24f35e1b516d23) [PhysX] Initialized MultithreadedTaskDispatcher with 32 workers.
 -> (artifact id: 'f8a31a5d98b8d9c5963f9000ae28e160') in 0.007915 seconds
Number of updated asset objects reloaded before import = 0
Number of asset objects unloaded after import = 1
========================================================================
Received Import Request.
  Time since last request: 0.000103 seconds.
  path: Assets/Oculus/VR/Meshes/MetaQuestTouchPlus/Animation/MetaQuestTouchPlusRightAnimation.controller
  artifactKey: Guid(fc948f57db734e74094dc532bdbbc3e8) Importer(2089858483,0ecaa5967403d082aa24f35e1b516d23)
Start importing Assets/Oculus/VR/Meshes/MetaQuestTouchPlus/Animation/MetaQuestTouchPlusRightAnimation.controller using Guid(fc948f57db734e74094dc532bdbbc3e8) Importer(2089858483,0ecaa5967403d082aa24f35e1b516d23) [PhysX] Initialized MultithreadedTaskDispatcher with 32 workers.
 -> (artifact id: 'e854f934cfaddd22d6e0b8ee39f26281') in 0.013802 seconds
Number of updated asset objects reloaded before import = 0
Number of asset objects unloaded after import = 38
========================================================================
Received Import Request.
  Time since last request: 0.000018 seconds.
  path: Assets/Oculus/Interaction/Runtime/Scripts/Interaction/Grabbable/OneGrabPhysicsJointTransformer.cs
  artifactKey: Guid(94900559e72f2654ca112bf2fbc6f0c6) Importer(2089858483,0ecaa5967403d082aa24f35e1b516d23)
Start importing Assets/Oculus/Interaction/Runtime/Scripts/Interaction/Grabbable/OneGrabPhysicsJointTransformer.cs using Guid(94900559e72f2654ca112bf2fbc6f0c6) Importer(2089858483,0ecaa5967403d082aa24f35e1b516d23) [PhysX] Initialized MultithreadedTaskDispatcher with 32 workers.
 -> (artifact id: '2acd48c7d52f874716c4c45625902c95') in 0.010718 seconds
Number of updated asset objects reloaded before import = 0
Number of asset objects unloaded after import = 1
========================================================================
Received Import Request.
  Time since last request: 0.267643 seconds.
  path: Assets/Oculus/Interaction/Runtime/Scripts/Unity/UnityCanvas/CanvasRenderTexture.cs
  artifactKey: Guid(b7ecff74e52843a41ab3a441ac81379e) Importer(2089858483,0ecaa5967403d082aa24f35e1b516d23)
Start importing Assets/Oculus/Interaction/Runtime/Scripts/Unity/UnityCanvas/CanvasRenderTexture.cs using Guid(b7ecff74e52843a41ab3a441ac81379e) Importer(2089858483,0ecaa5967403d082aa24f35e1b516d23) [PhysX] Initialized MultithreadedTaskDispatcher with 32 workers.
 -> (artifact id: '10633ebe25232891c90ca455dd37b365') in 0.011001 seconds
Number of updated asset objects reloaded before import = 0
Number of asset objects unloaded after import = 1
========================================================================
Received Import Request.
  Time since last request: 0.000037 seconds.
  path: Assets/Oculus/Interaction/Samples/Objects/Props/ChessPiece/ChessPiece.prefab
  artifactKey: Guid(5b2febef9538fb34e972bb0070c107a5) Importer(2089858483,0ecaa5967403d082aa24f35e1b516d23)
Start importing Assets/Oculus/Interaction/Samples/Objects/Props/ChessPiece/ChessPiece.prefab using Guid(5b2febef9538fb34e972bb0070c107a5) Importer(2089858483,0ecaa5967403d082aa24f35e1b516d23) [PhysX] Initialized MultithreadedTaskDispatcher with 32 workers.
 -> (artifact id: '4d803087448e97ea47366568d176e6cc') in 0.030626 seconds
Number of updated asset objects reloaded before import = 0
Number of asset objects unloaded after import = 48
========================================================================
Received Import Request.
  Time since last request: 0.000025 seconds.
  path: Assets/Oculus/Voice/Lib/Wit.ai/Lib/Conduit/Editor/IConduitAssembly.cs
  artifactKey: Guid(df7a6d4c44cd4b4cbb1fce2b1ebbb26e) Importer(2089858483,0ecaa5967403d082aa24f35e1b516d23)
Start importing Assets/Oculus/Voice/Lib/Wit.ai/Lib/Conduit/Editor/IConduitAssembly.cs using Guid(df7a6d4c44cd4b4cbb1fce2b1ebbb26e) Importer(2089858483,0ecaa5967403d082aa24f35e1b516d23) [PhysX] Initialized MultithreadedTaskDispatcher with 32 workers.
 -> (artifact id: '4f17f62171ca0bff31c28eb3c271ab30') in 0.018930 seconds
Number of updated asset objects reloaded before import = 0
Number of asset objects unloaded after import = 1
========================================================================
Received Import Request.
  Time since last request: 0.000087 seconds.
  path: Assets/Oculus/Interaction/Runtime/Scripts/Interaction/Models/UseGrab/UseFingerRawPinchAPI.cs
  artifactKey: Guid(72b0c08ba5dce3c46a4a58592c92fbea) Importer(2089858483,0ecaa5967403d082aa24f35e1b516d23)
Start importing Assets/Oculus/Interaction/Runtime/Scripts/Interaction/Models/UseGrab/UseFingerRawPinchAPI.cs using Guid(72b0c08ba5dce3c46a4a58592c92fbea) Importer(2089858483,0ecaa5967403d082aa24f35e1b516d23) [PhysX] Initialized MultithreadedTaskDispatcher with 32 workers.
 -> (artifact id: 'b8fb068f8bd7244a45aef6fa0c649f9d') in 0.014075 seconds
Number of updated asset objects reloaded before import = 0
Number of asset objects unloaded after import = 1
========================================================================
Received Import Request.
  Time since last request: 0.000105 seconds.
  path: Assets/Oculus/Voice/Lib/Wit.ai/Scripts/Runtime/Utilities/GameObjectSearchUtility.cs
  artifactKey: Guid(56bfa5a57ef40774c8506e7cebc7c154) Importer(2089858483,0ecaa5967403d082aa24f35e1b516d23)
Start importing Assets/Oculus/Voice/Lib/Wit.ai/Scripts/Runtime/Utilities/GameObjectSearchUtility.cs using Guid(56bfa5a57ef40774c8506e7cebc7c154) Importer(2089858483,0ecaa5967403d082aa24f35e1b516d23) [PhysX] Initialized MultithreadedTaskDispatcher with 32 workers.
 -> (artifact id: '21ce32b44831775ca3a5aef631a2e3c0') in 0.011348 seconds
Number of updated asset objects reloaded before import = 0
Number of asset objects unloaded after import = 1
========================================================================
Received Import Request.
  Time since last request: 0.000201 seconds.
  path: Assets/Oculus/Voice/Lib/PlatformCompatibility/Scripts/Runtime/Android/AndroidServiceConnection.cs
  artifactKey: Guid(85f4ff04745e1ab459e49eb38bc288b9) Importer(2089858483,0ecaa5967403d082aa24f35e1b516d23)
Start importing Assets/Oculus/Voice/Lib/PlatformCompatibility/Scripts/Runtime/Android/AndroidServiceConnection.cs using Guid(85f4ff04745e1ab459e49eb38bc288b9) Importer(2089858483,0ecaa5967403d082aa24f35e1b516d23) [PhysX] Initialized MultithreadedTaskDispatcher with 32 workers.
 -> (artifact id: '45343c000994439e57a1b25142d1b27a') in 0.011573 seconds
Number of updated asset objects reloaded before import = 0
Number of asset objects unloaded after import = 1
========================================================================
Received Import Request.
  Time since last request: 0.000250 seconds.
  path: Assets/Oculus/Interaction/Runtime/Scripts/Interaction/Models/Locomotion/ILocomotionEventHandler.cs
  artifactKey: Guid(a1a1f7e685d84bd419d831e5df3a51a1) Importer(2089858483,0ecaa5967403d082aa24f35e1b516d23)
Start importing Assets/Oculus/Interaction/Runtime/Scripts/Interaction/Models/Locomotion/ILocomotionEventHandler.cs using Guid(a1a1f7e685d84bd419d831e5df3a51a1) Importer(2089858483,0ecaa5967403d082aa24f35e1b516d23) [PhysX] Initialized MultithreadedTaskDispatcher with 32 workers.
 -> (artifact id: 'cc29667bb3421b358783910df49b81aa') in 0.018686 seconds
Number of updated asset objects reloaded before import = 0
Number of asset objects unloaded after import = 1
========================================================================
Received Import Request.
  Time since last request: 0.000303 seconds.
  path: Assets/Oculus/Interaction/Samples/Objects/Environment/Room/Materials/WindowStencilWriter.mat
  artifactKey: Guid(90969dd5aecc40c438a178ce4c40aa8f) Importer(2089858483,0ecaa5967403d082aa24f35e1b516d23)
Start importing Assets/Oculus/Interaction/Samples/Objects/Environment/Room/Materials/WindowStencilWriter.mat using Guid(90969dd5aecc40c438a178ce4c40aa8f) Importer(2089858483,0ecaa5967403d082aa24f35e1b516d23) [PhysX] Initialized MultithreadedTaskDispatcher with 32 workers.
 -> (artifact id: '52371dedb87a98558e50ebdc50321924') in 0.010638 seconds
Number of updated asset objects reloaded before import = 0
Number of asset objects unloaded after import = 1
========================================================================
Received Import Request.
  Time since last request: 0.000042 seconds.
  path: Assets/Oculus/Voice/Lib/Wit.ai/Lib/Conduit/Editor/ConduitStatistics.cs
  artifactKey: Guid(9464ac3e19274ce1b45789dae20f5046) Importer(2089858483,0ecaa5967403d082aa24f35e1b516d23)
Start importing Assets/Oculus/Voice/Lib/Wit.ai/Lib/Conduit/Editor/ConduitStatistics.cs using Guid(9464ac3e19274ce1b45789dae20f5046) Importer(2089858483,0ecaa5967403d082aa24f35e1b516d23) [PhysX] Initialized MultithreadedTaskDispatcher with 32 workers.
 -> (artifact id: 'e7c83ab19f63746af5a7300b6c50c6b0') in 0.007689 seconds
Number of updated asset objects reloaded before import = 0
Number of asset objects unloaded after import = 1
========================================================================
Received Import Request.
  Time since last request: 0.000353 seconds.
  path: Assets/Oculus/Voice/Lib/Wit.ai/Scripts/Runtime/Interfaces/IWitRequestProvider.cs
  artifactKey: Guid(8a47aa7f47b64703b09d4d75fd8c25b1) Importer(2089858483,0ecaa5967403d082aa24f35e1b516d23)
Start importing Assets/Oculus/Voice/Lib/Wit.ai/Scripts/Runtime/Interfaces/IWitRequestProvider.cs using Guid(8a47aa7f47b64703b09d4d75fd8c25b1) Importer(2089858483,0ecaa5967403d082aa24f35e1b516d23) [PhysX] Initialized MultithreadedTaskDispatcher with 32 workers.
 -> (artifact id: 'a35666968e96750f5d45259136c0cc34') in 0.008755 seconds
Number of updated asset objects reloaded before import = 0
Number of asset objects unloaded after import = 1
========================================================================
Received Import Request.
  Time since last request: 0.000060 seconds.
  path: Assets/Oculus/Interaction/Samples/Objects/Props/Doll/Materials/DollMat.fbx
  artifactKey: Guid(d075ebbc4d53542299c9d7cd9a9885e2) Importer(2089858483,0ecaa5967403d082aa24f35e1b516d23)
Start importing Assets/Oculus/Interaction/Samples/Objects/Props/Doll/Materials/DollMat.fbx using Guid(d075ebbc4d53542299c9d7cd9a9885e2) Importer(2089858483,0ecaa5967403d082aa24f35e1b516d23) [PhysX] Initialized MultithreadedTaskDispatcher with 32 workers.
 -> (artifact id: '511c8af932f68ea219b83bd6cdf6d966') in 0.029513 seconds
Number of updated asset objects reloaded before import = 0
Number of asset objects unloaded after import = 9
========================================================================
Received Import Request.
  Time since last request: 0.000019 seconds.
  path: Assets/Oculus/Interaction/Samples/Objects/Props/Doll/Models/Doll.fbx
  artifactKey: Guid(254f1b7e40e902449a9139030b3240ff) Importer(2089858483,0ecaa5967403d082aa24f35e1b516d23)
Start importing Assets/Oculus/Interaction/Samples/Objects/Props/Doll/Models/Doll.fbx using Guid(254f1b7e40e902449a9139030b3240ff) Importer(2089858483,0ecaa5967403d082aa24f35e1b516d23) [PhysX] Initialized MultithreadedTaskDispatcher with 32 workers.
 -> (artifact id: '0f56c4b85bfe4347da06462595974f59') in 0.022176 seconds
Number of updated asset objects reloaded before import = 0
Number of asset objects unloaded after import = 15
========================================================================
Received Import Request.
  Time since last request: 0.000177 seconds.
  path: Assets/Oculus/Interaction/Samples/Objects/Props/MapWithPins/Materials/MapPointerMat.fbx
  artifactKey: Guid(afcf09e55a190704e99cfd047692166c) Importer(2089858483,0ecaa5967403d082aa24f35e1b516d23)
Start importing Assets/Oculus/Interaction/Samples/Objects/Props/MapWithPins/Materials/MapPointerMat.fbx using Guid(afcf09e55a190704e99cfd047692166c) Importer(2089858483,0ecaa5967403d082aa24f35e1b516d23) [PhysX] Initialized MultithreadedTaskDispatcher with 32 workers.
 -> (artifact id: 'c029bd1048b63ee2d4c0adfb7fecd9a2') in 0.021960 seconds
Number of updated asset objects reloaded before import = 0
Number of asset objects unloaded after import = 9
========================================================================
Received Import Request.
  Time since last request: 0.000020 seconds.
  path: Assets/Oculus/Interaction/Samples/Objects/Props/WaterParticles/Materials/ParticleSprayMat.mat
  artifactKey: Guid(9751ef0d9c1b960409752884ff54a34a) Importer(2089858483,0ecaa5967403d082aa24f35e1b516d23)
Start importing Assets/Oculus/Interaction/Samples/Objects/Props/WaterParticles/Materials/ParticleSprayMat.mat using Guid(9751ef0d9c1b960409752884ff54a34a) Importer(2089858483,0ecaa5967403d082aa24f35e1b516d23) [PhysX] Initialized MultithreadedTaskDispatcher with 32 workers.
 -> (artifact id: '7cc3953f0782f15b462ebcb50dc12642') in 0.026915 seconds
Number of updated asset objects reloaded before import = 0
Number of asset objects unloaded after import = 2
========================================================================
Received Import Request.
  Time since last request: 0.000057 seconds.
  path: Assets/Oculus/Interaction/Samples/Objects/Environment/Tooltips/DialogVideos/Instruction_Gesture.mp4
  artifactKey: Guid(b72ca0a0fa22559438ee146a692dde25) Importer(2089858483,0ecaa5967403d082aa24f35e1b516d23)
Start importing Assets/Oculus/Interaction/Samples/Objects/Environment/Tooltips/DialogVideos/Instruction_Gesture.mp4 using Guid(b72ca0a0fa22559438ee146a692dde25) Importer(2089858483,0ecaa5967403d082aa24f35e1b516d23) [PhysX] Initialized MultithreadedTaskDispatcher with 32 workers.
 -> (artifact id: 'dff67b22bd9f336f043de3b048a6eaed') in 0.014480 seconds
Number of updated asset objects reloaded before import = 0
Number of asset objects unloaded after import = 1
========================================================================
Received Import Request.
  Time since last request: 0.000028 seconds.
  path: Assets/Oculus/SampleFramework/Usage/SharedAssets/Skyboxes/Sky_01/Skybox01_Right-X.png
  artifactKey: Guid(1531db7620eb24dbfa45481c43b6dcc5) Importer(2089858483,0ecaa5967403d082aa24f35e1b516d23)
Start importing Assets/Oculus/SampleFramework/Usage/SharedAssets/Skyboxes/Sky_01/Skybox01_Right-X.png using Guid(1531db7620eb24dbfa45481c43b6dcc5) Importer(2089858483,0ecaa5967403d082aa24f35e1b516d23) [PhysX] Initialized MultithreadedTaskDispatcher with 32 workers.
 -> (artifact id: '6a7024d8d83fee3e5a67ebd1af47bbf2') in 0.024609 seconds
Number of updated asset objects reloaded before import = 0
Number of asset objects unloaded after import = 1
========================================================================
Received Import Request.
  Time since last request: 0.000196 seconds.
  path: Assets/Oculus/Interaction/Samples/Objects/Environment/Locomotion/Models/Materials/LocomotionMirrorMat.mat
  artifactKey: Guid(116ea48a5d0307d4b99006d38bafbb80) Importer(2089858483,0ecaa5967403d082aa24f35e1b516d23)
Start importing Assets/Oculus/Interaction/Samples/Objects/Environment/Locomotion/Models/Materials/LocomotionMirrorMat.mat using Guid(116ea48a5d0307d4b99006d38bafbb80) Importer(2089858483,0ecaa5967403d082aa24f35e1b516d23) [PhysX] Initialized MultithreadedTaskDispatcher with 32 workers.
 -> (artifact id: 'e6e2b29a521875749ada28a2c3c0da2d') in 0.017959 seconds
Number of updated asset objects reloaded before import = 0
Number of asset objects unloaded after import = 1
========================================================================
Received Import Request.
  Time since last request: 0.000271 seconds.
  path: Assets/Oculus/Voice/Features/Hub/Scripts/Runtime/Attributes/MetaHubContextAttribute.cs
  artifactKey: Guid(adaa391766724cfba11a9c2223e738b0) Importer(2089858483,0ecaa5967403d082aa24f35e1b516d23)
Start importing Assets/Oculus/Voice/Features/Hub/Scripts/Runtime/Attributes/MetaHubContextAttribute.cs using Guid(adaa391766724cfba11a9c2223e738b0) Importer(2089858483,0ecaa5967403d082aa24f35e1b516d23) [PhysX] Initialized MultithreadedTaskDispatcher with 32 workers.
 -> (artifact id: 'ffe7bec1c0a710b635b2316ac20db43a') in 0.009488 seconds
Number of updated asset objects reloaded before import = 0
Number of asset objects unloaded after import = 1
========================================================================
Received Import Request.
  Time since last request: 0.000016 seconds.
  path: Assets/Oculus/Voice/Scripts/Runtime/Bindings/Android/VoiceSDKImplRequest.cs
  artifactKey: Guid(1f1f000e2fa84594da030e8e2d0b9c3b) Importer(2089858483,0ecaa5967403d082aa24f35e1b516d23)
Start importing Assets/Oculus/Voice/Scripts/Runtime/Bindings/Android/VoiceSDKImplRequest.cs using Guid(1f1f000e2fa84594da030e8e2d0b9c3b) Importer(2089858483,0ecaa5967403d082aa24f35e1b516d23) [PhysX] Initialized MultithreadedTaskDispatcher with 32 workers.
 -> (artifact id: '2fa05a65097cb8eb0df9c45901bf41af') in 0.015369 seconds
Number of updated asset objects reloaded before import = 0
Number of asset objects unloaded after import = 1
========================================================================
Received Import Request.
  Time since last request: 0.000214 seconds.
  path: Assets/Oculus/Interaction/Samples/Objects/Props/BigStone/BigStone.prefab
  artifactKey: Guid(9c2d282813c94144c99c645bfff6bf63) Importer(2089858483,0ecaa5967403d082aa24f35e1b516d23)
Start importing Assets/Oculus/Interaction/Samples/Objects/Props/BigStone/BigStone.prefab using Guid(9c2d282813c94144c99c645bfff6bf63) Importer(2089858483,0ecaa5967403d082aa24f35e1b516d23) [PhysX] Initialized MultithreadedTaskDispatcher with 32 workers.
 -> (artifact id: 'c1d5675079a151829d606136989f1490') in 0.025510 seconds
Number of updated asset objects reloaded before import = 0
Number of asset objects unloaded after import = 60
========================================================================
Received Import Request.
  Time since last request: 0.000019 seconds.
  path: Assets/Oculus/SampleFramework/Usage/TouchPro/Scripts/Ui/UiAxis1dInspector.cs
  artifactKey: Guid(dcf3246473f1a024e8f952f2a56a10c2) Importer(2089858483,0ecaa5967403d082aa24f35e1b516d23)
Start importing Assets/Oculus/SampleFramework/Usage/TouchPro/Scripts/Ui/UiAxis1dInspector.cs using Guid(dcf3246473f1a024e8f952f2a56a10c2) Importer(2089858483,0ecaa5967403d082aa24f35e1b516d23) [PhysX] Initialized MultithreadedTaskDispatcher with 32 workers.
 -> (artifact id: '5a2aeed0de8a856a903978b11654a1ee') in 0.009224 seconds
Number of updated asset objects reloaded before import = 0
Number of asset objects unloaded after import = 1
========================================================================
Received Import Request.
  Time since last request: 0.000388 seconds.
  path: Assets/Oculus/Interaction/Runtime/Scripts/Interaction/Models/Ray/RayInteractable.cs
  artifactKey: Guid(bb86ba9d4c5126e48bfef9b0c9550e9d) Importer(2089858483,0ecaa5967403d082aa24f35e1b516d23)
Start importing Assets/Oculus/Interaction/Runtime/Scripts/Interaction/Models/Ray/RayInteractable.cs using Guid(bb86ba9d4c5126e48bfef9b0c9550e9d) Importer(2089858483,0ecaa5967403d082aa24f35e1b516d23) [PhysX] Initialized MultithreadedTaskDispatcher with 32 workers.
 -> (artifact id: '20ee3cddcfdac1c8b9ee53bfe586cf8e') in 0.017622 seconds
Number of updated asset objects reloaded before import = 0
Number of asset objects unloaded after import = 1
========================================================================
Received Import Request.
  Time since last request: 0.000094 seconds.
  path: Assets/Oculus/Interaction/OVRIntegration/Editor/Blocks/InteractableItems/Textures/bb_thumb_throwing.png
  artifactKey: Guid(53aeaeadc605a914a90f9b107d531936) Importer(2089858483,0ecaa5967403d082aa24f35e1b516d23)
Start importing Assets/Oculus/Interaction/OVRIntegration/Editor/Blocks/InteractableItems/Textures/bb_thumb_throwing.png using Guid(53aeaeadc605a914a90f9b107d531936) Importer(2089858483,0ecaa5967403d082aa24f35e1b516d23) [PhysX] Initialized MultithreadedTaskDispatcher with 32 workers.
 -> (artifact id: '17bc601f8bd75f38e6f4ada6b8518419') in 0.021812 seconds
Number of updated asset objects reloaded before import = 0
Number of asset objects unloaded after import = 1
========================================================================
Received Import Request.
  Time since last request: 0.000046 seconds.
  path: Assets/Oculus/Voice/Features/Hub/Scripts/Editor/Markdown/MarkdownInspector.cs
  artifactKey: Guid(e1014ec949564436944663d476cf2c48) Importer(2089858483,0ecaa5967403d082aa24f35e1b516d23)
Start importing Assets/Oculus/Voice/Features/Hub/Scripts/Editor/Markdown/MarkdownInspector.cs using Guid(e1014ec949564436944663d476cf2c48) Importer(2089858483,0ecaa5967403d082aa24f35e1b516d23) [PhysX] Initialized MultithreadedTaskDispatcher with 32 workers.
 -> (artifact id: 'd52bd12ac726ea689f2e7f0dc4155f1b') in 0.016068 seconds
Number of updated asset objects reloaded before import = 0
Number of asset objects unloaded after import = 1
========================================================================
Received Import Request.
  Time since last request: 0.000080 seconds.
  path: Assets/Oculus/Interaction/Samples/Objects/Props/BigRedButton/Textures/Podium/Podium_AlbedoTransparency.png
  artifactKey: Guid(b9144ea4006475045917ff432df651ff) Importer(2089858483,0ecaa5967403d082aa24f35e1b516d23)
Start importing Assets/Oculus/Interaction/Samples/Objects/Props/BigRedButton/Textures/Podium/Podium_AlbedoTransparency.png using Guid(b9144ea4006475045917ff432df651ff) Importer(2089858483,0ecaa5967403d082aa24f35e1b516d23) [PhysX] Initialized MultithreadedTaskDispatcher with 32 workers.
 -> (artifact id: 'd12fd54b2428f84416b3259e1b9990fc') in 0.013274 seconds
Number of updated asset objects reloaded before import = 0
Number of asset objects unloaded after import = 1
========================================================================
Received Import Request.
  Time since last request: 0.000107 seconds.
  path: Assets/Oculus/VR/Editor/BuildingBlocks/BlockData/Passthrough/Passthrough.asset
  artifactKey: Guid(cad9322c3ebd80c42aaa285feeda7deb) Importer(2089858483,0ecaa5967403d082aa24f35e1b516d23)
Start importing Assets/Oculus/VR/Editor/BuildingBlocks/BlockData/Passthrough/Passthrough.asset using Guid(cad9322c3ebd80c42aaa285feeda7deb) Importer(2089858483,0ecaa5967403d082aa24f35e1b516d23) [PhysX] Initialized MultithreadedTaskDispatcher with 32 workers.
 -> (artifact id: '2bf9ec1bcd51f3d7508bcf51f8e18b39') in 0.022060 seconds
Number of updated asset objects reloaded before import = 0
Number of asset objects unloaded after import = 6
========================================================================
Received Import Request.
  Time since last request: 0.000015 seconds.
  path: Assets/Oculus/Interaction/OVRIntegration/Editor/Blocks/InteractableItems/Textures/bb_thumb_pointing.png
  artifactKey: Guid(a52e4695e8816e7469e599e85dfae681) Importer(2089858483,0ecaa5967403d082aa24f35e1b516d23)
Start importing Assets/Oculus/Interaction/OVRIntegration/Editor/Blocks/InteractableItems/Textures/bb_thumb_pointing.png using Guid(a52e4695e8816e7469e599e85dfae681) Importer(2089858483,0ecaa5967403d082aa24f35e1b516d23) [PhysX] Initialized MultithreadedTaskDispatcher with 32 workers.
 -> (artifact id: '5d83e34c71ba3812c41259da42211d50') in 0.019073 seconds
Number of updated asset objects reloaded before import = 0
Number of asset objects unloaded after import = 1
========================================================================
Received Import Request.
  Time since last request: 0.000115 seconds.
  path: Assets/Oculus/Interaction/Samples/Objects/Environment/Screen/Textures/FrameTexture.png
  artifactKey: Guid(b72a0683c91bec846b3ac4e2f8bfe0df) Importer(2089858483,0ecaa5967403d082aa24f35e1b516d23)
Start importing Assets/Oculus/Interaction/Samples/Objects/Environment/Screen/Textures/FrameTexture.png using Guid(b72a0683c91bec846b3ac4e2f8bfe0df) Importer(2089858483,0ecaa5967403d082aa24f35e1b516d23) [PhysX] Initialized MultithreadedTaskDispatcher with 32 workers.
 -> (artifact id: '267340001ebd6d37f67dc43e96a2e006') in 0.017568 seconds
Number of updated asset objects reloaded before import = 0
Number of asset objects unloaded after import = 1
========================================================================
Received Import Request.
  Time since last request: 0.000068 seconds.
  path: Assets/Oculus/Interaction/Samples/Objects/Props/Key/Textures/keyTexture.png
  artifactKey: Guid(c704ccf98609c79458c5816c029a99de) Importer(2089858483,0ecaa5967403d082aa24f35e1b516d23)
Start importing Assets/Oculus/Interaction/Samples/Objects/Props/Key/Textures/keyTexture.png using Guid(c704ccf98609c79458c5816c029a99de) Importer(2089858483,0ecaa5967403d082aa24f35e1b516d23) [PhysX] Initialized MultithreadedTaskDispatcher with 32 workers.
 -> (artifact id: '15b360f4cd49b2fd245666706d44d33e') in 0.016807 seconds
Number of updated asset objects reloaded before import = 0
Number of asset objects unloaded after import = 1
========================================================================
Received Import Request.
  Time since last request: 0.000016 seconds.
  path: Assets/Oculus/Voice/Features/Telemetry/Scripts/Editor/AssemblyInfo.cs
  artifactKey: Guid(f42ff96e7ce9451497253b31f1a9a4d1) Importer(2089858483,0ecaa5967403d082aa24f35e1b516d23)
Start importing Assets/Oculus/Voice/Features/Telemetry/Scripts/Editor/AssemblyInfo.cs using Guid(f42ff96e7ce9451497253b31f1a9a4d1) Importer(2089858483,0ecaa5967403d082aa24f35e1b516d23) [PhysX] Initialized MultithreadedTaskDispatcher with 32 workers.
 -> (artifact id: '76ed88934944f1b0bafa6228609044bc') in 0.009635 seconds
Number of updated asset objects reloaded before import = 0
Number of asset objects unloaded after import = 1
========================================================================
Received Import Request.
  Time since last request: 0.000055 seconds.
  path: Assets/Oculus/VR/Editor/BuildingBlocks/BlockData/VirtualKeyboard/VirtualKeyboard.asset
  artifactKey: Guid(fe0c063c723674346a0135da9fb6c5ce) Importer(2089858483,0ecaa5967403d082aa24f35e1b516d23)
Start importing Assets/Oculus/VR/Editor/BuildingBlocks/BlockData/VirtualKeyboard/VirtualKeyboard.asset using Guid(fe0c063c723674346a0135da9fb6c5ce) Importer(2089858483,0ecaa5967403d082aa24f35e1b516d23) [PhysX] Initialized MultithreadedTaskDispatcher with 32 workers.
 -> (artifact id: 'cba8fbde3e58de06f15af62e30fdc4ad') in 0.030524 seconds
Number of updated asset objects reloaded before import = 0
Number of asset objects unloaded after import = 6
========================================================================
Received Import Request.
  Time since last request: 0.000016 seconds.
  path: Assets/Oculus/Interaction/Samples/Objects/Props/StonePolyhedra/Models/StonePolyhedra.fbx
  artifactKey: Guid(5357df73468672d4794f1197cecf8193) Importer(2089858483,0ecaa5967403d082aa24f35e1b516d23)
Start importing Assets/Oculus/Interaction/Samples/Objects/Props/StonePolyhedra/Models/StonePolyhedra.fbx using Guid(5357df73468672d4794f1197cecf8193) Importer(2089858483,0ecaa5967403d082aa24f35e1b516d23) [PhysX] Initialized MultithreadedTaskDispatcher with 32 workers.
 -> (artifact id: '14500d29af0852d44338c7e7c5ef2191') in 0.018435 seconds
Number of updated asset objects reloaded before import = 0
Number of asset objects unloaded after import = 34
========================================================================
Received Import Request.
  Time since last request: 0.000016 seconds.
  path: Assets/Oculus/Interaction/OVRIntegration/Editor/Blocks/SyntheticHands/Textures/bb_thumb_synthetichands.png
  artifactKey: Guid(876b2885201ff5e46876cfe9ea588452) Importer(2089858483,0ecaa5967403d082aa24f35e1b516d23)
Start importing Assets/Oculus/Interaction/OVRIntegration/Editor/Blocks/SyntheticHands/Textures/bb_thumb_synthetichands.png using Guid(876b2885201ff5e46876cfe9ea588452) Importer(2089858483,0ecaa5967403d082aa24f35e1b516d23) [PhysX] Initialized MultithreadedTaskDispatcher with 32 workers.
 -> (artifact id: 'ee219a06eb5ed8d16040eb8f639c7ae0') in 0.012766 seconds
Number of updated asset objects reloaded before import = 0
Number of asset objects unloaded after import = 1
========================================================================
Received Import Request.
  Time since last request: 0.000265 seconds.
  path: Assets/Oculus/Voice/Lib/Wit.ai/Scripts/Editor/WitStyles.cs
  artifactKey: Guid(f3a6f90ff4b18ab4aa8d5ff65b45d1c9) Importer(2089858483,0ecaa5967403d082aa24f35e1b516d23)
Start importing Assets/Oculus/Voice/Lib/Wit.ai/Scripts/Editor/WitStyles.cs using Guid(f3a6f90ff4b18ab4aa8d5ff65b45d1c9) Importer(2089858483,0ecaa5967403d082aa24f35e1b516d23) [PhysX] Initialized MultithreadedTaskDispatcher with 32 workers.
 -> (artifact id: '6ae8f45466d81dc9e24ead5268ab4244') in 0.011315 seconds
Number of updated asset objects reloaded before import = 0
Number of asset objects unloaded after import = 1
========================================================================
Received Import Request.
  Time since last request: 0.000015 seconds.
  path: Assets/Oculus/Voice/Lib/Wit.ai/Scripts/Runtime/ResponseManager/MatchIntent.cs
  artifactKey: Guid(f071cbc42a68405a81505dcf44f5f114) Importer(2089858483,0ecaa5967403d082aa24f35e1b516d23)
Start importing Assets/Oculus/Voice/Lib/Wit.ai/Scripts/Runtime/ResponseManager/MatchIntent.cs using Guid(f071cbc42a68405a81505dcf44f5f114) Importer(2089858483,0ecaa5967403d082aa24f35e1b516d23) [PhysX] Initialized MultithreadedTaskDispatcher with 32 workers.
 -> (artifact id: '361dd4bb1459e33ba13ac0969f91a826') in 0.007708 seconds
Number of updated asset objects reloaded before import = 0
Number of asset objects unloaded after import = 1
========================================================================
Received Import Request.
  Time since last request: 0.000065 seconds.
  path: Assets/Oculus/Voice/Lib/Wit.ai/Lib/Conduit/Editor/IParameterValidator.cs
  artifactKey: Guid(19ebea7c712c4d2697468d30e8477742) Importer(2089858483,0ecaa5967403d082aa24f35e1b516d23)
Start importing Assets/Oculus/Voice/Lib/Wit.ai/Lib/Conduit/Editor/IParameterValidator.cs using Guid(19ebea7c712c4d2697468d30e8477742) Importer(2089858483,0ecaa5967403d082aa24f35e1b516d23) [PhysX] Initialized MultithreadedTaskDispatcher with 32 workers.
 -> (artifact id: 'c8e43ef69bc44fbff85939a0249c4312') in 0.011161 seconds
Number of updated asset objects reloaded before import = 0
Number of asset objects unloaded after import = 1
========================================================================
Received Import Request.
  Time since last request: 0.000126 seconds.
  path: Assets/Oculus/SampleFramework/Core/DebugUI/Fonts/Montserrat/OFL.txt
  artifactKey: Guid(97e698aca5ae2b547a94d4620810cb08) Importer(2089858483,0ecaa5967403d082aa24f35e1b516d23)
Start importing Assets/Oculus/SampleFramework/Core/DebugUI/Fonts/Montserrat/OFL.txt using Guid(97e698aca5ae2b547a94d4620810cb08) Importer(2089858483,0ecaa5967403d082aa24f35e1b516d23) [PhysX] Initialized MultithreadedTaskDispatcher with 32 workers.
 -> (artifact id: 'b12d8c4b29301dd6cf937c6e2fe301ee') in 0.015388 seconds
Number of updated asset objects reloaded before import = 0
Number of asset objects unloaded after import = 1
========================================================================
Received Import Request.
  Time since last request: 0.000127 seconds.
  path: Assets/Oculus/Voice/Lib/Wit.ai/Scripts/Runtime/AssemblyInfo.cs
  artifactKey: Guid(d1e74ebbbf864e009ea70c1e3ac18477) Importer(2089858483,0ecaa5967403d082aa24f35e1b516d23)
Start importing Assets/Oculus/Voice/Lib/Wit.ai/Scripts/Runtime/AssemblyInfo.cs using Guid(d1e74ebbbf864e009ea70c1e3ac18477) Importer(2089858483,0ecaa5967403d082aa24f35e1b516d23) [PhysX] Initialized MultithreadedTaskDispatcher with 32 workers.
 -> (artifact id: '916039d3439e6ef94f353c90ced98cc0') in 0.014520 seconds
Number of updated asset objects reloaded before import = 0
Number of asset objects unloaded after import = 1
========================================================================
Received Import Request.
  Time since last request: 0.000075 seconds.
  path: Assets/Oculus/SampleFramework/Usage/TouchPro/Prefabs/StylusTip/StylusTipPf.prefab
  artifactKey: Guid(8851c2fd403d17444a83e2f3fbdb4044) Importer(2089858483,0ecaa5967403d082aa24f35e1b516d23)
Start importing Assets/Oculus/SampleFramework/Usage/TouchPro/Prefabs/StylusTip/StylusTipPf.prefab using Guid(8851c2fd403d17444a83e2f3fbdb4044) Importer(2089858483,0ecaa5967403d082aa24f35e1b516d23) [PhysX] Initialized MultithreadedTaskDispatcher with 32 workers.
 -> (artifact id: 'cd767d85a8912535ca2c2467f85aad92') in 0.023081 seconds
Number of updated asset objects reloaded before import = 0
Number of asset objects unloaded after import = 15
========================================================================
Received Import Request.
  Time since last request: 0.000016 seconds.
  path: Assets/Oculus/Interaction/OVRIntegration/Editor/Blocks/Interactors/Scripts/OVRHandPhysicsBlockData.cs
  artifactKey: Guid(19a09f7256be84eb8ab26345b8184b29) Importer(2089858483,0ecaa5967403d082aa24f35e1b516d23)
Start importing Assets/Oculus/Interaction/OVRIntegration/Editor/Blocks/Interactors/Scripts/OVRHandPhysicsBlockData.cs using Guid(19a09f7256be84eb8ab26345b8184b29) Importer(2089858483,0ecaa5967403d082aa24f35e1b516d23) [PhysX] Initialized MultithreadedTaskDispatcher with 32 workers.
 -> (artifact id: '50c47ecb7da3775bf2b79c09524c7b12') in 0.013062 seconds
Number of updated asset objects reloaded before import = 0
Number of asset objects unloaded after import = 1
========================================================================
Received Import Request.
  Time since last request: 0.000073 seconds.
  path: Assets/Oculus/Interaction/Samples/Objects/Props/StonePolyhedra/Textures/StonePolyhedra_AlbedoRoughness.png
  artifactKey: Guid(df3b7f768855d84488996d9141f6afc9) Importer(2089858483,0ecaa5967403d082aa24f35e1b516d23)
Start importing Assets/Oculus/Interaction/Samples/Objects/Props/StonePolyhedra/Textures/StonePolyhedra_AlbedoRoughness.png using Guid(df3b7f768855d84488996d9141f6afc9) Importer(2089858483,0ecaa5967403d082aa24f35e1b516d23) [PhysX] Initialized MultithreadedTaskDispatcher with 32 workers.
 -> (artifact id: '5816579b48807d729c0294971ecbccc9') in 0.016343 seconds
Number of updated asset objects reloaded before import = 0
Number of asset objects unloaded after import = 1
========================================================================
Received Import Request.
  Time since last request: 0.000023 seconds.
  path: Assets/Oculus/Voice/Lib/Wit.ai/Scripts/Runtime/Interfaces/ITranscriptionEvent.cs
  artifactKey: Guid(84ba7d612a6d44bdabd374c5ab8c28ac) Importer(2089858483,0ecaa5967403d082aa24f35e1b516d23)
Start importing Assets/Oculus/Voice/Lib/Wit.ai/Scripts/Runtime/Interfaces/ITranscriptionEvent.cs using Guid(84ba7d612a6d44bdabd374c5ab8c28ac) Importer(2089858483,0ecaa5967403d082aa24f35e1b516d23) [PhysX] Initialized MultithreadedTaskDispatcher with 32 workers.
 -> (artifact id: '25075764da2453ef656e2292230d3bd2') in 0.012577 seconds
Number of updated asset objects reloaded before import = 0
Number of asset objects unloaded after import = 1
========================================================================
Received Import Request.
  Time since last request: 0.000087 seconds.
  path: Assets/Oculus/SampleFramework/Usage/DistanceGrab/Prefabs/OutlineItems/DistanceGrabSoccerBallPf.prefab
  artifactKey: Guid(97f4a8d19ea425a47ae392bde7e260cb) Importer(2089858483,0ecaa5967403d082aa24f35e1b516d23)
Start importing Assets/Oculus/SampleFramework/Usage/DistanceGrab/Prefabs/OutlineItems/DistanceGrabSoccerBallPf.prefab using Guid(97f4a8d19ea425a47ae392bde7e260cb) Importer(2089858483,0ecaa5967403d082aa24f35e1b516d23) [PhysX] Initialized MultithreadedTaskDispatcher with 32 workers.
 -> (artifact id: '92facfbecc26a431d05e72137c8a0e27') in 0.021485 seconds
Number of updated asset objects reloaded before import = 0
Number of asset objects unloaded after import = 12
========================================================================
Received Import Request.
  Time since last request: 0.000019 seconds.
  path: Assets/Oculus/Interaction/OVRIntegration/Runtime/Scripts/Body/Input/OVRSkeletonMapping.cs
  artifactKey: Guid(7c2a4397c1b770040841c4385e95fdcd) Importer(2089858483,0ecaa5967403d082aa24f35e1b516d23)
Start importing Assets/Oculus/Interaction/OVRIntegration/Runtime/Scripts/Body/Input/OVRSkeletonMapping.cs using Guid(7c2a4397c1b770040841c4385e95fdcd) Importer(2089858483,0ecaa5967403d082aa24f35e1b516d23) [PhysX] Initialized MultithreadedTaskDispatcher with 32 workers.
 -> (artifact id: '7d22861d14321ff535111ffffda41d7b') in 0.014918 seconds
Number of updated asset objects reloaded before import = 0
Number of asset objects unloaded after import = 1
========================================================================
Received Import Request.
  Time since last request: 0.000172 seconds.
  path: Assets/Oculus/Voice/Lib/Wit.ai/Scripts/Runtime/Utilities/VoiceServiceReference.cs
  artifactKey: Guid(b69aa53204096d540b373b139a54546b) Importer(2089858483,0ecaa5967403d082aa24f35e1b516d23)
Start importing Assets/Oculus/Voice/Lib/Wit.ai/Scripts/Runtime/Utilities/VoiceServiceReference.cs using Guid(b69aa53204096d540b373b139a54546b) Importer(2089858483,0ecaa5967403d082aa24f35e1b516d23) [PhysX] Initialized MultithreadedTaskDispatcher with 32 workers.
 -> (artifact id: 'c67476ce5fe574c5c27a5312e2fe6395') in 0.014120 seconds
Number of updated asset objects reloaded before import = 0
Number of asset objects unloaded after import = 1
========================================================================
Received Import Request.
  Time since last request: 0.000067 seconds.
  path: Assets/Oculus/Voice/Features/VoiceHub/Hub/Pages/Conduit.asset
  artifactKey: Guid(d12e9b3cf69c229449cc608a02edfd44) Importer(2089858483,0ecaa5967403d082aa24f35e1b516d23)
Start importing Assets/Oculus/Voice/Features/VoiceHub/Hub/Pages/Conduit.asset using Guid(d12e9b3cf69c229449cc608a02edfd44) Importer(2089858483,0ecaa5967403d082aa24f35e1b516d23) [PhysX] Initialized MultithreadedTaskDispatcher with 32 workers.
 -> (artifact id: '777ce9c4eccf253965e44b6e9b62f17b') in 0.014523 seconds
Number of updated asset objects reloaded before import = 0
Number of asset objects unloaded after import = 5
========================================================================
Received Import Request.
  Time since last request: 0.000017 seconds.
  path: Assets/Oculus/SampleFramework/Core/HandsInteraction/Scripts/Tools/InteractableTool.cs
  artifactKey: Guid(315c35e87495799449c01ea6abb8fda6) Importer(2089858483,0ecaa5967403d082aa24f35e1b516d23)
Start importing Assets/Oculus/SampleFramework/Core/HandsInteraction/Scripts/Tools/InteractableTool.cs using Guid(315c35e87495799449c01ea6abb8fda6) Importer(2089858483,0ecaa5967403d082aa24f35e1b516d23) [PhysX] Initialized MultithreadedTaskDispatcher with 32 workers.
 -> (artifact id: 'c021f7b646bd0c634c1db91a8f0b2d6a') in 0.014940 seconds
Number of updated asset objects reloaded before import = 0
Number of asset objects unloaded after import = 1
========================================================================
Received Import Request.
  Time since last request: 0.000056 seconds.
  path: Assets/Oculus/Voice/Lib/Wit.ai/Scripts/Runtime/Facebook.Wit.asmdef
  artifactKey: Guid(4504b1a6e0fdcc3498c30b266e4a63bf) Importer(2089858483,0ecaa5967403d082aa24f35e1b516d23)
Start importing Assets/Oculus/Voice/Lib/Wit.ai/Scripts/Runtime/Facebook.Wit.asmdef using Guid(4504b1a6e0fdcc3498c30b266e4a63bf) Importer(2089858483,0ecaa5967403d082aa24f35e1b516d23) [PhysX] Initialized MultithreadedTaskDispatcher with 32 workers.
 -> (artifact id: 'b248ea38f8828a098a79506bdf7f7248') in 0.011068 seconds
Number of updated asset objects reloaded before import = 0
Number of asset objects unloaded after import = 1
========================================================================
Received Import Request.
  Time since last request: 0.000069 seconds.
  path: Assets/Oculus/Interaction/Samples/Objects/Props/Torch/Particles/Materials/Flame.mat
  artifactKey: Guid(3e65fe499b776f247904d42c1a65d082) Importer(2089858483,0ecaa5967403d082aa24f35e1b516d23)
Start importing Assets/Oculus/Interaction/Samples/Objects/Props/Torch/Particles/Materials/Flame.mat using Guid(3e65fe499b776f247904d42c1a65d082) Importer(2089858483,0ecaa5967403d082aa24f35e1b516d23) [PhysX] Initialized MultithreadedTaskDispatcher with 32 workers.
 -> (artifact id: '8a6654d9b988944258d0cb079a532f68') in 0.013806 seconds
Number of updated asset objects reloaded before import = 0
Number of asset objects unloaded after import = 2
========================================================================
Received Import Request.
  Time since last request: 0.000016 seconds.
  path: Assets/Oculus/Interaction/Samples/Scripts/HandGrabUse/Shaders/BasicPBR.shader
  artifactKey: Guid(f98fc22324f0f5248bc2a4b595aa681d) Importer(2089858483,0ecaa5967403d082aa24f35e1b516d23)
Start importing Assets/Oculus/Interaction/Samples/Scripts/HandGrabUse/Shaders/BasicPBR.shader using Guid(f98fc22324f0f5248bc2a4b595aa681d) Importer(2089858483,0ecaa5967403d082aa24f35e1b516d23) [PhysX] Initialized MultithreadedTaskDispatcher with 32 workers.
 -> (artifact id: 'afa871e8af272c27159588b65df257dd') in 0.016490 seconds
Number of updated asset objects reloaded before import = 0
Number of asset objects unloaded after import = 1
========================================================================
Received Import Request.
  Time since last request: 0.000060 seconds.
  path: Assets/Oculus/Interaction/Samples/Objects/Props/StonePolyhedra/StoneIcosahedron.prefab
  artifactKey: Guid(975bcaf61a9872e488aa68d572fd4fb4) Importer(2089858483,0ecaa5967403d082aa24f35e1b516d23)
Start importing Assets/Oculus/Interaction/Samples/Objects/Props/StonePolyhedra/StoneIcosahedron.prefab using Guid(975bcaf61a9872e488aa68d572fd4fb4) Importer(2089858483,0ecaa5967403d082aa24f35e1b516d23) [PhysX] Initialized MultithreadedTaskDispatcher with 32 workers.
 -> (artifact id: '110ca2d5a26245669538de11afc2c3e7') in 0.073808 seconds
Number of updated asset objects reloaded before import = 0
Number of asset objects unloaded after import = 147
========================================================================
Received Import Request.
  Time since last request: 0.000018 seconds.
  path: Assets/Oculus/Interaction/Samples/Objects/Environment/SmallRoom/Textures/groundBake.png
  artifactKey: Guid(83253f04135590d4590783d7c3fdd99e) Importer(2089858483,0ecaa5967403d082aa24f35e1b516d23)
Start importing Assets/Oculus/Interaction/Samples/Objects/Environment/SmallRoom/Textures/groundBake.png using Guid(83253f04135590d4590783d7c3fdd99e) Importer(2089858483,0ecaa5967403d082aa24f35e1b516d23) [PhysX] Initialized MultithreadedTaskDispatcher with 32 workers.
 -> (artifact id: 'cbf8ff396110bad9a66259ae52b11e8c') in 0.025709 seconds
Number of updated asset objects reloaded before import = 0
Number of asset objects unloaded after import = 1
========================================================================
Received Import Request.
  Time since last request: 0.000018 seconds.
  path: Assets/Oculus/Interaction/Runtime/Scripts/Interaction/Models/Locomotion/LocomotionEventsConnection.cs
  artifactKey: Guid(d4ad4f1ddee798f45a20be4efda35c8c) Importer(2089858483,0ecaa5967403d082aa24f35e1b516d23)
Start importing Assets/Oculus/Interaction/Runtime/Scripts/Interaction/Models/Locomotion/LocomotionEventsConnection.cs using Guid(d4ad4f1ddee798f45a20be4efda35c8c) Importer(2089858483,0ecaa5967403d082aa24f35e1b516d23) [PhysX] Initialized MultithreadedTaskDispatcher with 32 workers.
 -> (artifact id: 'f7542b15e9705cbc4f20ee0428d21950') in 0.009708 seconds
Number of updated asset objects reloaded before import = 0
Number of asset objects unloaded after import = 1
========================================================================
Received Import Request.
  Time since last request: 0.000265 seconds.
  path: Assets/Oculus/Voice/Features/Dictation/Scripts/Runtime/Bindings/Android/PlatformDictationSession.cs
  artifactKey: Guid(87bac4c0262b45dcbbf302346ee10eb4) Importer(2089858483,0ecaa5967403d082aa24f35e1b516d23)
Start importing Assets/Oculus/Voice/Features/Dictation/Scripts/Runtime/Bindings/Android/PlatformDictationSession.cs using Guid(87bac4c0262b45dcbbf302346ee10eb4) Importer(2089858483,0ecaa5967403d082aa24f35e1b516d23) [PhysX] Initialized MultithreadedTaskDispatcher with 32 workers.
 -> (artifact id: '05da84a22bdb2daa65e871ce9a80afc0') in 0.013050 seconds
Number of updated asset objects reloaded before import = 0
Number of asset objects unloaded after import = 1
========================================================================
Received Import Request.
  Time since last request: 0.000103 seconds.
  path: Assets/Oculus/Voice/Lib/Wit.ai/Scripts/Runtime/Data/Entities/WitDynamicEntity.cs
  artifactKey: Guid(efe24d6c4ed424d25a19396c7a2eec38) Importer(2089858483,0ecaa5967403d082aa24f35e1b516d23)
Start importing Assets/Oculus/Voice/Lib/Wit.ai/Scripts/Runtime/Data/Entities/WitDynamicEntity.cs using Guid(efe24d6c4ed424d25a19396c7a2eec38) Importer(2089858483,0ecaa5967403d082aa24f35e1b516d23) [PhysX] Initialized MultithreadedTaskDispatcher with 32 workers.
 -> (artifact id: '73930783d1648b476630f05a83d664f3') in 0.010769 seconds
Number of updated asset objects reloaded before import = 0
Number of asset objects unloaded after import = 1
========================================================================
Received Import Request.
  Time since last request: 0.000056 seconds.
  path: Assets/Oculus/SampleFramework/Core/Video/Plugins/Android/java/com/oculus/videoplayer/NativeVideoPlayer.java
  artifactKey: Guid(0d7c62804c0fce54b8d0e82ad854713b) Importer(2089858483,0ecaa5967403d082aa24f35e1b516d23)
Start importing Assets/Oculus/SampleFramework/Core/Video/Plugins/Android/java/com/oculus/videoplayer/NativeVideoPlayer.java using Guid(0d7c62804c0fce54b8d0e82ad854713b) Importer(2089858483,0ecaa5967403d082aa24f35e1b516d23) [PhysX] Initialized MultithreadedTaskDispatcher with 32 workers.
 -> (artifact id: 'b4e5f6953dcfb55be5d139e7e2769983') in 0.013482 seconds
Number of updated asset objects reloaded before import = 0
Number of asset objects unloaded after import = 1
========================================================================
Received Import Request.
  Time since last request: 0.000070 seconds.
  path: Assets/Oculus/Voice/Lib/Wit.ai/Lib/Wit/Runtime/Requests/VoiceAudioInputState.cs
  artifactKey: Guid(bf5c9ffc4c085f44fa280c421b97d49a) Importer(2089858483,0ecaa5967403d082aa24f35e1b516d23)
Start importing Assets/Oculus/Voice/Lib/Wit.ai/Lib/Wit/Runtime/Requests/VoiceAudioInputState.cs using Guid(bf5c9ffc4c085f44fa280c421b97d49a) Importer(2089858483,0ecaa5967403d082aa24f35e1b516d23) [PhysX] Initialized MultithreadedTaskDispatcher with 32 workers.
 -> (artifact id: 'f0dd8d9dcf949821cf94c28114a78aa7') in 0.014079 seconds
Number of updated asset objects reloaded before import = 0
Number of asset objects unloaded after import = 1
========================================================================
Received Import Request.
  Time since last request: 0.000183 seconds.
  path: Assets/Oculus/Voice/Lib/Wit.ai/Lib/Wit/Runtime/Requests/NLP/INLPAudioRequestResults.cs
  artifactKey: Guid(01a8821bc7215e74191fc399897b2baa) Importer(2089858483,0ecaa5967403d082aa24f35e1b516d23)
Start importing Assets/Oculus/Voice/Lib/Wit.ai/Lib/Wit/Runtime/Requests/NLP/INLPAudioRequestResults.cs using Guid(01a8821bc7215e74191fc399897b2baa) Importer(2089858483,0ecaa5967403d082aa24f35e1b516d23) [PhysX] Initialized MultithreadedTaskDispatcher with 32 workers.
 -> (artifact id: '90d99a8b95414c19b5b24387fdb39950') in 0.016445 seconds
Number of updated asset objects reloaded before import = 0
Number of asset objects unloaded after import = 1
========================================================================
Received Import Request.
  Time since last request: 0.000068 seconds.
  path: Assets/Oculus/Voice/Lib/Wit.ai/Features/TTS/Scripts/Editor/Preload/TTSPreloadSettingsInspector.cs
  artifactKey: Guid(af9c44712a1f27646a9538dbb053e961) Importer(2089858483,0ecaa5967403d082aa24f35e1b516d23)
Start importing Assets/Oculus/Voice/Lib/Wit.ai/Features/TTS/Scripts/Editor/Preload/TTSPreloadSettingsInspector.cs using Guid(af9c44712a1f27646a9538dbb053e961) Importer(2089858483,0ecaa5967403d082aa24f35e1b516d23) [PhysX] Initialized MultithreadedTaskDispatcher with 32 workers.
 -> (artifact id: '27cc5426dfda26aeb71442e8bbfd14db') in 0.012463 seconds
Number of updated asset objects reloaded before import = 0
Number of asset objects unloaded after import = 1
========================================================================
Received Import Request.
  Time since last request: 0.000017 seconds.
  path: Assets/Oculus/Voice/Lib/Wit.ai/Scripts/Editor/Windows/PropertyDrawers/WitTraitPropertyDrawer.cs
  artifactKey: Guid(b8d3bab49d03b35458f0c19c4935dc2c) Importer(2089858483,0ecaa5967403d082aa24f35e1b516d23)
Start importing Assets/Oculus/Voice/Lib/Wit.ai/Scripts/Editor/Windows/PropertyDrawers/WitTraitPropertyDrawer.cs using Guid(b8d3bab49d03b35458f0c19c4935dc2c) Importer(2089858483,0ecaa5967403d082aa24f35e1b516d23) [PhysX] Initialized MultithreadedTaskDispatcher with 32 workers.
 -> (artifact id: 'bc7fdfc0dc3c0030af44659d749f562c') in 0.013735 seconds
Number of updated asset objects reloaded before import = 0
Number of asset objects unloaded after import = 1
========================================================================
Received Import Request.
  Time since last request: 0.000031 seconds.
  path: Assets/Oculus/Voice/Lib/Wit.ai/Scripts/Editor/Windows/Components/WitMultiSelectionPopup.cs
  artifactKey: Guid(b64f2d401365d47218d23cd6e1295d63) Importer(2089858483,0ecaa5967403d082aa24f35e1b516d23)
Start importing Assets/Oculus/Voice/Lib/Wit.ai/Scripts/Editor/Windows/Components/WitMultiSelectionPopup.cs using Guid(b64f2d401365d47218d23cd6e1295d63) Importer(2089858483,0ecaa5967403d082aa24f35e1b516d23) [PhysX] Initialized MultithreadedTaskDispatcher with 32 workers.
 -> (artifact id: 'e56da9cbaa4e09e6ff7b9a5b207fe0a3') in 0.012920 seconds
Number of updated asset objects reloaded before import = 0
Number of asset objects unloaded after import = 1
========================================================================
Received Import Request.
  Time since last request: 0.000086 seconds.
  path: Assets/Oculus/Voice/Lib/Wit.ai/Scripts/Editor/Data/Configuration/WitConfigurationEditor.cs
  artifactKey: Guid(fda2e192978913c42af9533c9a0baa01) Importer(2089858483,0ecaa5967403d082aa24f35e1b516d23)
Start importing Assets/Oculus/Voice/Lib/Wit.ai/Scripts/Editor/Data/Configuration/WitConfigurationEditor.cs using Guid(fda2e192978913c42af9533c9a0baa01) Importer(2089858483,0ecaa5967403d082aa24f35e1b516d23) [PhysX] Initialized MultithreadedTaskDispatcher with 32 workers.
 -> (artifact id: 'b03112b03b7ebeb71d086e7b664f07a1') in 0.013846 seconds
Number of updated asset objects reloaded before import = 0
Number of asset objects unloaded after import = 1
========================================================================
Received Import Request.
  Time since last request: 0.000118 seconds.
  path: Assets/Oculus/Voice/Lib/Wit.ai/Scripts/Runtime/Data/Configuration/WitRequestOptions.cs
  artifactKey: Guid(a6834fd3c55fb41a1885302e6043f5d6) Importer(2089858483,0ecaa5967403d082aa24f35e1b516d23)
Start importing Assets/Oculus/Voice/Lib/Wit.ai/Scripts/Runtime/Data/Configuration/WitRequestOptions.cs using Guid(a6834fd3c55fb41a1885302e6043f5d6) Importer(2089858483,0ecaa5967403d082aa24f35e1b516d23) [PhysX] Initialized MultithreadedTaskDispatcher with 32 workers.
 -> (artifact id: 'c62774244a2ecada4dce2678b18f8287') in 0.012597 seconds
Number of updated asset objects reloaded before import = 0
Number of asset objects unloaded after import = 1
========================================================================
Received Import Request.
  Time since last request: 0.000092 seconds.
  path: Assets/Oculus/Voice/Lib/Wit.ai/Scripts/Runtime/Data/Configuration/WitEndpointConfig.cs
  artifactKey: Guid(61a0415bfdfa4d64e89801fbc0b30ec7) Importer(2089858483,0ecaa5967403d082aa24f35e1b516d23)
Start importing Assets/Oculus/Voice/Lib/Wit.ai/Scripts/Runtime/Data/Configuration/WitEndpointConfig.cs using Guid(61a0415bfdfa4d64e89801fbc0b30ec7) Importer(2089858483,0ecaa5967403d082aa24f35e1b516d23) [PhysX] Initialized MultithreadedTaskDispatcher with 32 workers.
 -> (artifact id: '39222f9b5c8f72b6c454e9bddc7dfbef') in 0.012173 seconds
Number of updated asset objects reloaded before import = 0
Number of asset objects unloaded after import = 1
========================================================================
Received Import Request.
  Time since last request: 0.000059 seconds.
  path: Assets/Oculus/Voice/Lib/Wit.ai/Features/TTS/Scripts/Runtime/Integrations/TTSRuntimeCache.cs
  artifactKey: Guid(1d60dcb6d02034b4b96284db469db5e3) Importer(2089858483,0ecaa5967403d082aa24f35e1b516d23)
Start importing Assets/Oculus/Voice/Lib/Wit.ai/Features/TTS/Scripts/Runtime/Integrations/TTSRuntimeCache.cs using Guid(1d60dcb6d02034b4b96284db469db5e3) Importer(2089858483,0ecaa5967403d082aa24f35e1b516d23) [PhysX] Initialized MultithreadedTaskDispatcher with 32 workers.
 -> (artifact id: '3552f70213e7abcd098afbd3667fd09d') in 0.018233 seconds
Number of updated asset objects reloaded before import = 0
Number of asset objects unloaded after import = 1
========================================================================
Received Import Request.
  Time since last request: 0.000108 seconds.
  path: Assets/Oculus/Voice/Lib/Wit.ai/Lib/Wit/Runtime/Audio/IAudioPlayer.cs
  artifactKey: Guid(800f1a6d39aa24b44be28e14aefdbc65) Importer(2089858483,0ecaa5967403d082aa24f35e1b516d23)
Start importing Assets/Oculus/Voice/Lib/Wit.ai/Lib/Wit/Runtime/Audio/IAudioPlayer.cs using Guid(800f1a6d39aa24b44be28e14aefdbc65) Importer(2089858483,0ecaa5967403d082aa24f35e1b516d23) [PhysX] Initialized MultithreadedTaskDispatcher with 32 workers.
 -> (artifact id: '90c0e94a6f222d493e2d13a7c623931d') in 0.013716 seconds
Number of updated asset objects reloaded before import = 0
Number of asset objects unloaded after import = 1
========================================================================
Received Import Request.
  Time since last request: 0.000089 seconds.
  path: Assets/Oculus/Voice/Features/Dictation/Scripts/Runtime/API/Listeners/DictationListener.cs
  artifactKey: Guid(809d25c26f051e44991a37caa328aa7a) Importer(2089858483,0ecaa5967403d082aa24f35e1b516d23)
Start importing Assets/Oculus/Voice/Features/Dictation/Scripts/Runtime/API/Listeners/DictationListener.cs using Guid(809d25c26f051e44991a37caa328aa7a) Importer(2089858483,0ecaa5967403d082aa24f35e1b516d23) [PhysX] Initialized MultithreadedTaskDispatcher with 32 workers.
 -> (artifact id: '8e92c5a76071c7d668f52c0108f5e03a') in 0.011253 seconds
Number of updated asset objects reloaded before import = 0
Number of asset objects unloaded after import = 1
========================================================================
Received Import Request.
  Time since last request: 0.000096 seconds.
  path: Assets/Oculus/SampleFramework/Core/HandsInteraction/Scripts/Tools/RayToolView.cs
  artifactKey: Guid(a4e71869e3ccfde47a7a16e2f483b328) Importer(2089858483,0ecaa5967403d082aa24f35e1b516d23)
Start importing Assets/Oculus/SampleFramework/Core/HandsInteraction/Scripts/Tools/RayToolView.cs using Guid(a4e71869e3ccfde47a7a16e2f483b328) Importer(2089858483,0ecaa5967403d082aa24f35e1b516d23) [PhysX] Initialized MultithreadedTaskDispatcher with 32 workers.
 -> (artifact id: 'a03ba8d264725123110bf5caa2131e1d') in 0.010587 seconds
Number of updated asset objects reloaded before import = 0
Number of asset objects unloaded after import = 1
========================================================================
Received Import Request.
  Time since last request: 0.000076 seconds.
  path: Assets/Oculus/Interaction/Runtime/Scripts/Interaction/Models/Locomotion/LocomotionEvent.cs
  artifactKey: Guid(ea1801d2d917cda43aa2e82272770810) Importer(2089858483,0ecaa5967403d082aa24f35e1b516d23)
Start importing Assets/Oculus/Interaction/Runtime/Scripts/Interaction/Models/Locomotion/LocomotionEvent.cs using Guid(ea1801d2d917cda43aa2e82272770810) Importer(2089858483,0ecaa5967403d082aa24f35e1b516d23) [PhysX] Initialized MultithreadedTaskDispatcher with 32 workers.
 -> (artifact id: '811d3d7f37c4a51eec293b16b5d09143') in 0.006343 seconds
Number of updated asset objects reloaded before import = 0
Number of asset objects unloaded after import = 1
========================================================================
Received Import Request.
  Time since last request: 0.000071 seconds.
  path: Assets/Oculus/Voice/Lib/Wit.ai/Lib/Wit/Runtime/Requests/NLP/NLPRequestEvents.cs
  artifactKey: Guid(7170277d2ecc29541939bd4836d3faa7) Importer(2089858483,0ecaa5967403d082aa24f35e1b516d23)
Start importing Assets/Oculus/Voice/Lib/Wit.ai/Lib/Wit/Runtime/Requests/NLP/NLPRequestEvents.cs using Guid(7170277d2ecc29541939bd4836d3faa7) Importer(2089858483,0ecaa5967403d082aa24f35e1b516d23) [PhysX] Initialized MultithreadedTaskDispatcher with 32 workers.
 -> (artifact id: '9744509f8a632d863f36b48661832348') in 0.008933 seconds
Number of updated asset objects reloaded before import = 0
Number of asset objects unloaded after import = 1
========================================================================
Received Import Request.
  Time since last request: 0.000153 seconds.
  path: Assets/Oculus/VR/Editor/BuildingBlocks/BlockData/HandTracking/Materials/DefaultHandMaterial.mat
  artifactKey: Guid(aa70c70787230f248b33d8a0ce1a6c3d) Importer(2089858483,0ecaa5967403d082aa24f35e1b516d23)
Start importing Assets/Oculus/VR/Editor/BuildingBlocks/BlockData/HandTracking/Materials/DefaultHandMaterial.mat using Guid(aa70c70787230f248b33d8a0ce1a6c3d) Importer(2089858483,0ecaa5967403d082aa24f35e1b516d23) [PhysX] Initialized MultithreadedTaskDispatcher with 32 workers.
 -> (artifact id: '06ecb611123f8161706b9edd5b64b2d1') in 0.009600 seconds
Number of updated asset objects reloaded before import = 0
Number of asset objects unloaded after import = 1
========================================================================
Received Import Request.
  Time since last request: 0.000085 seconds.
  path: Assets/Oculus/Voice/Lib/Wit.ai/Lib/Conduit/Runtime/ConduitDispatcherFactory.cs
  artifactKey: Guid(8bbc86671f9e48d19e0bc0b9b4ead0cc) Importer(2089858483,0ecaa5967403d082aa24f35e1b516d23)
Start importing Assets/Oculus/Voice/Lib/Wit.ai/Lib/Conduit/Runtime/ConduitDispatcherFactory.cs using Guid(8bbc86671f9e48d19e0bc0b9b4ead0cc) Importer(2089858483,0ecaa5967403d082aa24f35e1b516d23) [PhysX] Initialized MultithreadedTaskDispatcher with 32 workers.
 -> (artifact id: '51a97934f3f147220d96129b71fe3fcc') in 0.008626 seconds
Number of updated asset objects reloaded before import = 0
Number of asset objects unloaded after import = 1
========================================================================
Received Import Request.
  Time since last request: 0.000200 seconds.
  path: Assets/Oculus/Voice/Lib/Wit.ai/Features/TTS/Scripts/Runtime/Data/TTSDiskCacheSettings.cs
  artifactKey: Guid(a4d1170a24dd77d49bf3cd610dd1c9a5) Importer(2089858483,0ecaa5967403d082aa24f35e1b516d23)
Start importing Assets/Oculus/Voice/Lib/Wit.ai/Features/TTS/Scripts/Runtime/Data/TTSDiskCacheSettings.cs using Guid(a4d1170a24dd77d49bf3cd610dd1c9a5) Importer(2089858483,0ecaa5967403d082aa24f35e1b516d23) [PhysX] Initialized MultithreadedTaskDispatcher with 32 workers.
 -> (artifact id: '70248865656cdfba2d366482f41a9060') in 0.008853 seconds
Number of updated asset objects reloaded before import = 0
Number of asset objects unloaded after import = 1
========================================================================
Received Import Request.
  Time since last request: 0.000133 seconds.
  path: Assets/Oculus/Interaction/Samples/Objects/Environment/Locomotion/Models/Materials/LocomotionRoomWindowMat.mat
  artifactKey: Guid(e311537507979e24c829c79f61253c50) Importer(2089858483,0ecaa5967403d082aa24f35e1b516d23)
Start importing Assets/Oculus/Interaction/Samples/Objects/Environment/Locomotion/Models/Materials/LocomotionRoomWindowMat.mat using Guid(e311537507979e24c829c79f61253c50) Importer(2089858483,0ecaa5967403d082aa24f35e1b516d23) [PhysX] Initialized MultithreadedTaskDispatcher with 32 workers.
 -> (artifact id: 'f8cb2a3de1df467118f3af7c7b8c2a45') in 0.010224 seconds
Number of updated asset objects reloaded before import = 0
Number of asset objects unloaded after import = 1
========================================================================
Received Import Request.
  Time since last request: 0.000127 seconds.
  path: Assets/Oculus/Voice/Lib/Wit.ai/Scripts/Editor/Data/Configuration/WitParameterFilter.cs
  artifactKey: Guid(32bad071f0c2d4fa1b657f119f712adc) Importer(2089858483,0ecaa5967403d082aa24f35e1b516d23)
Start importing Assets/Oculus/Voice/Lib/Wit.ai/Scripts/Editor/Data/Configuration/WitParameterFilter.cs using Guid(32bad071f0c2d4fa1b657f119f712adc) Importer(2089858483,0ecaa5967403d082aa24f35e1b516d23) [PhysX] Initialized MultithreadedTaskDispatcher with 32 workers.
 -> (artifact id: 'ed12b914cdee88457b4479aef56b3de7') in 0.014505 seconds
Number of updated asset objects reloaded before import = 0
Number of asset objects unloaded after import = 1
========================================================================
Received Import Request.
  Time since last request: 0.000074 seconds.
  path: Assets/Oculus/Voice/Lib/Wit.ai/Lib/Wit/Runtime/Audio/UnityAudioSystem.cs
  artifactKey: Guid(ed480b991f99f2d4b8bcbe45568be37e) Importer(2089858483,0ecaa5967403d082aa24f35e1b516d23)
Start importing Assets/Oculus/Voice/Lib/Wit.ai/Lib/Wit/Runtime/Audio/UnityAudioSystem.cs using Guid(ed480b991f99f2d4b8bcbe45568be37e) Importer(2089858483,0ecaa5967403d082aa24f35e1b516d23) [PhysX] Initialized MultithreadedTaskDispatcher with 32 workers.
 -> (artifact id: 'f3d5108c567bce3fa4e102eaf0902c6d') in 0.006831 seconds
Number of updated asset objects reloaded before import = 0
Number of asset objects unloaded after import = 1
========================================================================
Received Import Request.
  Time since last request: 0.000127 seconds.
  path: Assets/Oculus/Interaction/Samples/Objects/Props/Torch/Textures/torchTexture_Metal.png
  artifactKey: Guid(d93b1bf13e6a6304da577e91409bdc28) Importer(2089858483,0ecaa5967403d082aa24f35e1b516d23)
Start importing Assets/Oculus/Interaction/Samples/Objects/Props/Torch/Textures/torchTexture_Metal.png using Guid(d93b1bf13e6a6304da577e91409bdc28) Importer(2089858483,0ecaa5967403d082aa24f35e1b516d23) [PhysX] Initialized MultithreadedTaskDispatcher with 32 workers.
 -> (artifact id: '500ae4a1df7379f4fb74cde998622de6') in 0.014385 seconds
Number of updated asset objects reloaded before import = 0
Number of asset objects unloaded after import = 1
========================================================================
Received Import Request.
  Time since last request: 0.000155 seconds.
  path: Assets/Oculus/Interaction/Samples/Objects/Environment/Room/Textures/FabricTiling.png
  artifactKey: Guid(d907eae360fb79e428e1436145e6ddce) Importer(2089858483,0ecaa5967403d082aa24f35e1b516d23)
Start importing Assets/Oculus/Interaction/Samples/Objects/Environment/Room/Textures/FabricTiling.png using Guid(d907eae360fb79e428e1436145e6ddce) Importer(2089858483,0ecaa5967403d082aa24f35e1b516d23) [PhysX] Initialized MultithreadedTaskDispatcher with 32 workers.
 -> (artifact id: '2c732fa5564ea24467f35492249a20ea') in 0.016363 seconds
Number of updated asset objects reloaded before import = 0
Number of asset objects unloaded after import = 1
========================================================================
Received Import Request.
  Time since last request: 0.000066 seconds.
  path: Assets/Oculus/Interaction/Runtime/Scripts/Interaction/Models/HandGrab/HandGrabInteractor.cs
  artifactKey: Guid(9067480af55f5874d8f613b16812f968) Importer(2089858483,0ecaa5967403d082aa24f35e1b516d23)
Start importing Assets/Oculus/Interaction/Runtime/Scripts/Interaction/Models/HandGrab/HandGrabInteractor.cs using Guid(9067480af55f5874d8f613b16812f968) Importer(2089858483,0ecaa5967403d082aa24f35e1b516d23) [PhysX] Initialized MultithreadedTaskDispatcher with 32 workers.
 -> (artifact id: 'c26ef2f5a080162bd5e23f3507a06bd9') in 0.008945 seconds
Number of updated asset objects reloaded before import = 0
Number of asset objects unloaded after import = 1
========================================================================
Received Import Request.
  Time since last request: 0.000016 seconds.
  path: Assets/Oculus/Voice/Lib/Wit.ai/Lib/Wit/Runtime/Requests/VoiceRequestState.cs
  artifactKey: Guid(661efcf2beaadf44fa8b55383ebcef98) Importer(2089858483,0ecaa5967403d082aa24f35e1b516d23)
Start importing Assets/Oculus/Voice/Lib/Wit.ai/Lib/Wit/Runtime/Requests/VoiceRequestState.cs using Guid(661efcf2beaadf44fa8b55383ebcef98) Importer(2089858483,0ecaa5967403d082aa24f35e1b516d23) [PhysX] Initialized MultithreadedTaskDispatcher with 32 workers.
 -> (artifact id: 'a34fc8e0fbd9a4f763d9e1ce63375dbc') in 0.011066 seconds
Number of updated asset objects reloaded before import = 0
Number of asset objects unloaded after import = 1
========================================================================
Received Import Request.
  Time since last request: 0.000092 seconds.
  path: Assets/Oculus/Voice/Lib/Wit.ai/Scripts/Runtime/Lib/Mic/Other/Meta.VoiceSDK.Mic.Other.asmdef
  artifactKey: Guid(3e75c68ea2ce130409f7b96ae2110237) Importer(2089858483,0ecaa5967403d082aa24f35e1b516d23)
Start importing Assets/Oculus/Voice/Lib/Wit.ai/Scripts/Runtime/Lib/Mic/Other/Meta.VoiceSDK.Mic.Other.asmdef using Guid(3e75c68ea2ce130409f7b96ae2110237) Importer(2089858483,0ecaa5967403d082aa24f35e1b516d23) [PhysX] Initialized MultithreadedTaskDispatcher with 32 workers.
 -> (artifact id: '34e99853200bcd278ef65a84fc30808a') in 0.007760 seconds
Number of updated asset objects reloaded before import = 0
Number of asset objects unloaded after import = 1
========================================================================
Received Import Request.
  Time since last request: 0.000024 seconds.
  path: Assets/Oculus/Voice/Lib/Wit.ai/Scripts/Editor/Windows/PropertyDrawers/WitPropertyDrawer.cs
  artifactKey: Guid(eb85042da3a6e8549855447de57d10f2) Importer(2089858483,0ecaa5967403d082aa24f35e1b516d23)
Start importing Assets/Oculus/Voice/Lib/Wit.ai/Scripts/Editor/Windows/PropertyDrawers/WitPropertyDrawer.cs using Guid(eb85042da3a6e8549855447de57d10f2) Importer(2089858483,0ecaa5967403d082aa24f35e1b516d23) [PhysX] Initialized MultithreadedTaskDispatcher with 32 workers.
 -> (artifact id: '437ef9f827e9ee4b9e98b5e6ed1c2cad') in 0.012609 seconds
Number of updated asset objects reloaded before import = 0
Number of asset objects unloaded after import = 1
========================================================================
Received Import Request.
  Time since last request: 0.000173 seconds.
  path: Assets/Oculus/VR/Editor/BuildingBlocks/BlockData/RoomModel/Prefabs/PlaneMesh.prefab
  artifactKey: Guid(3ecf103c2a191704eb3046d6765665ed) Importer(2089858483,0ecaa5967403d082aa24f35e1b516d23)
Start importing Assets/Oculus/VR/Editor/BuildingBlocks/BlockData/RoomModel/Prefabs/PlaneMesh.prefab using Guid(3ecf103c2a191704eb3046d6765665ed) Importer(2089858483,0ecaa5967403d082aa24f35e1b516d23) [PhysX] Initialized MultithreadedTaskDispatcher with 32 workers.
 -> (artifact id: '6628ca6673e1fce4cba9db3c8749c549') in 0.020035 seconds
Number of updated asset objects reloaded before import = 0
Number of asset objects unloaded after import = 25
========================================================================
Received Import Request.
  Time since last request: 0.000021 seconds.
  path: Assets/Oculus/Interaction/Samples/Scripts/HandGrabUse/Rendering/BasicPBRGlobals.cs
  artifactKey: Guid(94217a4c67be3f143b2ac00d190c8bde) Importer(2089858483,0ecaa5967403d082aa24f35e1b516d23)
Start importing Assets/Oculus/Interaction/Samples/Scripts/HandGrabUse/Rendering/BasicPBRGlobals.cs using Guid(94217a4c67be3f143b2ac00d190c8bde) Importer(2089858483,0ecaa5967403d082aa24f35e1b516d23) [PhysX] Initialized MultithreadedTaskDispatcher with 32 workers.
 -> (artifact id: '827d50ee0c8be0d847bb840ceb203afe') in 0.013507 seconds
Number of updated asset objects reloaded before import = 0
Number of asset objects unloaded after import = 1
========================================================================
Received Import Request.
  Time since last request: 0.000021 seconds.
  path: Assets/Oculus/Voice/Lib/Wit.ai/Scripts/Runtime/Lib/Mic/Common/AudioEncoding.cs
  artifactKey: Guid(9fa8ccc8b99c7304b8466bc744050dfd) Importer(2089858483,0ecaa5967403d082aa24f35e1b516d23)
Start importing Assets/Oculus/Voice/Lib/Wit.ai/Scripts/Runtime/Lib/Mic/Common/AudioEncoding.cs using Guid(9fa8ccc8b99c7304b8466bc744050dfd) Importer(2089858483,0ecaa5967403d082aa24f35e1b516d23) [PhysX] Initialized MultithreadedTaskDispatcher with 32 workers.
 -> (artifact id: 'a85af30e2ae85ec5d15a3005681c40d5') in 0.009599 seconds
Number of updated asset objects reloaded before import = 0
Number of asset objects unloaded after import = 1
========================================================================
Received Import Request.
  Time since last request: 0.000120 seconds.
  path: Assets/Oculus/VR/Editor/OVRProjectSetup/Tasks/Processors/OVRConfigurationTaskFixer.cs
  artifactKey: Guid(6e1fe0a245064a44b8b080a115da8c1d) Importer(2089858483,0ecaa5967403d082aa24f35e1b516d23)
Start importing Assets/Oculus/VR/Editor/OVRProjectSetup/Tasks/Processors/OVRConfigurationTaskFixer.cs using Guid(6e1fe0a245064a44b8b080a115da8c1d) Importer(2089858483,0ecaa5967403d082aa24f35e1b516d23) [PhysX] Initialized MultithreadedTaskDispatcher with 32 workers.
 -> (artifact id: 'b14c33f0faeb940867bb83fdc15863b9') in 0.012831 seconds
Number of updated asset objects reloaded before import = 0
Number of asset objects unloaded after import = 1
========================================================================
Received Import Request.
  Time since last request: 0.000073 seconds.
  path: Assets/Oculus/Interaction/Runtime/ThirdParty/InterfaceSupport/Editor/InterfacePicker.cs
  artifactKey: Guid(13ee802452fb40949acff6a643c6d06a) Importer(2089858483,0ecaa5967403d082aa24f35e1b516d23)
Start importing Assets/Oculus/Interaction/Runtime/ThirdParty/InterfaceSupport/Editor/InterfacePicker.cs using Guid(13ee802452fb40949acff6a643c6d06a) Importer(2089858483,0ecaa5967403d082aa24f35e1b516d23) [PhysX] Initialized MultithreadedTaskDispatcher with 32 workers.
 -> (artifact id: 'cca23e8086dfb3b9f10bcacb429e5ade') in 0.009678 seconds
Number of updated asset objects reloaded before import = 0
Number of asset objects unloaded after import = 1
========================================================================
Received Import Request.
  Time since last request: 0.000022 seconds.
  path: Assets/Oculus/Voice/Lib/Wit.ai/Lib/Wit/Runtime/Requests/Transcription/ITranscriptionRequestOptions.cs
  artifactKey: Guid(4b3306d4a8a41794c811e9cc147be5b4) Importer(2089858483,0ecaa5967403d082aa24f35e1b516d23)
Start importing Assets/Oculus/Voice/Lib/Wit.ai/Lib/Wit/Runtime/Requests/Transcription/ITranscriptionRequestOptions.cs using Guid(4b3306d4a8a41794c811e9cc147be5b4) Importer(2089858483,0ecaa5967403d082aa24f35e1b516d23) [PhysX] Initialized MultithreadedTaskDispatcher with 32 workers.
 -> (artifact id: '2ec4f34cb81edaa45a75bdbbdac5fe91') in 0.013137 seconds
Number of updated asset objects reloaded before import = 0
Number of asset objects unloaded after import = 1
========================================================================
Received Import Request.
  Time since last request: 0.000153 seconds.
  path: Assets/Oculus/VR/Editor/OVRProjectSetup/Tasks/Processors/OVRConfigurationTaskProcessorQueue.cs
  artifactKey: Guid(97ad6b63e1e34a329c0b5b3a69e7d8e7) Importer(2089858483,0ecaa5967403d082aa24f35e1b516d23)
Start importing Assets/Oculus/VR/Editor/OVRProjectSetup/Tasks/Processors/OVRConfigurationTaskProcessorQueue.cs using Guid(97ad6b63e1e34a329c0b5b3a69e7d8e7) Importer(2089858483,0ecaa5967403d082aa24f35e1b516d23) [PhysX] Initialized MultithreadedTaskDispatcher with 32 workers.
 -> (artifact id: '049160a7b4b6324a5c5e19a90e46387a') in 0.016218 seconds
Number of updated asset objects reloaded before import = 0
Number of asset objects unloaded after import = 1
========================================================================
Received Import Request.
  Time since last request: 0.000134 seconds.
  path: Assets/Oculus/Voice/Lib/Wit.ai/Lib/Wit/Runtime/Json/ColorConverter.cs
  artifactKey: Guid(a8211bee17356ba498fd206c0c54e117) Importer(2089858483,0ecaa5967403d082aa24f35e1b516d23)
Start importing Assets/Oculus/Voice/Lib/Wit.ai/Lib/Wit/Runtime/Json/ColorConverter.cs using Guid(a8211bee17356ba498fd206c0c54e117) Importer(2089858483,0ecaa5967403d082aa24f35e1b516d23) [PhysX] Initialized MultithreadedTaskDispatcher with 32 workers.
 -> (artifact id: '3850f16d74a6d01c6e3f111d1bfbd4ee') in 0.016346 seconds
Number of updated asset objects reloaded before import = 0
Number of asset objects unloaded after import = 1
========================================================================
Received Import Request.
  Time since last request: 0.000091 seconds.
  path: Assets/Oculus/Voice/Lib/Wit.ai/Lib/Wit/Runtime/Data/Info/WitTraitInfo.cs
  artifactKey: Guid(b5a0fb5f0edecec4bb35b174bcbb2936) Importer(2089858483,0ecaa5967403d082aa24f35e1b516d23)
Start importing Assets/Oculus/Voice/Lib/Wit.ai/Lib/Wit/Runtime/Data/Info/WitTraitInfo.cs using Guid(b5a0fb5f0edecec4bb35b174bcbb2936) Importer(2089858483,0ecaa5967403d082aa24f35e1b516d23) [PhysX] Initialized MultithreadedTaskDispatcher with 32 workers.
 -> (artifact id: '4c973ad4f95fecf829277730ac678ddc') in 0.017982 seconds
Number of updated asset objects reloaded before import = 0
Number of asset objects unloaded after import = 1
========================================================================
Received Import Request.
  Time since last request: 0.000044 seconds.
  path: Assets/Oculus/Voice/Lib/Wit.ai/Features/TTS/Scripts/Editor/Preload/TTSPreloadSettings.cs
  artifactKey: Guid(80be64a601ff65e41b0a8036ba872084) Importer(2089858483,0ecaa5967403d082aa24f35e1b516d23)
Start importing Assets/Oculus/Voice/Lib/Wit.ai/Features/TTS/Scripts/Editor/Preload/TTSPreloadSettings.cs using Guid(80be64a601ff65e41b0a8036ba872084) Importer(2089858483,0ecaa5967403d082aa24f35e1b516d23) [PhysX] Initialized MultithreadedTaskDispatcher with 32 workers.
 -> (artifact id: '20bd287a15e3a87b662aca97dcba06f9') in 0.008608 seconds
Number of updated asset objects reloaded before import = 0
Number of asset objects unloaded after import = 1
========================================================================
Received Import Request.
  Time since last request: 0.000143 seconds.
  path: Assets/Oculus/SampleFramework/Usage/SceneManager/Prefabs/FurniturePrefabs/CouchPrefab.prefab
  artifactKey: Guid(83524e9c02f299042bbc10032eec84a6) Importer(2089858483,0ecaa5967403d082aa24f35e1b516d23)
Start importing Assets/Oculus/SampleFramework/Usage/SceneManager/Prefabs/FurniturePrefabs/CouchPrefab.prefab using Guid(83524e9c02f299042bbc10032eec84a6) Importer(2089858483,0ecaa5967403d082aa24f35e1b516d23) [PhysX] Initialized MultithreadedTaskDispatcher with 32 workers.
 -> (artifact id: '43fdb45b300e5de7b76bb9003e9bf2b5') in 0.020423 seconds
Number of updated asset objects reloaded before import = 0
Number of asset objects unloaded after import = 10
========================================================================
Received Import Request.
  Time since last request: 0.000019 seconds.
  path: Assets/Oculus/Interaction/Runtime/Scripts/Interaction/Models/Locomotion/Teleport/TeleportArcGravity.cs
  artifactKey: Guid(c62aefa44f5a8614bb49c5b2a6caaff0) Importer(2089858483,0ecaa5967403d082aa24f35e1b516d23)
Start importing Assets/Oculus/Interaction/Runtime/Scripts/Interaction/Models/Locomotion/Teleport/TeleportArcGravity.cs using Guid(c62aefa44f5a8614bb49c5b2a6caaff0) Importer(2089858483,0ecaa5967403d082aa24f35e1b516d23) [PhysX] Initialized MultithreadedTaskDispatcher with 32 workers.
 -> (artifact id: '5fab49c13fe361af551f1f07ff4487ff') in 0.009583 seconds
Number of updated asset objects reloaded before import = 0
Number of asset objects unloaded after import = 1
========================================================================
Received Import Request.
  Time since last request: 0.000059 seconds.
  path: Assets/Oculus/Interaction/Runtime/Scripts/Interaction/Models/Poke/PokeInteractor.cs
  artifactKey: Guid(d952c175ec3c6554199fd744548ce50a) Importer(2089858483,0ecaa5967403d082aa24f35e1b516d23)
Start importing Assets/Oculus/Interaction/Runtime/Scripts/Interaction/Models/Poke/PokeInteractor.cs using Guid(d952c175ec3c6554199fd744548ce50a) Importer(2089858483,0ecaa5967403d082aa24f35e1b516d23) [PhysX] Initialized MultithreadedTaskDispatcher with 32 workers.
 -> (artifact id: '5ce85702226f923d93c9e8537722bea4') in 0.011914 seconds
Number of updated asset objects reloaded before import = 0
Number of asset objects unloaded after import = 1
========================================================================
Received Import Request.
  Time since last request: 0.000128 seconds.
  path: Assets/Oculus/Interaction/Samples/Objects/Environment/Locomotion/Models/Materials/LocomotionWaterMat.fbx
  artifactKey: Guid(bc66c719ba9d54f3db3d05d3f1863cb8) Importer(2089858483,0ecaa5967403d082aa24f35e1b516d23)
Start importing Assets/Oculus/Interaction/Samples/Objects/Environment/Locomotion/Models/Materials/LocomotionWaterMat.fbx using Guid(bc66c719ba9d54f3db3d05d3f1863cb8) Importer(2089858483,0ecaa5967403d082aa24f35e1b516d23) [PhysX] Initialized MultithreadedTaskDispatcher with 32 workers.
 -> (artifact id: '6754efb489224421acdb3ccce7eba78b') in 0.055050 seconds
Number of updated asset objects reloaded before import = 0
Number of asset objects unloaded after import = 9
========================================================================
Received Import Request.
  Time since last request: 0.000022 seconds.
  path: Assets/Oculus/Voice/Features/Hub/Scripts/Editor/Utilities/ReflectionUtils.cs
  artifactKey: Guid(c9dfa99b5c354fc9b6cd8f560ca1ff02) Importer(2089858483,0ecaa5967403d082aa24f35e1b516d23)
Start importing Assets/Oculus/Voice/Features/Hub/Scripts/Editor/Utilities/ReflectionUtils.cs using Guid(c9dfa99b5c354fc9b6cd8f560ca1ff02) Importer(2089858483,0ecaa5967403d082aa24f35e1b516d23) [PhysX] Initialized MultithreadedTaskDispatcher with 32 workers.
 -> (artifact id: '712574b67cd88b86837c052da2493ae6') in 0.016754 seconds
Number of updated asset objects reloaded before import = 0
Number of asset objects unloaded after import = 1
========================================================================
Received Import Request.
  Time since last request: 0.000156 seconds.
  path: Assets/Oculus/Voice/Lib/Wit.ai/Lib/Wit/Runtime/Requests/NLP/INLPRequestResults.cs
  artifactKey: Guid(7412847d186f7e146823def07efce5c1) Importer(2089858483,0ecaa5967403d082aa24f35e1b516d23)
Start importing Assets/Oculus/Voice/Lib/Wit.ai/Lib/Wit/Runtime/Requests/NLP/INLPRequestResults.cs using Guid(7412847d186f7e146823def07efce5c1) Importer(2089858483,0ecaa5967403d082aa24f35e1b516d23) [PhysX] Initialized MultithreadedTaskDispatcher with 32 workers.
 -> (artifact id: '19da93be63b294194cacd6fb5f011275') in 0.013620 seconds
Number of updated asset objects reloaded before import = 0
Number of asset objects unloaded after import = 1
========================================================================
Received Import Request.
  Time since last request: 0.000149 seconds.
  path: Assets/Oculus/Interaction/Samples/Objects/Props/Mug/Materials/mugMaterial.mat
  artifactKey: Guid(46b708efc26c2494fabaf1ff5099ebd5) Importer(2089858483,0ecaa5967403d082aa24f35e1b516d23)
Start importing Assets/Oculus/Interaction/Samples/Objects/Props/Mug/Materials/mugMaterial.mat using Guid(46b708efc26c2494fabaf1ff5099ebd5) Importer(2089858483,0ecaa5967403d082aa24f35e1b516d23) [PhysX] Initialized MultithreadedTaskDispatcher with 32 workers.
 -> (artifact id: '8dfbcb9e1fa5542aa773608abdd9868a') in 0.021044 seconds
Number of updated asset objects reloaded before import = 0
Number of asset objects unloaded after import = 2
========================================================================
Received Import Request.
  Time since last request: 0.000015 seconds.
  path: Assets/Oculus/SampleFramework/Usage/HandsTrainExample/Textures/ControllerBoxTextures/controller_plain_Normal.png
  artifactKey: Guid(7f8077361e7b21249addda6af5112431) Importer(2089858483,0ecaa5967403d082aa24f35e1b516d23)
Start importing Assets/Oculus/SampleFramework/Usage/HandsTrainExample/Textures/ControllerBoxTextures/controller_plain_Normal.png using Guid(7f8077361e7b21249addda6af5112431) Importer(2089858483,0ecaa5967403d082aa24f35e1b516d23) [PhysX] Initialized MultithreadedTaskDispatcher with 32 workers.
 -> (artifact id: '3dcf11395bb053181db680d5a35df8ad') in 0.025480 seconds
Number of updated asset objects reloaded before import = 0
Number of asset objects unloaded after import = 1
========================================================================
Received Import Request.
  Time since last request: 0.000158 seconds.
  path: Assets/Oculus/Interaction/Runtime/Scripts/Interaction/Models/HandGrab/HandGrabPose.cs
  artifactKey: Guid(622db80eec0bd344f920b1aa056ae8d0) Importer(2089858483,0ecaa5967403d082aa24f35e1b516d23)
Start importing Assets/Oculus/Interaction/Runtime/Scripts/Interaction/Models/HandGrab/HandGrabPose.cs using Guid(622db80eec0bd344f920b1aa056ae8d0) Importer(2089858483,0ecaa5967403d082aa24f35e1b516d23) [PhysX] Initialized MultithreadedTaskDispatcher with 32 workers.
 -> (artifact id: 'aaabe6d3abc193b1d2175bcfd90abb74') in 0.019732 seconds
Number of updated asset objects reloaded before import = 0
Number of asset objects unloaded after import = 1
========================================================================
Received Import Request.
  Time since last request: 0.000249 seconds.
  path: Assets/Oculus/Interaction/OVRIntegration/Editor/Blocks/InteractableItems/Textures/bb_thumb_grabbing.png
  artifactKey: Guid(776fcad9cd9881746a5d25ac6728e9f1) Importer(2089858483,0ecaa5967403d082aa24f35e1b516d23)
Start importing Assets/Oculus/Interaction/OVRIntegration/Editor/Blocks/InteractableItems/Textures/bb_thumb_grabbing.png using Guid(776fcad9cd9881746a5d25ac6728e9f1) Importer(2089858483,0ecaa5967403d082aa24f35e1b516d23) [PhysX] Initialized MultithreadedTaskDispatcher with 32 workers.
 -> (artifact id: '7e809be1b4d969ee32e5c1d2439f2514') in 0.018510 seconds
Number of updated asset objects reloaded before import = 0
Number of asset objects unloaded after import = 1
========================================================================
Received Import Request.
  Time since last request: 0.000097 seconds.
  path: Assets/Oculus/Interaction/Runtime/Scripts/Interaction/Models/HandGrab/IHandGrabState.cs
  artifactKey: Guid(2b03f0442bba98f4d99df1f95e1488a5) Importer(2089858483,0ecaa5967403d082aa24f35e1b516d23)
Start importing Assets/Oculus/Interaction/Runtime/Scripts/Interaction/Models/HandGrab/IHandGrabState.cs using Guid(2b03f0442bba98f4d99df1f95e1488a5) Importer(2089858483,0ecaa5967403d082aa24f35e1b516d23) [PhysX] Initialized MultithreadedTaskDispatcher with 32 workers.
 -> (artifact id: '154a8e1af2e7494d28b54e82d2927603') in 0.012162 seconds
Number of updated asset objects reloaded before import = 0
Number of asset objects unloaded after import = 1
========================================================================
Received Import Request.
  Time since last request: 0.000233 seconds.
  path: Assets/Oculus/Interaction/Samples/Objects/Environment/Tooltips/DialogVideos/Instruction_Ray.mp4
  artifactKey: Guid(42ab5e1773cfced4c91af50d8b1899be) Importer(2089858483,0ecaa5967403d082aa24f35e1b516d23)
Start importing Assets/Oculus/Interaction/Samples/Objects/Environment/Tooltips/DialogVideos/Instruction_Ray.mp4 using Guid(42ab5e1773cfced4c91af50d8b1899be) Importer(2089858483,0ecaa5967403d082aa24f35e1b516d23) [PhysX] Initialized MultithreadedTaskDispatcher with 32 workers.
 -> (artifact id: 'bfd8c499312a902161ab40281316d94c') in 0.009832 seconds
Number of updated asset objects reloaded before import = 0
Number of asset objects unloaded after import = 1
========================================================================
Received Import Request.
  Time since last request: 0.000148 seconds.
  path: Assets/Oculus/Interaction/Samples/Objects/Props/CoffeeCup/CoffeeCupMat.mat
  artifactKey: Guid(b456eb5028a92da499e79da1ac0eccdb) Importer(2089858483,0ecaa5967403d082aa24f35e1b516d23)
Start importing Assets/Oculus/Interaction/Samples/Objects/Props/CoffeeCup/CoffeeCupMat.mat using Guid(b456eb5028a92da499e79da1ac0eccdb) Importer(2089858483,0ecaa5967403d082aa24f35e1b516d23) [PhysX] Initialized MultithreadedTaskDispatcher with 32 workers.
 -> (artifact id: '68f25bbef6af084fbb7fd837ba314f40') in 0.016043 seconds
Number of updated asset objects reloaded before import = 0
Number of asset objects unloaded after import = 3
========================================================================
Received Import Request.
  Time since last request: 0.000019 seconds.
  path: Assets/Oculus/SampleFramework/Usage/SceneManager/Prefabs/FurniturePrefabs/CeilingPlanePrefab.prefab
  artifactKey: Guid(c1527fd3e2d81e545960b83da8d51621) Importer(2089858483,0ecaa5967403d082aa24f35e1b516d23)
Start importing Assets/Oculus/SampleFramework/Usage/SceneManager/Prefabs/FurniturePrefabs/CeilingPlanePrefab.prefab using Guid(c1527fd3e2d81e545960b83da8d51621) Importer(2089858483,0ecaa5967403d082aa24f35e1b516d23) [PhysX] Initialized MultithreadedTaskDispatcher with 32 workers.
 -> (artifact id: '2c8c3152c4e1ac02f959c88865336c51') in 0.018593 seconds
Number of updated asset objects reloaded before import = 0
Number of asset objects unloaded after import = 10
========================================================================
Received Import Request.
  Time since last request: 0.000055 seconds.
  path: Assets/Oculus/Interaction/Samples/Objects/Environment/Locomotion/Models/Materials/LocomotionBalconyMat.mat
  artifactKey: Guid(c74f2a7d4fc8fd648a0cdbecbe5e1a20) Importer(2089858483,0ecaa5967403d082aa24f35e1b516d23)
Start importing Assets/Oculus/Interaction/Samples/Objects/Environment/Locomotion/Models/Materials/LocomotionBalconyMat.mat using Guid(c74f2a7d4fc8fd648a0cdbecbe5e1a20) Importer(2089858483,0ecaa5967403d082aa24f35e1b516d23) [PhysX] Initialized MultithreadedTaskDispatcher with 32 workers.
 -> (artifact id: '1949ab244bba598dc1f16f416959569f') in 0.041503 seconds
Number of updated asset objects reloaded before import = 0
Number of asset objects unloaded after import = 2
========================================================================
Received Import Request.
  Time since last request: 0.000020 seconds.
  path: Assets/Oculus/Voice/Lib/Wit.ai/Scripts/Runtime/VoiceService.cs
  artifactKey: Guid(1f35aa1bc031e0946bf0aae2b8137ea1) Importer(2089858483,0ecaa5967403d082aa24f35e1b516d23)
Start importing Assets/Oculus/Voice/Lib/Wit.ai/Scripts/Runtime/VoiceService.cs using Guid(1f35aa1bc031e0946bf0aae2b8137ea1) Importer(2089858483,0ecaa5967403d082aa24f35e1b516d23) [PhysX] Initialized MultithreadedTaskDispatcher with 32 workers.
 -> (artifact id: '7fdee7cbd63cdf525459b5b6a2b01fb1') in 0.015820 seconds
Number of updated asset objects reloaded before import = 0
Number of asset objects unloaded after import = 1
========================================================================
Received Import Request.
  Time since last request: 0.000110 seconds.
  path: Assets/Oculus/Interaction/Samples/Objects/Environment/Room/Materials/SmallRoomFabricMat.mat
  artifactKey: Guid(1763fc9a4692c3342a463a94fe70f9ee) Importer(2089858483,0ecaa5967403d082aa24f35e1b516d23)
Start importing Assets/Oculus/Interaction/Samples/Objects/Environment/Room/Materials/SmallRoomFabricMat.mat using Guid(1763fc9a4692c3342a463a94fe70f9ee) Importer(2089858483,0ecaa5967403d082aa24f35e1b516d23) [PhysX] Initialized MultithreadedTaskDispatcher with 32 workers.
 -> (artifact id: 'c6a2eb089130459df0286e6b3bde4534') in 0.019077 seconds
Number of updated asset objects reloaded before import = 0
Number of asset objects unloaded after import = 3
========================================================================
Received Import Request.
  Time since last request: 0.000016 seconds.
  path: Assets/Oculus/Interaction/Samples/Objects/Environment/SmallRoom/SmallRoomEnvironment.prefab
  artifactKey: Guid(e422343ceaaa73a4a9729d31c9cd6dd2) Importer(2089858483,0ecaa5967403d082aa24f35e1b516d23)
Start importing Assets/Oculus/Interaction/Samples/Objects/Environment/SmallRoom/SmallRoomEnvironment.prefab using Guid(e422343ceaaa73a4a9729d31c9cd6dd2) Importer(2089858483,0ecaa5967403d082aa24f35e1b516d23) [PhysX] Initialized MultithreadedTaskDispatcher with 32 workers.
 -> (artifact id: 'b429215ab06ea037abb54fed58612dd5') in 0.018964 seconds
Number of updated asset objects reloaded before import = 0
Number of asset objects unloaded after import = 68
========================================================================
Received Import Request.
  Time since last request: 0.000016 seconds.
  path: Assets/Oculus/SampleFramework/Usage/SharedAssets/Skyboxes/Sky_02/Skybox02_Left+X.png
  artifactKey: Guid(ffc9df97368f942baa384095f371e16a) Importer(2089858483,0ecaa5967403d082aa24f35e1b516d23)
Start importing Assets/Oculus/SampleFramework/Usage/SharedAssets/Skyboxes/Sky_02/Skybox02_Left+X.png using Guid(ffc9df97368f942baa384095f371e16a) Importer(2089858483,0ecaa5967403d082aa24f35e1b516d23) [PhysX] Initialized MultithreadedTaskDispatcher with 32 workers.
 -> (artifact id: '4730796381c7138e82a141dfec6d73d5') in 0.026158 seconds
Number of updated asset objects reloaded before import = 0
Number of asset objects unloaded after import = 1
========================================================================
Received Import Request.
  Time since last request: 0.000071 seconds.
  path: Assets/Oculus/Voice/Lib/Wit.ai/Scripts/Runtime/Events/WitObjectEvent.cs
  artifactKey: Guid(3f1ce8c1e935431ba45959b974e24741) Importer(2089858483,0ecaa5967403d082aa24f35e1b516d23)
Start importing Assets/Oculus/Voice/Lib/Wit.ai/Scripts/Runtime/Events/WitObjectEvent.cs using Guid(3f1ce8c1e935431ba45959b974e24741) Importer(2089858483,0ecaa5967403d082aa24f35e1b516d23) [PhysX] Initialized MultithreadedTaskDispatcher with 32 workers.
 -> (artifact id: 'aa828135edf2b6ee5570b02981f2696f') in 0.016390 seconds
Number of updated asset objects reloaded before import = 0
Number of asset objects unloaded after import = 1
========================================================================
Received Import Request.
  Time since last request: 0.000263 seconds.
  path: Assets/Oculus/SampleFramework/Usage/TouchPro/Prefabs/Ui/UiPanelPf (Controls - SelfTracking).prefab
  artifactKey: Guid(e42a6f3d5305d4c41aa7cb12ed1addf4) Importer(2089858483,0ecaa5967403d082aa24f35e1b516d23)
Start importing Assets/Oculus/SampleFramework/Usage/TouchPro/Prefabs/Ui/UiPanelPf (Controls - SelfTracking).prefab using Guid(e42a6f3d5305d4c41aa7cb12ed1addf4) Importer(2089858483,0ecaa5967403d082aa24f35e1b516d23) [PhysX] Initialized MultithreadedTaskDispatcher with 32 workers.
 -> (artifact id: 'dcfe48413c111d346337dfb7b56af924') in 0.021203 seconds
Number of updated asset objects reloaded before import = 0
Number of asset objects unloaded after import = 73
========================================================================
Received Import Request.
  Time since last request: 0.000019 seconds.
  path: Assets/Oculus/Voice/Lib/Wit.ai/Scripts/Runtime/Lib/Mic/Common/MicDebug.cs
  artifactKey: Guid(7023909b9ec8718488cc6e2a2082041b) Importer(2089858483,0ecaa5967403d082aa24f35e1b516d23)
Start importing Assets/Oculus/Voice/Lib/Wit.ai/Scripts/Runtime/Lib/Mic/Common/MicDebug.cs using Guid(7023909b9ec8718488cc6e2a2082041b) Importer(2089858483,0ecaa5967403d082aa24f35e1b516d23) [PhysX] Initialized MultithreadedTaskDispatcher with 32 workers.
 -> (artifact id: '118d20c2b8e86785f2c59b4a4d35f02b') in 0.008119 seconds
Number of updated asset objects reloaded before import = 0
Number of asset objects unloaded after import = 1
========================================================================
Received Import Request.
  Time since last request: 0.000083 seconds.
  path: Assets/Oculus/Voice/Lib/Wit.ai/Lib/Wit/Runtime/Requests/NLP/INLPTextRequestEvents.cs
  artifactKey: Guid(d463c9d193cae6d41b892a50ad9fa5ee) Importer(2089858483,0ecaa5967403d082aa24f35e1b516d23)
Start importing Assets/Oculus/Voice/Lib/Wit.ai/Lib/Wit/Runtime/Requests/NLP/INLPTextRequestEvents.cs using Guid(d463c9d193cae6d41b892a50ad9fa5ee) Importer(2089858483,0ecaa5967403d082aa24f35e1b516d23) [PhysX] Initialized MultithreadedTaskDispatcher with 32 workers.
 -> (artifact id: 'e1e20f9b8756e01919c16694d720514c') in 0.013018 seconds
Number of updated asset objects reloaded before import = 0
Number of asset objects unloaded after import = 1
========================================================================
Received Import Request.
  Time since last request: 0.000079 seconds.
  path: Assets/Oculus/VR/Editor/BuildingBlocks/BlockData/ControllerTracking/ControllerTracking.asset
  artifactKey: Guid(4c163a7455754d145b70f5c0d8ce234d) Importer(2089858483,0ecaa5967403d082aa24f35e1b516d23)
Start importing Assets/Oculus/VR/Editor/BuildingBlocks/BlockData/ControllerTracking/ControllerTracking.asset using Guid(4c163a7455754d145b70f5c0d8ce234d) Importer(2089858483,0ecaa5967403d082aa24f35e1b516d23) [PhysX] Initialized MultithreadedTaskDispatcher with 32 workers.
 -> (artifact id: 'e4ea586d0beda5a96bb036a0c3c4f31f') in 0.037941 seconds
Number of updated asset objects reloaded before import = 0
Number of asset objects unloaded after import = 272
========================================================================
Received Import Request.
  Time since last request: 0.000018 seconds.
  path: Assets/Oculus/Voice/Lib/Wit.ai/Scripts/Runtime/Events/AudioDurationTrackerFinishedEvent.cs
  artifactKey: Guid(f8dfb56f054f4aaead7cf9a29003a1d1) Importer(2089858483,0ecaa5967403d082aa24f35e1b516d23)
Start importing Assets/Oculus/Voice/Lib/Wit.ai/Scripts/Runtime/Events/AudioDurationTrackerFinishedEvent.cs using Guid(f8dfb56f054f4aaead7cf9a29003a1d1) Importer(2089858483,0ecaa5967403d082aa24f35e1b516d23) [PhysX] Initialized MultithreadedTaskDispatcher with 32 workers.
 -> (artifact id: 'a7ffa622fff3711d46634ca845c620f5') in 0.009789 seconds
Number of updated asset objects reloaded before import = 0
Number of asset objects unloaded after import = 1
========================================================================
Received Import Request.
  Time since last request: 0.000132 seconds.
  path: Assets/Oculus/Voice/Lib/Wit.ai/Scripts/Runtime/Data/WitStringValue.cs
  artifactKey: Guid(872feba58ea14c069669a1d25959b22c) Importer(2089858483,0ecaa5967403d082aa24f35e1b516d23)
Start importing Assets/Oculus/Voice/Lib/Wit.ai/Scripts/Runtime/Data/WitStringValue.cs using Guid(872feba58ea14c069669a1d25959b22c) Importer(2089858483,0ecaa5967403d082aa24f35e1b516d23) [PhysX] Initialized MultithreadedTaskDispatcher with 32 workers.
 -> (artifact id: '99155766a231d5964e9be77667adeefb') in 0.021373 seconds
Number of updated asset objects reloaded before import = 0
Number of asset objects unloaded after import = 1
========================================================================
Received Import Request.
  Time since last request: 0.000153 seconds.
  path: Assets/Oculus/Interaction/OVRIntegration/Editor/Blocks/Interactors/Prefabs/[BB] Hand Ray.prefab
  artifactKey: Guid(ab143fb33d1c042989fb5b744cd67a2e) Importer(2089858483,0ecaa5967403d082aa24f35e1b516d23)
Start importing Assets/Oculus/Interaction/OVRIntegration/Editor/Blocks/Interactors/Prefabs/[BB] Hand Ray.prefab using Guid(ab143fb33d1c042989fb5b744cd67a2e) Importer(2089858483,0ecaa5967403d082aa24f35e1b516d23) [PhysX] Initialized MultithreadedTaskDispatcher with 32 workers.
 -> (artifact id: '5c8c9043675a123028cb97b7e74a9b88') in 0.029933 seconds
Number of updated asset objects reloaded before import = 0
Number of asset objects unloaded after import = 44
========================================================================
Received Import Request.
  Time since last request: 0.000021 seconds.
  path: Assets/Oculus/SampleFramework/Core/HandsInteraction/Scripts/Tools/PinchStateModule.cs
  artifactKey: Guid(4a90623ee41311f42a1193b508156429) Importer(2089858483,0ecaa5967403d082aa24f35e1b516d23)
Start importing Assets/Oculus/SampleFramework/Core/HandsInteraction/Scripts/Tools/PinchStateModule.cs using Guid(4a90623ee41311f42a1193b508156429) Importer(2089858483,0ecaa5967403d082aa24f35e1b516d23) [PhysX] Initialized MultithreadedTaskDispatcher with 32 workers.
 -> (artifact id: '20ceeadca6056a5458d9b393bf1b142a') in 0.014986 seconds
Number of updated asset objects reloaded before import = 0
Number of asset objects unloaded after import = 1
========================================================================
Received Import Request.
  Time since last request: 0.000109 seconds.
  path: Assets/Oculus/Voice/Lib/Wit.ai/Scripts/Runtime/ResponseManager/ValidatePartialIntent.cs
  artifactKey: Guid(4ac92a21e82e90b4c93ff4605a6d4c8f) Importer(2089858483,0ecaa5967403d082aa24f35e1b516d23)
Start importing Assets/Oculus/Voice/Lib/Wit.ai/Scripts/Runtime/ResponseManager/ValidatePartialIntent.cs using Guid(4ac92a21e82e90b4c93ff4605a6d4c8f) Importer(2089858483,0ecaa5967403d082aa24f35e1b516d23) [PhysX] Initialized MultithreadedTaskDispatcher with 32 workers.
 -> (artifact id: 'c3b33fb3e14dc88d92e4df48730e00df') in 0.012654 seconds
Number of updated asset objects reloaded before import = 0
Number of asset objects unloaded after import = 1
========================================================================
Received Import Request.
  Time since last request: 0.000207 seconds.
  path: Assets/Oculus/VR/Editor/BuildingBlocks/BlockData/CameraRig/Prefabs/OVRCameraRig.prefab
  artifactKey: Guid(4b650a383c3760f449b65ff48bccdd5f) Importer(2089858483,0ecaa5967403d082aa24f35e1b516d23)
Start importing Assets/Oculus/VR/Editor/BuildingBlocks/BlockData/CameraRig/Prefabs/OVRCameraRig.prefab using Guid(4b650a383c3760f449b65ff48bccdd5f) Importer(2089858483,0ecaa5967403d082aa24f35e1b516d23) [PhysX] Initialized MultithreadedTaskDispatcher with 32 workers.
 -> (artifact id: 'f47e186bb6bd43461b9b5f1044fa06bb') in 0.017033 seconds
Number of updated asset objects reloaded before import = 0
Number of asset objects unloaded after import = 29
========================================================================
Received Import Request.
  Time since last request: 0.000062 seconds.
  path: Assets/Oculus/Voice/Features/Hub/Scripts/Runtime/Meta.Voice.Hub.Runtime.asmdef
  artifactKey: Guid(8e054d88729a3fb4bbe539499f824363) Importer(2089858483,0ecaa5967403d082aa24f35e1b516d23)
Start importing Assets/Oculus/Voice/Features/Hub/Scripts/Runtime/Meta.Voice.Hub.Runtime.asmdef using Guid(8e054d88729a3fb4bbe539499f824363) Importer(2089858483,0ecaa5967403d082aa24f35e1b516d23) [PhysX] Initialized MultithreadedTaskDispatcher with 32 workers.
 -> (artifact id: '37102f056f012eca42c7da54499fb3cb') in 0.007568 seconds
Number of updated asset objects reloaded before import = 0
Number of asset objects unloaded after import = 1
========================================================================
Received Import Request.
  Time since last request: 0.000121 seconds.
  path: Assets/Oculus/Interaction/Samples/Objects/Props/MapWithPins/Materials/MapFrameMat.fbx
  artifactKey: Guid(ca40bcaab931f664bb8884b77b720e18) Importer(2089858483,0ecaa5967403d082aa24f35e1b516d23)
Start importing Assets/Oculus/Interaction/Samples/Objects/Props/MapWithPins/Materials/MapFrameMat.fbx using Guid(ca40bcaab931f664bb8884b77b720e18) Importer(2089858483,0ecaa5967403d082aa24f35e1b516d23) [PhysX] Initialized MultithreadedTaskDispatcher with 32 workers.
 -> (artifact id: '0bb9392110d40315f3fdd4ab3fde1ba1') in 0.022098 seconds
Number of updated asset objects reloaded before import = 0
Number of asset objects unloaded after import = 9
========================================================================
Received Import Request.
  Time since last request: 0.000017 seconds.
  path: Assets/Oculus/VR/Editor/BuildingBlocks/BlockData/RoomModel/Textures/bb_thumb_roommodel.png
  artifactKey: Guid(7d035d588dc6b354b9045562c27847b8) Importer(2089858483,0ecaa5967403d082aa24f35e1b516d23)
Start importing Assets/Oculus/VR/Editor/BuildingBlocks/BlockData/RoomModel/Textures/bb_thumb_roommodel.png using Guid(7d035d588dc6b354b9045562c27847b8) Importer(2089858483,0ecaa5967403d082aa24f35e1b516d23) [PhysX] Initialized MultithreadedTaskDispatcher with 32 workers.
 -> (artifact id: '03507775d71db7f0c54aca8b2224ea0a') in 0.015295 seconds
Number of updated asset objects reloaded before import = 0
Number of asset objects unloaded after import = 1
========================================================================
Received Import Request.
  Time since last request: 0.000064 seconds.
  path: Assets/Oculus/Voice/Lib/PlatformCompatibility/Scripts/Runtime/Android/PlatformLogger/VoiceSDKPlatformLoggerImpl.cs
  artifactKey: Guid(eee6ea0d8b185f54b8cba025115dea67) Importer(2089858483,0ecaa5967403d082aa24f35e1b516d23)
Start importing Assets/Oculus/Voice/Lib/PlatformCompatibility/Scripts/Runtime/Android/PlatformLogger/VoiceSDKPlatformLoggerImpl.cs using Guid(eee6ea0d8b185f54b8cba025115dea67) Importer(2089858483,0ecaa5967403d082aa24f35e1b516d23) [PhysX] Initialized MultithreadedTaskDispatcher with 32 workers.
 -> (artifact id: '2ecd67b96eacb94deeac545112ab637b') in 0.011824 seconds
Number of updated asset objects reloaded before import = 0
Number of asset objects unloaded after import = 1
========================================================================
Received Import Request.
  Time since last request: 0.000073 seconds.
  path: Assets/Oculus/Voice/Features/Dictation/Scripts/Runtime/API/Configuration/DictationConfiguration.cs
  artifactKey: Guid(07b07eeddd4fd7847a488c8fb590b5e9) Importer(2089858483,0ecaa5967403d082aa24f35e1b516d23)
Start importing Assets/Oculus/Voice/Features/Dictation/Scripts/Runtime/API/Configuration/DictationConfiguration.cs using Guid(07b07eeddd4fd7847a488c8fb590b5e9) Importer(2089858483,0ecaa5967403d082aa24f35e1b516d23) [PhysX] Initialized MultithreadedTaskDispatcher with 32 workers.
 -> (artifact id: '269c9abe29d3e9da918d7e6fb119c8b4') in 0.015634 seconds
Number of updated asset objects reloaded before import = 0
Number of asset objects unloaded after import = 1
========================================================================
Received Import Request.
  Time since last request: 0.000085 seconds.
  path: Assets/Oculus/Voice/Lib/Wit.ai/Lib/Wit/Runtime/Json/HashSetConverter.cs
  artifactKey: Guid(c3859b070b3f45afa0143d0eb159e0df) Importer(2089858483,0ecaa5967403d082aa24f35e1b516d23)
Start importing Assets/Oculus/Voice/Lib/Wit.ai/Lib/Wit/Runtime/Json/HashSetConverter.cs using Guid(c3859b070b3f45afa0143d0eb159e0df) Importer(2089858483,0ecaa5967403d082aa24f35e1b516d23) [PhysX] Initialized MultithreadedTaskDispatcher with 32 workers.
 -> (artifact id: '40485be5941d63b32385f371c475a8d8') in 0.012497 seconds
Number of updated asset objects reloaded before import = 0
Number of asset objects unloaded after import = 1
========================================================================
Received Import Request.
  Time since last request: 0.000016 seconds.
  path: Assets/Oculus/Voice/Lib/Wit.ai/Scripts/Runtime/ResponseManager/MatchIntentRegistry.cs
  artifactKey: Guid(13db0e8ded83f5241a7cdd13a99dab62) Importer(2089858483,0ecaa5967403d082aa24f35e1b516d23)
Start importing Assets/Oculus/Voice/Lib/Wit.ai/Scripts/Runtime/ResponseManager/MatchIntentRegistry.cs using Guid(13db0e8ded83f5241a7cdd13a99dab62) Importer(2089858483,0ecaa5967403d082aa24f35e1b516d23) [PhysX] Initialized MultithreadedTaskDispatcher with 32 workers.
 -> (artifact id: '3b076919b6534776efcd6ca2e9caf11c') in 0.013564 seconds
Number of updated asset objects reloaded before import = 0
Number of asset objects unloaded after import = 1
========================================================================
Received Import Request.
  Time since last request: 0.000097 seconds.
  path: Assets/Oculus/Interaction/Samples/Objects/Props/Plants/Textures/PlantSetMat_Albedo.png
  artifactKey: Guid(423ca6e1b31840c418cba95f228aec8c) Importer(2089858483,0ecaa5967403d082aa24f35e1b516d23)
Start importing Assets/Oculus/Interaction/Samples/Objects/Props/Plants/Textures/PlantSetMat_Albedo.png using Guid(423ca6e1b31840c418cba95f228aec8c) Importer(2089858483,0ecaa5967403d082aa24f35e1b516d23) [PhysX] Initialized MultithreadedTaskDispatcher with 32 workers.
 -> (artifact id: '0e2a580fe013716577a41fcea6065947') in 0.017069 seconds
Number of updated asset objects reloaded before import = 0
Number of asset objects unloaded after import = 1
========================================================================
Received Import Request.
  Time since last request: 0.000166 seconds.
  path: Assets/Oculus/Interaction/Samples/Objects/Props/Box/Textures/Box_Metal.png
  artifactKey: Guid(ac231cbd144b869419d40cc69d242b8b) Importer(2089858483,0ecaa5967403d082aa24f35e1b516d23)
Start importing Assets/Oculus/Interaction/Samples/Objects/Props/Box/Textures/Box_Metal.png using Guid(ac231cbd144b869419d40cc69d242b8b) Importer(2089858483,0ecaa5967403d082aa24f35e1b516d23) [PhysX] Initialized MultithreadedTaskDispatcher with 32 workers.
 -> (artifact id: 'd1e33541d24f82f6edd6d5f6693260a0') in 0.018575 seconds
Number of updated asset objects reloaded before import = 0
Number of asset objects unloaded after import = 1
========================================================================
Received Import Request.
  Time since last request: 0.000015 seconds.
  path: Assets/Oculus/SampleFramework/Usage/TouchPro/Prefabs/Ui/UiLabelPf.prefab
  artifactKey: Guid(d7b2f16bb17bd7e45b1b5759b2bcfbc5) Importer(2089858483,0ecaa5967403d082aa24f35e1b516d23)
Start importing Assets/Oculus/SampleFramework/Usage/TouchPro/Prefabs/Ui/UiLabelPf.prefab using Guid(d7b2f16bb17bd7e45b1b5759b2bcfbc5) Importer(2089858483,0ecaa5967403d082aa24f35e1b516d23) [PhysX] Initialized MultithreadedTaskDispatcher with 32 workers.
 -> (artifact id: 'c3b3f60891a4687e1941b5f9ad6719f1') in 0.058506 seconds
Number of updated asset objects reloaded before import = 0
Number of asset objects unloaded after import = 6
========================================================================
Received Import Request.
  Time since last request: 0.000050 seconds.
  path: Assets/Oculus/Voice/Features/VoiceHub/Hub/Pages/WhatsNew/Images/ood.png
  artifactKey: Guid(19b27aedc66387a4498eadde5cf95a81) Importer(2089858483,0ecaa5967403d082aa24f35e1b516d23)
Start importing Assets/Oculus/Voice/Features/VoiceHub/Hub/Pages/WhatsNew/Images/ood.png using Guid(19b27aedc66387a4498eadde5cf95a81) Importer(2089858483,0ecaa5967403d082aa24f35e1b516d23) [PhysX] Initialized MultithreadedTaskDispatcher with 32 workers.
 -> (artifact id: 'b24cc8afbbb0ec81aea54a28664130ed') in 0.014660 seconds
Number of updated asset objects reloaded before import = 0
Number of asset objects unloaded after import = 1
========================================================================
Received Import Request.
  Time since last request: 0.000100 seconds.
  path: Assets/Oculus/Voice/Lib/Wit.ai/Lib/Conduit/Runtime/ParameterProvider.cs
  artifactKey: Guid(56a7a1610a6d4471aa7ed2b26b9a053f) Importer(2089858483,0ecaa5967403d082aa24f35e1b516d23)
Start importing Assets/Oculus/Voice/Lib/Wit.ai/Lib/Conduit/Runtime/ParameterProvider.cs using Guid(56a7a1610a6d4471aa7ed2b26b9a053f) Importer(2089858483,0ecaa5967403d082aa24f35e1b516d23) [PhysX] Initialized MultithreadedTaskDispatcher with 32 workers.
 -> (artifact id: '7d4ca10a88e039e7b60bc6f5c5e2434d') in 0.009392 seconds
Number of updated asset objects reloaded before import = 0
Number of asset objects unloaded after import = 1
Editor requested this worker to shutdown with reason: Scaling down because of idle timeout
TcpMessagingSession - receive error: operation aborted. errorcode: 995, details: 由于线程退出或应用程序请求，已中止 I/O 操作。
AssetImportWorker is now disconnected from the server
Process exiting
Exiting without the bug reporter. Application will terminate with return code 0