Using pre-set license
Built from '2022.3/staging' branch; Version is '2022.3.50f1 (c3db7f8bf9b1) revision 12835711'; Using compiler version '192829333'; Build Type 'Release'
OS: 'Windows 11  (10.0.26100) 64bit CoreCountrySpecific' Language: 'zh' Physical Memory: 16123 MB
BatchMode: 1, IsHumanControllingUs: 0, StartBugReporterOnCrash: 0, Is64bit: 1, IsPro: 1

COMMAND LINE ARGUMENTS:
D:\Unity Hub\editor\2022.3.50f1\Editor\Unity.exe
-adb2
-batchMode
-noUpm
-name
AssetImportWorker3
-projectPath
D:/Unity_project/VR_HW3
-logFile
Logs/AssetImportWorker3.log
-srvPort
63247
Successfully changed project path to: D:/Unity_project/VR_HW3
D:/Unity_project/VR_HW3
[UnityMemory] Configuration Parameters - Can be set up in boot.config
    "memorysetup-bucket-allocator-granularity=16"
    "memorysetup-bucket-allocator-bucket-count=8"
    "memorysetup-bucket-allocator-block-size=33554432"
    "memorysetup-bucket-allocator-block-count=8"
    "memorysetup-main-allocator-block-size=16777216"
    "memorysetup-thread-allocator-block-size=16777216"
    "memorysetup-gfx-main-allocator-block-size=16777216"
    "memorysetup-gfx-thread-allocator-block-size=16777216"
    "memorysetup-cache-allocator-block-size=4194304"
    "memorysetup-typetree-allocator-block-size=2097152"
    "memorysetup-profiler-bucket-allocator-granularity=16"
    "memorysetup-profiler-bucket-allocator-bucket-count=8"
    "memorysetup-profiler-bucket-allocator-block-size=33554432"
    "memorysetup-profiler-bucket-allocator-block-count=8"
    "memorysetup-profiler-allocator-block-size=16777216"
    "memorysetup-profiler-editor-allocator-block-size=1048576"
    "memorysetup-temp-allocator-size-main=16777216"
    "memorysetup-job-temp-allocator-block-size=2097152"
    "memorysetup-job-temp-allocator-block-size-background=1048576"
    "memorysetup-job-temp-allocator-reduction-small-platforms=262144"
    "memorysetup-allocator-temp-initial-block-size-main=262144"
    "memorysetup-allocator-temp-initial-block-size-worker=262144"
    "memorysetup-temp-allocator-size-background-worker=32768"
    "memorysetup-temp-allocator-size-job-worker=262144"
    "memorysetup-temp-allocator-size-preload-manager=33554432"
    "memorysetup-temp-allocator-size-nav-mesh-worker=65536"
    "memorysetup-temp-allocator-size-audio-worker=65536"
    "memorysetup-temp-allocator-size-cloud-worker=32768"
    "memorysetup-temp-allocator-size-gi-baking-worker=262144"
    "memorysetup-temp-allocator-size-gfx=262144"
Player connection [11944]  Target information:

Player connection [11944]  * "[IP] 26.181.25.47 [Port] 0 [Flags] 2 [Guid] 1581052273 [EditorId] 1581052273 [Version] 1048832 [Id] WindowsEditor(7,lenovo) [Debug] 1 [PackageName] WindowsEditor [ProjectName] Editor" 

Player connection [11944]  * "[IP] 172.17.192.1 [Port] 0 [Flags] 2 [Guid] 1581052273 [EditorId] 1581052273 [Version] 1048832 [Id] WindowsEditor(7,lenovo) [Debug] 1 [PackageName] WindowsEditor [ProjectName] Editor" 

Player connection [11944]  * "[IP] 183.173.211.123 [Port] 0 [Flags] 2 [Guid] 1581052273 [EditorId] 1581052273 [Version] 1048832 [Id] WindowsEditor(7,lenovo) [Debug] 1 [PackageName] WindowsEditor [ProjectName] Editor" 

Player connection [11944] Host joined multi-casting on [225.0.0.222:54997]...
Player connection [11944] Host joined alternative multi-casting on [225.0.0.222:34997]...
[PhysX] Initialized MultithreadedTaskDispatcher with 32 workers.
Refreshing native plugins compatible for Editor in 47.03 ms, found 8 plugins.
Preloading 2 native plugins for Editor in 6.42 ms.
Initialize engine version: 2022.3.50f1 (c3db7f8bf9b1)
[Subsystems] Discovering subsystems at path D:/Unity Hub/editor/2022.3.50f1/Editor/Data/Resources/UnitySubsystems
[Subsystems] Discovering subsystems at path D:/Unity_project/VR_HW3/Assets
GfxDevice: creating device client; threaded=0; jobified=0
Direct3D:
    Version:  Direct3D 11.0 [level 11.1]
    Renderer: NVIDIA GeForce RTX 4050 Laptop GPU (ID=0x28e1)
    Vendor:   NVIDIA
    VRAM:     5921 MB
    Driver:   32.0.15.6094
Shader 'Oculus/OVRMRCameraFrameLit': fallback shader 'Alpha-Diffuse' not found
Initialize mono
Mono path[0] = 'D:/Unity Hub/editor/2022.3.50f1/Editor/Data/Managed'
Mono path[1] = 'D:/Unity Hub/editor/2022.3.50f1/Editor/Data/MonoBleedingEdge/lib/mono/unityjit-win32'
Mono config path = 'D:/Unity Hub/editor/2022.3.50f1/Editor/Data/MonoBleedingEdge/etc'
Using monoOptions --debugger-agent=transport=dt_socket,embedding=1,server=y,suspend=n,address=127.0.0.1:56864
Begin MonoManager ReloadAssembly
Registering precompiled unity dll's ...
Register platform support module: D:/Unity Hub/editor/2022.3.50f1/Editor/Data/PlaybackEngines/WebGLSupport/UnityEditor.WebGL.Extensions.dll
Register platform support module: D:/Unity Hub/editor/2022.3.50f1/Editor/Data/PlaybackEngines/WindowsStandaloneSupport/UnityEditor.WindowsStandalone.Extensions.dll
Registered in 0.032130 seconds.
- Loaded All Assemblies, in  0.806 seconds
Native extension for WindowsStandalone target not found
Native extension for WebGL target not found
Mono: successfully reloaded assembly
- Finished resetting the current domain, in  0.223 seconds
Domain Reload Profiling: 1014ms
	BeginReloadAssembly (475ms)
		ExecutionOrderSort (0ms)
		DisableScriptedObjects (0ms)
		BackupInstance (0ms)
		ReleaseScriptingObjects (0ms)
		CreateAndSetChildDomain (1ms)
	RebuildCommonClasses (32ms)
	RebuildNativeTypeToScriptingClass (8ms)
	initialDomainReloadingComplete (135ms)
	LoadAllAssembliesAndSetupDomain (141ms)
		LoadAssemblies (439ms)
		RebuildTransferFunctionScriptingTraits (0ms)
		AnalyzeDomain (138ms)
			TypeCache.Refresh (136ms)
				TypeCache.ScanAssembly (123ms)
			ScanForSourceGeneratedMonoScriptInfo (0ms)
			ResolveRequiredComponents (0ms)
	FinalizeReload (223ms)
		ReleaseScriptCaches (0ms)
		RebuildScriptCaches (0ms)
		SetupLoadedEditorAssemblies (184ms)
			LogAssemblyErrors (0ms)
			InitializePlatformSupportModulesInManaged (17ms)
			SetLoadedEditorAssemblies (4ms)
			RefreshPlugins (0ms)
			BeforeProcessingInitializeOnLoad (2ms)
			ProcessInitializeOnLoadAttributes (117ms)
			ProcessInitializeOnLoadMethodAttributes (44ms)
			AfterProcessingInitializeOnLoad (0ms)
			EditorAssembliesLoaded (0ms)
		ExecutionOrderSort2 (0ms)
		AwakeInstancesAfterBackupRestoration (0ms)
========================================================================
Worker process is ready to serve import requests
Caller must complete domain reload
Begin MonoManager ReloadAssembly
- Loaded All Assemblies, in  1.714 seconds
Native extension for WindowsStandalone target not found
Native extension for WebGL target not found
Mono: successfully reloaded assembly
- Finished resetting the current domain, in  1.408 seconds
Domain Reload Profiling: 3083ms
	BeginReloadAssembly (549ms)
		ExecutionOrderSort (0ms)
		DisableScriptedObjects (4ms)
		BackupInstance (0ms)
		ReleaseScriptingObjects (0ms)
		CreateAndSetChildDomain (19ms)
	RebuildCommonClasses (41ms)
	RebuildNativeTypeToScriptingClass (9ms)
	initialDomainReloadingComplete (84ms)
	LoadAllAssembliesAndSetupDomain (990ms)
		LoadAssemblies (1140ms)
		RebuildTransferFunctionScriptingTraits (0ms)
		AnalyzeDomain (291ms)
			TypeCache.Refresh (247ms)
				TypeCache.ScanAssembly (227ms)
			ScanForSourceGeneratedMonoScriptInfo (30ms)
			ResolveRequiredComponents (13ms)
	FinalizeReload (1409ms)
		ReleaseScriptCaches (0ms)
		RebuildScriptCaches (0ms)
		SetupLoadedEditorAssemblies (1240ms)
			LogAssemblyErrors (0ms)
			InitializePlatformSupportModulesInManaged (29ms)
			SetLoadedEditorAssemblies (5ms)
			RefreshPlugins (0ms)
			BeforeProcessingInitializeOnLoad (200ms)
			ProcessInitializeOnLoadAttributes (932ms)
			ProcessInitializeOnLoadMethodAttributes (25ms)
			AfterProcessingInitializeOnLoad (48ms)
			EditorAssembliesLoaded (0ms)
		ExecutionOrderSort2 (0ms)
		AwakeInstancesAfterBackupRestoration (11ms)
Shader 'Oculus/OVRMRCameraFrameLit': fallback shader 'Alpha-Diffuse' not found
Launched and connected shader compiler UnityShaderCompiler.exe after 0.11 seconds
Refreshing native plugins compatible for Editor in 69.68 ms, found 8 plugins.
Preloading 2 native plugins for Editor in 0.36 ms.
Unloading 4998 Unused Serialized files (Serialized files now loaded: 0)
Unloading 21 unused Assets / (137.7 KB). Loaded Objects now: 5468.
Memory consumption went from 187.0 MB to 186.8 MB.
Total: 6.132500 ms (FindLiveObjects: 0.444600 ms CreateObjectMapping: 0.422900 ms MarkObjects: 5.055100 ms  DeleteObjects: 0.208900 ms)

AssetImportParameters requested are different than current active one (requested -> active):
  custom:scripting/monoscript/fileName/WitIntent.cs: b16c53bcdd4b02694d33f5fcb8acdf19 -> 
  custom:scripting/monoscript/fileName/GrabPointsPoseFinder.cs: 2ce4e7dd89758cfe15cc84bbdaa5d275 -> 
  custom:scripting/monoscript/fileName/CylinderProximityFieldEditor.cs: 3e379a0d9898211fdf7bd80a30343891 -> 
  custom:scripting/monoscript/fileName/CanvasMeshPointable.cs: c479bafc80e05db87d89b0e734294af3 -> 
  custom:scripting/monoscript/fileName/CylinderEditor.cs: b3e556284986a11c8d6bd82a7d7bef7e -> 
  custom:scripting/monoscript/fileName/GrabPoint.cs: a19e23b452c1156c6e2d489a5b9f5977 -> 
  custom:container-demuxer-ogg: 62fdf1f143b41e24485cea50d1cbac27 -> 
  custom:scripting/monoscript/fileName/OneHandRotateTransformer.cs: b4ad4fec7dbc0022b27ef2f1444e1086 -> 
  custom:scripting/monoscript/fileName/WitTraitValue.cs: c4fc68c99e4126ea4ce1abd10ab830cf -> 
  custom:scripting/monoscript/fileName/IMonoBehaviourFilter.cs: 9cedc3648a1ac103150b8378e75e48c4 -> 
  custom:scripting/monoscript/fileName/BezierSurfaceEditor.cs: 3bfdf637db9318a14fc832066acdc19a -> 
  custom:scripting/monoscript/fileName/SnapSurfaceHelper.cs: 7310cd667c1f6f32da3156d4956a11cb -> 
  custom:scripting/monoscript/fileName/InputDataProviderUpdateTriggerOVR.cs: c642c70bc2d53e104962e39be79e0283 -> 
  custom:scripting/monoscript/fileName/ITween.cs: d765ab2d93516afd5cff5e65cdb523ff -> 
  custom:scripting/monoscript/fileName/DropZoneInteractable.cs: da4c91e5f510c5633065c5ee349670e0 -> 
  custom:scripting/monoscript/fileName/InteractorGroup.cs: 075c37967371ab7213a5d5cca24ff1fc -> 60fe7361e8ecd7ffeba4477da21c55fe
  custom:scripting/monoscript/fileName/WitHttp.cs: 65528eef0357ac8698cea4e277f16a7c -> 
  custom:scripting/monoscript/fileName/BoxProximityField.cs: 8381476084cb2eebc09f6205ab260a5f -> 
  custom:scripting/monoscript/fileName/ProcessStep.cs: c70de6d5eef34fc1abe9451b4eb02d17 -> 
  custom:video-codec-MediaFoundation-h265: 746d11721c4dcdbdad8f713fa42b33f4 -> 
  custom:scripting/monoscript/fileName/WitTrainingUtterance.cs: a06d2df3896850626c28c2eee2f3361f -> 
  custom:scripting/monoscript/fileName/IInteractorComparer.cs: 134007cf487fdfbaee924b7d31a3e8ab -> 
  custom:scripting/monoscript/fileName/ITeleportArc.cs: 1ea6eacef0fbe7453ebeaaedd85bf98c -> 
  custom:scripting/monoscript/fileName/CylinderSurface.cs: 06b7f3fe576c2b562f08ad1445def42f -> 5bee5d43e279f1a3b524f87759982fd3
  custom:scripting/monoscript/fileName/TagMonoBehaviourFilter.cs: 899569d8afa40a8d293811b71b3f0a56 -> 
  custom:scripting/monoscript/fileName/SphereSurface.cs: 6d8b2477044e484ea8579f6f1f45e3a8 -> 
  custom:scripting/monoscript/fileName/LastKnownGoodDataModifier.cs: 0b2c17c40fb2875f055e57a3080d7c9d -> 
  custom:video-decoder-ogg-theora: a1e56fd34408186e4bbccfd4996cb3dc -> 
  custom:scripting/monoscript/fileName/WitEntityRole.cs: 8b2af296196ddab171c9825f773f77da -> 
  custom:scripting/monoscript/fileName/PointableCylinder.cs: 9a62d083874bdd860515054a450ac594 -> 
  custom:scripting/monoscript/fileName/AudioEncoding.cs: f84b3952f084caac261984fbd264acec -> 7f68c8ddbd6875f735f3280c1aa36e92
  custom:scripting/monoscript/fileName/InteractorDriver.cs: 285df5cb75aa79644c75f1cfa1d96ee4 -> 
  custom:framework-win-MediaFoundation: 216162199b28c13a410421893ffa2e32 -> 
  custom:scripting/monoscript/fileName/ISnapPoseProvider.cs: 3ec1f733df4df3213c9abc4abfa84cf1 -> 
  custom:scripting/monoscript/fileName/IDropZoneSlotsProvider.cs: fc82a4709de8cea85e0be7e46ba6942f -> 
  custom:scripting/monoscript/fileName/IAudioInputSource.cs: 9cedc902c969604d8ecab3d4c3d431d7 -> 938d3583ac997fe47e013c96006b1b9d
  custom:scripting/monoscript/fileName/BoxProximityFieldEditor.cs: 3ca172dc25f45b576b1261d9f0fc6a13 -> 
  custom:scripting/monoscript/fileName/ArcRangeModifier.cs: df4e86005874fa14c26dde0e58fe01b3 -> 
  custom:scripting/monoscript/fileName/TrainUtterances.cs: fad5269aa3542e54bceac07b82fa9fb2 -> 
  custom:scripting/monoscript/fileName/OVRSkeletonDataProviders.cs: c9301a8aea506ae86c85f3531883f294 -> 
  custom:scripting/monoscript/fileName/BoxEditor.cs: 6cb10ba4aeba036613100827e384c6dd -> 
  custom:scripting/monoscript/fileName/BoxSurface.cs: 64c4f1d5c8f509e2ebfbbe8cc0454ae3 -> 
  custom:scripting/monoscript/fileName/HandPoseRecordable.cs: be9aebb9e35f1a89cf251d5ebe16b65e -> 
  custom:scripting/monoscript/fileName/TwoHandFreeTransformer.cs: 5484f45a8b713e7524e309309f536d2e -> 
  custom:scripting/monoscript/fileName/InteractorDriverGroup.cs: 25a18cbb0a76e7a8f37930efac2dc5e3 -> 
  custom:scripting/monoscript/fileName/InteractableTransformableConnection.cs: aa199f160bbadaf2d2b7430adb4b19a9 -> 
  custom:scripting/monoscript/fileName/JointLocking.cs: 04ef49fdef9b40429c44bd8bb4f83933 -> 
  custom:scripting/monoscript/fileName/OneHandTranslateTransformer.cs: e5593db0756115f769defd5b1bc42e7e -> 
  custom:CustomObjectIndexerAttribute: 9a22284fe3817be447336de3de66b15e -> 
  custom:scripting/monoscript/fileName/WitResponse.cs: 85febed2f7a25f57ec48693bd452c142 -> 
  custom:scripting/monoscript/fileName/OneEuroFilterRotationHand.cs: b7c0c166a2ca9babc479709621d65436 -> 
  custom:scripting/monoscript/fileName/TagInteractableFilter.cs: 6c02bfd80ff65fe2d5965298b17e0457 -> 
  custom:scripting/monoscript/fileName/PointableCylinderEditor.cs: 6340733d6723a340786b526e9320784f -> 
  custom:container-demuxer-webm: 4f35f7cbe854078d1ac9338744f61a02 -> 
  custom:scripting/monoscript/fileName/PointProximityField.cs: 0f95fb408e97956db7a3762247f8adc0 -> 
  custom:scripting/monoscript/fileName/SnapAddress.cs: c2a235d307f5033a6468630481616552 -> 
  custom:scripting/monoscript/fileName/InteractorGroupMulti.cs: 6bc778766dfc2f0ec0ad2013ae6c3d21 -> 
  custom:scripting/monoscript/fileName/MicBase.cs: 1ee5e56060961d5fcfcdfe4529504890 -> 47b01f48927768722a8422b4ac545006
  custom:scripting/monoscript/fileName/DropZoneSequentialSlotsProvider.cs: 7cdedd3fff635f926ee01eb94826964d -> 
  custom:scripting/monoscript/fileName/SnapPoint.cs: 75b9e5a0f94c20895cbed2ad0cae1535 -> 
  custom:scripting/monoscript/fileName/WitTrait.cs: 3139215512626b390a96d2cb63ff9eda -> 
  custom:scripting/monoscript/fileName/ITransformable.cs: 215a3f4eeb91cb88c54863506271ef62 -> 
  custom:scripting/monoscript/fileName/CoroutineUtility.cs: fab89599511ae356a01c13a28fda4240 -> 821d19c5ac6a7e6baf82a95f7b4d30bf
  custom:scripting/monoscript/fileName/TeleportTurningGate.cs: 575c2ab79bdb37717f3efb10cff4d8ea -> 
  custom:scripting/monoscript/fileName/InputDataProviderUpdateTriggerOVREditor.cs: 296ebd2207288873d91d6a862e3b5272 -> 
  custom:scripting/monoscript/fileName/ColliderSurface.cs: b1cd8447e0ce952dcc7d7b666e8fca92 -> fc86642c94a9542e787a844561e4e4f2
  custom:scripting/monoscript/fileName/IInteractableRegistry.cs: 90647cc400823b41df847a6cbfc29026 -> 
  custom:scripting/monoscript/fileName/OneEuroFilterPositionHand.cs: 39d5de62c6b9f655efb66d407ad08fff -> 
  custom:scripting/monoscript/fileName/TTSStreamToggle.cs: 386098d9b6e67cd0a4ee56f3a7972a48 -> 0132d2e4cd28c22eddc3810c7daa80a8
  custom:scripting/monoscript/fileName/HandGrabInteractorVisual.cs: 4e78a3e45d86e390b096cc34598495d6 -> 
  custom:scripting/monoscript/fileName/WitRole.cs: d05ae217608bc7de182f2476f0c8e04d -> 
  custom:scripting/monoscript/fileName/WitIncomingEntity.cs: 78d455e2834b5f65d08838e068a6b637 -> 
  custom:scripting/monoscript/fileName/CylinderProximityField.cs: d46f096ca0f256553da6db049bd8e1f0 -> 
  custom:scripting/monoscript/fileName/OneEuroFilterRotationDataModifier.cs: bbc3acc82de59e5fbec702d8f8197eed -> 
  custom:scripting/monoscript/fileName/WitEntity.cs: f3634f6b005d657d9256924b6ee7724f -> 
  custom:container-muxer-webm: aa71ff27fc2769a1b78a27578f13a17b -> 
  custom:video-decoder-webm-vp8: 9c59270c3fd7afecdb556c50c9e8de78 -> 
  custom:scripting/monoscript/fileName/Payload.cs: 20bf3ab20e64bae704c38145b44c13ac -> 
  custom:scripting/monoscript/fileName/EnsureWitIntentsStep.cs: b136f8e7ef96058daebe6e4670855769 -> 
  custom:scripting/monoscript/fileName/HandGrabPointEditor.cs: 1de61d722aec3955a0ced3ddd1649237 -> 
  custom:scripting/monoscript/fileName/AimingStabilizedOrigin.cs: 8e9de4ec8ed1eca16b6b5ccdd53afdc0 -> 
  custom:scripting/monoscript/fileName/WitConfigurationData.cs: 1b59f7289bf740e9ef9f2be93d10f3d4 -> 
  custom:scripting/monoscript/fileName/VoiceUnityRequest.cs: e67404959cad22b5a8fdd8bc15940a60 -> 
  custom:scripting/monoscript/fileName/SyncWitEntitiesStep.cs: 2ad573a8b9afd7f1740d493d07a4c0da -> 
  custom:scripting/monoscript/fileName/PointableDelegate.cs: 90647cc400823b41df847a6cbfc29026 -> 
  custom:SearchIndexIgnoredProperties: e643bd26f0fe6173181afceb89e7c659 -> 
  custom:scripting/monoscript/fileName/PointablePlane.cs: 0c63873222e6ee1c4bb906924cab90d1 -> 
  custom:AudioImporter_EditorPlatform: d09bf68614088b80899f8185d706f6e7 -> 
  custom:scripting/monoscript/fileName/SphereEditor.cs: 276cafd8aae7e32d736a0c4daa10ab21 -> 
  custom:scripting/monoscript/fileName/CircleProximityField.cs: 3470d85e5a68b53f46ca8356f6863551 -> 
  custom:scripting/monoscript/fileName/Transformable.cs: 5a246a64658742dc20c886d79003f704 -> 
  custom:scripting/monoscript/fileName/InteractionOVRCameraRig.cs: 19e5e98fb10016c5e6956c7b291d0f17 -> 
  custom:scripting/monoscript/fileName/ObtainIdmData.cs: 93689dcf59e4155113dc068b963c769d -> 
  custom:scripting/monoscript/fileName/HandGrabPoint.cs: f8f9a4aeaae4341c0efe8cc3e2aa5fd8 -> 
  custom:scripting/monoscript/fileName/PointableGroup.cs: aea7bf2c731b6179d62dad93c7f1a961 -> 
  custom:scripting/monoscript/fileName/TransformableUnityEventWrapper.cs: aa0309b765937680c8aa9e4e094215f7 -> 
  custom:scripting/monoscript/fileName/MicDebug.cs: 0703043cca43f55a99276c84b88d73fb -> 75d2f3a208b34ca2e9e43f6d5775eb91
  custom:scripting/monoscript/fileName/OneHandPhysicsJointTransformer.cs: e946e3b4b5cd8cde3f541291179028e9 -> 
  custom:scripting/monoscript/fileName/WitApplication.cs: 19806fe5aebcf74124ed49d589a7e43e -> 
  custom:scripting/monoscript/fileName/IInteractorDriver.cs: fc0a89f4490fc0584b64c6fc827ee895 -> 
  custom:scripting/monoscript/fileName/GrabbableUnityEventWrapper.cs: 33df70b122ad7f22db2cbfaa0b81510a -> 
  custom:scripting/monoscript/fileName/BezierSurface.cs: da0b185221f59d400e85940f5ce71c91 -> 
  custom:scripting/monoscript/fileName/InteractorComparer.cs: 90647cc400823b41df847a6cbfc29026 -> 
  custom:scripting/monoscript/fileName/HandPoseRecorder.cs: d6ebfdaa7663426067642c12a6222914 -> 
  custom:scripting/monoscript/fileName/CanvasRenderTextureMesh.cs: ba9623d0f846f302f4c58ca374ea8422 -> 
  custom:scripting/monoscript/fileName/IProximityField.cs: 1b8f3ef3bb8397988a6923ea34f554a3 -> 
  custom:scripting/monoscript/fileName/HandGrabInteractionUtilities.cs: 5e1b87f0c932124d19544f2653fcf382 -> 
  custom:scripting/monoscript/fileName/OneHandFreeTransformer.cs: 80b454bb7a7e54382c3e5a83c645a9b0 -> 
  custom:scripting/monoscript/fileName/TwoHandPlaneTransformer.cs: 82508aadcccc9aaae16a3d02dab1f1dd -> 
  custom:scripting/monoscript/fileName/IWitHttp.cs: 91506f2edcd3bae61fa15b5c8c35b6d5 -> 
  custom:scripting/monoscript/fileName/JointRotationHistoryModifier.cs: b84eeaa16ce785ca3e0b5335f31473cc -> 
  custom:scripting/monoscript/fileName/TTSWitVoiceData.cs: 879b5b5a667decd113f2ef27fec58193 -> 
  custom:video-encoder-webm-vp8: eb34c28f22e8b96e1ab97ce403110664 -> 
  custom:scripting/monoscript/fileName/FingerGrabAPI.cs: f38129e37b49d6e3a171bd504092712b -> 
  custom:scripting/monoscript/fileName/DummyDataModifier.cs: ebbb5589f565d8685d37bb183b4c3ff4 -> 
  custom:scripting/monoscript/fileName/IDistanceInteractable.cs: c2d2949b74e1e24067c043dc8ee82c5a -> 
  custom:audio-decoder-ogg-vorbis: bf7c407c2cedff20999df2af8eb42d56 -> 
  custom:scripting/monoscript/fileName/SyntheticHandModifier.cs: 873320c031209152e80a3521b7c6e3f2 -> 
  custom:scripting/monoscript/fileName/ISnapSurface.cs: e613c1039942a8c6f8524e6d36ccbc1b -> 
  custom:scripting/monoscript/fileName/HandGrab.cs: 50288240abd576346d83074011541b5b -> 
  custom:scripting/monoscript/fileName/TTSSpeakerInput.cs: 827d47b543f4663c13881e200e539afd -> 9224de466064073281bc72c5b8b2748c
  custom:scripting/monoscript/fileName/OneEuroFilterPositionDataModifier.cs: da29522a4b6eb1cb5f6511bdbdd27a95 -> 
  custom:scripting/monoscript/fileName/WitTrainingEntity.cs: f6d2096c03af45821ae473c66af255f2 -> 
  custom:scripting/monoscript/fileName/WitEntityKeyword.cs: b5b67313fa30a40635477940a31ddbde -> 
  custom:scripting/monoscript/fileName/PointableGrabbableConnection.cs: 35ac7dedcc44186f6f6c7bf3730e6343 -> 
  custom:scripting/monoscript/fileName/FixedScaleDataModifier.cs: 89e1be89d924ac28373337b3361e61dd -> 
  custom:scripting/monoscript/fileName/PointablePlaneEditor.cs: 37a91ecc3d62d378d68629c686a51361 -> 
  custom:scripting/monoscript/fileName/WitTrainer.cs: 5fb3c95ba24e9cf857cd9b4cee94291b -> 
  custom:scripting/monoscript/fileName/IInteractableFilter.cs: 81259a32cb7c13def6a0b70f08c66048 -> 
  custom:scripting/monoscript/fileName/TTSStatusLabel.cs: 17147acb333fe55f1217dee5b341ea9e -> 
  custom:scripting/monoscript/fileName/DropZoneInteractor.cs: 76b4b17e6eac72d8f5a16e87fd0e63b5 -> 
  custom:scripting/monoscript/fileName/IAspectProvider.cs: 9859c5919d893814fee2cdd590f4f949 -> 
  custom:scripting/monoscript/fileName/OnConduitFailedParameterResolutionAttribute.cs: 60901a81960a7c5a81c752381f8034ab -> 
  custom:scripting/monoscript/fileName/Mic.cs: 525051591b471bdbfa16530d37dcb655 -> 5fc48121bdfa6f25d9345006a81f8860
  custom:scripting/monoscript/fileName/TTSCacheToggle.cs: fef530a103c6b74722a7b6f18941e54c -> 410df47b336bde136543845320d773f8
  custom:scripting/monoscript/fileName/MicPermissionsManager.cs: 81a336319435a61331b696a347e78b9e -> f25de0368c3638f9a3bd7e7f63f0755a
  custom:scripting/monoscript/fileName/StepRunner.cs: 6ab640738f608e4b47206553c39b2c58 -> 
  custom:scripting/monoscript/fileName/WitUnityRequest.cs: 2bd88b304dddeb742392b5d5568e7bf7 -> 156bc76d85c310a98e115eec74a771cd
  custom:audio-encoder-webm-vorbis: bf7c407c2cedff20999df2af8eb42d56 -> 
  custom:scripting/monoscript/fileName/CircleProximityFieldEditor.cs: 55b157de94575afe7fdac58cd51e3b1c -> 
  custom:scripting/monoscript/fileName/TTSErrorText.cs: f03cdbc7b1d745067e8f357414e703b1 -> 21a4d51c9f7822c5dae2e2c7e2605044
  custom:scripting/monoscript/fileName/FingerPinchAPI.cs: 478ca37299a2b7ce3d309683ce89043a -> 
  custom:scripting/monoscript/fileName/IPointableSurface.cs: d7a8e441db2730be64c585bb12bf4db1 -> 
  custom:scripting/monoscript/fileName/PhysicsTransformable.cs: 5811faf37734ce7ec9b28418c4758de1 -> 
  custom:scripting/monoscript/fileName/PitchRemap.cs: 5b7277eeb0a8effc4822cb897b70f197 -> 
  custom:scripting/monoscript/fileName/WitOutgoingEntity.cs: c7126ba0b7fa09ef7a925f4dc186e5b7 -> 
  custom:scripting/monoscript/fileName/LocomotionGateVisual.cs: e25bbb39051f52b97c3e93bb37ab390d -> 
  custom:scripting/monoscript/fileName/TTSWitVoiceUtility.cs: eee5b9af7f1fc7fc0da148c8bdf0ad4f -> 
  custom:scripting/monoscript/fileName/HandleEntityResolutionFailureAttribute.cs: c6e2d1dd1bcaba0322547519e0e12ac7 -> 
========================================================================
Received Import Request.
  Time since last request: 287518.435559 seconds.
  path: Assets/Oculus/Platform/Scripts/GroupPresenceOptions.cs
  artifactKey: Guid(6b217a3516c19444e82755b40efc5996) Importer(2089858483,0ecaa5967403d082aa24f35e1b516d23)
Start importing Assets/Oculus/Platform/Scripts/GroupPresenceOptions.cs using Guid(6b217a3516c19444e82755b40efc5996) Importer(2089858483,0ecaa5967403d082aa24f35e1b516d23) [PhysX] Initialized MultithreadedTaskDispatcher with 32 workers.
 -> (artifact id: '890bae693cbd6b9418db9c22a87de9ff') in 0.105050 seconds
Number of updated asset objects reloaded before import = 0
Number of asset objects unloaded after import = 1
========================================================================
Received Import Request.
  Time since last request: 0.000019 seconds.
  path: Assets/Oculus/Platform/Scripts/ChallengeOptions.cs
  artifactKey: Guid(299d5fa3a18d7bd4fb4dff14de1aa28e) Importer(2089858483,0ecaa5967403d082aa24f35e1b516d23)
Start importing Assets/Oculus/Platform/Scripts/ChallengeOptions.cs using Guid(299d5fa3a18d7bd4fb4dff14de1aa28e) Importer(2089858483,0ecaa5967403d082aa24f35e1b516d23) [PhysX] Initialized MultithreadedTaskDispatcher with 32 workers.
 -> (artifact id: 'd7e47f24482f15d78439f91e0b50d0c9') in 0.015604 seconds
Number of updated asset objects reloaded before import = 0
Number of asset objects unloaded after import = 1
========================================================================
Received Import Request.
  Time since last request: 0.000136 seconds.
  path: Assets/Oculus/Platform/Scripts/LaunchType.cs
  artifactKey: Guid(19914a3b196ab06439965a325ac1da12) Importer(2089858483,0ecaa5967403d082aa24f35e1b516d23)
Start importing Assets/Oculus/Platform/Scripts/LaunchType.cs using Guid(19914a3b196ab06439965a325ac1da12) Importer(2089858483,0ecaa5967403d082aa24f35e1b516d23) [PhysX] Initialized MultithreadedTaskDispatcher with 32 workers.
 -> (artifact id: '3ad768d0d2902a204da5a7dcaf5407eb') in 0.008551 seconds
Number of updated asset objects reloaded before import = 0
Number of asset objects unloaded after import = 1
========================================================================
Received Import Request.
  Time since last request: 0.000304 seconds.
  path: Assets/Oculus/Platform/Scripts/MatchmakingCriterionImportance.cs
  artifactKey: Guid(030eb76e37b12924e96e8b450291a220) Importer(2089858483,0ecaa5967403d082aa24f35e1b516d23)
Start importing Assets/Oculus/Platform/Scripts/MatchmakingCriterionImportance.cs using Guid(030eb76e37b12924e96e8b450291a220) Importer(2089858483,0ecaa5967403d082aa24f35e1b516d23) [PhysX] Initialized MultithreadedTaskDispatcher with 32 workers.
 -> (artifact id: 'ec787e7a5238a1a23d24613443e6da07') in 0.008472 seconds
Number of updated asset objects reloaded before import = 0
Number of asset objects unloaded after import = 1
========================================================================
Received Import Request.
  Time since last request: 0.000081 seconds.
  path: Assets/Oculus/Platform/Scripts/LivestreamingStartStatus.cs
  artifactKey: Guid(278e551ec7e02bf419ea10f24a330083) Importer(2089858483,0ecaa5967403d082aa24f35e1b516d23)
Start importing Assets/Oculus/Platform/Scripts/LivestreamingStartStatus.cs using Guid(278e551ec7e02bf419ea10f24a330083) Importer(2089858483,0ecaa5967403d082aa24f35e1b516d23) [PhysX] Initialized MultithreadedTaskDispatcher with 32 workers.
 -> (artifact id: '54adb9e33a8fbc6e6ffc7d136b1f7ef3') in 0.010782 seconds
Number of updated asset objects reloaded before import = 0
Number of asset objects unloaded after import = 1
========================================================================
Received Import Request.
  Time since last request: 0.000137 seconds.
  path: Assets/Oculus/Platform/Scripts/Decoder.cs
  artifactKey: Guid(731601605a2facb4b8f3f211411a4693) Importer(2089858483,0ecaa5967403d082aa24f35e1b516d23)
Start importing Assets/Oculus/Platform/Scripts/Decoder.cs using Guid(731601605a2facb4b8f3f211411a4693) Importer(2089858483,0ecaa5967403d082aa24f35e1b516d23) [PhysX] Initialized MultithreadedTaskDispatcher with 32 workers.
 -> (artifact id: '420dc3c3847a5c2a5c38a4a9c901fb28') in 0.009850 seconds
Number of updated asset objects reloaded before import = 0
Number of asset objects unloaded after import = 1
========================================================================
Received Import Request.
  Time since last request: 0.000025 seconds.
  path: Assets/Oculus/LipSync/Editor/OVRNamedArrayPropertyDrawer.cs
  artifactKey: Guid(c2d166626e0b34a40b774467cc6c5868) Importer(2089858483,0ecaa5967403d082aa24f35e1b516d23)
Start importing Assets/Oculus/LipSync/Editor/OVRNamedArrayPropertyDrawer.cs using Guid(c2d166626e0b34a40b774467cc6c5868) Importer(2089858483,0ecaa5967403d082aa24f35e1b516d23) [PhysX] Initialized MultithreadedTaskDispatcher with 32 workers.
 -> (artifact id: 'f03b0939a2173bc60d09d2f9e42ee05d') in 0.008541 seconds
Number of updated asset objects reloaded before import = 0
Number of asset objects unloaded after import = 1
========================================================================
Received Import Request.
  Time since last request: 0.000139 seconds.
  path: Assets/Oculus/Platform/Scripts/BufferedAudioStream.cs
  artifactKey: Guid(f6d1f538558efdb42ae724d9bb36e538) Importer(2089858483,0ecaa5967403d082aa24f35e1b516d23)
Start importing Assets/Oculus/Platform/Scripts/BufferedAudioStream.cs using Guid(f6d1f538558efdb42ae724d9bb36e538) Importer(2089858483,0ecaa5967403d082aa24f35e1b516d23) [PhysX] Initialized MultithreadedTaskDispatcher with 32 workers.
 -> (artifact id: 'dede4f61bd303ee239bf78f4e7c7031b') in 0.006923 seconds
Number of updated asset objects reloaded before import = 0
Number of asset objects unloaded after import = 1
========================================================================
Received Import Request.
  Time since last request: 0.000109 seconds.
  path: Assets/Oculus/LipSync/Prefabs/LipSyncDebugConsole.prefab
  artifactKey: Guid(e4c63fc874ed2ed42b7808b1a310238a) Importer(2089858483,0ecaa5967403d082aa24f35e1b516d23)
Start importing Assets/Oculus/LipSync/Prefabs/LipSyncDebugConsole.prefab using Guid(e4c63fc874ed2ed42b7808b1a310238a) Importer(2089858483,0ecaa5967403d082aa24f35e1b516d23) [PhysX] Initialized MultithreadedTaskDispatcher with 32 workers.
 -> (artifact id: '5fc9156583fe7b8779f1cd17efeff6c8') in 0.076278 seconds
Number of updated asset objects reloaded before import = 0
Number of asset objects unloaded after import = 12
========================================================================
Received Import Request.
  Time since last request: 0.000034 seconds.
  path: Assets/Oculus/Platform/Scripts/InviteOptions.cs
  artifactKey: Guid(c709e4d18ec60a447a4cb600069bba0a) Importer(2089858483,0ecaa5967403d082aa24f35e1b516d23)
Start importing Assets/Oculus/Platform/Scripts/InviteOptions.cs using Guid(c709e4d18ec60a447a4cb600069bba0a) Importer(2089858483,0ecaa5967403d082aa24f35e1b516d23) [PhysX] Initialized MultithreadedTaskDispatcher with 32 workers.
 -> (artifact id: 'dc8b17b8da50f2f4dffdcd5d289155ab') in 0.013548 seconds
Number of updated asset objects reloaded before import = 0
Number of asset objects unloaded after import = 1
========================================================================
Received Import Request.
  Time since last request: 0.000122 seconds.
  path: Assets/Oculus/Platform/Editor/Oculus.Platform.Editor.asmdef
  artifactKey: Guid(6c847d01eed902748a97f0eacc7f77eb) Importer(2089858483,0ecaa5967403d082aa24f35e1b516d23)
Start importing Assets/Oculus/Platform/Editor/Oculus.Platform.Editor.asmdef using Guid(6c847d01eed902748a97f0eacc7f77eb) Importer(2089858483,0ecaa5967403d082aa24f35e1b516d23) [PhysX] Initialized MultithreadedTaskDispatcher with 32 workers.
 -> (artifact id: 'ad3dd2cf7abc4d68878c3b2c9fc2a1f0') in 0.012516 seconds
Number of updated asset objects reloaded before import = 0
Number of asset objects unloaded after import = 1
========================================================================
Received Import Request.
  Time since last request: 0.000218 seconds.
  path: Assets/Oculus/Platform/Editor/GUIHelper.cs
  artifactKey: Guid(19bb2c637ba6e9c459e3db36b2ec10c3) Importer(2089858483,0ecaa5967403d082aa24f35e1b516d23)
Start importing Assets/Oculus/Platform/Editor/GUIHelper.cs using Guid(19bb2c637ba6e9c459e3db36b2ec10c3) Importer(2089858483,0ecaa5967403d082aa24f35e1b516d23) [PhysX] Initialized MultithreadedTaskDispatcher with 32 workers.
 -> (artifact id: '22dcb2df1a66e22805ac859c0696185d') in 0.008212 seconds
Number of updated asset objects reloaded before import = 0
Number of asset objects unloaded after import = 1
========================================================================
Received Import Request.
  Time since last request: 0.000022 seconds.
  path: Assets/Oculus/LipSync/Scripts/OVRLipSyncMicInput.cs
  artifactKey: Guid(02d5ed157083b494e85013bad8fd5e12) Importer(2089858483,0ecaa5967403d082aa24f35e1b516d23)
Start importing Assets/Oculus/LipSync/Scripts/OVRLipSyncMicInput.cs using Guid(02d5ed157083b494e85013bad8fd5e12) Importer(2089858483,0ecaa5967403d082aa24f35e1b516d23) [PhysX] Initialized MultithreadedTaskDispatcher with 32 workers.
 -> (artifact id: '4045c2890b4461d60d548d0be3545dbe') in 0.009508 seconds
Number of updated asset objects reloaded before import = 0
Number of asset objects unloaded after import = 1
========================================================================
Received Import Request.
  Time since last request: 0.000110 seconds.
  path: Assets/Oculus/Platform/Scripts/MultiplayerErrorOptions.cs
  artifactKey: Guid(bff23624d37b2364495ba4a25395a0ee) Importer(2089858483,0ecaa5967403d082aa24f35e1b516d23)
Start importing Assets/Oculus/Platform/Scripts/MultiplayerErrorOptions.cs using Guid(bff23624d37b2364495ba4a25395a0ee) Importer(2089858483,0ecaa5967403d082aa24f35e1b516d23) [PhysX] Initialized MultithreadedTaskDispatcher with 32 workers.
 -> (artifact id: 'bdf0c048206c27153db32bbfd7d6fa55') in 0.008951 seconds
Number of updated asset objects reloaded before import = 0
Number of asset objects unloaded after import = 1
========================================================================
Received Import Request.
  Time since last request: 0.000066 seconds.
  path: Assets/Oculus/Platform/Scripts/CloudStorageDataStatus.cs
  artifactKey: Guid(4708b605fe779fe4384e9166eb21b85c) Importer(2089858483,0ecaa5967403d082aa24f35e1b516d23)
Start importing Assets/Oculus/Platform/Scripts/CloudStorageDataStatus.cs using Guid(4708b605fe779fe4384e9166eb21b85c) Importer(2089858483,0ecaa5967403d082aa24f35e1b516d23) [PhysX] Initialized MultithreadedTaskDispatcher with 32 workers.
 -> (artifact id: 'df664d04a1b41c4283422cee75869d72') in 0.009667 seconds
Number of updated asset objects reloaded before import = 0
Number of asset objects unloaded after import = 1
========================================================================
Received Import Request.
  Time since last request: 0.000108 seconds.
  path: Assets/Oculus/Interaction/Editor/EditorFallbacks.cs
  artifactKey: Guid(6b401f94f5142cf4382bb48278e4f63f) Importer(2089858483,0ecaa5967403d082aa24f35e1b516d23)
Start importing Assets/Oculus/Interaction/Editor/EditorFallbacks.cs using Guid(6b401f94f5142cf4382bb48278e4f63f) Importer(2089858483,0ecaa5967403d082aa24f35e1b516d23) [PhysX] Initialized MultithreadedTaskDispatcher with 32 workers.
 -> (artifact id: 'e44a70f01df551c15f184d1c28b6f3d1') in 0.007505 seconds
Number of updated asset objects reloaded before import = 0
Number of asset objects unloaded after import = 1
========================================================================
Received Import Request.
  Time since last request: 0.000147 seconds.
  path: Assets/Oculus/VR/Oculus.VR.asmdef
  artifactKey: Guid(f64c9ebcd7899c3448a08dc9f9ddbe30) Importer(2089858483,0ecaa5967403d082aa24f35e1b516d23)
Start importing Assets/Oculus/VR/Oculus.VR.asmdef using Guid(f64c9ebcd7899c3448a08dc9f9ddbe30) Importer(2089858483,0ecaa5967403d082aa24f35e1b516d23) [PhysX] Initialized MultithreadedTaskDispatcher with 32 workers.
 -> (artifact id: 'd46f334f43e394137dce57f5c99d2699') in 0.009454 seconds
Number of updated asset objects reloaded before import = 0
Number of asset objects unloaded after import = 1
========================================================================
Received Import Request.
  Time since last request: 0.000023 seconds.
  path: Assets/Oculus/Interaction/Editor/Oculus.Interaction.Editor.asmdef
  artifactKey: Guid(48af58ae5328ff048acacd924604a804) Importer(2089858483,0ecaa5967403d082aa24f35e1b516d23)
Start importing Assets/Oculus/Interaction/Editor/Oculus.Interaction.Editor.asmdef using Guid(48af58ae5328ff048acacd924604a804) Importer(2089858483,0ecaa5967403d082aa24f35e1b516d23) [PhysX] Initialized MultithreadedTaskDispatcher with 32 workers.
 -> (artifact id: '810ee2659c443b9ebc23dfce1427176d') in 0.008998 seconds
Number of updated asset objects reloaded before import = 0
Number of asset objects unloaded after import = 1
========================================================================
Received Import Request.
  Time since last request: 0.000084 seconds.
  path: Assets/Resources/ONSPSettings.asset
  artifactKey: Guid(2edda433d493d4e4a9b5845bd20b5f0d) Importer(2089858483,0ecaa5967403d082aa24f35e1b516d23)
Start importing Assets/Resources/ONSPSettings.asset using Guid(2edda433d493d4e4a9b5845bd20b5f0d) Importer(2089858483,0ecaa5967403d082aa24f35e1b516d23) [PhysX] Initialized MultithreadedTaskDispatcher with 32 workers.
 -> (artifact id: '4fec4877bc98d324085dfdd800ace7f4') in 0.011019 seconds
Number of updated asset objects reloaded before import = 0
Number of asset objects unloaded after import = 1
========================================================================
Received Import Request.
  Time since last request: 0.000195 seconds.
  path: Assets/Oculus/Platform/Scripts/CallbackRunner.cs
  artifactKey: Guid(f2caa5c6ad39b6742a7ddc2c273976c7) Importer(2089858483,0ecaa5967403d082aa24f35e1b516d23)
Start importing Assets/Oculus/Platform/Scripts/CallbackRunner.cs using Guid(f2caa5c6ad39b6742a7ddc2c273976c7) Importer(2089858483,0ecaa5967403d082aa24f35e1b516d23) [PhysX] Initialized MultithreadedTaskDispatcher with 32 workers.
 -> (artifact id: '40cc170e2f190a103d5e8848dd0791c8') in 0.007714 seconds
Number of updated asset objects reloaded before import = 0
Number of asset objects unloaded after import = 1
========================================================================
Received Import Request.
  Time since last request: 2.064714 seconds.
  path: Assets/Oculus/Platform/Scripts/NetSyncVoipStreamMode.cs
  artifactKey: Guid(70d247ec313a0ef41b04310ba2aefa43) Importer(2089858483,0ecaa5967403d082aa24f35e1b516d23)
Start importing Assets/Oculus/Platform/Scripts/NetSyncVoipStreamMode.cs using Guid(70d247ec313a0ef41b04310ba2aefa43) Importer(2089858483,0ecaa5967403d082aa24f35e1b516d23) [PhysX] Initialized MultithreadedTaskDispatcher with 32 workers.
 -> (artifact id: '25fc98aed49d5b302c83c76d31f314c0') in 0.017897 seconds
Number of updated asset objects reloaded before import = 0
Number of asset objects unloaded after import = 1
========================================================================
Received Import Request.
  Time since last request: 0.000559 seconds.
  path: Assets/Oculus/Platform/Scripts/RosterOptions.cs
  artifactKey: Guid(959d915ce0014c5488314de462586dd4) Importer(2089858483,0ecaa5967403d082aa24f35e1b516d23)
Start importing Assets/Oculus/Platform/Scripts/RosterOptions.cs using Guid(959d915ce0014c5488314de462586dd4) Importer(2089858483,0ecaa5967403d082aa24f35e1b516d23) [PhysX] Initialized MultithreadedTaskDispatcher with 32 workers.
 -> (artifact id: '769b83a161f556ba298858b79855dae2') in 0.029196 seconds
Number of updated asset objects reloaded before import = 0
Number of asset objects unloaded after import = 1
========================================================================
Received Import Request.
  Time since last request: 0.000204 seconds.
  path: Assets/Oculus/VR/Editor/OVRBundleTool.cs
  artifactKey: Guid(0c27664370189a44bae1f4a8aba8b7ff) Importer(2089858483,0ecaa5967403d082aa24f35e1b516d23)
Start importing Assets/Oculus/VR/Editor/OVRBundleTool.cs using Guid(0c27664370189a44bae1f4a8aba8b7ff) Importer(2089858483,0ecaa5967403d082aa24f35e1b516d23) [PhysX] Initialized MultithreadedTaskDispatcher with 32 workers.
 -> (artifact id: '9164762e4599618c7a10f8040ac804c4') in 0.027457 seconds
Number of updated asset objects reloaded before import = 0
Number of asset objects unloaded after import = 1
========================================================================
Received Import Request.
  Time since last request: 0.000029 seconds.
  path: Assets/Oculus/Platform/Scripts/Packet.cs
  artifactKey: Guid(f384e82f5031ccd488f47fa837e5d7e5) Importer(2089858483,0ecaa5967403d082aa24f35e1b516d23)
Start importing Assets/Oculus/Platform/Scripts/Packet.cs using Guid(f384e82f5031ccd488f47fa837e5d7e5) Importer(2089858483,0ecaa5967403d082aa24f35e1b516d23) [PhysX] Initialized MultithreadedTaskDispatcher with 32 workers.
 -> (artifact id: '714c761ab150f57a094e1666e8eb89c0') in 0.014044 seconds
Number of updated asset objects reloaded before import = 0
Number of asset objects unloaded after import = 1
========================================================================
Received Import Request.
  Time since last request: 0.000122 seconds.
  path: Assets/Oculus/Spatializer/editor/Oculus.Spatializer.Editor.asmdef
  artifactKey: Guid(5c45576b5244bbf4ebf491eae8b06528) Importer(2089858483,0ecaa5967403d082aa24f35e1b516d23)
Start importing Assets/Oculus/Spatializer/editor/Oculus.Spatializer.Editor.asmdef using Guid(5c45576b5244bbf4ebf491eae8b06528) Importer(2089858483,0ecaa5967403d082aa24f35e1b516d23) [PhysX] Initialized MultithreadedTaskDispatcher with 32 workers.
 -> (artifact id: 'b703e40766f1a8c7ddb165336ed5eb14') in 0.020660 seconds
Number of updated asset objects reloaded before import = 0
Number of asset objects unloaded after import = 1
========================================================================
Received Import Request.
  Time since last request: 0.000138 seconds.
  path: Assets/Oculus/Platform/Scripts/VoipAudioSourceHiLevel.cs
  artifactKey: Guid(2a84c0bd46c2454449deb6605f136b5c) Importer(2089858483,0ecaa5967403d082aa24f35e1b516d23)
Start importing Assets/Oculus/Platform/Scripts/VoipAudioSourceHiLevel.cs using Guid(2a84c0bd46c2454449deb6605f136b5c) Importer(2089858483,0ecaa5967403d082aa24f35e1b516d23) [PhysX] Initialized MultithreadedTaskDispatcher with 32 workers.
 -> (artifact id: 'a25390e9c3d25b15ace6947ea9247d08') in 0.010668 seconds
Number of updated asset objects reloaded before import = 0
Number of asset objects unloaded after import = 1
========================================================================
Received Import Request.
  Time since last request: 0.000181 seconds.
  path: Assets/Oculus/Platform/Scripts/PeerConnectionState.cs
  artifactKey: Guid(bda0ab1d901c7a444a8a78a509c6b3e9) Importer(2089858483,0ecaa5967403d082aa24f35e1b516d23)
Start importing Assets/Oculus/Platform/Scripts/PeerConnectionState.cs using Guid(bda0ab1d901c7a444a8a78a509c6b3e9) Importer(2089858483,0ecaa5967403d082aa24f35e1b516d23) [PhysX] Initialized MultithreadedTaskDispatcher with 32 workers.
 -> (artifact id: 'e12b7e53a419d9557903838be970a558') in 0.015432 seconds
Number of updated asset objects reloaded before import = 0
Number of asset objects unloaded after import = 1
========================================================================
Received Import Request.
  Time since last request: 0.000026 seconds.
  path: Assets/Oculus/Platform/Scripts/RoomOptions.cs
  artifactKey: Guid(02f2744e317e9d94286fbaf2c8d422dc) Importer(2089858483,0ecaa5967403d082aa24f35e1b516d23)
Start importing Assets/Oculus/Platform/Scripts/RoomOptions.cs using Guid(02f2744e317e9d94286fbaf2c8d422dc) Importer(2089858483,0ecaa5967403d082aa24f35e1b516d23) [PhysX] Initialized MultithreadedTaskDispatcher with 32 workers.
 -> (artifact id: 'ef3e24290fa9a350d0084722a939f516') in 0.088512 seconds
Number of updated asset objects reloaded before import = 0
Number of asset objects unloaded after import = 1
========================================================================
Received Import Request.
  Time since last request: 0.000135 seconds.
  path: Assets/Oculus/Platform/Scripts/Request.cs
  artifactKey: Guid(e3a84fde40d771d4cada2a72c18a961d) Importer(2089858483,0ecaa5967403d082aa24f35e1b516d23)
Start importing Assets/Oculus/Platform/Scripts/Request.cs using Guid(e3a84fde40d771d4cada2a72c18a961d) Importer(2089858483,0ecaa5967403d082aa24f35e1b516d23) [PhysX] Initialized MultithreadedTaskDispatcher with 32 workers.
 -> (artifact id: '7287dc102d7d10e782967c6fc61d0037') in 0.122520 seconds
Number of updated asset objects reloaded before import = 0
Number of asset objects unloaded after import = 1
========================================================================
Received Import Request.
  Time since last request: 0.000073 seconds.
  path: Assets/Oculus/Platform/Scripts/RichPresenceOptions.cs
  artifactKey: Guid(6a6b795f53cca5f438fdbfa91e329761) Importer(2089858483,0ecaa5967403d082aa24f35e1b516d23)
Start importing Assets/Oculus/Platform/Scripts/RichPresenceOptions.cs using Guid(6a6b795f53cca5f438fdbfa91e329761) Importer(2089858483,0ecaa5967403d082aa24f35e1b516d23) [PhysX] Initialized MultithreadedTaskDispatcher with 32 workers.
 -> (artifact id: 'dae2b0b662c7b10e9f9e9da665bd74a1') in 0.007507 seconds
Number of updated asset objects reloaded before import = 0
Number of asset objects unloaded after import = 1
========================================================================
Received Import Request.
  Time since last request: 0.000177 seconds.
  path: Assets/Oculus/Platform/Scripts/UserOrdering.cs
  artifactKey: Guid(3e9122fd848b41a4eae13ee5b6138b0b) Importer(2089858483,0ecaa5967403d082aa24f35e1b516d23)
Start importing Assets/Oculus/Platform/Scripts/UserOrdering.cs using Guid(3e9122fd848b41a4eae13ee5b6138b0b) Importer(2089858483,0ecaa5967403d082aa24f35e1b516d23) [PhysX] Initialized MultithreadedTaskDispatcher with 32 workers.
 -> (artifact id: '6b2e54b53851d1310a292f4c3487ec16') in 0.011177 seconds
Number of updated asset objects reloaded before import = 0
Number of asset objects unloaded after import = 1
========================================================================
Received Import Request.
  Time since last request: 0.000029 seconds.
  path: Assets/Oculus/SampleFramework/Usage/OVROverlayCanvas.unity
  artifactKey: Guid(af6fdd821de21814caa6187d466b6d2b) Importer(2089858483,0ecaa5967403d082aa24f35e1b516d23)
Start importing Assets/Oculus/SampleFramework/Usage/OVROverlayCanvas.unity using Guid(af6fdd821de21814caa6187d466b6d2b) Importer(2089858483,0ecaa5967403d082aa24f35e1b516d23) [PhysX] Initialized MultithreadedTaskDispatcher with 32 workers.
 -> (artifact id: '4de8d1c2dfbddc5cf9672f7962e2e976') in 0.007445 seconds
Number of updated asset objects reloaded before import = 0
Number of asset objects unloaded after import = 1
========================================================================
Received Import Request.
  Time since last request: 0.000365 seconds.
  path: Assets/Oculus/Platform/Scripts/PlatformInitializeResult.cs
  artifactKey: Guid(32fdc6a414d00e443b9ac1c973395ca8) Importer(2089858483,0ecaa5967403d082aa24f35e1b516d23)
Start importing Assets/Oculus/Platform/Scripts/PlatformInitializeResult.cs using Guid(32fdc6a414d00e443b9ac1c973395ca8) Importer(2089858483,0ecaa5967403d082aa24f35e1b516d23) [PhysX] Initialized MultithreadedTaskDispatcher with 32 workers.
 -> (artifact id: '91f0a1082b2621348441dfbc5659234f') in 0.011817 seconds
Number of updated asset objects reloaded before import = 0
Number of asset objects unloaded after import = 1
========================================================================
Received Import Request.
  Time since last request: 0.000250 seconds.
  path: Assets/Oculus/Platform/Scripts/RoomType.cs
  artifactKey: Guid(1f96a088b097de34bb7d06c1e434beae) Importer(2089858483,0ecaa5967403d082aa24f35e1b516d23)
Start importing Assets/Oculus/Platform/Scripts/RoomType.cs using Guid(1f96a088b097de34bb7d06c1e434beae) Importer(2089858483,0ecaa5967403d082aa24f35e1b516d23) [PhysX] Initialized MultithreadedTaskDispatcher with 32 workers.
 -> (artifact id: 'ca55fe5212eeba901ad7630ba121a327') in 0.009704 seconds
Number of updated asset objects reloaded before import = 0
Number of asset objects unloaded after import = 1
========================================================================
Received Import Request.
  Time since last request: 0.000069 seconds.
  path: Assets/Oculus/Platform/Scripts/ServiceProvider.cs
  artifactKey: Guid(1c810b97874c14044a5d4d5d7f44e3e9) Importer(2089858483,0ecaa5967403d082aa24f35e1b516d23)
Start importing Assets/Oculus/Platform/Scripts/ServiceProvider.cs using Guid(1c810b97874c14044a5d4d5d7f44e3e9) Importer(2089858483,0ecaa5967403d082aa24f35e1b516d23) [PhysX] Initialized MultithreadedTaskDispatcher with 32 workers.
 -> (artifact id: 'f1499a7a79475dcb9127ae37be59e3a2') in 0.011893 seconds
Number of updated asset objects reloaded before import = 0
Number of asset objects unloaded after import = 1
========================================================================
Received Import Request.
  Time since last request: 0.000027 seconds.
  path: Assets/Oculus/Platform/Scripts/StandalonePlatformSettings.cs
  artifactKey: Guid(3396588e357647947883119dbdbb83cd) Importer(2089858483,0ecaa5967403d082aa24f35e1b516d23)
Start importing Assets/Oculus/Platform/Scripts/StandalonePlatformSettings.cs using Guid(3396588e357647947883119dbdbb83cd) Importer(2089858483,0ecaa5967403d082aa24f35e1b516d23) [PhysX] Initialized MultithreadedTaskDispatcher with 32 workers.
 -> (artifact id: '87e1627230e9cc5489cd5bd4c299b787') in 0.017363 seconds
Number of updated asset objects reloaded before import = 0
Number of asset objects unloaded after import = 1
========================================================================
Received Import Request.
  Time since last request: 0.000025 seconds.
  path: Assets/Oculus/Voice/Documentation/Voice Events Diagram.asset
  artifactKey: Guid(6e58a9ace5b6fca4f9dd16688c7974cf) Importer(2089858483,0ecaa5967403d082aa24f35e1b516d23)
Start importing Assets/Oculus/Voice/Documentation/Voice Events Diagram.asset using Guid(6e58a9ace5b6fca4f9dd16688c7974cf) Importer(2089858483,0ecaa5967403d082aa24f35e1b516d23) [PhysX] Initialized MultithreadedTaskDispatcher with 32 workers.
 -> (artifact id: '4fcf0a7abf6660e90622c32abd07d22c') in 0.175497 seconds
Number of updated asset objects reloaded before import = 0
Number of asset objects unloaded after import = 5
========================================================================
Received Import Request.
  Time since last request: 2.356120 seconds.
  path: Assets/Oculus/VR/Editor/OVRExperimentalCheck.cs
  artifactKey: Guid(02b94495d67b450695350945a0ee4574) Importer(2089858483,0ecaa5967403d082aa24f35e1b516d23)
Start importing Assets/Oculus/VR/Editor/OVRExperimentalCheck.cs using Guid(02b94495d67b450695350945a0ee4574) Importer(2089858483,0ecaa5967403d082aa24f35e1b516d23) [PhysX] Initialized MultithreadedTaskDispatcher with 32 workers.
 -> (artifact id: 'e075270cae795e55daa00ebfed866899') in 0.018247 seconds
Number of updated asset objects reloaded before import = 0
Number of asset objects unloaded after import = 1
========================================================================
Received Import Request.
  Time since last request: 0.000053 seconds.
  path: Assets/Oculus/VR/Scripts/OVRSceneVolume.cs
  artifactKey: Guid(6c4c07da5cd8e024e81c2b08152058fb) Importer(2089858483,0ecaa5967403d082aa24f35e1b516d23)
Start importing Assets/Oculus/VR/Scripts/OVRSceneVolume.cs using Guid(6c4c07da5cd8e024e81c2b08152058fb) Importer(2089858483,0ecaa5967403d082aa24f35e1b516d23) [PhysX] Initialized MultithreadedTaskDispatcher with 32 workers.
 -> (artifact id: '9e976514ae2480ee772b2c719ba7d965') in 0.018999 seconds
Number of updated asset objects reloaded before import = 0
Number of asset objects unloaded after import = 1
========================================================================
Received Import Request.
  Time since last request: 0.000427 seconds.
  path: Assets/Oculus/VR/Scripts/OVRSceneLoader.cs
  artifactKey: Guid(a6d444f79f5ee4646b26c6d746385e80) Importer(2089858483,0ecaa5967403d082aa24f35e1b516d23)
Start importing Assets/Oculus/VR/Scripts/OVRSceneLoader.cs using Guid(a6d444f79f5ee4646b26c6d746385e80) Importer(2089858483,0ecaa5967403d082aa24f35e1b516d23) [PhysX] Initialized MultithreadedTaskDispatcher with 32 workers.
 -> (artifact id: '3b44cddf24788a93c55b14fa31fb32a1') in 0.012186 seconds
Number of updated asset objects reloaded before import = 0
Number of asset objects unloaded after import = 1
========================================================================
Received Import Request.
  Time since last request: 0.000214 seconds.
  path: Assets/Oculus/VR/Editor/OVRShaderBuildProcessor.cs
  artifactKey: Guid(cb08fbbe69f983b4dbac5e1b413fea34) Importer(2089858483,0ecaa5967403d082aa24f35e1b516d23)
Start importing Assets/Oculus/VR/Editor/OVRShaderBuildProcessor.cs using Guid(cb08fbbe69f983b4dbac5e1b413fea34) Importer(2089858483,0ecaa5967403d082aa24f35e1b516d23) [PhysX] Initialized MultithreadedTaskDispatcher with 32 workers.
 -> (artifact id: 'c9eb1287daeee5db2b8e68c16d9f5257') in 0.014610 seconds
Number of updated asset objects reloaded before import = 0
Number of asset objects unloaded after import = 1
========================================================================
Received Import Request.
  Time since last request: 0.000230 seconds.
  path: Assets/Oculus/VR/Materials/GazePointer.mat
  artifactKey: Guid(3fac3b9744290eb4c89b0e4ffd5fe085) Importer(2089858483,0ecaa5967403d082aa24f35e1b516d23)
Start importing Assets/Oculus/VR/Materials/GazePointer.mat using Guid(3fac3b9744290eb4c89b0e4ffd5fe085) Importer(2089858483,0ecaa5967403d082aa24f35e1b516d23) [PhysX] Initialized MultithreadedTaskDispatcher with 32 workers.
 -> (artifact id: 'b02e072c6aae00fc71ec4c11546243ac') in 0.024656 seconds
Number of updated asset objects reloaded before import = 0
Number of asset objects unloaded after import = 2
========================================================================
Received Import Request.
  Time since last request: 0.000278 seconds.
  path: Assets/Oculus/VR/Scripts/OVRSpatialAnchor.cs
  artifactKey: Guid(34e0461a4939d3b4fbdf706bbd80108c) Importer(2089858483,0ecaa5967403d082aa24f35e1b516d23)
Start importing Assets/Oculus/VR/Scripts/OVRSpatialAnchor.cs using Guid(34e0461a4939d3b4fbdf706bbd80108c) Importer(2089858483,0ecaa5967403d082aa24f35e1b516d23) [PhysX] Initialized MultithreadedTaskDispatcher with 32 workers.
 -> (artifact id: '533e392510100ac14e52b3168d29d5c4') in 0.017141 seconds
Number of updated asset objects reloaded before import = 0
Number of asset objects unloaded after import = 1
========================================================================
Received Import Request.
  Time since last request: 0.000124 seconds.
  path: Assets/Oculus/VR/Materials/gaze_cursor.mat
  artifactKey: Guid(7f31de375e167154aa45929466af30e4) Importer(2089858483,0ecaa5967403d082aa24f35e1b516d23)
Start importing Assets/Oculus/VR/Materials/gaze_cursor.mat using Guid(7f31de375e167154aa45929466af30e4) Importer(2089858483,0ecaa5967403d082aa24f35e1b516d23) [PhysX] Initialized MultithreadedTaskDispatcher with 32 workers.
 -> (artifact id: '9c67e3a142ef9bfd207359eb27b00589') in 0.016011 seconds
Number of updated asset objects reloaded before import = 0
Number of asset objects unloaded after import = 2
========================================================================
Received Import Request.
  Time since last request: 0.000018 seconds.
  path: Assets/Oculus/VR/Prefabs/OVRCustomHandPrefab_R.prefab
  artifactKey: Guid(e201a24a09e942042b93390d0444d728) Importer(2089858483,0ecaa5967403d082aa24f35e1b516d23)
Start importing Assets/Oculus/VR/Prefabs/OVRCustomHandPrefab_R.prefab using Guid(e201a24a09e942042b93390d0444d728) Importer(2089858483,0ecaa5967403d082aa24f35e1b516d23) [PhysX] Initialized MultithreadedTaskDispatcher with 32 workers.
 -> (artifact id: 'fbf51676bb296392cf13d784a9cedb2b') in 0.030171 seconds
Number of updated asset objects reloaded before import = 0
Number of asset objects unloaded after import = 169
========================================================================
Received Import Request.
  Time since last request: 0.000025 seconds.
  path: Assets/Oculus/VR/Scripts/OVRGLTFLoader.cs
  artifactKey: Guid(cc5cf61059125104eadec2fa160aa8d9) Importer(2089858483,0ecaa5967403d082aa24f35e1b516d23)
Start importing Assets/Oculus/VR/Scripts/OVRGLTFLoader.cs using Guid(cc5cf61059125104eadec2fa160aa8d9) Importer(2089858483,0ecaa5967403d082aa24f35e1b516d23) [PhysX] Initialized MultithreadedTaskDispatcher with 32 workers.
 -> (artifact id: '1d1fa125d7e54a54d8456138aa9d2aba') in 0.007284 seconds
Number of updated asset objects reloaded before import = 0
Number of asset objects unloaded after import = 1
========================================================================
Received Import Request.
  Time since last request: 0.000116 seconds.
  path: Assets/Oculus/VR/Scripts/OVRHumanBodyBonesMappings.cs
  artifactKey: Guid(f2e3477ad4486b44f9ddd3073d05c8e5) Importer(2089858483,0ecaa5967403d082aa24f35e1b516d23)
Start importing Assets/Oculus/VR/Scripts/OVRHumanBodyBonesMappings.cs using Guid(f2e3477ad4486b44f9ddd3073d05c8e5) Importer(2089858483,0ecaa5967403d082aa24f35e1b516d23) [PhysX] Initialized MultithreadedTaskDispatcher with 32 workers.
 -> (artifact id: '5e5da2d26d51ea039624de008c98facd') in 0.014490 seconds
Number of updated asset objects reloaded before import = 0
Number of asset objects unloaded after import = 1
========================================================================
Received Import Request.
  Time since last request: 0.000021 seconds.
  path: Assets/Oculus/VR/Shaders/OVRColorRampAlpha.shader
  artifactKey: Guid(b95caf64e2cc3614892026a94bb2be84) Importer(2089858483,0ecaa5967403d082aa24f35e1b516d23)
Start importing Assets/Oculus/VR/Shaders/OVRColorRampAlpha.shader using Guid(b95caf64e2cc3614892026a94bb2be84) Importer(2089858483,0ecaa5967403d082aa24f35e1b516d23) [PhysX] Initialized MultithreadedTaskDispatcher with 32 workers.
 -> (artifact id: 'a8e1b4e4e51d0189d44e5ac9803f94a6') in 0.017977 seconds
Number of updated asset objects reloaded before import = 0
Number of asset objects unloaded after import = 1
========================================================================
Received Import Request.
  Time since last request: 0.000223 seconds.
  path: Assets/Oculus/VR/Materials/SelfieImage.mat
  artifactKey: Guid(52ef173c94de14120b0d05f281d20054) Importer(2089858483,0ecaa5967403d082aa24f35e1b516d23)
Start importing Assets/Oculus/VR/Materials/SelfieImage.mat using Guid(52ef173c94de14120b0d05f281d20054) Importer(2089858483,0ecaa5967403d082aa24f35e1b516d23) [PhysX] Initialized MultithreadedTaskDispatcher with 32 workers.
 -> (artifact id: 'e80a3b6cafa9e757901346a2f635397c') in 0.017959 seconds
Number of updated asset objects reloaded before import = 0
Number of asset objects unloaded after import = 2
========================================================================
Received Import Request.
  Time since last request: 0.000022 seconds.
  path: Assets/Oculus/VR/Textures/SelfieImage.renderTexture
  artifactKey: Guid(57e76b1057d5b458badbc9979747256e) Importer(2089858483,0ecaa5967403d082aa24f35e1b516d23)
Start importing Assets/Oculus/VR/Textures/SelfieImage.renderTexture using Guid(57e76b1057d5b458badbc9979747256e) Importer(2089858483,0ecaa5967403d082aa24f35e1b516d23) [PhysX] Initialized MultithreadedTaskDispatcher with 32 workers.
 -> (artifact id: '5fbc8be1407a96e7626a1ed56dcf4ac8') in 0.019579 seconds
Number of updated asset objects reloaded before import = 0
Number of asset objects unloaded after import = 1
========================================================================
Received Import Request.
  Time since last request: 0.000062 seconds.
  path: Assets/Oculus/VR/Editor/OVRSystemProfilerPanel.cs
  artifactKey: Guid(60f797c78d731a54e9d4a949cfa2f989) Importer(2089858483,0ecaa5967403d082aa24f35e1b516d23)
Start importing Assets/Oculus/VR/Editor/OVRSystemProfilerPanel.cs using Guid(60f797c78d731a54e9d4a949cfa2f989) Importer(2089858483,0ecaa5967403d082aa24f35e1b516d23) [PhysX] Initialized MultithreadedTaskDispatcher with 32 workers.
 -> (artifact id: '9da1d2c9f171abc2fa20ee90b50bf824') in 0.011898 seconds
Number of updated asset objects reloaded before import = 0
Number of asset objects unloaded after import = 1
========================================================================
Received Import Request.
  Time since last request: 0.000021 seconds.
  path: Assets/Oculus/VR/Scenes/HandTest.unity
  artifactKey: Guid(b9a31e08066d6e343a208d34ec298f09) Importer(2089858483,0ecaa5967403d082aa24f35e1b516d23)
Start importing Assets/Oculus/VR/Scenes/HandTest.unity using Guid(b9a31e08066d6e343a208d34ec298f09) Importer(2089858483,0ecaa5967403d082aa24f35e1b516d23) [PhysX] Initialized MultithreadedTaskDispatcher with 32 workers.
 -> (artifact id: 'dd14354612f14aaaaf292fc3dd91c880') in 0.012350 seconds
Number of updated asset objects reloaded before import = 0
Number of asset objects unloaded after import = 1
========================================================================
Received Import Request.
  Time since last request: 0.000088 seconds.
  path: Assets/Oculus/VR/Editor/OVRPlatformToolSettings.cs
  artifactKey: Guid(cd7bb81df5b74b34dadbf531f381a26b) Importer(2089858483,0ecaa5967403d082aa24f35e1b516d23)
Start importing Assets/Oculus/VR/Editor/OVRPlatformToolSettings.cs using Guid(cd7bb81df5b74b34dadbf531f381a26b) Importer(2089858483,0ecaa5967403d082aa24f35e1b516d23) [PhysX] Initialized MultithreadedTaskDispatcher with 32 workers.
 -> (artifact id: '6238d177983dbf3bd8da53a66b350dbd') in 0.013139 seconds
Number of updated asset objects reloaded before import = 0
Number of asset objects unloaded after import = 1
========================================================================
Received Import Request.
  Time since last request: 0.000087 seconds.
  path: Assets/Oculus/VR/Editor/OVRPluginInfoOpenXR.cs
  artifactKey: Guid(f05f0fff583e4150b39f688e9d4412ab) Importer(2089858483,0ecaa5967403d082aa24f35e1b516d23)
Start importing Assets/Oculus/VR/Editor/OVRPluginInfoOpenXR.cs using Guid(f05f0fff583e4150b39f688e9d4412ab) Importer(2089858483,0ecaa5967403d082aa24f35e1b516d23) [PhysX] Initialized MultithreadedTaskDispatcher with 32 workers.
 -> (artifact id: 'f9a20b34ddf2ca295cd8dde377a13d1e') in 0.009301 seconds
Number of updated asset objects reloaded before import = 0
Number of asset objects unloaded after import = 1
========================================================================
Received Import Request.
  Time since last request: 0.000088 seconds.
  path: Assets/Oculus/VR/Resources/Cubemap Blit.shader
  artifactKey: Guid(561ccac587275c745aec500620f12fc7) Importer(2089858483,0ecaa5967403d082aa24f35e1b516d23)
Start importing Assets/Oculus/VR/Resources/Cubemap Blit.shader using Guid(561ccac587275c745aec500620f12fc7) Importer(2089858483,0ecaa5967403d082aa24f35e1b516d23) [PhysX] Initialized MultithreadedTaskDispatcher with 32 workers.
 -> (artifact id: '20b654f0f5e93674f1698b69f56cd688') in 0.013915 seconds
Number of updated asset objects reloaded before import = 0
Number of asset objects unloaded after import = 1
========================================================================
Received Import Request.
  Time since last request: 0.000072 seconds.
  path: Assets/Oculus/VR/Scripts/OVRMixedReality.cs
  artifactKey: Guid(5daf6258e951ab84bb8b3e3b03386396) Importer(2089858483,0ecaa5967403d082aa24f35e1b516d23)
Start importing Assets/Oculus/VR/Scripts/OVRMixedReality.cs using Guid(5daf6258e951ab84bb8b3e3b03386396) Importer(2089858483,0ecaa5967403d082aa24f35e1b516d23) [PhysX] Initialized MultithreadedTaskDispatcher with 32 workers.
 -> (artifact id: '33a76e45f7ea51ac2dd5d97c89427acb') in 0.011179 seconds
Number of updated asset objects reloaded before import = 0
Number of asset objects unloaded after import = 1
========================================================================
Received Import Request.
  Time since last request: 0.000155 seconds.
  path: Assets/Oculus/VR/Scripts/OVRPointerVisualizer.cs
  artifactKey: Guid(12283131fa5724f44b343883ae474072) Importer(2089858483,0ecaa5967403d082aa24f35e1b516d23)
Start importing Assets/Oculus/VR/Scripts/OVRPointerVisualizer.cs using Guid(12283131fa5724f44b343883ae474072) Importer(2089858483,0ecaa5967403d082aa24f35e1b516d23) [PhysX] Initialized MultithreadedTaskDispatcher with 32 workers.
 -> (artifact id: '805e5d02e9f71ef97b060b2459eda0dc') in 0.012247 seconds
Number of updated asset objects reloaded before import = 0
Number of asset objects unloaded after import = 1
========================================================================
Received Import Request.
  Time since last request: 0.000167 seconds.
  path: Assets/Oculus/VR/Scripts/OVRCommon.cs
  artifactKey: Guid(176f8d665b1d78048b1e87956698df6b) Importer(2089858483,0ecaa5967403d082aa24f35e1b516d23)
Start importing Assets/Oculus/VR/Scripts/OVRCommon.cs using Guid(176f8d665b1d78048b1e87956698df6b) Importer(2089858483,0ecaa5967403d082aa24f35e1b516d23) [PhysX] Initialized MultithreadedTaskDispatcher with 32 workers.
 -> (artifact id: 'd1ee4f8db646b6134cc0fbc92027a0aa') in 0.014378 seconds
Number of updated asset objects reloaded before import = 0
Number of asset objects unloaded after import = 1
========================================================================
Received Import Request.
  Time since last request: 0.000118 seconds.
  path: Assets/Oculus/VR/Editor/OVRUpgradePrompt.cs
  artifactKey: Guid(d134fa77d4daeb3438e46370381147bd) Importer(2089858483,0ecaa5967403d082aa24f35e1b516d23)
Start importing Assets/Oculus/VR/Editor/OVRUpgradePrompt.cs using Guid(d134fa77d4daeb3438e46370381147bd) Importer(2089858483,0ecaa5967403d082aa24f35e1b516d23) [PhysX] Initialized MultithreadedTaskDispatcher with 32 workers.
 -> (artifact id: '03d2b4001bc16a27fb919c5825123f31') in 0.015620 seconds
Number of updated asset objects reloaded before import = 0
Number of asset objects unloaded after import = 1
========================================================================
Received Import Request.
  Time since last request: 0.000036 seconds.
  path: Assets/Oculus/VR/Resources/OVRMRCameraFrameLit.shader
  artifactKey: Guid(a8577c885e80d8043946ac5b7abcf9a1) Importer(2089858483,0ecaa5967403d082aa24f35e1b516d23)
Start importing Assets/Oculus/VR/Resources/OVRMRCameraFrameLit.shader using Guid(a8577c885e80d8043946ac5b7abcf9a1) Importer(2089858483,0ecaa5967403d082aa24f35e1b516d23) [PhysX] Initialized MultithreadedTaskDispatcher with 32 workers.
 -> (artifact id: 'da8dfbff3fc4afbe3a71cf8a4ba2a780') in 0.012388 seconds
Number of updated asset objects reloaded before import = 0
Number of asset objects unloaded after import = 1
========================================================================
Received Import Request.
  Time since last request: 2.602885 seconds.
  path: Assets/Oculus/AudioManager/Scripts/Utils/FastList.cs
  artifactKey: Guid(5ad95fb7eea735748bd34c963525ea21) Importer(2089858483,0ecaa5967403d082aa24f35e1b516d23)
Start importing Assets/Oculus/AudioManager/Scripts/Utils/FastList.cs using Guid(5ad95fb7eea735748bd34c963525ea21) Importer(2089858483,0ecaa5967403d082aa24f35e1b516d23) [PhysX] Initialized MultithreadedTaskDispatcher with 32 workers.
 -> (artifact id: 'cce1ee5fb13e4c0cb024badbeb26a37b') in 0.017476 seconds
Number of updated asset objects reloaded before import = 0
Number of asset objects unloaded after import = 1
========================================================================
Received Import Request.
  Time since last request: 0.000651 seconds.
  path: Assets/Oculus/Interaction/Runtime/ThirdParty/Box2DSignedDistance.cginc
  artifactKey: Guid(08ccfd326dc882d47941507381213d87) Importer(2089858483,0ecaa5967403d082aa24f35e1b516d23)
Start importing Assets/Oculus/Interaction/Runtime/ThirdParty/Box2DSignedDistance.cginc using Guid(08ccfd326dc882d47941507381213d87) Importer(2089858483,0ecaa5967403d082aa24f35e1b516d23) [PhysX] Initialized MultithreadedTaskDispatcher with 32 workers.
 -> (artifact id: '80012bfec30ecdce534c0379d2a54047') in 0.030544 seconds
Number of updated asset objects reloaded before import = 0
Number of asset objects unloaded after import = 1
========================================================================
Received Import Request.
  Time since last request: 0.000186 seconds.
  path: Assets/Oculus/Interaction/Runtime/Materials/CrossMaterial.mat
  artifactKey: Guid(23530cc4d61a63f4c946ccd1b0315b38) Importer(2089858483,0ecaa5967403d082aa24f35e1b516d23)
Start importing Assets/Oculus/Interaction/Runtime/Materials/CrossMaterial.mat using Guid(23530cc4d61a63f4c946ccd1b0315b38) Importer(2089858483,0ecaa5967403d082aa24f35e1b516d23) [PhysX] Initialized MultithreadedTaskDispatcher with 32 workers.
 -> (artifact id: 'afbaf8b8afbaaa96c60130a3c4a86284') in 0.021545 seconds
Number of updated asset objects reloaded before import = 0
Number of asset objects unloaded after import = 1
========================================================================
Received Import Request.
  Time since last request: 0.000174 seconds.
  path: Assets/Oculus/Interaction/Editor/Utils/ConditionalHideDrawer.cs
  artifactKey: Guid(535f01ebc6c6b8847bc072a54a558e8e) Importer(2089858483,0ecaa5967403d082aa24f35e1b516d23)
Start importing Assets/Oculus/Interaction/Editor/Utils/ConditionalHideDrawer.cs using Guid(535f01ebc6c6b8847bc072a54a558e8e) Importer(2089858483,0ecaa5967403d082aa24f35e1b516d23) [PhysX] Initialized MultithreadedTaskDispatcher with 32 workers.
 -> (artifact id: '674253de3493e80f9482da622ff2e2b3') in 0.022909 seconds
Number of updated asset objects reloaded before import = 0
Number of asset objects unloaded after import = 1
========================================================================
Received Import Request.
  Time since last request: 0.000202 seconds.
  path: Assets/Oculus/Interaction/Samples/Objects/LargeRoom.prefab
  artifactKey: Guid(a912065df8e0b4b4385507810e31c60d) Importer(2089858483,0ecaa5967403d082aa24f35e1b516d23)
Start importing Assets/Oculus/Interaction/Samples/Objects/LargeRoom.prefab using Guid(a912065df8e0b4b4385507810e31c60d) Importer(2089858483,0ecaa5967403d082aa24f35e1b516d23) [PhysX] Initialized MultithreadedTaskDispatcher with 32 workers.
 -> (artifact id: 'e169b769e9c593ac580a0513a6833649') in 0.109392 seconds
Number of updated asset objects reloaded before import = 0
Number of asset objects unloaded after import = 697
========================================================================
Received Import Request.
  Time since last request: 0.000027 seconds.
  path: Assets/Oculus/Interaction/Samples/Animations/LocationDoorOpen.anim
  artifactKey: Guid(a55fde079c3baf04887339a6bfe8a761) Importer(2089858483,0ecaa5967403d082aa24f35e1b516d23)
Start importing Assets/Oculus/Interaction/Samples/Animations/LocationDoorOpen.anim using Guid(a55fde079c3baf04887339a6bfe8a761) Importer(2089858483,0ecaa5967403d082aa24f35e1b516d23) [PhysX] Initialized MultithreadedTaskDispatcher with 32 workers.
 -> (artifact id: 'ae7fd5917f0c6d233406de87f9961feb') in 0.023249 seconds
Number of updated asset objects reloaded before import = 0
Number of asset objects unloaded after import = 1
========================================================================
Received Import Request.
  Time since last request: 0.000032 seconds.
  path: Assets/Oculus/Interaction/Samples/Scripts/AudioTrigger.cs
  artifactKey: Guid(925ef87c5bafc37469a2f7ec825dee4b) Importer(2089858483,0ecaa5967403d082aa24f35e1b516d23)
Start importing Assets/Oculus/Interaction/Samples/Scripts/AudioTrigger.cs using Guid(925ef87c5bafc37469a2f7ec825dee4b) Importer(2089858483,0ecaa5967403d082aa24f35e1b516d23) [PhysX] Initialized MultithreadedTaskDispatcher with 32 workers.
 -> (artifact id: '65d42aaec72389c89d1ee2df7638c28a') in 0.007840 seconds
Number of updated asset objects reloaded before import = 0
Number of asset objects unloaded after import = 1
========================================================================
Received Import Request.
  Time since last request: 0.000138 seconds.
  path: Assets/Oculus/Interaction/Runtime/Materials/Unlit Material.mat
  artifactKey: Guid(f0d16396e840d534aa085e8f2c700786) Importer(2089858483,0ecaa5967403d082aa24f35e1b516d23)
Start importing Assets/Oculus/Interaction/Runtime/Materials/Unlit Material.mat using Guid(f0d16396e840d534aa085e8f2c700786) Importer(2089858483,0ecaa5967403d082aa24f35e1b516d23) [PhysX] Initialized MultithreadedTaskDispatcher with 32 workers.
 -> (artifact id: '2486fdd9c45fc7e5f18a6adad288baf7') in 0.011808 seconds
Number of updated asset objects reloaded before import = 0
Number of asset objects unloaded after import = 1
========================================================================
Received Import Request.
  Time since last request: 0.000081 seconds.
  path: Assets/Oculus/Interaction/Editor/Surfaces/PlaneSurfaceEditor.cs
  artifactKey: Guid(cc41df2906bfe5d4a97191241199d6bd) Importer(2089858483,0ecaa5967403d082aa24f35e1b516d23)
Start importing Assets/Oculus/Interaction/Editor/Surfaces/PlaneSurfaceEditor.cs using Guid(cc41df2906bfe5d4a97191241199d6bd) Importer(2089858483,0ecaa5967403d082aa24f35e1b516d23) [PhysX] Initialized MultithreadedTaskDispatcher with 32 workers.
 -> (artifact id: 'b10431176814b90d4edba94d20e3ab3e') in 0.010908 seconds
Number of updated asset objects reloaded before import = 0
Number of asset objects unloaded after import = 1
========================================================================
Received Import Request.
  Time since last request: 0.000044 seconds.
  path: Assets/Oculus/Interaction/Samples/Materials/HandStopParticle.mat
  artifactKey: Guid(e42185d31895c2d4cbbcd05d29a4c115) Importer(2089858483,0ecaa5967403d082aa24f35e1b516d23)
Start importing Assets/Oculus/Interaction/Samples/Materials/HandStopParticle.mat using Guid(e42185d31895c2d4cbbcd05d29a4c115) Importer(2089858483,0ecaa5967403d082aa24f35e1b516d23) [PhysX] Initialized MultithreadedTaskDispatcher with 32 workers.
 -> (artifact id: '61a07058c15fb513981e3ccb353a0ee2') in 0.014041 seconds
Number of updated asset objects reloaded before import = 0
Number of asset objects unloaded after import = 2
========================================================================
Received Import Request.
  Time since last request: 0.000021 seconds.
  path: Assets/Oculus/Interaction/Samples/Scripts/EnableTargetOnStart.cs
  artifactKey: Guid(2e81f6da227209c49bdc78260f44e85b) Importer(2089858483,0ecaa5967403d082aa24f35e1b516d23)
Start importing Assets/Oculus/Interaction/Samples/Scripts/EnableTargetOnStart.cs using Guid(2e81f6da227209c49bdc78260f44e85b) Importer(2089858483,0ecaa5967403d082aa24f35e1b516d23) [PhysX] Initialized MultithreadedTaskDispatcher with 32 workers.
 -> (artifact id: '2c5ebedc129d1f05c7e20828eba2d706') in 0.010237 seconds
Number of updated asset objects reloaded before import = 0
Number of asset objects unloaded after import = 1
========================================================================
Received Import Request.
  Time since last request: 0.000162 seconds.
  path: Assets/Oculus/Interaction/Runtime/Meshes/HandRight.asset
  artifactKey: Guid(9e4109dbfa83c074d8cc6752d94eed89) Importer(2089858483,0ecaa5967403d082aa24f35e1b516d23)
Start importing Assets/Oculus/Interaction/Runtime/Meshes/HandRight.asset using Guid(9e4109dbfa83c074d8cc6752d94eed89) Importer(2089858483,0ecaa5967403d082aa24f35e1b516d23) [PhysX] Initialized MultithreadedTaskDispatcher with 32 workers.
 -> (artifact id: '75628ba7813efe280de4730210896592') in 0.015633 seconds
Number of updated asset objects reloaded before import = 0
Number of asset objects unloaded after import = 1
========================================================================
Received Import Request.
  Time since last request: 0.000133 seconds.
  path: Assets/Oculus/Interaction/Editor/Hands/FromHandPrefabDataSourceEditor.cs
  artifactKey: Guid(7b1127eced26c0748b86cc88310b1711) Importer(2089858483,0ecaa5967403d082aa24f35e1b516d23)
Start importing Assets/Oculus/Interaction/Editor/Hands/FromHandPrefabDataSourceEditor.cs using Guid(7b1127eced26c0748b86cc88310b1711) Importer(2089858483,0ecaa5967403d082aa24f35e1b516d23) [PhysX] Initialized MultithreadedTaskDispatcher with 32 workers.
 -> (artifact id: 'de814d7a741fd1ac95d9a9559dbb300e') in 0.012080 seconds
Number of updated asset objects reloaded before import = 0
Number of asset objects unloaded after import = 1
========================================================================
Received Import Request.
  Time since last request: 0.000025 seconds.
  path: Assets/Oculus/Interaction/Runtime/Prefabs/Hands.prefab
  artifactKey: Guid(b57bba87873244d4f875b20cb0460ecc) Importer(2089858483,0ecaa5967403d082aa24f35e1b516d23)
Start importing Assets/Oculus/Interaction/Runtime/Prefabs/Hands.prefab using Guid(b57bba87873244d4f875b20cb0460ecc) Importer(2089858483,0ecaa5967403d082aa24f35e1b516d23) [PhysX] Initialized MultithreadedTaskDispatcher with 32 workers.
 -> (artifact id: 'ca9bb4f2cd0d68ac424b0c5bec74c6ac') in 0.011405 seconds
Number of updated asset objects reloaded before import = 0
Number of asset objects unloaded after import = 36
========================================================================
Received Import Request.
  Time since last request: 0.000018 seconds.
  path: Assets/Oculus/Interaction/Editor/Surfaces/CylinderClipperEditor.cs
  artifactKey: Guid(8a426a292deba194c9b8e1e270b692dc) Importer(2089858483,0ecaa5967403d082aa24f35e1b516d23)
Start importing Assets/Oculus/Interaction/Editor/Surfaces/CylinderClipperEditor.cs using Guid(8a426a292deba194c9b8e1e270b692dc) Importer(2089858483,0ecaa5967403d082aa24f35e1b516d23) [PhysX] Initialized MultithreadedTaskDispatcher with 32 workers.
 -> (artifact id: '3367e83d8737c795c46a0eb54d6488fe') in 0.015650 seconds
Number of updated asset objects reloaded before import = 0
Number of asset objects unloaded after import = 1
========================================================================
Received Import Request.
  Time since last request: 0.000022 seconds.
  path: Assets/Oculus/Interaction/Runtime/Materials/GrabDebugSphere.mat
  artifactKey: Guid(f4b49debff9d269449879fc6f5991a83) Importer(2089858483,0ecaa5967403d082aa24f35e1b516d23)
Start importing Assets/Oculus/Interaction/Runtime/Materials/GrabDebugSphere.mat using Guid(f4b49debff9d269449879fc6f5991a83) Importer(2089858483,0ecaa5967403d082aa24f35e1b516d23) [PhysX] Initialized MultithreadedTaskDispatcher with 32 workers.
 -> (artifact id: 'fa55e2c99b0dac2dce5e1dfb47eee8cb') in 0.012274 seconds
Number of updated asset objects reloaded before import = 0
Number of asset objects unloaded after import = 1
========================================================================
Received Import Request.
  Time since last request: 0.000117 seconds.
  path: Assets/Oculus/Interaction/Samples/Scripts/AudioPhysics.cs
  artifactKey: Guid(5c94ad25aabf9b34eb79cd433132dee6) Importer(2089858483,0ecaa5967403d082aa24f35e1b516d23)
Start importing Assets/Oculus/Interaction/Samples/Scripts/AudioPhysics.cs using Guid(5c94ad25aabf9b34eb79cd433132dee6) Importer(2089858483,0ecaa5967403d082aa24f35e1b516d23) [PhysX] Initialized MultithreadedTaskDispatcher with 32 workers.
 -> (artifact id: 'a5101feaadefaf6951c65bb6848f097c') in 0.011098 seconds
Number of updated asset objects reloaded before import = 0
Number of asset objects unloaded after import = 1
========================================================================
Received Import Request.
  Time since last request: 0.000103 seconds.
  path: Assets/Oculus/Interaction/OVRIntegration/Editor/Oculus.Interaction.OVR.Editor.asmdef
  artifactKey: Guid(ac6f6d26602ccd34383cd68b90e9941b) Importer(2089858483,0ecaa5967403d082aa24f35e1b516d23)
Start importing Assets/Oculus/Interaction/OVRIntegration/Editor/Oculus.Interaction.OVR.Editor.asmdef using Guid(ac6f6d26602ccd34383cd68b90e9941b) Importer(2089858483,0ecaa5967403d082aa24f35e1b516d23) [PhysX] Initialized MultithreadedTaskDispatcher with 32 workers.
 -> (artifact id: '00140a359e5cb59d91464055516bc7d9') in 0.011900 seconds
Number of updated asset objects reloaded before import = 0
Number of asset objects unloaded after import = 1
========================================================================
Received Import Request.
  Time since last request: 0.000093 seconds.
  path: Assets/Oculus/Interaction/Samples/Materials/RockParticle.mat
  artifactKey: Guid(31ff569f83d7a3b46b1d8a0a65000e8d) Importer(2089858483,0ecaa5967403d082aa24f35e1b516d23)
Start importing Assets/Oculus/Interaction/Samples/Materials/RockParticle.mat using Guid(31ff569f83d7a3b46b1d8a0a65000e8d) Importer(2089858483,0ecaa5967403d082aa24f35e1b516d23) [PhysX] Initialized MultithreadedTaskDispatcher with 32 workers.
 -> (artifact id: '401f48f51cb02ef0876b4a6725466617') in 0.028638 seconds
Number of updated asset objects reloaded before import = 0
Number of asset objects unloaded after import = 2
========================================================================
Received Import Request.
  Time since last request: 0.000120 seconds.
  path: Assets/Oculus/Interaction/Samples/Materials/PaperParticle.mat
  artifactKey: Guid(e616a4eb1b541bc498887ab3e34dfd70) Importer(2089858483,0ecaa5967403d082aa24f35e1b516d23)
Start importing Assets/Oculus/Interaction/Samples/Materials/PaperParticle.mat using Guid(e616a4eb1b541bc498887ab3e34dfd70) Importer(2089858483,0ecaa5967403d082aa24f35e1b516d23) [PhysX] Initialized MultithreadedTaskDispatcher with 32 workers.
 -> (artifact id: '491723c2d6d8942f67f0ed35d8b17188') in 0.011712 seconds
Number of updated asset objects reloaded before import = 0
Number of asset objects unloaded after import = 2
========================================================================
Received Import Request.
  Time since last request: 0.000218 seconds.
  path: Assets/Oculus/Interaction/Editor/PoseDetection/FingerFeatureStateThresholdsEditor.cs
  artifactKey: Guid(7a4a7445af8149e0887018ba0cba6abb) Importer(2089858483,0ecaa5967403d082aa24f35e1b516d23)
Start importing Assets/Oculus/Interaction/Editor/PoseDetection/FingerFeatureStateThresholdsEditor.cs using Guid(7a4a7445af8149e0887018ba0cba6abb) Importer(2089858483,0ecaa5967403d082aa24f35e1b516d23) [PhysX] Initialized MultithreadedTaskDispatcher with 32 workers.
 -> (artifact id: 'bd1b110d95751e884d3061cc209bb500') in 0.009461 seconds
Number of updated asset objects reloaded before import = 0
Number of asset objects unloaded after import = 1
========================================================================
Received Import Request.
  Time since last request: 0.000115 seconds.
  path: Assets/Oculus/Interaction/Editor/PackageUtils/PackageCleanup.cs
  artifactKey: Guid(e9dd3eed68fab7d40a0c5d750d3f478d) Importer(2089858483,0ecaa5967403d082aa24f35e1b516d23)
Start importing Assets/Oculus/Interaction/Editor/PackageUtils/PackageCleanup.cs using Guid(e9dd3eed68fab7d40a0c5d750d3f478d) Importer(2089858483,0ecaa5967403d082aa24f35e1b516d23) [PhysX] Initialized MultithreadedTaskDispatcher with 32 workers.
 -> (artifact id: '1542482b8ab982a14bde8f9dae529486') in 0.017377 seconds
Number of updated asset objects reloaded before import = 0
Number of asset objects unloaded after import = 1
========================================================================
Received Import Request.
  Time since last request: 0.000186 seconds.
  path: Assets/Oculus/Interaction/Runtime/Materials/HotspotMaterial.mat
  artifactKey: Guid(099a76900c67577498a4e81d119935d6) Importer(2089858483,0ecaa5967403d082aa24f35e1b516d23)
Start importing Assets/Oculus/Interaction/Runtime/Materials/HotspotMaterial.mat using Guid(099a76900c67577498a4e81d119935d6) Importer(2089858483,0ecaa5967403d082aa24f35e1b516d23) [PhysX] Initialized MultithreadedTaskDispatcher with 32 workers.
 -> (artifact id: '1317002c8cef35c67056792c37dd8db5') in 0.016937 seconds
Number of updated asset objects reloaded before import = 0
Number of asset objects unloaded after import = 2
========================================================================
Received Import Request.
  Time since last request: 0.000028 seconds.
  path: Assets/Oculus/Interaction/Runtime/Materials/OculusHandDebug.mat
  artifactKey: Guid(955dc62c6d15d7940a00920925eab81c) Importer(2089858483,0ecaa5967403d082aa24f35e1b516d23)
Start importing Assets/Oculus/Interaction/Runtime/Materials/OculusHandDebug.mat using Guid(955dc62c6d15d7940a00920925eab81c) Importer(2089858483,0ecaa5967403d082aa24f35e1b516d23) [PhysX] Initialized MultithreadedTaskDispatcher with 32 workers.
 -> (artifact id: 'c4fd6dc9b78c88aea321e996fc399b0b') in 0.013051 seconds
Number of updated asset objects reloaded before import = 0
Number of asset objects unloaded after import = 1
========================================================================
Received Import Request.
  Time since last request: 2.485902 seconds.
  path: Assets/Oculus/Interaction/Samples/Scripts/SamplesInfoPanel.cs
  artifactKey: Guid(dc3d610027e65de40bcf0a2bc84ff198) Importer(2089858483,0ecaa5967403d082aa24f35e1b516d23)
Start importing Assets/Oculus/Interaction/Samples/Scripts/SamplesInfoPanel.cs using Guid(dc3d610027e65de40bcf0a2bc84ff198) Importer(2089858483,0ecaa5967403d082aa24f35e1b516d23) [PhysX] Initialized MultithreadedTaskDispatcher with 32 workers.
 -> (artifact id: 'b42d6318bf2b8d2c9ffad564b869c22b') in 0.024973 seconds
Number of updated asset objects reloaded before import = 0
Number of asset objects unloaded after import = 1
========================================================================
Received Import Request.
  Time since last request: 0.000692 seconds.
  path: Assets/Oculus/LipSync/Models/RobotHead_TextureFlip/RR.png
  artifactKey: Guid(6d47a54f2b89a59459fd7561d360bab2) Importer(2089858483,0ecaa5967403d082aa24f35e1b516d23)
Start importing Assets/Oculus/LipSync/Models/RobotHead_TextureFlip/RR.png using Guid(6d47a54f2b89a59459fd7561d360bab2) Importer(2089858483,0ecaa5967403d082aa24f35e1b516d23) [PhysX] Initialized MultithreadedTaskDispatcher with 32 workers.
 -> (artifact id: 'ca2b003771152ff44369595b658b1aae') in 0.062594 seconds
Number of updated asset objects reloaded before import = 0
Number of asset objects unloaded after import = 1
========================================================================
Received Import Request.
  Time since last request: 0.000066 seconds.
  path: Assets/Oculus/LipSync/Models/RobotHead_TextureFlip/ou.png
  artifactKey: Guid(660be1fdb8590b14bab012a991bdeb86) Importer(2089858483,0ecaa5967403d082aa24f35e1b516d23)
Start importing Assets/Oculus/LipSync/Models/RobotHead_TextureFlip/ou.png using Guid(660be1fdb8590b14bab012a991bdeb86) Importer(2089858483,0ecaa5967403d082aa24f35e1b516d23) [PhysX] Initialized MultithreadedTaskDispatcher with 32 workers.
 -> (artifact id: '5763180f73b699cb7ade9d9039b304c9') in 0.018911 seconds
Number of updated asset objects reloaded before import = 0
Number of asset objects unloaded after import = 1
========================================================================
Received Import Request.
  Time since last request: 0.000081 seconds.
  path: Assets/Oculus/Spatializer/scenes/mixers/SpatializerMixer.mixer
  artifactKey: Guid(1dd706bb85d8aef4e83a6229dbd62c36) Importer(2089858483,0ecaa5967403d082aa24f35e1b516d23)
Start importing Assets/Oculus/Spatializer/scenes/mixers/SpatializerMixer.mixer using Guid(1dd706bb85d8aef4e83a6229dbd62c36) Importer(2089858483,0ecaa5967403d082aa24f35e1b516d23) [PhysX] Initialized MultithreadedTaskDispatcher with 32 workers.
Refreshing native plugins compatible for Editor in 38.03 ms, found 8 plugins.
Preloading 2 native plugins for Editor in 0.86 ms.
 -> (artifact id: '67747b6d23ae87429203975ceac540e2') in 0.076031 seconds
Number of updated asset objects reloaded before import = 0
Number of asset objects unloaded after import = 7
========================================================================
Received Import Request.
  Time since last request: 0.000017 seconds.
  path: Assets/Oculus/Spatializer/scripts/helpers/ONSPReflectionZone.cs
  artifactKey: Guid(cfc03cf517e91a64ba53fc31e61657ea) Importer(2089858483,0ecaa5967403d082aa24f35e1b516d23)
Start importing Assets/Oculus/Spatializer/scripts/helpers/ONSPReflectionZone.cs using Guid(cfc03cf517e91a64ba53fc31e61657ea) Importer(2089858483,0ecaa5967403d082aa24f35e1b516d23) [PhysX] Initialized MultithreadedTaskDispatcher with 32 workers.
 -> (artifact id: 'cb922beeed8a962fc9ce8df608b2817f') in 0.012271 seconds
Number of updated asset objects reloaded before import = 0
Number of asset objects unloaded after import = 1
========================================================================
Received Import Request.
  Time since last request: 0.000193 seconds.
  path: Assets/Oculus/SampleFramework/Usage/TouchPro/LocalizedHapticsSample.unity
  artifactKey: Guid(11d7e44745b2f574db3a261b31ca4fd9) Importer(2089858483,0ecaa5967403d082aa24f35e1b516d23)
Start importing Assets/Oculus/SampleFramework/Usage/TouchPro/LocalizedHapticsSample.unity using Guid(11d7e44745b2f574db3a261b31ca4fd9) Importer(2089858483,0ecaa5967403d082aa24f35e1b516d23) [PhysX] Initialized MultithreadedTaskDispatcher with 32 workers.
 -> (artifact id: '0447bc45d922c9465247b9b55144c2fc') in 0.010120 seconds
Number of updated asset objects reloaded before import = 0
Number of asset objects unloaded after import = 1
========================================================================
Received Import Request.
  Time since last request: 0.000044 seconds.
  path: Assets/Oculus/Platform/Scripts/Models/AssetFileDeleteResult.cs
  artifactKey: Guid(a64ebca65bbe4334394aa3648ff7733f) Importer(2089858483,0ecaa5967403d082aa24f35e1b516d23)
Start importing Assets/Oculus/Platform/Scripts/Models/AssetFileDeleteResult.cs using Guid(a64ebca65bbe4334394aa3648ff7733f) Importer(2089858483,0ecaa5967403d082aa24f35e1b516d23) [PhysX] Initialized MultithreadedTaskDispatcher with 32 workers.
 -> (artifact id: '114c676e6c86c2cf1f7b8757be194597') in 0.013942 seconds
Number of updated asset objects reloaded before import = 0
Number of asset objects unloaded after import = 1
========================================================================
Received Import Request.
  Time since last request: 0.000059 seconds.
  path: Assets/Oculus/SampleFramework/Core/Locomotion/TeleportLaser.prefab
  artifactKey: Guid(95b2b00d2fc56fa4c806f2cda99f5f89) Importer(2089858483,0ecaa5967403d082aa24f35e1b516d23)
Start importing Assets/Oculus/SampleFramework/Core/Locomotion/TeleportLaser.prefab using Guid(95b2b00d2fc56fa4c806f2cda99f5f89) Importer(2089858483,0ecaa5967403d082aa24f35e1b516d23) [PhysX] Initialized MultithreadedTaskDispatcher with 32 workers.
 -> (artifact id: 'ae2cd9cda8ea52c4228d1243b20daeff') in 0.037423 seconds
Number of updated asset objects reloaded before import = 0
Number of asset objects unloaded after import = 5
========================================================================
Received Import Request.
  Time since last request: 0.000023 seconds.
  path: Assets/Oculus/Platform/Scripts/Models/MatchmakingEnqueueResultAndRoom.cs
  artifactKey: Guid(27627f3a1bc9da84d82880eb12ab2753) Importer(2089858483,0ecaa5967403d082aa24f35e1b516d23)
Start importing Assets/Oculus/Platform/Scripts/Models/MatchmakingEnqueueResultAndRoom.cs using Guid(27627f3a1bc9da84d82880eb12ab2753) Importer(2089858483,0ecaa5967403d082aa24f35e1b516d23) [PhysX] Initialized MultithreadedTaskDispatcher with 32 workers.
 -> (artifact id: 'b94d145c0f902a0f78d5810af9923cc1') in 0.012660 seconds
Number of updated asset objects reloaded before import = 0
Number of asset objects unloaded after import = 1
========================================================================
Received Import Request.
  Time since last request: 0.000238 seconds.
  path: Assets/Oculus/Spatializer/scenes/sounds/uss.ogg
  artifactKey: Guid(f91d65267a08748519645f34d4358e48) Importer(2089858483,0ecaa5967403d082aa24f35e1b516d23)
Start importing Assets/Oculus/Spatializer/scenes/sounds/uss.ogg using Guid(f91d65267a08748519645f34d4358e48) Importer(2089858483,0ecaa5967403d082aa24f35e1b516d23) [PhysX] Initialized MultithreadedTaskDispatcher with 32 workers.
 -> (artifact id: 'f44995a6c62c7b5b0bb9bbdfb2ff4ab7') in 0.033821 seconds
Number of updated asset objects reloaded before import = 0
Number of asset objects unloaded after import = 1
========================================================================
Received Import Request.
  Time since last request: 0.000105 seconds.
  path: Assets/Oculus/Platform/Scripts/Models/LaunchBlockFlowResult.cs
  artifactKey: Guid(33b0e76fc377f0c47801c3e36866ef66) Importer(2089858483,0ecaa5967403d082aa24f35e1b516d23)
Start importing Assets/Oculus/Platform/Scripts/Models/LaunchBlockFlowResult.cs using Guid(33b0e76fc377f0c47801c3e36866ef66) Importer(2089858483,0ecaa5967403d082aa24f35e1b516d23) [PhysX] Initialized MultithreadedTaskDispatcher with 32 workers.
 -> (artifact id: '76d420a496c86b1d19d1aa528785ef4e') in 0.016413 seconds
Number of updated asset objects reloaded before import = 0
Number of asset objects unloaded after import = 1
========================================================================
Received Import Request.
  Time since last request: 0.000082 seconds.
  path: Assets/Oculus/Platform/Scripts/Models/LivestreamingStartResult.cs
  artifactKey: Guid(18a920985ce51294787433880f509191) Importer(2089858483,0ecaa5967403d082aa24f35e1b516d23)
Start importing Assets/Oculus/Platform/Scripts/Models/LivestreamingStartResult.cs using Guid(18a920985ce51294787433880f509191) Importer(2089858483,0ecaa5967403d082aa24f35e1b516d23) [PhysX] Initialized MultithreadedTaskDispatcher with 32 workers.
 -> (artifact id: 'ace8ec52d7a6be8ade5bb755513d6c48') in 0.015195 seconds
Number of updated asset objects reloaded before import = 0
Number of asset objects unloaded after import = 1
========================================================================
Received Import Request.
  Time since last request: 0.000227 seconds.
  path: Assets/Oculus/Platform/Scripts/Models/DeserializeableList.cs
  artifactKey: Guid(cd282a12ba188d842b81149d5b787daf) Importer(2089858483,0ecaa5967403d082aa24f35e1b516d23)
Start importing Assets/Oculus/Platform/Scripts/Models/DeserializeableList.cs using Guid(cd282a12ba188d842b81149d5b787daf) Importer(2089858483,0ecaa5967403d082aa24f35e1b516d23) [PhysX] Initialized MultithreadedTaskDispatcher with 32 workers.
 -> (artifact id: 'cf62d4cac9242de5d4549ec28e876af4') in 0.013000 seconds
Number of updated asset objects reloaded before import = 0
Number of asset objects unloaded after import = 1
========================================================================
Received Import Request.
  Time since last request: 0.000069 seconds.
  path: Assets/Oculus/Spatializer/Plugins/x86_64/AudioPluginOculusSpatializer.dll
  artifactKey: Guid(811c28714798fe64a87b72d2707cbb7c) Importer(2089858483,0ecaa5967403d082aa24f35e1b516d23)
Start importing Assets/Oculus/Spatializer/Plugins/x86_64/AudioPluginOculusSpatializer.dll using Guid(811c28714798fe64a87b72d2707cbb7c) Importer(2089858483,0ecaa5967403d082aa24f35e1b516d23) [PhysX] Initialized MultithreadedTaskDispatcher with 32 workers.
 -> (artifact id: 'a244b5ede928282191ae3648001c24c0') in 0.017273 seconds
Number of updated asset objects reloaded before import = 0
Number of asset objects unloaded after import = 1
========================================================================
Received Import Request.
  Time since last request: 0.000036 seconds.
  path: Assets/Oculus/Platform/Scripts/Models/LaunchUnblockFlowResult.cs
  artifactKey: Guid(6eeff2263c546f042946cdc4bcf72f98) Importer(2089858483,0ecaa5967403d082aa24f35e1b516d23)
Start importing Assets/Oculus/Platform/Scripts/Models/LaunchUnblockFlowResult.cs using Guid(6eeff2263c546f042946cdc4bcf72f98) Importer(2089858483,0ecaa5967403d082aa24f35e1b516d23) [PhysX] Initialized MultithreadedTaskDispatcher with 32 workers.
 -> (artifact id: 'b69ef68fda93cc36b0eb108523404e8a') in 0.014990 seconds
Number of updated asset objects reloaded before import = 0
Number of asset objects unloaded after import = 1
========================================================================
Received Import Request.
  Time since last request: 0.000018 seconds.
  path: Assets/Oculus/Platform/Scripts/Models/AssetFileDownloadUpdate.cs
  artifactKey: Guid(f219cac005ed9fc4b87b7cdb7285f23b) Importer(2089858483,0ecaa5967403d082aa24f35e1b516d23)
Start importing Assets/Oculus/Platform/Scripts/Models/AssetFileDownloadUpdate.cs using Guid(f219cac005ed9fc4b87b7cdb7285f23b) Importer(2089858483,0ecaa5967403d082aa24f35e1b516d23) [PhysX] Initialized MultithreadedTaskDispatcher with 32 workers.
 -> (artifact id: '74f79a58026ffa457fed9210572df54a') in 0.010100 seconds
Number of updated asset objects reloaded before import = 0
Number of asset objects unloaded after import = 1
========================================================================
Received Import Request.
  Time since last request: 0.000112 seconds.
  path: Assets/Oculus/Interaction/Samples/Textures/SCrim.png
  artifactKey: Guid(685feb2fdaa84d946a9c92cec5314c72) Importer(2089858483,0ecaa5967403d082aa24f35e1b516d23)
Start importing Assets/Oculus/Interaction/Samples/Textures/SCrim.png using Guid(685feb2fdaa84d946a9c92cec5314c72) Importer(2089858483,0ecaa5967403d082aa24f35e1b516d23) [PhysX] Initialized MultithreadedTaskDispatcher with 32 workers.
 -> (artifact id: 'b73d5fbb50c477d390ab24464519643a') in 0.021899 seconds
Number of updated asset objects reloaded before import = 0
Number of asset objects unloaded after import = 3
========================================================================
Received Import Request.
  Time since last request: 0.000056 seconds.
  path: Assets/Oculus/Platform/Scripts/Models/UserAndRoom.cs
  artifactKey: Guid(a13e8fdc4c1263e43a7f56781529a4cc) Importer(2089858483,0ecaa5967403d082aa24f35e1b516d23)
Start importing Assets/Oculus/Platform/Scripts/Models/UserAndRoom.cs using Guid(a13e8fdc4c1263e43a7f56781529a4cc) Importer(2089858483,0ecaa5967403d082aa24f35e1b516d23) [PhysX] Initialized MultithreadedTaskDispatcher with 32 workers.
 -> (artifact id: '4a9aed756e57edf04666b81616f826af') in 0.007965 seconds
Number of updated asset objects reloaded before import = 0
Number of asset objects unloaded after import = 1
========================================================================
Received Import Request.
  Time since last request: 0.000097 seconds.
  path: Assets/Oculus/Platform/Scripts/Models/RoomInviteNotification.cs
  artifactKey: Guid(71804edb58eb8d14b95bdcf4e86ceb16) Importer(2089858483,0ecaa5967403d082aa24f35e1b516d23)
Start importing Assets/Oculus/Platform/Scripts/Models/RoomInviteNotification.cs using Guid(71804edb58eb8d14b95bdcf4e86ceb16) Importer(2089858483,0ecaa5967403d082aa24f35e1b516d23) [PhysX] Initialized MultithreadedTaskDispatcher with 32 workers.
 -> (artifact id: '799f00fb5a3c58cba636c928e4e834e6') in 0.015272 seconds
Number of updated asset objects reloaded before import = 0
Number of asset objects unloaded after import = 1
========================================================================
Received Import Request.
  Time since last request: 0.000022 seconds.
  path: Assets/Oculus/Voice/Samples/Shapes/Shapes - WitConfiguration.asset
  artifactKey: Guid(a8e387d02c2ef0c4e8778528ce21524b) Importer(2089858483,0ecaa5967403d082aa24f35e1b516d23)
Start importing Assets/Oculus/Voice/Samples/Shapes/Shapes - WitConfiguration.asset using Guid(a8e387d02c2ef0c4e8778528ce21524b) Importer(2089858483,0ecaa5967403d082aa24f35e1b516d23) [PhysX] Initialized MultithreadedTaskDispatcher with 32 workers.
 -> (artifact id: '04f9c62c0acbdfc5c2ae8c516802889d') in 0.016716 seconds
Number of updated asset objects reloaded before import = 0
Number of asset objects unloaded after import = 1
========================================================================
Received Import Request.
  Time since last request: 0.000036 seconds.
  path: Assets/Oculus/Platform/Scripts/Models/CloudStorageUpdateResponse.cs
  artifactKey: Guid(f75c382fd9dda5b4b90d083821a4c4ab) Importer(2089858483,0ecaa5967403d082aa24f35e1b516d23)
Start importing Assets/Oculus/Platform/Scripts/Models/CloudStorageUpdateResponse.cs using Guid(f75c382fd9dda5b4b90d083821a4c4ab) Importer(2089858483,0ecaa5967403d082aa24f35e1b516d23) [PhysX] Initialized MultithreadedTaskDispatcher with 32 workers.
 -> (artifact id: '1b579ea304129eabbb36ffb60811a6d3') in 0.009060 seconds
Number of updated asset objects reloaded before import = 0
Number of asset objects unloaded after import = 1
========================================================================
Received Import Request.
  Time since last request: 0.000038 seconds.
  path: Assets/Oculus/Voice/Samples/BuiltInTimer/BuiltIns Timer - WitConfiguration.asset
  artifactKey: Guid(b48b6ce9fd2c0eb448b29ab66a197ef8) Importer(2089858483,0ecaa5967403d082aa24f35e1b516d23)
Start importing Assets/Oculus/Voice/Samples/BuiltInTimer/BuiltIns Timer - WitConfiguration.asset using Guid(b48b6ce9fd2c0eb448b29ab66a197ef8) Importer(2089858483,0ecaa5967403d082aa24f35e1b516d23) [PhysX] Initialized MultithreadedTaskDispatcher with 32 workers.
 -> (artifact id: '559f7f38c8fa66bbc540388da2124e78') in 0.011632 seconds
Number of updated asset objects reloaded before import = 0
Number of asset objects unloaded after import = 1
========================================================================
Received Import Request.
  Time since last request: 0.000056 seconds.
  path: Assets/Oculus/LipSync/Models/RobotHead_TextureFlip/E.png
  artifactKey: Guid(29a06a0eefee1b542a7c286f1689ffab) Importer(2089858483,0ecaa5967403d082aa24f35e1b516d23)
Start importing Assets/Oculus/LipSync/Models/RobotHead_TextureFlip/E.png using Guid(29a06a0eefee1b542a7c286f1689ffab) Importer(2089858483,0ecaa5967403d082aa24f35e1b516d23) [PhysX] Initialized MultithreadedTaskDispatcher with 32 workers.
 -> (artifact id: 'ff959dd9af4ba5631210bddfc48f52d7') in 0.016047 seconds
Number of updated asset objects reloaded before import = 0
Number of asset objects unloaded after import = 1
========================================================================
Received Import Request.
  Time since last request: 0.000025 seconds.
  path: Assets/Oculus/LipSync/Plugins/iOS/libOVRLipSync.dylib
  artifactKey: Guid(f5b1c127a92bb426f8f5636c5ea8ab34) Importer(2089858483,0ecaa5967403d082aa24f35e1b516d23)
Start importing Assets/Oculus/LipSync/Plugins/iOS/libOVRLipSync.dylib using Guid(f5b1c127a92bb426f8f5636c5ea8ab34) Importer(2089858483,0ecaa5967403d082aa24f35e1b516d23) [PhysX] Initialized MultithreadedTaskDispatcher with 32 workers.
 -> (artifact id: '99aac6a1a3d0103fa8cd2ab243ad9fa9') in 0.013981 seconds
Number of updated asset objects reloaded before import = 0
Number of asset objects unloaded after import = 1
========================================================================
Received Import Request.
  Time since last request: 0.000097 seconds.
  path: Assets/Oculus/Interaction/Samples/Textures/Paper.png
  artifactKey: Guid(f6db4193c1df53543b019284e43e28bb) Importer(2089858483,0ecaa5967403d082aa24f35e1b516d23)
Start importing Assets/Oculus/Interaction/Samples/Textures/Paper.png using Guid(f6db4193c1df53543b019284e43e28bb) Importer(2089858483,0ecaa5967403d082aa24f35e1b516d23) [PhysX] Initialized MultithreadedTaskDispatcher with 32 workers.
 -> (artifact id: 'cdd13697bc318633a8c9825c84d9a605') in 0.019862 seconds
Number of updated asset objects reloaded before import = 0
Number of asset objects unloaded after import = 1
========================================================================
Received Import Request.
  Time since last request: 0.000046 seconds.
  path: Assets/Oculus/Platform/Scripts/Models/NetSyncVoipAttenuationValue.cs
  artifactKey: Guid(fc6b7ed7de7fe3a4ab72d8745443cb5c) Importer(2089858483,0ecaa5967403d082aa24f35e1b516d23)
Start importing Assets/Oculus/Platform/Scripts/Models/NetSyncVoipAttenuationValue.cs using Guid(fc6b7ed7de7fe3a4ab72d8745443cb5c) Importer(2089858483,0ecaa5967403d082aa24f35e1b516d23) [PhysX] Initialized MultithreadedTaskDispatcher with 32 workers.
 -> (artifact id: '4b2db5d787b3392afd0133266c652d6c') in 0.011156 seconds
Number of updated asset objects reloaded before import = 0
Number of asset objects unloaded after import = 1
========================================================================
Received Import Request.
  Time since last request: 2.423958 seconds.
  path: Assets/Oculus/Voice/Scripts/Editor/VoiceSDK.Editor.asmdef
  artifactKey: Guid(1c313d8e945a7904dbf75897c010ac4d) Importer(2089858483,0ecaa5967403d082aa24f35e1b516d23)
Start importing Assets/Oculus/Voice/Scripts/Editor/VoiceSDK.Editor.asmdef using Guid(1c313d8e945a7904dbf75897c010ac4d) Importer(2089858483,0ecaa5967403d082aa24f35e1b516d23) [PhysX] Initialized MultithreadedTaskDispatcher with 32 workers.
 -> (artifact id: '5955a7a3a58658b90e13c58e0b8126c3') in 0.014965 seconds
Number of updated asset objects reloaded before import = 0
Number of asset objects unloaded after import = 1
========================================================================
Received Import Request.
  Time since last request: 0.000198 seconds.
  path: Assets/Oculus/Interaction/OVRIntegration/Runtime/Prefabs/OVRControllerVisual.prefab
  artifactKey: Guid(5eac3d02a7ebc7c4b9a0289fde0e0c82) Importer(2089858483,0ecaa5967403d082aa24f35e1b516d23)
Start importing Assets/Oculus/Interaction/OVRIntegration/Runtime/Prefabs/OVRControllerVisual.prefab using Guid(5eac3d02a7ebc7c4b9a0289fde0e0c82) Importer(2089858483,0ecaa5967403d082aa24f35e1b516d23) [PhysX] Initialized MultithreadedTaskDispatcher with 32 workers.
 -> (artifact id: 'f75ecb2deaed9cd8c609302017755492') in 0.051885 seconds
Number of updated asset objects reloaded before import = 0
Number of asset objects unloaded after import = 274
========================================================================
Received Import Request.
  Time since last request: 0.000080 seconds.
  path: Assets/Oculus/VR/Meshes/OculusTouchForRift/left_touch_controller_model_skel.fbx
  artifactKey: Guid(c3ba18e9fa5e9104098cbdbb3e23a5b4) Importer(2089858483,0ecaa5967403d082aa24f35e1b516d23)
Start importing Assets/Oculus/VR/Meshes/OculusTouchForRift/left_touch_controller_model_skel.fbx using Guid(c3ba18e9fa5e9104098cbdbb3e23a5b4) Importer(2089858483,0ecaa5967403d082aa24f35e1b516d23) [PhysX] Initialized MultithreadedTaskDispatcher with 32 workers.
 -> (artifact id: 'e38aa0ad8d11ea27909e819e5b507976') in 0.092050 seconds
Number of updated asset objects reloaded before import = 0
Number of asset objects unloaded after import = 46
========================================================================
Received Import Request.
  Time since last request: 0.000020 seconds.
  path: Assets/Oculus/VR/Editor/Icons/ovr_icon_success.png
  artifactKey: Guid(ace332c70150e584db1715bc6fa86ed2) Importer(2089858483,0ecaa5967403d082aa24f35e1b516d23)
Start importing Assets/Oculus/VR/Editor/Icons/ovr_icon_success.png using Guid(ace332c70150e584db1715bc6fa86ed2) Importer(2089858483,0ecaa5967403d082aa24f35e1b516d23) [PhysX] Initialized MultithreadedTaskDispatcher with 32 workers.
 -> (artifact id: '9edc458e7b9d23fb4d805764f71fd15b') in 0.018395 seconds
Number of updated asset objects reloaded before import = 0
Number of asset objects unloaded after import = 1
========================================================================
Received Import Request.
  Time since last request: 0.000019 seconds.
  path: Assets/Oculus/VR/Scripts/Editor/AssemblyInfo.cs
  artifactKey: Guid(da51b98f15f03d446acef754ccab494d) Importer(2089858483,0ecaa5967403d082aa24f35e1b516d23)
Start importing Assets/Oculus/VR/Scripts/Editor/AssemblyInfo.cs using Guid(da51b98f15f03d446acef754ccab494d) Importer(2089858483,0ecaa5967403d082aa24f35e1b516d23) [PhysX] Initialized MultithreadedTaskDispatcher with 32 workers.
 -> (artifact id: 'f39aa998da601513fc70db0cb1674e61') in 0.010976 seconds
Number of updated asset objects reloaded before import = 0
Number of asset objects unloaded after import = 1
========================================================================
Received Import Request.
  Time since last request: 0.000112 seconds.
  path: Assets/Oculus/VR/Scripts/Util/OVRMixedRealityCaptureTest.cs
  artifactKey: Guid(95a5f282b22a9d846bd1a9d2de25079c) Importer(2089858483,0ecaa5967403d082aa24f35e1b516d23)
Start importing Assets/Oculus/VR/Scripts/Util/OVRMixedRealityCaptureTest.cs using Guid(95a5f282b22a9d846bd1a9d2de25079c) Importer(2089858483,0ecaa5967403d082aa24f35e1b516d23) [PhysX] Initialized MultithreadedTaskDispatcher with 32 workers.
 -> (artifact id: '4d51b740ea5539c46efb24dc72a2db1e') in 0.014714 seconds
Number of updated asset objects reloaded before import = 0
Number of asset objects unloaded after import = 1
========================================================================
Received Import Request.
  Time since last request: 0.000159 seconds.
  path: Assets/Oculus/VR/Meshes/HandTracking/OculusHand_R.fbx
  artifactKey: Guid(88e2e1bfe11ec6c438b0ade27eaeded1) Importer(2089858483,0ecaa5967403d082aa24f35e1b516d23)
Start importing Assets/Oculus/VR/Meshes/HandTracking/OculusHand_R.fbx using Guid(88e2e1bfe11ec6c438b0ade27eaeded1) Importer(2089858483,0ecaa5967403d082aa24f35e1b516d23) [PhysX] Initialized MultithreadedTaskDispatcher with 32 workers.
 -> (artifact id: '4bf8252339f4a5f864af5b385a5d95ea') in 0.029322 seconds
Number of updated asset objects reloaded before import = 0
Number of asset objects unloaded after import = 167
========================================================================
Received Import Request.
  Time since last request: 0.000020 seconds.
  path: Assets/Oculus/VR/Scripts/OVRTrackedKeyboard/OVRKeyboard.cs
  artifactKey: Guid(b9cee92a63d840b43b5ba9d872653170) Importer(2089858483,0ecaa5967403d082aa24f35e1b516d23)
Start importing Assets/Oculus/VR/Scripts/OVRTrackedKeyboard/OVRKeyboard.cs using Guid(b9cee92a63d840b43b5ba9d872653170) Importer(2089858483,0ecaa5967403d082aa24f35e1b516d23) [PhysX] Initialized MultithreadedTaskDispatcher with 32 workers.
 -> (artifact id: '9df0aefeaab545ac687ad7834397462c') in 0.010015 seconds
Number of updated asset objects reloaded before import = 0
Number of asset objects unloaded after import = 1
========================================================================
Received Import Request.
  Time since last request: 0.000057 seconds.
  path: Assets/Oculus/VR/Textures/MetaQuestTouchPlus/MetaQuestTouchPlus_Left_BaseColor_AO.png
  artifactKey: Guid(6418748e9d0ad7644ae0f0586c655804) Importer(2089858483,0ecaa5967403d082aa24f35e1b516d23)
Start importing Assets/Oculus/VR/Textures/MetaQuestTouchPlus/MetaQuestTouchPlus_Left_BaseColor_AO.png using Guid(6418748e9d0ad7644ae0f0586c655804) Importer(2089858483,0ecaa5967403d082aa24f35e1b516d23) [PhysX] Initialized MultithreadedTaskDispatcher with 32 workers.
 -> (artifact id: 'fc4d9d1af323cf649efca956b8dddd86') in 0.023152 seconds
Number of updated asset objects reloaded before import = 0
Number of asset objects unloaded after import = 1
========================================================================
Received Import Request.
  Time since last request: 0.000078 seconds.
  path: Assets/Oculus/VR/Scripts/Util/OVRVignette.cs
  artifactKey: Guid(ead80e53296fc6244b6e5c18100c2c2a) Importer(2089858483,0ecaa5967403d082aa24f35e1b516d23)
Start importing Assets/Oculus/VR/Scripts/Util/OVRVignette.cs using Guid(ead80e53296fc6244b6e5c18100c2c2a) Importer(2089858483,0ecaa5967403d082aa24f35e1b516d23) [PhysX] Initialized MultithreadedTaskDispatcher with 32 workers.
 -> (artifact id: '3ad911a09cf644a46825ab25f8089742') in 0.009372 seconds
Number of updated asset objects reloaded before import = 0
Number of asset objects unloaded after import = 1
========================================================================
Received Import Request.
  Time since last request: 0.000019 seconds.
  path: Assets/Oculus/VR/Scripts/Editor/OVROverlayEditor.cs
  artifactKey: Guid(fde3aeb28643f6c48a48f926ac7207e0) Importer(2089858483,0ecaa5967403d082aa24f35e1b516d23)
Start importing Assets/Oculus/VR/Scripts/Editor/OVROverlayEditor.cs using Guid(fde3aeb28643f6c48a48f926ac7207e0) Importer(2089858483,0ecaa5967403d082aa24f35e1b516d23) [PhysX] Initialized MultithreadedTaskDispatcher with 32 workers.
 -> (artifact id: 'fd42cefbec7d75c2844007b85d08bfa5') in 0.008936 seconds
Number of updated asset objects reloaded before import = 0
Number of asset objects unloaded after import = 1
========================================================================
Received Import Request.
  Time since last request: 0.000015 seconds.
  path: Assets/Oculus/VR/Editor/OVRProjectSetup/OVRProjectSetupBuildValidator.cs
  artifactKey: Guid(ef3b0673029bea046ba4346b5fbbe59e) Importer(2089858483,0ecaa5967403d082aa24f35e1b516d23)
Start importing Assets/Oculus/VR/Editor/OVRProjectSetup/OVRProjectSetupBuildValidator.cs using Guid(ef3b0673029bea046ba4346b5fbbe59e) Importer(2089858483,0ecaa5967403d082aa24f35e1b516d23) [PhysX] Initialized MultithreadedTaskDispatcher with 32 workers.
 -> (artifact id: '24575b3ba74df7faaeb4545c7b6eb5c7') in 0.007711 seconds
Number of updated asset objects reloaded before import = 0
Number of asset objects unloaded after import = 1
========================================================================
Received Import Request.
  Time since last request: 0.000084 seconds.
  path: Assets/Oculus/VR/Editor/OVRProjectSetup/OVRProjectSetupSettingItem.cs
  artifactKey: Guid(63422cd755014f419520a814453c957e) Importer(2089858483,0ecaa5967403d082aa24f35e1b516d23)
Start importing Assets/Oculus/VR/Editor/OVRProjectSetup/OVRProjectSetupSettingItem.cs using Guid(63422cd755014f419520a814453c957e) Importer(2089858483,0ecaa5967403d082aa24f35e1b516d23) [PhysX] Initialized MultithreadedTaskDispatcher with 32 workers.
 -> (artifact id: '24f60833f0e87f9e3bff662553ed16fd') in 0.009128 seconds
Number of updated asset objects reloaded before import = 0
Number of asset objects unloaded after import = 1
========================================================================
Received Import Request.
  Time since last request: 0.000073 seconds.
  path: Assets/Oculus/VR/Scripts/Util/OVRPointerEventData.cs
  artifactKey: Guid(646c937ce12610744adc2b5e487f77ac) Importer(2089858483,0ecaa5967403d082aa24f35e1b516d23)
Start importing Assets/Oculus/VR/Scripts/Util/OVRPointerEventData.cs using Guid(646c937ce12610744adc2b5e487f77ac) Importer(2089858483,0ecaa5967403d082aa24f35e1b516d23) [PhysX] Initialized MultithreadedTaskDispatcher with 32 workers.
 -> (artifact id: '9e484863af3ac1e9d5e6d75691f8d56d') in 0.020499 seconds
Number of updated asset objects reloaded before import = 0
Number of asset objects unloaded after import = 1
========================================================================
Received Import Request.
  Time since last request: 0.000061 seconds.
  path: Assets/Oculus/VR/Scripts/Util/OVRCustomSkeleton.cs
  artifactKey: Guid(674a40251fe8ad841b18517ac5209957) Importer(2089858483,0ecaa5967403d082aa24f35e1b516d23)
Start importing Assets/Oculus/VR/Scripts/Util/OVRCustomSkeleton.cs using Guid(674a40251fe8ad841b18517ac5209957) Importer(2089858483,0ecaa5967403d082aa24f35e1b516d23) [PhysX] Initialized MultithreadedTaskDispatcher with 32 workers.
 -> (artifact id: '13dfc55c4a2c9d02451e2580644464c7') in 0.015049 seconds
Number of updated asset objects reloaded before import = 0
Number of asset objects unloaded after import = 1
========================================================================
Received Import Request.
  Time since last request: 0.000075 seconds.
  path: Assets/Oculus/AudioManager/Scripts/Audio/Editor/AudioImportPostProcessor.cs
  artifactKey: Guid(48902580b26e3554d992bad48087eee5) Importer(2089858483,0ecaa5967403d082aa24f35e1b516d23)
Start importing Assets/Oculus/AudioManager/Scripts/Audio/Editor/AudioImportPostProcessor.cs using Guid(48902580b26e3554d992bad48087eee5) Importer(2089858483,0ecaa5967403d082aa24f35e1b516d23) [PhysX] Initialized MultithreadedTaskDispatcher with 32 workers.
 -> (artifact id: '09bdfc698b159c4c09e1fc3ab1f0632d') in 0.012790 seconds
Number of updated asset objects reloaded before import = 0
Number of asset objects unloaded after import = 1
========================================================================
Received Import Request.
  Time since last request: 0.000099 seconds.
  path: Assets/Oculus/VR/Scripts/Util/OVRResetOrientation.cs
  artifactKey: Guid(09bb0a17b6a704298b65be4fb08ef480) Importer(2089858483,0ecaa5967403d082aa24f35e1b516d23)
Start importing Assets/Oculus/VR/Scripts/Util/OVRResetOrientation.cs using Guid(09bb0a17b6a704298b65be4fb08ef480) Importer(2089858483,0ecaa5967403d082aa24f35e1b516d23) [PhysX] Initialized MultithreadedTaskDispatcher with 32 workers.
 -> (artifact id: '57d051bd01e8d347869cbb5e6e9f3b9c') in 0.012253 seconds
Number of updated asset objects reloaded before import = 0
Number of asset objects unloaded after import = 1
========================================================================
Received Import Request.
  Time since last request: 0.000064 seconds.
  path: Assets/Oculus/Interaction/OVRIntegration/Editor/Blocks/BlocksUtils.cs
  artifactKey: Guid(d5cf65266d128e84c98ad936c833e4be) Importer(2089858483,0ecaa5967403d082aa24f35e1b516d23)
Start importing Assets/Oculus/Interaction/OVRIntegration/Editor/Blocks/BlocksUtils.cs using Guid(d5cf65266d128e84c98ad936c833e4be) Importer(2089858483,0ecaa5967403d082aa24f35e1b516d23) [PhysX] Initialized MultithreadedTaskDispatcher with 32 workers.
 -> (artifact id: '22dcd3141cb524c7f1b9bc9fe9efb28a') in 0.016537 seconds
Number of updated asset objects reloaded before import = 0
Number of asset objects unloaded after import = 1
========================================================================
Received Import Request.
  Time since last request: 0.000055 seconds.
  path: Assets/Oculus/VR/Scripts/Util/OVRProfilerScope.cs
  artifactKey: Guid(9543f58e29dd4e78866a84f468672b25) Importer(2089858483,0ecaa5967403d082aa24f35e1b516d23)
Start importing Assets/Oculus/VR/Scripts/Util/OVRProfilerScope.cs using Guid(9543f58e29dd4e78866a84f468672b25) Importer(2089858483,0ecaa5967403d082aa24f35e1b516d23) [PhysX] Initialized MultithreadedTaskDispatcher with 32 workers.
 -> (artifact id: '0752699de21c7acf7e067ce7af9b2118') in 0.016062 seconds
Number of updated asset objects reloaded before import = 0
Number of asset objects unloaded after import = 1
========================================================================
Received Import Request.
  Time since last request: 0.000059 seconds.
  path: Assets/Oculus/VR/Materials/OVRTrackedKeyboard/BillboardMask.mat
  artifactKey: Guid(e5efaaa7295b60c4b99c88ff76db4d0c) Importer(2089858483,0ecaa5967403d082aa24f35e1b516d23)
Start importing Assets/Oculus/VR/Materials/OVRTrackedKeyboard/BillboardMask.mat using Guid(e5efaaa7295b60c4b99c88ff76db4d0c) Importer(2089858483,0ecaa5967403d082aa24f35e1b516d23) [PhysX] Initialized MultithreadedTaskDispatcher with 32 workers.
 -> (artifact id: '6da0dcae392a92dda1d8c28f2f08fb20') in 0.031552 seconds
Number of updated asset objects reloaded before import = 0
Number of asset objects unloaded after import = 1
========================================================================
Received Import Request.
  Time since last request: 0.000077 seconds.
  path: Assets/Oculus/VR/Editor/OpenXRFeatures/MetaXRFeatureEnabler.cs
  artifactKey: Guid(c9ed9d194773b414e8b0bdc8d6eadbfb) Importer(2089858483,0ecaa5967403d082aa24f35e1b516d23)
Start importing Assets/Oculus/VR/Editor/OpenXRFeatures/MetaXRFeatureEnabler.cs using Guid(c9ed9d194773b414e8b0bdc8d6eadbfb) Importer(2089858483,0ecaa5967403d082aa24f35e1b516d23) [PhysX] Initialized MultithreadedTaskDispatcher with 32 workers.
 -> (artifact id: 'ab6de70bacd7ff4079d8ec7ec4263067') in 0.011541 seconds
Number of updated asset objects reloaded before import = 0
Number of asset objects unloaded after import = 1
========================================================================
Received Import Request.
  Time since last request: 0.000131 seconds.
  path: Assets/Oculus/VR/Editor/OVRProjectSetup/OVRProjectSetupUpdater.cs
  artifactKey: Guid(96cefb92e9ef4844a95e7350ef584e5e) Importer(2089858483,0ecaa5967403d082aa24f35e1b516d23)
Start importing Assets/Oculus/VR/Editor/OVRProjectSetup/OVRProjectSetupUpdater.cs using Guid(96cefb92e9ef4844a95e7350ef584e5e) Importer(2089858483,0ecaa5967403d082aa24f35e1b516d23) [PhysX] Initialized MultithreadedTaskDispatcher with 32 workers.
 -> (artifact id: '86595a16743a9ca9c9999328470ef5d1') in 0.012062 seconds
Number of updated asset objects reloaded before import = 0
Number of asset objects unloaded after import = 1
========================================================================
Received Import Request.
  Time since last request: 0.000059 seconds.
  path: Assets/Oculus/VR/Editor/BuildingBlocks/SceneListener.cs
  artifactKey: Guid(74d56c25f6b4a9b47b6dbe9e5de9ae7a) Importer(2089858483,0ecaa5967403d082aa24f35e1b516d23)
Start importing Assets/Oculus/VR/Editor/BuildingBlocks/SceneListener.cs using Guid(74d56c25f6b4a9b47b6dbe9e5de9ae7a) Importer(2089858483,0ecaa5967403d082aa24f35e1b516d23) [PhysX] Initialized MultithreadedTaskDispatcher with 32 workers.
 -> (artifact id: '8e798f0369b828b12287d6841a4b2598') in 0.012757 seconds
Number of updated asset objects reloaded before import = 0
Number of asset objects unloaded after import = 1
========================================================================
Received Import Request.
  Time since last request: 0.000063 seconds.
  path: Assets/Oculus/VR/Editor/Icons/ovr_icon_settings.png
  artifactKey: Guid(4d1a5448975df7842b8a595729e3c23b) Importer(2089858483,0ecaa5967403d082aa24f35e1b516d23)
Start importing Assets/Oculus/VR/Editor/Icons/ovr_icon_settings.png using Guid(4d1a5448975df7842b8a595729e3c23b) Importer(2089858483,0ecaa5967403d082aa24f35e1b516d23) [PhysX] Initialized MultithreadedTaskDispatcher with 32 workers.
 -> (artifact id: '9da2ac4996db7058ab2a3b12b0ceef6b') in 0.022369 seconds
Number of updated asset objects reloaded before import = 0
Number of asset objects unloaded after import = 1
========================================================================
Received Import Request.
  Time since last request: 0.000021 seconds.
  path: Assets/Oculus/VR/Scripts/Editor/OVREditorUtil.cs
  artifactKey: Guid(00e66be22bd6053489650de094c5efa8) Importer(2089858483,0ecaa5967403d082aa24f35e1b516d23)
Start importing Assets/Oculus/VR/Scripts/Editor/OVREditorUtil.cs using Guid(00e66be22bd6053489650de094c5efa8) Importer(2089858483,0ecaa5967403d082aa24f35e1b516d23) [PhysX] Initialized MultithreadedTaskDispatcher with 32 workers.
 -> (artifact id: '6056f3f0b5c35e79bdf3d570823863c1') in 0.009362 seconds
Number of updated asset objects reloaded before import = 0
Number of asset objects unloaded after import = 1
========================================================================
Received Import Request.
  Time since last request: 2.342567 seconds.
  path: Assets/Oculus/Interaction/Runtime/Animations/Hands/HandController_l_.controller
  artifactKey: Guid(a12c873a809a53a4d905e8a723d2bf9e) Importer(2089858483,0ecaa5967403d082aa24f35e1b516d23)
Start importing Assets/Oculus/Interaction/Runtime/Animations/Hands/HandController_l_.controller using Guid(a12c873a809a53a4d905e8a723d2bf9e) Importer(2089858483,0ecaa5967403d082aa24f35e1b516d23) [PhysX] Initialized MultithreadedTaskDispatcher with 32 workers.
 -> (artifact id: '8dc2cabda228b399e74448c22b828f5a') in 0.049898 seconds
Number of updated asset objects reloaded before import = 0
Number of asset objects unloaded after import = 19
========================================================================
Received Import Request.
  Time since last request: 0.000019 seconds.
  path: Assets/Oculus/Interaction/Runtime/Prefabs/Poke/ControllerPokeInteractor.prefab
  artifactKey: Guid(caf1104dfe6d01c4e9dabd59f18e535a) Importer(2089858483,0ecaa5967403d082aa24f35e1b516d23)
Start importing Assets/Oculus/Interaction/Runtime/Prefabs/Poke/ControllerPokeInteractor.prefab using Guid(caf1104dfe6d01c4e9dabd59f18e535a) Importer(2089858483,0ecaa5967403d082aa24f35e1b516d23) [PhysX] Initialized MultithreadedTaskDispatcher with 32 workers.
 -> (artifact id: 'a51d9c4cb0c9a8c824d70ebdcfbb2a65') in 0.032636 seconds
Number of updated asset objects reloaded before import = 0
Number of asset objects unloaded after import = 12
========================================================================
Received Import Request.
  Time since last request: 0.000019 seconds.
  path: Assets/Oculus/Interaction/Samples/Audio/Content/Interaction_BasicPoke_Keypad_06.wav
  artifactKey: Guid(9ef66d69357ce984099c0573a74b624d) Importer(2089858483,0ecaa5967403d082aa24f35e1b516d23)
Start importing Assets/Oculus/Interaction/Samples/Audio/Content/Interaction_BasicPoke_Keypad_06.wav using Guid(9ef66d69357ce984099c0573a74b624d) Importer(2089858483,0ecaa5967403d082aa24f35e1b516d23) [PhysX] Initialized MultithreadedTaskDispatcher with 32 workers.
 -> (artifact id: 'f14ea1bb91c1577dce77eb7aea5fa9b9') in 0.063969 seconds
Number of updated asset objects reloaded before import = 0
Number of asset objects unloaded after import = 1
========================================================================
Received Import Request.
  Time since last request: 0.000110 seconds.
  path: Assets/Oculus/Interaction/Samples/Audio/Content/Interaction_PoseDetection_Rock_01.wav
  artifactKey: Guid(0d5bc27cc53f12b4c9ae2d4e8bc8fd73) Importer(2089858483,0ecaa5967403d082aa24f35e1b516d23)
Start importing Assets/Oculus/Interaction/Samples/Audio/Content/Interaction_PoseDetection_Rock_01.wav using Guid(0d5bc27cc53f12b4c9ae2d4e8bc8fd73) Importer(2089858483,0ecaa5967403d082aa24f35e1b516d23) [PhysX] Initialized MultithreadedTaskDispatcher with 32 workers.
 -> (artifact id: 'b57839ccb43e6beeb70009f629ad150e') in 0.026690 seconds
Number of updated asset objects reloaded before import = 0
Number of asset objects unloaded after import = 1
========================================================================
Received Import Request.
  Time since last request: 0.000055 seconds.
  path: Assets/Oculus/Interaction/Samples/Audio/Prefabs/BasicPokeCanvasNoOpAudio.prefab
  artifactKey: Guid(a9f06a12402a7514ab2b24bf280292cf) Importer(2089858483,0ecaa5967403d082aa24f35e1b516d23)
Start importing Assets/Oculus/Interaction/Samples/Audio/Prefabs/BasicPokeCanvasNoOpAudio.prefab using Guid(a9f06a12402a7514ab2b24bf280292cf) Importer(2089858483,0ecaa5967403d082aa24f35e1b516d23) [PhysX] Initialized MultithreadedTaskDispatcher with 32 workers.
 -> (artifact id: '9184be120b6f818cc2a8a4900394bac5') in 0.029100 seconds
Number of updated asset objects reloaded before import = 0
Number of asset objects unloaded after import = 7
========================================================================
Received Import Request.
  Time since last request: 0.000018 seconds.
  path: Assets/Oculus/Interaction/Runtime/Prefabs/UseGrab/HandGrabUseInteractor.prefab
  artifactKey: Guid(08b906731dd188743b93ecd58b159337) Importer(2089858483,0ecaa5967403d082aa24f35e1b516d23)
Start importing Assets/Oculus/Interaction/Runtime/Prefabs/UseGrab/HandGrabUseInteractor.prefab using Guid(08b906731dd188743b93ecd58b159337) Importer(2089858483,0ecaa5967403d082aa24f35e1b516d23) [PhysX] Initialized MultithreadedTaskDispatcher with 32 workers.
 -> (artifact id: '07b63170d2064f1132d28e89068b9b64') in 0.030033 seconds
Number of updated asset objects reloaded before import = 0
Number of asset objects unloaded after import = 13
========================================================================
Received Import Request.
  Time since last request: 0.000079 seconds.
  path: Assets/Oculus/Interaction/Runtime/Animations/Hands/indexMask_r_.anim
  artifactKey: Guid(93061e99c8743d54c95868e4a065e9df) Importer(2089858483,0ecaa5967403d082aa24f35e1b516d23)
Start importing Assets/Oculus/Interaction/Runtime/Animations/Hands/indexMask_r_.anim using Guid(93061e99c8743d54c95868e4a065e9df) Importer(2089858483,0ecaa5967403d082aa24f35e1b516d23) [PhysX] Initialized MultithreadedTaskDispatcher with 32 workers.
 -> (artifact id: 'df22ef2af574894af50cb4ac4f59cf37') in 0.010178 seconds
Number of updated asset objects reloaded before import = 0
Number of asset objects unloaded after import = 1
========================================================================
Received Import Request.
  Time since last request: 0.000184 seconds.
  path: Assets/Oculus/Interaction/Samples/Audio/Prefabs/DistanceGrabPullAudio.prefab
  artifactKey: Guid(d16133c9c679fed4d9ee5dc47a5a11b9) Importer(2089858483,0ecaa5967403d082aa24f35e1b516d23)
Start importing Assets/Oculus/Interaction/Samples/Audio/Prefabs/DistanceGrabPullAudio.prefab using Guid(d16133c9c679fed4d9ee5dc47a5a11b9) Importer(2089858483,0ecaa5967403d082aa24f35e1b516d23) [PhysX] Initialized MultithreadedTaskDispatcher with 32 workers.
 -> (artifact id: 'b62ff07830688e35328febf26517890d') in 0.020418 seconds
Number of updated asset objects reloaded before import = 0
Number of asset objects unloaded after import = 7
========================================================================
Received Import Request.
  Time since last request: 0.000021 seconds.
  path: Assets/Oculus/Interaction/Runtime/Plugins/MacArm/InteractionSdk.dylib
  artifactKey: Guid(0f1a99c28e629440d9e6e21deb4039ce) Importer(2089858483,0ecaa5967403d082aa24f35e1b516d23)
Start importing Assets/Oculus/Interaction/Runtime/Plugins/MacArm/InteractionSdk.dylib using Guid(0f1a99c28e629440d9e6e21deb4039ce) Importer(2089858483,0ecaa5967403d082aa24f35e1b516d23) [PhysX] Initialized MultithreadedTaskDispatcher with 32 workers.
 -> (artifact id: 'd78e9f6c99efaa0a897f6d34f63e1914') in 0.008925 seconds
Number of updated asset objects reloaded before import = 0
Number of asset objects unloaded after import = 1
========================================================================
Received Import Request.
  Time since last request: 0.000127 seconds.
  path: Assets/Oculus/Interaction/Runtime/Plugins/Android/InteractionSdk.aar
  artifactKey: Guid(a033eb86a09dd3542835777428445cf0) Importer(2089858483,0ecaa5967403d082aa24f35e1b516d23)
Start importing Assets/Oculus/Interaction/Runtime/Plugins/Android/InteractionSdk.aar using Guid(a033eb86a09dd3542835777428445cf0) Importer(2089858483,0ecaa5967403d082aa24f35e1b516d23) [PhysX] Initialized MultithreadedTaskDispatcher with 32 workers.
 -> (artifact id: '8237c3c0a1434251f949e64a0577e201') in 0.013233 seconds
Number of updated asset objects reloaded before import = 0
Number of asset objects unloaded after import = 1
========================================================================
Received Import Request.
  Time since last request: 0.000046 seconds.
  path: Assets/Oculus/Interaction/Runtime/Scripts/Movements/FollowTargetProvider.cs
  artifactKey: Guid(4120d88f4ba2a3f48989ce4b2ff1e317) Importer(2089858483,0ecaa5967403d082aa24f35e1b516d23)
Start importing Assets/Oculus/Interaction/Runtime/Scripts/Movements/FollowTargetProvider.cs using Guid(4120d88f4ba2a3f48989ce4b2ff1e317) Importer(2089858483,0ecaa5967403d082aa24f35e1b516d23) [PhysX] Initialized MultithreadedTaskDispatcher with 32 workers.
 -> (artifact id: 'daf9ff82d1871bcc98b89b0f7cfad982') in 0.011596 seconds
Number of updated asset objects reloaded before import = 0
Number of asset objects unloaded after import = 1
========================================================================
Received Import Request.
  Time since last request: 0.000122 seconds.
  path: Assets/Oculus/Interaction/Runtime/Scripts/Extensions/HashSetExtensions.cs
  artifactKey: Guid(09d0907b32d460349ae989d67adb26ee) Importer(2089858483,0ecaa5967403d082aa24f35e1b516d23)
Start importing Assets/Oculus/Interaction/Runtime/Scripts/Extensions/HashSetExtensions.cs using Guid(09d0907b32d460349ae989d67adb26ee) Importer(2089858483,0ecaa5967403d082aa24f35e1b516d23) [PhysX] Initialized MultithreadedTaskDispatcher with 32 workers.
 -> (artifact id: '846e9944b058393c3969bf2633aa7267') in 0.013769 seconds
Number of updated asset objects reloaded before import = 0
Number of asset objects unloaded after import = 1
========================================================================
Received Import Request.
  Time since last request: 0.000175 seconds.
  path: Assets/Oculus/Interaction/Runtime/DefaultSettings/Locomotion/LocomotionThumbFeatureStateThresholds.asset
  artifactKey: Guid(fb90ee3f68028c54cb502a155cdfd8f1) Importer(2089858483,0ecaa5967403d082aa24f35e1b516d23)
Start importing Assets/Oculus/Interaction/Runtime/DefaultSettings/Locomotion/LocomotionThumbFeatureStateThresholds.asset using Guid(fb90ee3f68028c54cb502a155cdfd8f1) Importer(2089858483,0ecaa5967403d082aa24f35e1b516d23) [PhysX] Initialized MultithreadedTaskDispatcher with 32 workers.
 -> (artifact id: 'cddd33b728bbfa57277d29bcfd152534') in 0.014200 seconds
Number of updated asset objects reloaded before import = 0
Number of asset objects unloaded after import = 1
========================================================================
Received Import Request.
  Time since last request: 0.000046 seconds.
  path: Assets/Oculus/Interaction/Runtime/Scripts/Collisions/IsPointWithinCollider.cs
  artifactKey: Guid(4c02bb45a336bd74ba30737c1fcd2ebe) Importer(2089858483,0ecaa5967403d082aa24f35e1b516d23)
Start importing Assets/Oculus/Interaction/Runtime/Scripts/Collisions/IsPointWithinCollider.cs using Guid(4c02bb45a336bd74ba30737c1fcd2ebe) Importer(2089858483,0ecaa5967403d082aa24f35e1b516d23) [PhysX] Initialized MultithreadedTaskDispatcher with 32 workers.
 -> (artifact id: '2aa9c6a80dabb032c51f63780c4f6f84') in 0.013891 seconds
Number of updated asset objects reloaded before import = 0
Number of asset objects unloaded after import = 1
========================================================================
Received Import Request.
  Time since last request: 0.000134 seconds.
  path: Assets/Oculus/Interaction/Runtime/Prefabs/Locomotion/ControllerTurnerInteractor.prefab
  artifactKey: Guid(122968827794c2b499a4451e4a8fa2ca) Importer(2089858483,0ecaa5967403d082aa24f35e1b516d23)
Start importing Assets/Oculus/Interaction/Runtime/Prefabs/Locomotion/ControllerTurnerInteractor.prefab using Guid(122968827794c2b499a4451e4a8fa2ca) Importer(2089858483,0ecaa5967403d082aa24f35e1b516d23) [PhysX] Initialized MultithreadedTaskDispatcher with 32 workers.
 -> (artifact id: 'a6a75067b3afa462e942681ceb1af3ff') in 0.022543 seconds
Number of updated asset objects reloaded before import = 0
Number of asset objects unloaded after import = 6
========================================================================
Received Import Request.
  Time since last request: 0.000071 seconds.
  path: Assets/Oculus/Interaction/Runtime/Prefabs/Debug/InteractorDebugTree.prefab
  artifactKey: Guid(8da18141259c1ac41ad389e154fbe863) Importer(2089858483,0ecaa5967403d082aa24f35e1b516d23)
Start importing Assets/Oculus/Interaction/Runtime/Prefabs/Debug/InteractorDebugTree.prefab using Guid(8da18141259c1ac41ad389e154fbe863) Importer(2089858483,0ecaa5967403d082aa24f35e1b516d23) [PhysX] Initialized MultithreadedTaskDispatcher with 32 workers.
 -> (artifact id: '4c72088bf37990ca30da7f2f68b116a9') in 0.032373 seconds
Number of updated asset objects reloaded before import = 0
Number of asset objects unloaded after import = 54
========================================================================
Received Import Request.
  Time since last request: 0.000017 seconds.
  path: Assets/Oculus/Interaction/Runtime/Scripts/Unity/InteractableUnityEventWrapper.cs
  artifactKey: Guid(1464721f2283eb14e94a33e812b47be4) Importer(2089858483,0ecaa5967403d082aa24f35e1b516d23)
Start importing Assets/Oculus/Interaction/Runtime/Scripts/Unity/InteractableUnityEventWrapper.cs using Guid(1464721f2283eb14e94a33e812b47be4) Importer(2089858483,0ecaa5967403d082aa24f35e1b516d23) [PhysX] Initialized MultithreadedTaskDispatcher with 32 workers.
 -> (artifact id: 'ccd0e59af327067bcf00f6f2bae17821') in 0.011451 seconds
Number of updated asset objects reloaded before import = 0
Number of asset objects unloaded after import = 1
========================================================================
Received Import Request.
  Time since last request: 0.000108 seconds.
  path: Assets/Oculus/Interaction/Samples/Audio/Content/Interaction_Object_Impact_01.wav
  artifactKey: Guid(f9d3d78b93262df46b15e931d171f693) Importer(2089858483,0ecaa5967403d082aa24f35e1b516d23)
Start importing Assets/Oculus/Interaction/Samples/Audio/Content/Interaction_Object_Impact_01.wav using Guid(f9d3d78b93262df46b15e931d171f693) Importer(2089858483,0ecaa5967403d082aa24f35e1b516d23) [PhysX] Initialized MultithreadedTaskDispatcher with 32 workers.
 -> (artifact id: '8f98eae1431b64f76f90ce82491c39b9') in 0.023839 seconds
Number of updated asset objects reloaded before import = 0
Number of asset objects unloaded after import = 1
========================================================================
Received Import Request.
  Time since last request: 0.000018 seconds.
  path: Assets/Oculus/Interaction/Runtime/Prefabs/Debug/TransformRecognizerDebugVisual.prefab
  artifactKey: Guid(1655dfcb8fc5f2b468db636edf92c279) Importer(2089858483,0ecaa5967403d082aa24f35e1b516d23)
Start importing Assets/Oculus/Interaction/Runtime/Prefabs/Debug/TransformRecognizerDebugVisual.prefab using Guid(1655dfcb8fc5f2b468db636edf92c279) Importer(2089858483,0ecaa5967403d082aa24f35e1b516d23) [PhysX] Initialized MultithreadedTaskDispatcher with 32 workers.
 -> (artifact id: '851855a522e421aacdc78b1e456e5119') in 0.034487 seconds
Number of updated asset objects reloaded before import = 0
Number of asset objects unloaded after import = 25
========================================================================
Received Import Request.
  Time since last request: 0.000018 seconds.
  path: Assets/Oculus/Interaction/Runtime/Scripts/Extensions/VectorExtensions.cs
  artifactKey: Guid(08b019013fb2a7143befda25a24a2ac0) Importer(2089858483,0ecaa5967403d082aa24f35e1b516d23)
Start importing Assets/Oculus/Interaction/Runtime/Scripts/Extensions/VectorExtensions.cs using Guid(08b019013fb2a7143befda25a24a2ac0) Importer(2089858483,0ecaa5967403d082aa24f35e1b516d23) [PhysX] Initialized MultithreadedTaskDispatcher with 32 workers.
 -> (artifact id: 'b85214819b6339d63c12bb9729e9eaf5') in 0.008855 seconds
Number of updated asset objects reloaded before import = 0
Number of asset objects unloaded after import = 1
========================================================================
Received Import Request.
  Time since last request: 0.000054 seconds.
  path: Assets/Oculus/Interaction/Samples/Audio/Content/Interaction_ComplexGrab_BoxOpen_01.wav
  artifactKey: Guid(016209c384f7c0748b3cc19f7b2ded43) Importer(2089858483,0ecaa5967403d082aa24f35e1b516d23)
Start importing Assets/Oculus/Interaction/Samples/Audio/Content/Interaction_ComplexGrab_BoxOpen_01.wav using Guid(016209c384f7c0748b3cc19f7b2ded43) Importer(2089858483,0ecaa5967403d082aa24f35e1b516d23) [PhysX] Initialized MultithreadedTaskDispatcher with 32 workers.
 -> (artifact id: '61892ad82ab3c63c77ec9af838facd97') in 0.031139 seconds
Number of updated asset objects reloaded before import = 0
Number of asset objects unloaded after import = 1
========================================================================
Received Import Request.
  Time since last request: 0.000027 seconds.
  path: Assets/Oculus/Interaction/Runtime/Resources/Shaders/DepthOverwrite.shader
  artifactKey: Guid(74544b4f6fabb6e418f1fddd586dd072) Importer(2089858483,0ecaa5967403d082aa24f35e1b516d23)
Start importing Assets/Oculus/Interaction/Runtime/Resources/Shaders/DepthOverwrite.shader using Guid(74544b4f6fabb6e418f1fddd586dd072) Importer(2089858483,0ecaa5967403d082aa24f35e1b516d23) [PhysX] Initialized MultithreadedTaskDispatcher with 32 workers.
 -> (artifact id: 'f8b3eb352861d3c5fd42cc8486668ab4') in 0.010335 seconds
Number of updated asset objects reloaded before import = 0
Number of asset objects unloaded after import = 1
========================================================================
Received Import Request.
  Time since last request: 0.000027 seconds.
  path: Assets/Oculus/Interaction/Runtime/Resources/Shaders/Imposter_Underlay.shader
  artifactKey: Guid(f2bd6fe791ee0b84ebfe53a6f1428565) Importer(2089858483,0ecaa5967403d082aa24f35e1b516d23)
Start importing Assets/Oculus/Interaction/Runtime/Resources/Shaders/Imposter_Underlay.shader using Guid(f2bd6fe791ee0b84ebfe53a6f1428565) Importer(2089858483,0ecaa5967403d082aa24f35e1b516d23) [PhysX] Initialized MultithreadedTaskDispatcher with 32 workers.
 -> (artifact id: '6dcbeac1e7d112f9c7a13baf46f7bd26') in 0.020030 seconds
Number of updated asset objects reloaded before import = 0
Number of asset objects unloaded after import = 1
========================================================================
Received Import Request.
  Time since last request: 0.000025 seconds.
  path: Assets/Oculus/Interaction/Runtime/Scripts/Input/ITrackingToWorldTransformer.cs
  artifactKey: Guid(cf17380a7dbcc344dbdbdbc163933e4a) Importer(2089858483,0ecaa5967403d082aa24f35e1b516d23)
Start importing Assets/Oculus/Interaction/Runtime/Scripts/Input/ITrackingToWorldTransformer.cs using Guid(cf17380a7dbcc344dbdbdbc163933e4a) Importer(2089858483,0ecaa5967403d082aa24f35e1b516d23) [PhysX] Initialized MultithreadedTaskDispatcher with 32 workers.
 -> (artifact id: '885738db1e10bcddee66b5d29cce1d13') in 0.018713 seconds
Number of updated asset objects reloaded before import = 0
Number of asset objects unloaded after import = 1
========================================================================
Received Import Request.
  Time since last request: 0.000035 seconds.
  path: Assets/Oculus/Interaction/Samples/Audio/Prefabs/BasicPokeButtonReleaseAudio.prefab
  artifactKey: Guid(347797637f5237c40b239ea44fef63f1) Importer(2089858483,0ecaa5967403d082aa24f35e1b516d23)
Start importing Assets/Oculus/Interaction/Samples/Audio/Prefabs/BasicPokeButtonReleaseAudio.prefab using Guid(347797637f5237c40b239ea44fef63f1) Importer(2089858483,0ecaa5967403d082aa24f35e1b516d23) [PhysX] Initialized MultithreadedTaskDispatcher with 32 workers.
 -> (artifact id: '11df9a0f94da1becb48a0ce7c2930515') in 0.026159 seconds
Number of updated asset objects reloaded before import = 0
Number of asset objects unloaded after import = 7
========================================================================
Received Import Request.
  Time since last request: 0.000022 seconds.
  path: Assets/Oculus/Interaction/Runtime/Scripts/Utils/MonoBehaviourEndOfFrameExtensions.cs
  artifactKey: Guid(4963c9479a6c3c341b813b80a8e0fca6) Importer(2089858483,0ecaa5967403d082aa24f35e1b516d23)
Start importing Assets/Oculus/Interaction/Runtime/Scripts/Utils/MonoBehaviourEndOfFrameExtensions.cs using Guid(4963c9479a6c3c341b813b80a8e0fca6) Importer(2089858483,0ecaa5967403d082aa24f35e1b516d23) [PhysX] Initialized MultithreadedTaskDispatcher with 32 workers.
 -> (artifact id: '637a0fd2800f3cc592870b77f4d8bc58') in 0.011217 seconds
Number of updated asset objects reloaded before import = 0
Number of asset objects unloaded after import = 1
========================================================================
Received Import Request.
  Time since last request: 0.000157 seconds.
  path: Assets/Oculus/Interaction/Runtime/Scripts/PoseDetection/JointDeltaProviderRef.cs
  artifactKey: Guid(71d26e05b18b0994dacc3c0257325d33) Importer(2089858483,0ecaa5967403d082aa24f35e1b516d23)
Start importing Assets/Oculus/Interaction/Runtime/Scripts/PoseDetection/JointDeltaProviderRef.cs using Guid(71d26e05b18b0994dacc3c0257325d33) Importer(2089858483,0ecaa5967403d082aa24f35e1b516d23) [PhysX] Initialized MultithreadedTaskDispatcher with 32 workers.
 -> (artifact id: 'ec47e6f2674954408ddcc20ef3ac6e0c') in 0.013919 seconds
Number of updated asset objects reloaded before import = 0
Number of asset objects unloaded after import = 1
========================================================================
Received Import Request.
  Time since last request: 0.000021 seconds.
  path: Assets/Oculus/Interaction/Runtime/Animations/Hands/IndexSlide_r_.anim
  artifactKey: Guid(bdc6755615e9a9e49bc66557a9c28286) Importer(2089858483,0ecaa5967403d082aa24f35e1b516d23)
Start importing Assets/Oculus/Interaction/Runtime/Animations/Hands/IndexSlide_r_.anim using Guid(bdc6755615e9a9e49bc66557a9c28286) Importer(2089858483,0ecaa5967403d082aa24f35e1b516d23) [PhysX] Initialized MultithreadedTaskDispatcher with 32 workers.
 -> (artifact id: 'e971952ded4337a11d9e700f245cafdb') in 0.013094 seconds
Number of updated asset objects reloaded before import = 0
Number of asset objects unloaded after import = 1
========================================================================
Received Import Request.
  Time since last request: 0.000123 seconds.
  path: Assets/Oculus/Interaction/Runtime/Resources/Shaders/Imposter_Underlay_AA.shader
  artifactKey: Guid(d265ff20dc6e6c047a8027f89789eb92) Importer(2089858483,0ecaa5967403d082aa24f35e1b516d23)
Start importing Assets/Oculus/Interaction/Runtime/Resources/Shaders/Imposter_Underlay_AA.shader using Guid(d265ff20dc6e6c047a8027f89789eb92) Importer(2089858483,0ecaa5967403d082aa24f35e1b516d23) [PhysX] Initialized MultithreadedTaskDispatcher with 32 workers.
 -> (artifact id: 'af866a93479667ad7e5e5eb59b81b212') in 0.014105 seconds
Number of updated asset objects reloaded before import = 0
Number of asset objects unloaded after import = 1
========================================================================
Received Import Request.
  Time since last request: 0.000105 seconds.
  path: Assets/Oculus/Interaction/Samples/Audio/Content/Interaction_BasicPoke_ToyButton_Press_01.wav
  artifactKey: Guid(9c7f85ce3536b3b4c89aa4bd0db96665) Importer(2089858483,0ecaa5967403d082aa24f35e1b516d23)
Start importing Assets/Oculus/Interaction/Samples/Audio/Content/Interaction_BasicPoke_ToyButton_Press_01.wav using Guid(9c7f85ce3536b3b4c89aa4bd0db96665) Importer(2089858483,0ecaa5967403d082aa24f35e1b516d23) [PhysX] Initialized MultithreadedTaskDispatcher with 32 workers.
 -> (artifact id: '06383320c805da6a56789b0cae5fc731') in 0.030755 seconds
Number of updated asset objects reloaded before import = 0
Number of asset objects unloaded after import = 1
========================================================================
Received Import Request.
  Time since last request: 0.000110 seconds.
  path: Assets/Oculus/Interaction/Runtime/Scripts/Unity/PointableUnityEventWrapper.cs
  artifactKey: Guid(e2f8f6e9e6f3e114b9bf9a57c2160615) Importer(2089858483,0ecaa5967403d082aa24f35e1b516d23)
Start importing Assets/Oculus/Interaction/Runtime/Scripts/Unity/PointableUnityEventWrapper.cs using Guid(e2f8f6e9e6f3e114b9bf9a57c2160615) Importer(2089858483,0ecaa5967403d082aa24f35e1b516d23) [PhysX] Initialized MultithreadedTaskDispatcher with 32 workers.
 -> (artifact id: '14fafbf7d0d500d4ec64aab4cf19e30d') in 0.011355 seconds
Number of updated asset objects reloaded before import = 0
Number of asset objects unloaded after import = 1
========================================================================
Received Import Request.
  Time since last request: 0.000107 seconds.
  path: Assets/Oculus/Interaction/Runtime/Animations/Locomotion/SelectHospot.anim
  artifactKey: Guid(816e2ca65053d654a8d7e82461e91f45) Importer(2089858483,0ecaa5967403d082aa24f35e1b516d23)
Start importing Assets/Oculus/Interaction/Runtime/Animations/Locomotion/SelectHospot.anim using Guid(816e2ca65053d654a8d7e82461e91f45) Importer(2089858483,0ecaa5967403d082aa24f35e1b516d23) [PhysX] Initialized MultithreadedTaskDispatcher with 32 workers.
 -> (artifact id: '213b610be083dfd871520e3e6461fba3') in 0.011256 seconds
Number of updated asset objects reloaded before import = 0
Number of asset objects unloaded after import = 1
========================================================================
Received Import Request.
  Time since last request: 0.000045 seconds.
  path: Assets/Oculus/Interaction/Runtime/DefaultSettings/PoseDetection/DefaultFingerFeatureStateThresholds.asset
  artifactKey: Guid(8b470e0c4b48d474c9a42d7f661d48c7) Importer(2089858483,0ecaa5967403d082aa24f35e1b516d23)
Start importing Assets/Oculus/Interaction/Runtime/DefaultSettings/PoseDetection/DefaultFingerFeatureStateThresholds.asset using Guid(8b470e0c4b48d474c9a42d7f661d48c7) Importer(2089858483,0ecaa5967403d082aa24f35e1b516d23) [PhysX] Initialized MultithreadedTaskDispatcher with 32 workers.
 -> (artifact id: '2f7f6928b84f9c2d45a74f4d813890c2') in 0.013244 seconds
Number of updated asset objects reloaded before import = 0
Number of asset objects unloaded after import = 1
========================================================================
Received Import Request.
  Time since last request: 0.000025 seconds.
  path: Assets/Oculus/Interaction/Runtime/Scripts/Movements/MoveAtSourceProvider.cs
  artifactKey: Guid(8894220c202ef0c46a4446465edae43d) Importer(2089858483,0ecaa5967403d082aa24f35e1b516d23)
Start importing Assets/Oculus/Interaction/Runtime/Scripts/Movements/MoveAtSourceProvider.cs using Guid(8894220c202ef0c46a4446465edae43d) Importer(2089858483,0ecaa5967403d082aa24f35e1b516d23) [PhysX] Initialized MultithreadedTaskDispatcher with 32 workers.
 -> (artifact id: '70d1384a97a0df160897b04a2b85bed8') in 0.014241 seconds
Number of updated asset objects reloaded before import = 0
Number of asset objects unloaded after import = 1
========================================================================
Received Import Request.
  Time since last request: 0.000087 seconds.
  path: Assets/Oculus/Interaction/Runtime/Scripts/Body/SkeletonDebugGizmos.cs
  artifactKey: Guid(179ced13df8b20443aaf9b57fdee24ee) Importer(2089858483,0ecaa5967403d082aa24f35e1b516d23)
Start importing Assets/Oculus/Interaction/Runtime/Scripts/Body/SkeletonDebugGizmos.cs using Guid(179ced13df8b20443aaf9b57fdee24ee) Importer(2089858483,0ecaa5967403d082aa24f35e1b516d23) [PhysX] Initialized MultithreadedTaskDispatcher with 32 workers.
 -> (artifact id: '00c3f86dbe49eebbf0319fe9925c86a1') in 0.013571 seconds
Number of updated asset objects reloaded before import = 0
Number of asset objects unloaded after import = 1
========================================================================
Received Import Request.
  Time since last request: 0.000076 seconds.
  path: Assets/Oculus/Interaction/Samples/Audio/Prefabs/BasicRayReleaseAudio.prefab
  artifactKey: Guid(633677e3089b41b40acda7f29811eb9d) Importer(2089858483,0ecaa5967403d082aa24f35e1b516d23)
Start importing Assets/Oculus/Interaction/Samples/Audio/Prefabs/BasicRayReleaseAudio.prefab using Guid(633677e3089b41b40acda7f29811eb9d) Importer(2089858483,0ecaa5967403d082aa24f35e1b516d23) [PhysX] Initialized MultithreadedTaskDispatcher with 32 workers.
 -> (artifact id: 'ecd51669e741c0268ff16a8dabed246d') in 0.018339 seconds
Number of updated asset objects reloaded before import = 0
Number of asset objects unloaded after import = 7
========================================================================
Received Import Request.
  Time since last request: 0.000021 seconds.
  path: Assets/Oculus/Interaction/Runtime/Animations/Locomotion/TeleportHotspot.controller
  artifactKey: Guid(ef1b9ef41583f9d408543160ab81a726) Importer(2089858483,0ecaa5967403d082aa24f35e1b516d23)
Start importing Assets/Oculus/Interaction/Runtime/Animations/Locomotion/TeleportHotspot.controller using Guid(ef1b9ef41583f9d408543160ab81a726) Importer(2089858483,0ecaa5967403d082aa24f35e1b516d23) [PhysX] Initialized MultithreadedTaskDispatcher with 32 workers.
 -> (artifact id: '52a38a09e6e82415a3c726f6ce983d07') in 0.008572 seconds
Number of updated asset objects reloaded before import = 0
Number of asset objects unloaded after import = 6
========================================================================
Received Import Request.
  Time since last request: 0.000027 seconds.
  path: Assets/Oculus/Interaction/Runtime/Scripts/HandGlow/HandRayPinchGlow.cs
  artifactKey: Guid(d3ea8c2b38a2e4abbaaa9caec105388a) Importer(2089858483,0ecaa5967403d082aa24f35e1b516d23)
Start importing Assets/Oculus/Interaction/Runtime/Scripts/HandGlow/HandRayPinchGlow.cs using Guid(d3ea8c2b38a2e4abbaaa9caec105388a) Importer(2089858483,0ecaa5967403d082aa24f35e1b516d23) [PhysX] Initialized MultithreadedTaskDispatcher with 32 workers.
 -> (artifact id: 'f4f3cbd491cdc748d97ccbecb62b4c18') in 0.014140 seconds
Number of updated asset objects reloaded before import = 0
Number of asset objects unloaded after import = 1
========================================================================
Received Import Request.
  Time since last request: 0.000067 seconds.
  path: Assets/Oculus/Interaction/Runtime/Prefabs/Ray/HandRayInteractor.prefab
  artifactKey: Guid(d27ac1ffd4cdd7c40a39dcfa6012355c) Importer(2089858483,0ecaa5967403d082aa24f35e1b516d23)
Start importing Assets/Oculus/Interaction/Runtime/Prefabs/Ray/HandRayInteractor.prefab using Guid(d27ac1ffd4cdd7c40a39dcfa6012355c) Importer(2089858483,0ecaa5967403d082aa24f35e1b516d23) [PhysX] Initialized MultithreadedTaskDispatcher with 32 workers.
 -> (artifact id: '1bf0ca9aa03c4beb4263c2502f357b95') in 0.026711 seconds
Number of updated asset objects reloaded before import = 0
Number of asset objects unloaded after import = 44
========================================================================
Received Import Request.
  Time since last request: 0.000022 seconds.
  path: Assets/Oculus/Interaction/Samples/Audio/Prefabs/BasicPokeKeypadReleaseAudio.prefab
  artifactKey: Guid(f9e7872b9c21d4244801c3d1d508ffcd) Importer(2089858483,0ecaa5967403d082aa24f35e1b516d23)
Start importing Assets/Oculus/Interaction/Samples/Audio/Prefabs/BasicPokeKeypadReleaseAudio.prefab using Guid(f9e7872b9c21d4244801c3d1d508ffcd) Importer(2089858483,0ecaa5967403d082aa24f35e1b516d23) [PhysX] Initialized MultithreadedTaskDispatcher with 32 workers.
 -> (artifact id: '09dcb387526ecb838083f1e2cf44dc53') in 0.020067 seconds
Number of updated asset objects reloaded before import = 0
Number of asset objects unloaded after import = 7
========================================================================
Received Import Request.
  Time since last request: 0.000023 seconds.
  path: Assets/Oculus/Interaction/Runtime/Scripts/Attributes/SectionAttribute.cs
  artifactKey: Guid(4c8ae2e66f5d90a4f8887d11f590497c) Importer(2089858483,0ecaa5967403d082aa24f35e1b516d23)
Start importing Assets/Oculus/Interaction/Runtime/Scripts/Attributes/SectionAttribute.cs using Guid(4c8ae2e66f5d90a4f8887d11f590497c) Importer(2089858483,0ecaa5967403d082aa24f35e1b516d23) [PhysX] Initialized MultithreadedTaskDispatcher with 32 workers.
 -> (artifact id: '36a58b28ede098f009b77d2adf2bcdf5') in 0.009431 seconds
Number of updated asset objects reloaded before import = 0
Number of asset objects unloaded after import = 1
========================================================================
Received Import Request.
  Time since last request: 0.000112 seconds.
  path: Assets/Oculus/Interaction/Runtime/Prefabs/Debug/TransformFeatureVectorDebugParentVisual.prefab
  artifactKey: Guid(5f611a36d70d46a4ba7f1233f9c4444e) Importer(2089858483,0ecaa5967403d082aa24f35e1b516d23)
Start importing Assets/Oculus/Interaction/Runtime/Prefabs/Debug/TransformFeatureVectorDebugParentVisual.prefab using Guid(5f611a36d70d46a4ba7f1233f9c4444e) Importer(2089858483,0ecaa5967403d082aa24f35e1b516d23) [PhysX] Initialized MultithreadedTaskDispatcher with 32 workers.
 -> (artifact id: '443d36ceae38b9589d6d78c7a71cb37c') in 0.016596 seconds
Number of updated asset objects reloaded before import = 0
Number of asset objects unloaded after import = 10
========================================================================
Received Import Request.
  Time since last request: 0.000054 seconds.
  path: Assets/Oculus/Interaction/Runtime/Scripts/PoseDetection/TransformFeatureStateProviderRef.cs
  artifactKey: Guid(e9485329571269f41ba05b864b35f1cb) Importer(2089858483,0ecaa5967403d082aa24f35e1b516d23)
Start importing Assets/Oculus/Interaction/Runtime/Scripts/PoseDetection/TransformFeatureStateProviderRef.cs using Guid(e9485329571269f41ba05b864b35f1cb) Importer(2089858483,0ecaa5967403d082aa24f35e1b516d23) [PhysX] Initialized MultithreadedTaskDispatcher with 32 workers.
 -> (artifact id: '6c30290f1adf48195bb6338d7316e439') in 0.017563 seconds
Number of updated asset objects reloaded before import = 0
Number of asset objects unloaded after import = 1
========================================================================
Received Import Request.
  Time since last request: 0.000033 seconds.
  path: Assets/Oculus/Interaction/Samples/Audio/Content/Interaction_BasicPoke_Keypad_01.wav
  artifactKey: Guid(b684caa52b59fdf4a8b0b0436f92268a) Importer(2089858483,0ecaa5967403d082aa24f35e1b516d23)
Start importing Assets/Oculus/Interaction/Samples/Audio/Content/Interaction_BasicPoke_Keypad_01.wav using Guid(b684caa52b59fdf4a8b0b0436f92268a) Importer(2089858483,0ecaa5967403d082aa24f35e1b516d23) [PhysX] Initialized MultithreadedTaskDispatcher with 32 workers.
 -> (artifact id: 'aa0e336def3716fe83a7532fc2a9287f') in 0.027074 seconds
Number of updated asset objects reloaded before import = 0
Number of asset objects unloaded after import = 1
========================================================================
Received Import Request.
  Time since last request: 1.682821 seconds.
  path: Assets/Oculus/Interaction/Samples/Audio/Prefabs/PoseDetectionPaperAudio.prefab
  artifactKey: Guid(9416b866538f4694683496a3b53686cb) Importer(2089858483,0ecaa5967403d082aa24f35e1b516d23)
Start importing Assets/Oculus/Interaction/Samples/Audio/Prefabs/PoseDetectionPaperAudio.prefab using Guid(9416b866538f4694683496a3b53686cb) Importer(2089858483,0ecaa5967403d082aa24f35e1b516d23) [PhysX] Initialized MultithreadedTaskDispatcher with 32 workers.
 -> (artifact id: '686a08666a172a6aec38844b73f9610b') in 0.042679 seconds
Number of updated asset objects reloaded before import = 0
Number of asset objects unloaded after import = 9
========================================================================
Received Import Request.
  Time since last request: 0.000029 seconds.
  path: Assets/Oculus/SampleFramework/Core/TouchControllers/Animations/l_controller_joy_SW_anim.fbx
  artifactKey: Guid(8bc36ffcda54dee4a8784581a5886ba2) Importer(2089858483,0ecaa5967403d082aa24f35e1b516d23)
Start importing Assets/Oculus/SampleFramework/Core/TouchControllers/Animations/l_controller_joy_SW_anim.fbx using Guid(8bc36ffcda54dee4a8784581a5886ba2) Importer(2089858483,0ecaa5967403d082aa24f35e1b516d23) [PhysX] Initialized MultithreadedTaskDispatcher with 32 workers.
 -> (artifact id: 'b928b1ba105d0562710caa29c031a25e') in 0.023089 seconds
Number of updated asset objects reloaded before import = 0
Number of asset objects unloaded after import = 22
========================================================================
Received Import Request.
  Time since last request: 0.000309 seconds.
  path: Assets/Oculus/Interaction/Samples/Scenes/Features/DebugRay.unity
  artifactKey: Guid(98733b7ba27575749b1cb1365c853e1f) Importer(2089858483,0ecaa5967403d082aa24f35e1b516d23)
Start importing Assets/Oculus/Interaction/Samples/Scenes/Features/DebugRay.unity using Guid(98733b7ba27575749b1cb1365c853e1f) Importer(2089858483,0ecaa5967403d082aa24f35e1b516d23) [PhysX] Initialized MultithreadedTaskDispatcher with 32 workers.
 -> (artifact id: 'e106bfcecef58ddd13e412bcc87c8c53') in 0.015078 seconds
Number of updated asset objects reloaded before import = 0
Number of asset objects unloaded after import = 1
========================================================================
Received Import Request.
  Time since last request: 0.000024 seconds.
  path: Assets/Oculus/SampleFramework/Core/Locomotion/Scripts/TeleportTransitionBlink.cs
  artifactKey: Guid(65ac96eeca5eff442ba798f7bfc4f002) Importer(2089858483,0ecaa5967403d082aa24f35e1b516d23)
Start importing Assets/Oculus/SampleFramework/Core/Locomotion/Scripts/TeleportTransitionBlink.cs using Guid(65ac96eeca5eff442ba798f7bfc4f002) Importer(2089858483,0ecaa5967403d082aa24f35e1b516d23) [PhysX] Initialized MultithreadedTaskDispatcher with 32 workers.
 -> (artifact id: 'fb2f837618cc6576caa32309a7badfce') in 0.009240 seconds
Number of updated asset objects reloaded before import = 0
Number of asset objects unloaded after import = 1
========================================================================
Received Import Request.
  Time since last request: 0.000119 seconds.
  path: Assets/Oculus/SampleFramework/Core/Locomotion/Scripts/LocomotionController.cs
  artifactKey: Guid(085d9ec7bb5e55f48b879d93931f553e) Importer(2089858483,0ecaa5967403d082aa24f35e1b516d23)
Start importing Assets/Oculus/SampleFramework/Core/Locomotion/Scripts/LocomotionController.cs using Guid(085d9ec7bb5e55f48b879d93931f553e) Importer(2089858483,0ecaa5967403d082aa24f35e1b516d23) [PhysX] Initialized MultithreadedTaskDispatcher with 32 workers.
 -> (artifact id: '869101ca75250dcfafad95c3f649258b') in 0.009524 seconds
Number of updated asset objects reloaded before import = 0
Number of asset objects unloaded after import = 1
========================================================================
Received Import Request.
  Time since last request: 0.000102 seconds.
  path: Assets/Oculus/Interaction/Samples/Scenes/Features/RayCanvasCurved.unity
  artifactKey: Guid(a59598fb46d366b45ad435a0f942ce62) Importer(2089858483,0ecaa5967403d082aa24f35e1b516d23)
Start importing Assets/Oculus/Interaction/Samples/Scenes/Features/RayCanvasCurved.unity using Guid(a59598fb46d366b45ad435a0f942ce62) Importer(2089858483,0ecaa5967403d082aa24f35e1b516d23) [PhysX] Initialized MultithreadedTaskDispatcher with 32 workers.
 -> (artifact id: '2e22e1737ceebbbf0732e207864ef595') in 0.012999 seconds
Number of updated asset objects reloaded before import = 0
Number of asset objects unloaded after import = 1
========================================================================
Received Import Request.
  Time since last request: 0.000053 seconds.
  path: Assets/Oculus/SampleFramework/Core/CustomHands/Animations/r_hand_relax_mid_fist_anim.fbx
  artifactKey: Guid(3c1e2504e79f7a242a8a0c8a4add2578) Importer(2089858483,0ecaa5967403d082aa24f35e1b516d23)
Start importing Assets/Oculus/SampleFramework/Core/CustomHands/Animations/r_hand_relax_mid_fist_anim.fbx using Guid(3c1e2504e79f7a242a8a0c8a4add2578) Importer(2089858483,0ecaa5967403d082aa24f35e1b516d23) [PhysX] Initialized MultithreadedTaskDispatcher with 32 workers.
 -> (artifact id: '3010a37a26b0b861bc1e96570bc32536') in 0.019826 seconds
Number of updated asset objects reloaded before import = 0
Number of asset objects unloaded after import = 55
========================================================================
Received Import Request.
  Time since last request: 0.000024 seconds.
  path: Assets/Oculus/Interaction/Samples/Scenes/Examples/RayExamples.unity
  artifactKey: Guid(1b2d3f90c0f50b94cb910c66c773d00d) Importer(2089858483,0ecaa5967403d082aa24f35e1b516d23)
Start importing Assets/Oculus/Interaction/Samples/Scenes/Examples/RayExamples.unity using Guid(1b2d3f90c0f50b94cb910c66c773d00d) Importer(2089858483,0ecaa5967403d082aa24f35e1b516d23) [PhysX] Initialized MultithreadedTaskDispatcher with 32 workers.
 -> (artifact id: '7de6d02a6c2c52a95ffd43e4036a416c') in 0.013342 seconds
Number of updated asset objects reloaded before import = 0
Number of asset objects unloaded after import = 1
========================================================================
Received Import Request.
  Time since last request: 0.000048 seconds.
  path: Assets/Oculus/Platform/Samples/VrHoops/Scripts/FlyText.cs
  artifactKey: Guid(dc96f5380d7d743d9ae91f11379eb85b) Importer(2089858483,0ecaa5967403d082aa24f35e1b516d23)
Start importing Assets/Oculus/Platform/Samples/VrHoops/Scripts/FlyText.cs using Guid(dc96f5380d7d743d9ae91f11379eb85b) Importer(2089858483,0ecaa5967403d082aa24f35e1b516d23) [PhysX] Initialized MultithreadedTaskDispatcher with 32 workers.
 -> (artifact id: '17ae875f1b57d76cf7dc7d47c4f50f1a') in 0.009026 seconds
Number of updated asset objects reloaded before import = 0
Number of asset objects unloaded after import = 1
========================================================================
Received Import Request.
  Time since last request: 0.000233 seconds.
  path: Assets/Oculus/SampleFramework/Core/Locomotion/Scripts/CharacterCameraConstraint.cs
  artifactKey: Guid(cf162022e230bb745ab2ec48cd357f9e) Importer(2089858483,0ecaa5967403d082aa24f35e1b516d23)
Start importing Assets/Oculus/SampleFramework/Core/Locomotion/Scripts/CharacterCameraConstraint.cs using Guid(cf162022e230bb745ab2ec48cd357f9e) Importer(2089858483,0ecaa5967403d082aa24f35e1b516d23) [PhysX] Initialized MultithreadedTaskDispatcher with 32 workers.
 -> (artifact id: 'fc09f7c535495d081acb8c50350366c4') in 0.011876 seconds
Number of updated asset objects reloaded before import = 0
Number of asset objects unloaded after import = 1
========================================================================
Received Import Request.
  Time since last request: 0.000075 seconds.
  path: Assets/Oculus/SampleFramework/Core/TouchControllers/Animations/l_controller_neutral_button02_mask_anim.fbx
  artifactKey: Guid(6f4e8596675a1264cbfe36244078507f) Importer(2089858483,0ecaa5967403d082aa24f35e1b516d23)
Start importing Assets/Oculus/SampleFramework/Core/TouchControllers/Animations/l_controller_neutral_button02_mask_anim.fbx using Guid(6f4e8596675a1264cbfe36244078507f) Importer(2089858483,0ecaa5967403d082aa24f35e1b516d23) [PhysX] Initialized MultithreadedTaskDispatcher with 32 workers.
 -> (artifact id: 'edb231939ab545642bba6a1cdc9c68da') in 0.016688 seconds
Number of updated asset objects reloaded before import = 0
Number of asset objects unloaded after import = 22
========================================================================
Received Import Request.
  Time since last request: 0.000017 seconds.
  path: Assets/Oculus/SampleFramework/Core/CustomHands/Materials/Hands_Transparent.shader
  artifactKey: Guid(5e0c88c3d888e4489929314c7c1ebf4b) Importer(2089858483,0ecaa5967403d082aa24f35e1b516d23)
Start importing Assets/Oculus/SampleFramework/Core/CustomHands/Materials/Hands_Transparent.shader using Guid(5e0c88c3d888e4489929314c7c1ebf4b) Importer(2089858483,0ecaa5967403d082aa24f35e1b516d23) [PhysX] Initialized MultithreadedTaskDispatcher with 32 workers.
 -> (artifact id: '406e492cae92a9f830a5e43b600f2e1e') in 0.015846 seconds
Number of updated asset objects reloaded before import = 0
Number of asset objects unloaded after import = 1
========================================================================
Received Import Request.
  Time since last request: 0.000100 seconds.
  path: Assets/Oculus/SampleFramework/Core/HandsInteraction/Audio/ButtonDown.wav
  artifactKey: Guid(98e759dfda69aa7468d95f5a2c88e366) Importer(2089858483,0ecaa5967403d082aa24f35e1b516d23)
Start importing Assets/Oculus/SampleFramework/Core/HandsInteraction/Audio/ButtonDown.wav using Guid(98e759dfda69aa7468d95f5a2c88e366) Importer(2089858483,0ecaa5967403d082aa24f35e1b516d23) [PhysX] Initialized MultithreadedTaskDispatcher with 32 workers.
 -> (artifact id: 'd33ecb2747f1b1e8a966a8cd4b73b226') in 0.027329 seconds
Number of updated asset objects reloaded before import = 0
Number of asset objects unloaded after import = 1
========================================================================
Received Import Request.
  Time since last request: 0.000021 seconds.
  path: Assets/Oculus/SampleFramework/Core/TouchControllers/Animations/r_controller_joy_E_anim.fbx
  artifactKey: Guid(a3f35ae4ca81f73438440e8a973733e1) Importer(2089858483,0ecaa5967403d082aa24f35e1b516d23)
Start importing Assets/Oculus/SampleFramework/Core/TouchControllers/Animations/r_controller_joy_E_anim.fbx using Guid(a3f35ae4ca81f73438440e8a973733e1) Importer(2089858483,0ecaa5967403d082aa24f35e1b516d23) [PhysX] Initialized MultithreadedTaskDispatcher with 32 workers.
 -> (artifact id: '3fbb332faeaf15423d3dbe0696fd5bff') in 0.015784 seconds
Number of updated asset objects reloaded before import = 0
Number of asset objects unloaded after import = 22
========================================================================
Received Import Request.
  Time since last request: 0.000018 seconds.
  path: Assets/Oculus/SampleFramework/Core/DebugUI/Textures/radio_off.png
  artifactKey: Guid(9a7a1aee5662d8e439db9465d2c3e3fe) Importer(2089858483,0ecaa5967403d082aa24f35e1b516d23)
Start importing Assets/Oculus/SampleFramework/Core/DebugUI/Textures/radio_off.png using Guid(9a7a1aee5662d8e439db9465d2c3e3fe) Importer(2089858483,0ecaa5967403d082aa24f35e1b516d23) [PhysX] Initialized MultithreadedTaskDispatcher with 32 workers.
 -> (artifact id: '2e8c3d8ac475e07bb6661d2c68bafac5') in 0.015270 seconds
Number of updated asset objects reloaded before import = 0
Number of asset objects unloaded after import = 3
========================================================================
Received Import Request.
  Time since last request: 0.000027 seconds.
  path: Assets/Oculus/SampleFramework/Core/Locomotion/Scripts/SimpleCapsuleWithStickMovement.cs
  artifactKey: Guid(847d8b0d968d4a14c89d7508f54c0db7) Importer(2089858483,0ecaa5967403d082aa24f35e1b516d23)
Start importing Assets/Oculus/SampleFramework/Core/Locomotion/Scripts/SimpleCapsuleWithStickMovement.cs using Guid(847d8b0d968d4a14c89d7508f54c0db7) Importer(2089858483,0ecaa5967403d082aa24f35e1b516d23) [PhysX] Initialized MultithreadedTaskDispatcher with 32 workers.
 -> (artifact id: 'fe5861ea39d23d73d353463c79632a9b') in 0.007229 seconds
Number of updated asset objects reloaded before import = 0
Number of asset objects unloaded after import = 1
========================================================================
Received Import Request.
  Time since last request: 0.000115 seconds.
  path: Assets/Oculus/SampleFramework/Core/Locomotion/Materials/ColumnGlow.mat
  artifactKey: Guid(5e53c7a8c2e563c4c90a8fa620eebc2c) Importer(2089858483,0ecaa5967403d082aa24f35e1b516d23)
Start importing Assets/Oculus/SampleFramework/Core/Locomotion/Materials/ColumnGlow.mat using Guid(5e53c7a8c2e563c4c90a8fa620eebc2c) Importer(2089858483,0ecaa5967403d082aa24f35e1b516d23) [PhysX] Initialized MultithreadedTaskDispatcher with 32 workers.
 -> (artifact id: '7aa0125142f2f4b49839223076e45576') in 0.010349 seconds
Number of updated asset objects reloaded before import = 0
Number of asset objects unloaded after import = 1
========================================================================
Received Import Request.
  Time since last request: 0.000100 seconds.
  path: Assets/Oculus/SampleFramework/Core/DistanceGrab/Scripts/GrabManager.cs
  artifactKey: Guid(c2d153878a9f7eb45b0e02c0c739029a) Importer(2089858483,0ecaa5967403d082aa24f35e1b516d23)
Start importing Assets/Oculus/SampleFramework/Core/DistanceGrab/Scripts/GrabManager.cs using Guid(c2d153878a9f7eb45b0e02c0c739029a) Importer(2089858483,0ecaa5967403d082aa24f35e1b516d23) [PhysX] Initialized MultithreadedTaskDispatcher with 32 workers.
 -> (artifact id: 'cc430b67b49493bbf09a382ab975229d') in 0.010989 seconds
Number of updated asset objects reloaded before import = 0
Number of asset objects unloaded after import = 1
========================================================================
Received Import Request.
  Time since last request: 0.000090 seconds.
  path: Assets/Oculus/SampleFramework/Core/DebugUI/Textures/radio_on_off.png
  artifactKey: Guid(f6e6acbe07068e448ada3d7aaeb72562) Importer(2089858483,0ecaa5967403d082aa24f35e1b516d23)
Start importing Assets/Oculus/SampleFramework/Core/DebugUI/Textures/radio_on_off.png using Guid(f6e6acbe07068e448ada3d7aaeb72562) Importer(2089858483,0ecaa5967403d082aa24f35e1b516d23) [PhysX] Initialized MultithreadedTaskDispatcher with 32 workers.
 -> (artifact id: '72481ca783a0fbdc038f808cecb162f4') in 0.022142 seconds
Number of updated asset objects reloaded before import = 0
Number of asset objects unloaded after import = 4
========================================================================
Received Import Request.
  Time since last request: 0.000018 seconds.
  path: Assets/Oculus/SampleFramework/Core/DistanceGrab/Mesh/GrabConeVolume.asset
  artifactKey: Guid(fcd019dc7c1f92140963033f1669ec2f) Importer(2089858483,0ecaa5967403d082aa24f35e1b516d23)
Start importing Assets/Oculus/SampleFramework/Core/DistanceGrab/Mesh/GrabConeVolume.asset using Guid(fcd019dc7c1f92140963033f1669ec2f) Importer(2089858483,0ecaa5967403d082aa24f35e1b516d23) [PhysX] Initialized MultithreadedTaskDispatcher with 32 workers.
 -> (artifact id: '0099622189a3a6a8d79efa0ec24e6086') in 0.033144 seconds
Number of updated asset objects reloaded before import = 0
Number of asset objects unloaded after import = 1
========================================================================
Received Import Request.
  Time since last request: 0.000031 seconds.
  path: Assets/Oculus/SampleFramework/Core/DebugUI/Textures/radio_on.png
  artifactKey: Guid(5aeca7df47eecc94bb7fbb5d79cf2036) Importer(2089858483,0ecaa5967403d082aa24f35e1b516d23)
Start importing Assets/Oculus/SampleFramework/Core/DebugUI/Textures/radio_on.png using Guid(5aeca7df47eecc94bb7fbb5d79cf2036) Importer(2089858483,0ecaa5967403d082aa24f35e1b516d23) [PhysX] Initialized MultithreadedTaskDispatcher with 32 workers.
 -> (artifact id: '65afce0e594e72883db16f910337f720') in 0.029096 seconds
Number of updated asset objects reloaded before import = 0
Number of asset objects unloaded after import = 3
========================================================================
Received Import Request.
  Time since last request: 0.000075 seconds.
  path: Assets/Oculus/SampleFramework/Core/DebugUI/Prefabs/DebugButton.prefab
  artifactKey: Guid(aa84e2bd72d699a4db1fe9b0b0186c33) Importer(2089858483,0ecaa5967403d082aa24f35e1b516d23)
Start importing Assets/Oculus/SampleFramework/Core/DebugUI/Prefabs/DebugButton.prefab using Guid(aa84e2bd72d699a4db1fe9b0b0186c33) Importer(2089858483,0ecaa5967403d082aa24f35e1b516d23) [PhysX] Initialized MultithreadedTaskDispatcher with 32 workers.
 -> (artifact id: 'cc85b5959d79b782cdc01de70165024f') in 0.062403 seconds
Number of updated asset objects reloaded before import = 0
Number of asset objects unloaded after import = 15
========================================================================
Received Import Request.
  Time since last request: 0.000016 seconds.
  path: Assets/Oculus/Interaction/Samples/Scenes/Examples/GestureExamples.unity
  artifactKey: Guid(4ee2a082a0e621b49ab01667c66f1599) Importer(2089858483,0ecaa5967403d082aa24f35e1b516d23)
Start importing Assets/Oculus/Interaction/Samples/Scenes/Examples/GestureExamples.unity using Guid(4ee2a082a0e621b49ab01667c66f1599) Importer(2089858483,0ecaa5967403d082aa24f35e1b516d23) [PhysX] Initialized MultithreadedTaskDispatcher with 32 workers.
 -> (artifact id: 'e6cde16a64ba7df62bf214c4a78d0421') in 0.005568 seconds
Number of updated asset objects reloaded before import = 0
Number of asset objects unloaded after import = 1
========================================================================
Received Import Request.
  Time since last request: 0.000165 seconds.
  path: Assets/Oculus/Platform/Samples/GroupPresenceSample/Scenes/GroupPresenceDemo.unity
  artifactKey: Guid(44e30fce5a7e2fd4db7c4fedc096ccf3) Importer(2089858483,0ecaa5967403d082aa24f35e1b516d23)
Start importing Assets/Oculus/Platform/Samples/GroupPresenceSample/Scenes/GroupPresenceDemo.unity using Guid(44e30fce5a7e2fd4db7c4fedc096ccf3) Importer(2089858483,0ecaa5967403d082aa24f35e1b516d23) [PhysX] Initialized MultithreadedTaskDispatcher with 32 workers.
 -> (artifact id: 'ca843ad93b7f28a9b4e3f055f2cc801c') in 0.005852 seconds
Number of updated asset objects reloaded before import = 0
Number of asset objects unloaded after import = 1
========================================================================
Received Import Request.
  Time since last request: 0.000141 seconds.
  path: Assets/Oculus/SampleFramework/Core/CustomHands/Animations/r_hand_thumbs_up_anim.fbx
  artifactKey: Guid(367eacd8142e4ca478642189323d9cee) Importer(2089858483,0ecaa5967403d082aa24f35e1b516d23)
Start importing Assets/Oculus/SampleFramework/Core/CustomHands/Animations/r_hand_thumbs_up_anim.fbx using Guid(367eacd8142e4ca478642189323d9cee) Importer(2089858483,0ecaa5967403d082aa24f35e1b516d23) [PhysX] Initialized MultithreadedTaskDispatcher with 32 workers.
 -> (artifact id: '9d4aee73f9e41ea1dddf865df77e3dfd') in 0.017959 seconds
Number of updated asset objects reloaded before import = 0
Number of asset objects unloaded after import = 55
========================================================================
Received Import Request.
  Time since last request: 0.000020 seconds.
  path: Assets/Oculus/SampleFramework/Core/HandsInteraction/Materials/TargetMaterial.mat
  artifactKey: Guid(7c4fbc253f678a74f8135c524ac84bfe) Importer(2089858483,0ecaa5967403d082aa24f35e1b516d23)
Start importing Assets/Oculus/SampleFramework/Core/HandsInteraction/Materials/TargetMaterial.mat using Guid(7c4fbc253f678a74f8135c524ac84bfe) Importer(2089858483,0ecaa5967403d082aa24f35e1b516d23) [PhysX] Initialized MultithreadedTaskDispatcher with 32 workers.
 -> (artifact id: 'e0747835260511b0b38c5175093a83c5') in 0.009328 seconds
Number of updated asset objects reloaded before import = 0
Number of asset objects unloaded after import = 1
========================================================================
Received Import Request.
  Time since last request: 0.000031 seconds.
  path: Assets/Oculus/SampleFramework/Core/CustomHands/Textures/noise_01.png
  artifactKey: Guid(8316c649b12f4485c811d707f6316577) Importer(2089858483,0ecaa5967403d082aa24f35e1b516d23)
Start importing Assets/Oculus/SampleFramework/Core/CustomHands/Textures/noise_01.png using Guid(8316c649b12f4485c811d707f6316577) Importer(2089858483,0ecaa5967403d082aa24f35e1b516d23) [PhysX] Initialized MultithreadedTaskDispatcher with 32 workers.
 -> (artifact id: '94815d86d09383810cf444d3029d09c3') in 0.052399 seconds
Number of updated asset objects reloaded before import = 0
Number of asset objects unloaded after import = 1
========================================================================
Received Import Request.
  Time since last request: 0.000070 seconds.
  path: Assets/Oculus/Platform/Samples/ReportingCallbackSample/Scenes/ReportingCallbackSample.unity
  artifactKey: Guid(3d4fbf53e649040b698b2ba26c1531a9) Importer(2089858483,0ecaa5967403d082aa24f35e1b516d23)
Start importing Assets/Oculus/Platform/Samples/ReportingCallbackSample/Scenes/ReportingCallbackSample.unity using Guid(3d4fbf53e649040b698b2ba26c1531a9) Importer(2089858483,0ecaa5967403d082aa24f35e1b516d23) [PhysX] Initialized MultithreadedTaskDispatcher with 32 workers.
 -> (artifact id: 'a07969bffe5dbabf7b528ca8d2d797e4') in 0.011284 seconds
Number of updated asset objects reloaded before import = 0
Number of asset objects unloaded after import = 1
========================================================================
Received Import Request.
  Time since last request: 0.000177 seconds.
  path: Assets/Oculus/SampleFramework/Core/DebugUI/Textures/button.png
  artifactKey: Guid(749615b78f067c442b8275980b7ed7c8) Importer(2089858483,0ecaa5967403d082aa24f35e1b516d23)
Start importing Assets/Oculus/SampleFramework/Core/DebugUI/Textures/button.png using Guid(749615b78f067c442b8275980b7ed7c8) Importer(2089858483,0ecaa5967403d082aa24f35e1b516d23) [PhysX] Initialized MultithreadedTaskDispatcher with 32 workers.
 -> (artifact id: '009b314a30c6fde10014caac0801f902') in 0.015971 seconds
Number of updated asset objects reloaded before import = 0
Number of asset objects unloaded after import = 3
========================================================================
Received Import Request.
  Time since last request: 0.000015 seconds.
  path: Assets/Oculus/Interaction/Samples/Prefabs/HandPose/ScissorsPose.prefab
  artifactKey: Guid(9de1955285a3aee4db01dfcd016da314) Importer(2089858483,0ecaa5967403d082aa24f35e1b516d23)
Start importing Assets/Oculus/Interaction/Samples/Prefabs/HandPose/ScissorsPose.prefab using Guid(9de1955285a3aee4db01dfcd016da314) Importer(2089858483,0ecaa5967403d082aa24f35e1b516d23) [PhysX] Initialized MultithreadedTaskDispatcher with 32 workers.
 -> (artifact id: 'bb3c165c56c42ef4b8c29e749bfe17af') in 0.026204 seconds
Number of updated asset objects reloaded before import = 0
Number of asset objects unloaded after import = 12
========================================================================
Received Import Request.
  Time since last request: 0.000023 seconds.
  path: Assets/Oculus/SampleFramework/Core/TouchControllers/Animations/l_controller_trigger_pull_anim.fbx
  artifactKey: Guid(182278cefb47da243850fc09dc4cc209) Importer(2089858483,0ecaa5967403d082aa24f35e1b516d23)
Start importing Assets/Oculus/SampleFramework/Core/TouchControllers/Animations/l_controller_trigger_pull_anim.fbx using Guid(182278cefb47da243850fc09dc4cc209) Importer(2089858483,0ecaa5967403d082aa24f35e1b516d23) [PhysX] Initialized MultithreadedTaskDispatcher with 32 workers.
 -> (artifact id: '2a379b5d64678248169d978dac4c4961') in 0.018536 seconds
Number of updated asset objects reloaded before import = 0
Number of asset objects unloaded after import = 22
========================================================================
Received Import Request.
  Time since last request: 0.000021 seconds.
  path: Assets/Oculus/Interaction/Samples/Poses/Shapes/FingersScissors.asset
  artifactKey: Guid(8c50ac09b966a6c41a742e54e91506c3) Importer(2089858483,0ecaa5967403d082aa24f35e1b516d23)
Start importing Assets/Oculus/Interaction/Samples/Poses/Shapes/FingersScissors.asset using Guid(8c50ac09b966a6c41a742e54e91506c3) Importer(2089858483,0ecaa5967403d082aa24f35e1b516d23) [PhysX] Initialized MultithreadedTaskDispatcher with 32 workers.
 -> (artifact id: '8eb1cfc99def63c3bf7382a3330c540b') in 0.008477 seconds
Number of updated asset objects reloaded before import = 0
Number of asset objects unloaded after import = 1
========================================================================
Received Import Request.
  Time since last request: 0.000145 seconds.
  path: Assets/Oculus/SampleFramework/Core/CustomHands/Animations/l_hand_point_anim.fbx
  artifactKey: Guid(7a701167f3382f3469c311bb308142af) Importer(2089858483,0ecaa5967403d082aa24f35e1b516d23)
Start importing Assets/Oculus/SampleFramework/Core/CustomHands/Animations/l_hand_point_anim.fbx using Guid(7a701167f3382f3469c311bb308142af) Importer(2089858483,0ecaa5967403d082aa24f35e1b516d23) [PhysX] Initialized MultithreadedTaskDispatcher with 32 workers.
 -> (artifact id: '385581ad0f43b8f263b681a2efcacdc6') in 0.019147 seconds
Number of updated asset objects reloaded before import = 0
Number of asset objects unloaded after import = 55
========================================================================
Received Import Request.
  Time since last request: 0.000017 seconds.
  path: Assets/Oculus/SampleFramework/Core/TouchControllers/Animations/r_controller_joy_N_anim.fbx
  artifactKey: Guid(bd2409cb8478d3942bdcfdb0837280fb) Importer(2089858483,0ecaa5967403d082aa24f35e1b516d23)
Start importing Assets/Oculus/SampleFramework/Core/TouchControllers/Animations/r_controller_joy_N_anim.fbx using Guid(bd2409cb8478d3942bdcfdb0837280fb) Importer(2089858483,0ecaa5967403d082aa24f35e1b516d23) [PhysX] Initialized MultithreadedTaskDispatcher with 32 workers.
 -> (artifact id: '8379029e4673b876cd92a308facc2852') in 0.019836 seconds
Number of updated asset objects reloaded before import = 0
Number of asset objects unloaded after import = 22
========================================================================
Received Import Request.
  Time since last request: 0.000016 seconds.
  path: Assets/Oculus/SampleFramework/Core/TouchControllers/Animations/r_controller_grip_button_anim.fbx
  artifactKey: Guid(14c95f30c03a4494eaa118f7c6d162b0) Importer(2089858483,0ecaa5967403d082aa24f35e1b516d23)
Start importing Assets/Oculus/SampleFramework/Core/TouchControllers/Animations/r_controller_grip_button_anim.fbx using Guid(14c95f30c03a4494eaa118f7c6d162b0) Importer(2089858483,0ecaa5967403d082aa24f35e1b516d23) [PhysX] Initialized MultithreadedTaskDispatcher with 32 workers.
 -> (artifact id: '3b2fadc843f744b4c7bfda6d2f6270fe') in 0.019251 seconds
Number of updated asset objects reloaded before import = 0
Number of asset objects unloaded after import = 22
========================================================================
Received Import Request.
  Time since last request: 0.000019 seconds.
  path: Assets/Oculus/SampleFramework/Core/CustomHands/Animations/r_hand_fist_anim.fbx
  artifactKey: Guid(005ab0ae8aa7f74438a5fa50f7cd50e3) Importer(2089858483,0ecaa5967403d082aa24f35e1b516d23)
Start importing Assets/Oculus/SampleFramework/Core/CustomHands/Animations/r_hand_fist_anim.fbx using Guid(005ab0ae8aa7f74438a5fa50f7cd50e3) Importer(2089858483,0ecaa5967403d082aa24f35e1b516d23) [PhysX] Initialized MultithreadedTaskDispatcher with 32 workers.
 -> (artifact id: '5091ae5c177d7e52bbd3a0c0a50b91e2') in 0.040773 seconds
Number of updated asset objects reloaded before import = 0
Number of asset objects unloaded after import = 55
========================================================================
Received Import Request.
  Time since last request: 0.000028 seconds.
  path: Assets/Oculus/SampleFramework/Core/DistanceGrab/Scripts/GrabbableCrosshair.cs
  artifactKey: Guid(0ffe6c14f054b624d8a61df503f21c73) Importer(2089858483,0ecaa5967403d082aa24f35e1b516d23)
Start importing Assets/Oculus/SampleFramework/Core/DistanceGrab/Scripts/GrabbableCrosshair.cs using Guid(0ffe6c14f054b624d8a61df503f21c73) Importer(2089858483,0ecaa5967403d082aa24f35e1b516d23) [PhysX] Initialized MultithreadedTaskDispatcher with 32 workers.
 -> (artifact id: 'bbd2fa0b1351b7184893993c58bd73f0') in 0.011690 seconds
Number of updated asset objects reloaded before import = 0
Number of asset objects unloaded after import = 1
========================================================================
Received Import Request.
  Time since last request: 0.000261 seconds.
  path: Assets/Oculus/SampleFramework/Core/Gradle/Editor/Utils.cs
  artifactKey: Guid(b47023a7be72cad4da176c3ceefbd9bf) Importer(2089858483,0ecaa5967403d082aa24f35e1b516d23)
Start importing Assets/Oculus/SampleFramework/Core/Gradle/Editor/Utils.cs using Guid(b47023a7be72cad4da176c3ceefbd9bf) Importer(2089858483,0ecaa5967403d082aa24f35e1b516d23) [PhysX] Initialized MultithreadedTaskDispatcher with 32 workers.
 -> (artifact id: '1d2c4dc8640d2ae7d5148a14e17bd78e') in 0.010477 seconds
Number of updated asset objects reloaded before import = 0
Number of asset objects unloaded after import = 1
========================================================================
Received Import Request.
  Time since last request: 0.000015 seconds.
  path: Assets/Oculus/SampleFramework/Core/Locomotion/Scripts/TeleportTransition.cs
  artifactKey: Guid(d4cb945184171a54fafc0e150e431a59) Importer(2089858483,0ecaa5967403d082aa24f35e1b516d23)
Start importing Assets/Oculus/SampleFramework/Core/Locomotion/Scripts/TeleportTransition.cs using Guid(d4cb945184171a54fafc0e150e431a59) Importer(2089858483,0ecaa5967403d082aa24f35e1b516d23) [PhysX] Initialized MultithreadedTaskDispatcher with 32 workers.
 -> (artifact id: '45ae64669cc8b7642b27ebd1dec0cce0') in 0.014314 seconds
Number of updated asset objects reloaded before import = 0
Number of asset objects unloaded after import = 1
========================================================================
Received Import Request.
  Time since last request: 0.000036 seconds.
  path: Assets/Oculus/SampleFramework/Core/TouchControllers/Animations/r_controller_neutral_grip_button_mask_anim.fbx
  artifactKey: Guid(ce055aa936c66974fbbfe583d29c4085) Importer(2089858483,0ecaa5967403d082aa24f35e1b516d23)
Start importing Assets/Oculus/SampleFramework/Core/TouchControllers/Animations/r_controller_neutral_grip_button_mask_anim.fbx using Guid(ce055aa936c66974fbbfe583d29c4085) Importer(2089858483,0ecaa5967403d082aa24f35e1b516d23) [PhysX] Initialized MultithreadedTaskDispatcher with 32 workers.
 -> (artifact id: '2eb50ba2597c26ec7e43034f5d29785d') in 0.021467 seconds
Number of updated asset objects reloaded before import = 0
Number of asset objects unloaded after import = 22
========================================================================
Received Import Request.
  Time since last request: 0.000016 seconds.
  path: Assets/Oculus/SampleFramework/Core/Locomotion/Scripts/TeleportTargetHandlerNode.cs
  artifactKey: Guid(3c742df914335504e97e68335f9f7ea6) Importer(2089858483,0ecaa5967403d082aa24f35e1b516d23)
Start importing Assets/Oculus/SampleFramework/Core/Locomotion/Scripts/TeleportTargetHandlerNode.cs using Guid(3c742df914335504e97e68335f9f7ea6) Importer(2089858483,0ecaa5967403d082aa24f35e1b516d23) [PhysX] Initialized MultithreadedTaskDispatcher with 32 workers.
 -> (artifact id: '40f4b8803fa5f793329f5953817bd533') in 0.010371 seconds
Number of updated asset objects reloaded before import = 0
Number of asset objects unloaded after import = 1
========================================================================
Received Import Request.
  Time since last request: 0.000106 seconds.
  path: Assets/Oculus/SampleFramework/Core/TouchControllers/Animations/r_controller_joy_S_anim.fbx
  artifactKey: Guid(b86d0f11b32f9e44ab4211604fda16a5) Importer(2089858483,0ecaa5967403d082aa24f35e1b516d23)
Start importing Assets/Oculus/SampleFramework/Core/TouchControllers/Animations/r_controller_joy_S_anim.fbx using Guid(b86d0f11b32f9e44ab4211604fda16a5) Importer(2089858483,0ecaa5967403d082aa24f35e1b516d23) [PhysX] Initialized MultithreadedTaskDispatcher with 32 workers.
 -> (artifact id: '93e81e5712e5924819c4b3f4444022ec') in 0.018278 seconds
Number of updated asset objects reloaded before import = 0
Number of asset objects unloaded after import = 22
========================================================================
Received Import Request.
  Time since last request: 0.000142 seconds.
  path: Assets/Oculus/Interaction/Samples/Poses/Shapes/FingersThumbNotOpen.asset
  artifactKey: Guid(3c87ada45140632468cc371ffdada246) Importer(2089858483,0ecaa5967403d082aa24f35e1b516d23)
Start importing Assets/Oculus/Interaction/Samples/Poses/Shapes/FingersThumbNotOpen.asset using Guid(3c87ada45140632468cc371ffdada246) Importer(2089858483,0ecaa5967403d082aa24f35e1b516d23) [PhysX] Initialized MultithreadedTaskDispatcher with 32 workers.
 -> (artifact id: 'a6f9cec6efd15359a6109e8e7cfb29bd') in 0.031644 seconds
Number of updated asset objects reloaded before import = 0
Number of asset objects unloaded after import = 1
========================================================================
Received Import Request.
  Time since last request: 0.000018 seconds.
  path: Assets/Oculus/Platform/Samples/VrVoiceChat/Scripts/RoomManager.cs
  artifactKey: Guid(ea89826bdbe52462fb0102692abb3032) Importer(2089858483,0ecaa5967403d082aa24f35e1b516d23)
Start importing Assets/Oculus/Platform/Samples/VrVoiceChat/Scripts/RoomManager.cs using Guid(ea89826bdbe52462fb0102692abb3032) Importer(2089858483,0ecaa5967403d082aa24f35e1b516d23) [PhysX] Initialized MultithreadedTaskDispatcher with 32 workers.
 -> (artifact id: '8dbc6d2ccc93a0ef1e6fd9ace354ff68') in 0.009022 seconds
Number of updated asset objects reloaded before import = 0
Number of asset objects unloaded after import = 1
========================================================================
Received Import Request.
  Time since last request: 0.000063 seconds.
  path: Assets/Oculus/SampleFramework/Core/Locomotion/Scripts/TeleportAimVisualLaser.cs
  artifactKey: Guid(aa8ac578d8d4eff4eae43b9c3eb1529c) Importer(2089858483,0ecaa5967403d082aa24f35e1b516d23)
Start importing Assets/Oculus/SampleFramework/Core/Locomotion/Scripts/TeleportAimVisualLaser.cs using Guid(aa8ac578d8d4eff4eae43b9c3eb1529c) Importer(2089858483,0ecaa5967403d082aa24f35e1b516d23) [PhysX] Initialized MultithreadedTaskDispatcher with 32 workers.
 -> (artifact id: '657ee61a6397bf60127d4b63fd9a7871') in 0.012722 seconds
Number of updated asset objects reloaded before import = 0
Number of asset objects unloaded after import = 1
========================================================================
Received Import Request.
  Time since last request: 0.000116 seconds.
  path: Assets/Oculus/SampleFramework/Core/HandsInteraction/Scripts/ButtonController.cs
  artifactKey: Guid(95090eefe50e77847b9b4f3eec29fea0) Importer(2089858483,0ecaa5967403d082aa24f35e1b516d23)
Start importing Assets/Oculus/SampleFramework/Core/HandsInteraction/Scripts/ButtonController.cs using Guid(95090eefe50e77847b9b4f3eec29fea0) Importer(2089858483,0ecaa5967403d082aa24f35e1b516d23) [PhysX] Initialized MultithreadedTaskDispatcher with 32 workers.
 -> (artifact id: '9042a934587ad22eab5381f457a95340') in 0.013596 seconds
Number of updated asset objects reloaded before import = 0
Number of asset objects unloaded after import = 1
========================================================================
Received Import Request.
  Time since last request: 0.000016 seconds.
  path: Assets/Oculus/Interaction/Samples/Objects/Environment/InfoFrame.prefab
  artifactKey: Guid(a8764922f3a9e1740b79346543e14f83) Importer(2089858483,0ecaa5967403d082aa24f35e1b516d23)
Start importing Assets/Oculus/Interaction/Samples/Objects/Environment/InfoFrame.prefab using Guid(a8764922f3a9e1740b79346543e14f83) Importer(2089858483,0ecaa5967403d082aa24f35e1b516d23) [PhysX] Initialized MultithreadedTaskDispatcher with 32 workers.
 -> (artifact id: '1e468b32be75c5bb192baf7832415f93') in 0.019258 seconds
Number of updated asset objects reloaded before import = 0
Number of asset objects unloaded after import = 34
========================================================================
Received Import Request.
  Time since last request: 1.358678 seconds.
  path: Assets/Oculus/SampleFramework/Core/TouchControllers/Materials/L_controller_MAT.mat
  artifactKey: Guid(0ff51c0175f4bf74a85d0a8a5718b3d8) Importer(2089858483,0ecaa5967403d082aa24f35e1b516d23)
Start importing Assets/Oculus/SampleFramework/Core/TouchControllers/Materials/L_controller_MAT.mat using Guid(0ff51c0175f4bf74a85d0a8a5718b3d8) Importer(2089858483,0ecaa5967403d082aa24f35e1b516d23) [PhysX] Initialized MultithreadedTaskDispatcher with 32 workers.
 -> (artifact id: 'cc5e9ef80b3fc35474ea112af83f5ca3') in 0.026807 seconds
Number of updated asset objects reloaded before import = 0
Number of asset objects unloaded after import = 2
========================================================================
Received Import Request.
  Time since last request: 0.000384 seconds.
  path: Assets/Oculus/SampleFramework/Usage/DistanceGrab/Materials/ToyCubeWithOutline.shader
  artifactKey: Guid(05483dbea409e4cc8853dced3eb9f5dc) Importer(2089858483,0ecaa5967403d082aa24f35e1b516d23)
Start importing Assets/Oculus/SampleFramework/Usage/DistanceGrab/Materials/ToyCubeWithOutline.shader using Guid(05483dbea409e4cc8853dced3eb9f5dc) Importer(2089858483,0ecaa5967403d082aa24f35e1b516d23) [PhysX] Initialized MultithreadedTaskDispatcher with 32 workers.
 -> (artifact id: '4002c9fed46c3160fc2829aa2d5df820') in 0.015300 seconds
Number of updated asset objects reloaded before import = 0
Number of asset objects unloaded after import = 1
========================================================================
Received Import Request.
  Time since last request: 0.000058 seconds.
  path: Assets/Oculus/SampleFramework/Usage/Passthrough/Prefabs/PassthroughStyler.prefab
  artifactKey: Guid(f1984b633af3d214aa142412a785ad04) Importer(2089858483,0ecaa5967403d082aa24f35e1b516d23)
Start importing Assets/Oculus/SampleFramework/Usage/Passthrough/Prefabs/PassthroughStyler.prefab using Guid(f1984b633af3d214aa142412a785ad04) Importer(2089858483,0ecaa5967403d082aa24f35e1b516d23) [PhysX] Initialized MultithreadedTaskDispatcher with 32 workers.
 -> (artifact id: '532618104891967fdf5cb7e154209f0f') in 0.045513 seconds
Number of updated asset objects reloaded before import = 0
Number of asset objects unloaded after import = 193
========================================================================
Received Import Request.
  Time since last request: 0.000019 seconds.
  path: Assets/Oculus/SampleFramework/Usage/HandsTrainExample/TrainScene/Lightmap-26_comp_light.exr
  artifactKey: Guid(06e6fa463b394fe4da4f4c899f876b08) Importer(2089858483,0ecaa5967403d082aa24f35e1b516d23)
Start importing Assets/Oculus/SampleFramework/Usage/HandsTrainExample/TrainScene/Lightmap-26_comp_light.exr using Guid(06e6fa463b394fe4da4f4c899f876b08) Importer(2089858483,0ecaa5967403d082aa24f35e1b516d23) [PhysX] Initialized MultithreadedTaskDispatcher with 32 workers.
 -> (artifact id: '19af36fdfda4c6b341433b83ed8d428b') in 0.017652 seconds
Number of updated asset objects reloaded before import = 0
Number of asset objects unloaded after import = 1
========================================================================
Received Import Request.
  Time since last request: 0.000041 seconds.
  path: Assets/Oculus/SampleFramework/Usage/Locomotion/Models/WalkWedge_01.fbx
  artifactKey: Guid(81becef10d5504ac0899403e584c3f01) Importer(2089858483,0ecaa5967403d082aa24f35e1b516d23)
Start importing Assets/Oculus/SampleFramework/Usage/Locomotion/Models/WalkWedge_01.fbx using Guid(81becef10d5504ac0899403e584c3f01) Importer(2089858483,0ecaa5967403d082aa24f35e1b516d23) [PhysX] Initialized MultithreadedTaskDispatcher with 32 workers.
 -> (artifact id: '34e51dd2e6ba3cd1561581296f925d32') in 0.021569 seconds
Number of updated asset objects reloaded before import = 0
Number of asset objects unloaded after import = 7
========================================================================
Received Import Request.
  Time since last request: 0.000017 seconds.
  path: Assets/Oculus/SampleFramework/Core/Video/Shaders/Multiview Stereo.shader
  artifactKey: Guid(873aaf52f432945df9937ea75a74c0e7) Importer(2089858483,0ecaa5967403d082aa24f35e1b516d23)
Start importing Assets/Oculus/SampleFramework/Core/Video/Shaders/Multiview Stereo.shader using Guid(873aaf52f432945df9937ea75a74c0e7) Importer(2089858483,0ecaa5967403d082aa24f35e1b516d23) [PhysX] Initialized MultithreadedTaskDispatcher with 32 workers.
 -> (artifact id: '9ef279929617c1c6b94ccedb42f560cd') in 0.010511 seconds
Number of updated asset objects reloaded before import = 0
Number of asset objects unloaded after import = 1
========================================================================
Received Import Request.
  Time since last request: 0.000017 seconds.
  path: Assets/Oculus/SampleFramework/Usage/DistanceGrab/Prefabs/DistanceGrabSquirtGunPf.prefab
  artifactKey: Guid(22b887b25a8d6409588281047bba5d66) Importer(2089858483,0ecaa5967403d082aa24f35e1b516d23)
Start importing Assets/Oculus/SampleFramework/Usage/DistanceGrab/Prefabs/DistanceGrabSquirtGunPf.prefab using Guid(22b887b25a8d6409588281047bba5d66) Importer(2089858483,0ecaa5967403d082aa24f35e1b516d23) [PhysX] Initialized MultithreadedTaskDispatcher with 32 workers.
 -> (artifact id: '0dbe84feec958de69b741b5fda71291f') in 0.020367 seconds
Number of updated asset objects reloaded before import = 0
Number of asset objects unloaded after import = 10
========================================================================
Received Import Request.
  Time since last request: 0.000074 seconds.
  path: Assets/Oculus/SampleFramework/Usage/SceneManager/Scripts/MyCustomSceneModelLoader.cs
  artifactKey: Guid(056241bc1d3002f45b6bd743c76ddaf3) Importer(2089858483,0ecaa5967403d082aa24f35e1b516d23)
Start importing Assets/Oculus/SampleFramework/Usage/SceneManager/Scripts/MyCustomSceneModelLoader.cs using Guid(056241bc1d3002f45b6bd743c76ddaf3) Importer(2089858483,0ecaa5967403d082aa24f35e1b516d23) [PhysX] Initialized MultithreadedTaskDispatcher with 32 workers.
 -> (artifact id: '4cb586b28ce48e37b30df8aab4eb602e') in 0.008604 seconds
Number of updated asset objects reloaded before import = 0
Number of asset objects unloaded after import = 1
========================================================================
Received Import Request.
  Time since last request: 0.000125 seconds.
  path: Assets/Oculus/SampleFramework/Usage/Locomotion/Textures/floor_wood_01_dif.png
  artifactKey: Guid(47c72aea7837946679d91402f5af8665) Importer(2089858483,0ecaa5967403d082aa24f35e1b516d23)
Start importing Assets/Oculus/SampleFramework/Usage/Locomotion/Textures/floor_wood_01_dif.png using Guid(47c72aea7837946679d91402f5af8665) Importer(2089858483,0ecaa5967403d082aa24f35e1b516d23) [PhysX] Initialized MultithreadedTaskDispatcher with 32 workers.
 -> (artifact id: '1922345668983be898f7c7ca6713f6f6') in 0.017275 seconds
Number of updated asset objects reloaded before import = 0
Number of asset objects unloaded after import = 1
========================================================================
Received Import Request.
  Time since last request: 0.000064 seconds.
  path: Assets/Oculus/SampleFramework/Core/TouchControllers/Models/right_touch_controller_model_skel.fbx
  artifactKey: Guid(270ca9aaa39af4d4bb26754fdce0c971) Importer(2089858483,0ecaa5967403d082aa24f35e1b516d23)
Start importing Assets/Oculus/SampleFramework/Core/TouchControllers/Models/right_touch_controller_model_skel.fbx using Guid(270ca9aaa39af4d4bb26754fdce0c971) Importer(2089858483,0ecaa5967403d082aa24f35e1b516d23) [PhysX] Initialized MultithreadedTaskDispatcher with 32 workers.
 -> (artifact id: 'b5c7c65075f54a9f33b57ba1bd01040a') in 0.026841 seconds
Number of updated asset objects reloaded before import = 0
Number of asset objects unloaded after import = 64
========================================================================
Received Import Request.
  Time since last request: 0.000018 seconds.
  path: Assets/Oculus/SampleFramework/Usage/Locomotion/Materials/MAT_floor_tile_01.mat
  artifactKey: Guid(5c3d5738fa2d6483bb8a2af0a6f50a66) Importer(2089858483,0ecaa5967403d082aa24f35e1b516d23)
Start importing Assets/Oculus/SampleFramework/Usage/Locomotion/Materials/MAT_floor_tile_01.mat using Guid(5c3d5738fa2d6483bb8a2af0a6f50a66) Importer(2089858483,0ecaa5967403d082aa24f35e1b516d23) [PhysX] Initialized MultithreadedTaskDispatcher with 32 workers.
 -> (artifact id: 'df02471560da53df2826954a759b8d16') in 0.053351 seconds
Number of updated asset objects reloaded before import = 0
Number of asset objects unloaded after import = 4
========================================================================
Received Import Request.
  Time since last request: 0.000021 seconds.
  path: Assets/Oculus/SampleFramework/Usage/Passthrough/Scripts/ObjectManipulator.cs
  artifactKey: Guid(891a5db22dd82b84195539b740608c98) Importer(2089858483,0ecaa5967403d082aa24f35e1b516d23)
Start importing Assets/Oculus/SampleFramework/Usage/Passthrough/Scripts/ObjectManipulator.cs using Guid(891a5db22dd82b84195539b740608c98) Importer(2089858483,0ecaa5967403d082aa24f35e1b516d23) [PhysX] Initialized MultithreadedTaskDispatcher with 32 workers.
 -> (artifact id: 'dd35a7029c5e028dc0f15a944f3b5adc') in 0.007733 seconds
Number of updated asset objects reloaded before import = 0
Number of asset objects unloaded after import = 1
========================================================================
Received Import Request.
  Time since last request: 0.000016 seconds.
  path: Assets/Oculus/SampleFramework/Usage/HandsTrainExample/Textures/selection_cylinder.png
  artifactKey: Guid(2fef2bbdf32555342ad350ddd7e73d46) Importer(2089858483,0ecaa5967403d082aa24f35e1b516d23)
Start importing Assets/Oculus/SampleFramework/Usage/HandsTrainExample/Textures/selection_cylinder.png using Guid(2fef2bbdf32555342ad350ddd7e73d46) Importer(2089858483,0ecaa5967403d082aa24f35e1b516d23) [PhysX] Initialized MultithreadedTaskDispatcher with 32 workers.
 -> (artifact id: '7fca0b8a557f6a745d4ec5dd64f68101') in 0.017530 seconds
Number of updated asset objects reloaded before import = 0
Number of asset objects unloaded after import = 1
========================================================================
Received Import Request.
  Time since last request: 0.000078 seconds.
  path: Assets/Oculus/SampleFramework/Usage/Locomotion/Models/WedgeFloor_07.fbx
  artifactKey: Guid(00f1dcd1f78b54882b39391706592dff) Importer(2089858483,0ecaa5967403d082aa24f35e1b516d23)
Start importing Assets/Oculus/SampleFramework/Usage/Locomotion/Models/WedgeFloor_07.fbx using Guid(00f1dcd1f78b54882b39391706592dff) Importer(2089858483,0ecaa5967403d082aa24f35e1b516d23) [PhysX] Initialized MultithreadedTaskDispatcher with 32 workers.
 -> (artifact id: '64aaf7fb669d72eec2b8ef380c3a154b') in 0.017663 seconds
Number of updated asset objects reloaded before import = 0
Number of asset objects unloaded after import = 7
========================================================================
Received Import Request.
  Time since last request: 0.000087 seconds.
  path: Assets/Oculus/SampleFramework/Usage/HandsTrainExample/Textures/Smoke30Frames.png
  artifactKey: Guid(ed8f09de76b907c44b668bc985dbfb26) Importer(2089858483,0ecaa5967403d082aa24f35e1b516d23)
Start importing Assets/Oculus/SampleFramework/Usage/HandsTrainExample/Textures/Smoke30Frames.png using Guid(ed8f09de76b907c44b668bc985dbfb26) Importer(2089858483,0ecaa5967403d082aa24f35e1b516d23) [PhysX] Initialized MultithreadedTaskDispatcher with 32 workers.
 -> (artifact id: '5615482ee45889ffe5c00037b0dbcdb2') in 0.017319 seconds
Number of updated asset objects reloaded before import = 0
Number of asset objects unloaded after import = 1
========================================================================
Received Import Request.
  Time since last request: 0.000104 seconds.
  path: Assets/Oculus/SampleFramework/Usage/HandsTrainExample/TrainScene/ReflectionProbe-0.png
  artifactKey: Guid(1886a7586ae500c439dc72de669677a8) Importer(2089858483,0ecaa5967403d082aa24f35e1b516d23)
Start importing Assets/Oculus/SampleFramework/Usage/HandsTrainExample/TrainScene/ReflectionProbe-0.png using Guid(1886a7586ae500c439dc72de669677a8) Importer(2089858483,0ecaa5967403d082aa24f35e1b516d23) [PhysX] Initialized MultithreadedTaskDispatcher with 32 workers.
 -> (artifact id: '63bbad4454676e09836d8f246c52caa8') in 0.020828 seconds
Number of updated asset objects reloaded before import = 0
Number of asset objects unloaded after import = 1
========================================================================
Received Import Request.
  Time since last request: 0.000157 seconds.
  path: Assets/Oculus/SampleFramework/Usage/Passthrough/Materials/Blue.mat
  artifactKey: Guid(a86f23e51babc544a8f3e240ffe9b263) Importer(2089858483,0ecaa5967403d082aa24f35e1b516d23)
Start importing Assets/Oculus/SampleFramework/Usage/Passthrough/Materials/Blue.mat using Guid(a86f23e51babc544a8f3e240ffe9b263) Importer(2089858483,0ecaa5967403d082aa24f35e1b516d23) [PhysX] Initialized MultithreadedTaskDispatcher with 32 workers.
 -> (artifact id: '8b76d84ecb23f049d5e21924b38fbaa1') in 0.010634 seconds
Number of updated asset objects reloaded before import = 0
Number of asset objects unloaded after import = 1
========================================================================
Received Import Request.
  Time since last request: 0.000018 seconds.
  path: Assets/Oculus/SampleFramework/Usage/HandsTrainExample/Materials/SelectionCylinderBase.mat
  artifactKey: Guid(12d9a49768b575643a552c2ce6fdc26e) Importer(2089858483,0ecaa5967403d082aa24f35e1b516d23)
Start importing Assets/Oculus/SampleFramework/Usage/HandsTrainExample/Materials/SelectionCylinderBase.mat using Guid(12d9a49768b575643a552c2ce6fdc26e) Importer(2089858483,0ecaa5967403d082aa24f35e1b516d23) [PhysX] Initialized MultithreadedTaskDispatcher with 32 workers.
 -> (artifact id: '11e3c58f0f43edd34749c467a2d55cc7') in 0.014806 seconds
Number of updated asset objects reloaded before import = 0
Number of asset objects unloaded after import = 2
========================================================================
Received Import Request.
  Time since last request: 0.000020 seconds.
  path: Assets/Oculus/SampleFramework/Usage/SceneManager/Scenes/BouncingBall.unity
  artifactKey: Guid(8f96b0c0fd5605a4f8477abdb8e65436) Importer(2089858483,0ecaa5967403d082aa24f35e1b516d23)
Start importing Assets/Oculus/SampleFramework/Usage/SceneManager/Scenes/BouncingBall.unity using Guid(8f96b0c0fd5605a4f8477abdb8e65436) Importer(2089858483,0ecaa5967403d082aa24f35e1b516d23) [PhysX] Initialized MultithreadedTaskDispatcher with 32 workers.
 -> (artifact id: '581f1b93a37847ab6797e3279cf69a5d') in 0.007064 seconds
Number of updated asset objects reloaded before import = 0
Number of asset objects unloaded after import = 1
========================================================================
Received Import Request.
  Time since last request: 0.000117 seconds.
  path: Assets/Oculus/SampleFramework/Usage/HandsTrainExample/TrainScene/Lightmap-14_comp_dir.png
  artifactKey: Guid(2bb867a6fd6122a4ea48e21b956a4cc2) Importer(2089858483,0ecaa5967403d082aa24f35e1b516d23)
Start importing Assets/Oculus/SampleFramework/Usage/HandsTrainExample/TrainScene/Lightmap-14_comp_dir.png using Guid(2bb867a6fd6122a4ea48e21b956a4cc2) Importer(2089858483,0ecaa5967403d082aa24f35e1b516d23) [PhysX] Initialized MultithreadedTaskDispatcher with 32 workers.
 -> (artifact id: '9ca8e168140ceb4eb050af58428109cd') in 0.016766 seconds
Number of updated asset objects reloaded before import = 0
Number of asset objects unloaded after import = 1
========================================================================
Received Import Request.
  Time since last request: 0.000089 seconds.
  path: Assets/Oculus/SampleFramework/Usage/Passthrough/Scripts/SelectivePassthroughExperience.cs
  artifactKey: Guid(2154d320019e72543b03d9a4778af800) Importer(2089858483,0ecaa5967403d082aa24f35e1b516d23)
Start importing Assets/Oculus/SampleFramework/Usage/Passthrough/Scripts/SelectivePassthroughExperience.cs using Guid(2154d320019e72543b03d9a4778af800) Importer(2089858483,0ecaa5967403d082aa24f35e1b516d23) [PhysX] Initialized MultithreadedTaskDispatcher with 32 workers.
 -> (artifact id: '1a3dbca4cab34e0dd79d2405ed4a7e72') in 0.011063 seconds
Number of updated asset objects reloaded before import = 0
Number of asset objects unloaded after import = 1
========================================================================
Received Import Request.
  Time since last request: 0.000161 seconds.
  path: Assets/Oculus/SampleFramework/Usage/HandsTrainExample/TrainScene/Lightmap-35_comp_shadowmask.png
  artifactKey: Guid(47658c73b72ce2d4b9a7e2b693b32ce0) Importer(2089858483,0ecaa5967403d082aa24f35e1b516d23)
Start importing Assets/Oculus/SampleFramework/Usage/HandsTrainExample/TrainScene/Lightmap-35_comp_shadowmask.png using Guid(47658c73b72ce2d4b9a7e2b693b32ce0) Importer(2089858483,0ecaa5967403d082aa24f35e1b516d23) [PhysX] Initialized MultithreadedTaskDispatcher with 32 workers.
 -> (artifact id: '6bb36ce9a6fdeb9c53da5205193d0e5a') in 0.015426 seconds
Number of updated asset objects reloaded before import = 0
Number of asset objects unloaded after import = 1
========================================================================
Received Import Request.
  Time since last request: 0.000023 seconds.
  path: Assets/Oculus/SampleFramework/Usage/Locomotion/Prefabs/ThinBarsPf.prefab
  artifactKey: Guid(555b14fdbb3654d92946230ea927ffda) Importer(2089858483,0ecaa5967403d082aa24f35e1b516d23)
Start importing Assets/Oculus/SampleFramework/Usage/Locomotion/Prefabs/ThinBarsPf.prefab using Guid(555b14fdbb3654d92946230ea927ffda) Importer(2089858483,0ecaa5967403d082aa24f35e1b516d23) [PhysX] Initialized MultithreadedTaskDispatcher with 32 workers.
 -> (artifact id: '32ca69e6b4e3851b1f0550dd6fa10d46') in 0.011144 seconds
Number of updated asset objects reloaded before import = 0
Number of asset objects unloaded after import = 10
========================================================================
Received Import Request.
  Time since last request: 0.000016 seconds.
  path: Assets/Oculus/SampleFramework/Usage/HandsTrainExample/Shaders/GradientSkybox.shader
  artifactKey: Guid(a26f6c3a227968248908d2fc42ae06e9) Importer(2089858483,0ecaa5967403d082aa24f35e1b516d23)
Start importing Assets/Oculus/SampleFramework/Usage/HandsTrainExample/Shaders/GradientSkybox.shader using Guid(a26f6c3a227968248908d2fc42ae06e9) Importer(2089858483,0ecaa5967403d082aa24f35e1b516d23) [PhysX] Initialized MultithreadedTaskDispatcher with 32 workers.
 -> (artifact id: '5365379f36b6209a472b93ee6975faeb') in 0.014401 seconds
Number of updated asset objects reloaded before import = 0
Number of asset objects unloaded after import = 1
========================================================================
Received Import Request.
  Time since last request: 0.000075 seconds.
  path: Assets/Oculus/SampleFramework/Core/Video/Scripts/VectorUtil.cs
  artifactKey: Guid(1eaf72ebb00dbb3429d4b6f661947a04) Importer(2089858483,0ecaa5967403d082aa24f35e1b516d23)
Start importing Assets/Oculus/SampleFramework/Core/Video/Scripts/VectorUtil.cs using Guid(1eaf72ebb00dbb3429d4b6f661947a04) Importer(2089858483,0ecaa5967403d082aa24f35e1b516d23) [PhysX] Initialized MultithreadedTaskDispatcher with 32 workers.
 -> (artifact id: 'df02adf897264bb783a81e92b545168f') in 0.013923 seconds
Number of updated asset objects reloaded before import = 0
Number of asset objects unloaded after import = 1
========================================================================
Received Import Request.
  Time since last request: 0.000083 seconds.
  path: Assets/Oculus/SampleFramework/Usage/Passthrough/Materials/PassthroughBrushStroke.mat
  artifactKey: Guid(0ff7438fe513d7e4295f6ec9b5b623d7) Importer(2089858483,0ecaa5967403d082aa24f35e1b516d23)
Start importing Assets/Oculus/SampleFramework/Usage/Passthrough/Materials/PassthroughBrushStroke.mat using Guid(0ff7438fe513d7e4295f6ec9b5b623d7) Importer(2089858483,0ecaa5967403d082aa24f35e1b516d23) [PhysX] Initialized MultithreadedTaskDispatcher with 32 workers.
 -> (artifact id: '90161700b5b1288106f36849a7ebfb36') in 0.011700 seconds
Number of updated asset objects reloaded before import = 0
Number of asset objects unloaded after import = 1
========================================================================
Received Import Request.
  Time since last request: 0.000039 seconds.
  path: Assets/Oculus/SampleFramework/Usage/HandsTrainExample/Scripts/PanelHMDFollower.cs
  artifactKey: Guid(53159ccc00b5ed74b8e54ec5df70448f) Importer(2089858483,0ecaa5967403d082aa24f35e1b516d23)
Start importing Assets/Oculus/SampleFramework/Usage/HandsTrainExample/Scripts/PanelHMDFollower.cs using Guid(53159ccc00b5ed74b8e54ec5df70448f) Importer(2089858483,0ecaa5967403d082aa24f35e1b516d23) [PhysX] Initialized MultithreadedTaskDispatcher with 32 workers.
 -> (artifact id: '469beb956fa273b6813912b168c158e4') in 0.010024 seconds
Number of updated asset objects reloaded before import = 0
Number of asset objects unloaded after import = 1
========================================================================
Received Import Request.
  Time since last request: 0.000162 seconds.
  path: Assets/Oculus/SampleFramework/Usage/DistanceGrab/Materials/ToyBallWithOutline.mat
  artifactKey: Guid(beb3a042b07e94503947a8f63d10c46e) Importer(2089858483,0ecaa5967403d082aa24f35e1b516d23)
Start importing Assets/Oculus/SampleFramework/Usage/DistanceGrab/Materials/ToyBallWithOutline.mat using Guid(beb3a042b07e94503947a8f63d10c46e) Importer(2089858483,0ecaa5967403d082aa24f35e1b516d23) [PhysX] Initialized MultithreadedTaskDispatcher with 32 workers.
 -> (artifact id: 'f2c96846bc536ba93e278e6b8ee4a95d') in 0.015507 seconds
Number of updated asset objects reloaded before import = 0
Number of asset objects unloaded after import = 2
========================================================================
Received Import Request.
  Time since last request: 0.000020 seconds.
  path: Assets/Oculus/SampleFramework/Usage/Locomotion/Models/Cube_1_1.fbx
  artifactKey: Guid(502c3d024430a46e1a352dd7c830b88e) Importer(2089858483,0ecaa5967403d082aa24f35e1b516d23)
Start importing Assets/Oculus/SampleFramework/Usage/Locomotion/Models/Cube_1_1.fbx using Guid(502c3d024430a46e1a352dd7c830b88e) Importer(2089858483,0ecaa5967403d082aa24f35e1b516d23) [PhysX] Initialized MultithreadedTaskDispatcher with 32 workers.
 -> (artifact id: '3fc1a70c701ac4cc13db1507e0215176') in 0.020637 seconds
Number of updated asset objects reloaded before import = 0
Number of asset objects unloaded after import = 7
========================================================================
Received Import Request.
  Time since last request: 0.000084 seconds.
  path: Assets/Oculus/SampleFramework/Usage/HandsTrainExample/TrainScene/Lightmap-38_comp_dir.png
  artifactKey: Guid(fb564ef5cddf2644d9d276fbda430b26) Importer(2089858483,0ecaa5967403d082aa24f35e1b516d23)
Start importing Assets/Oculus/SampleFramework/Usage/HandsTrainExample/TrainScene/Lightmap-38_comp_dir.png using Guid(fb564ef5cddf2644d9d276fbda430b26) Importer(2089858483,0ecaa5967403d082aa24f35e1b516d23) [PhysX] Initialized MultithreadedTaskDispatcher with 32 workers.
 -> (artifact id: '98c1bd78037a0af70d186184775284f9') in 0.019539 seconds
Number of updated asset objects reloaded before import = 0
Number of asset objects unloaded after import = 1
========================================================================
Received Import Request.
  Time since last request: 0.000102 seconds.
  path: Assets/Oculus/SampleFramework/Usage/HandsTrainExample/Shaders/OculusSampleTrainPropsShader.shader
  artifactKey: Guid(f4b0404f9d6f0f745a9d6caa997ff40d) Importer(2089858483,0ecaa5967403d082aa24f35e1b516d23)
Start importing Assets/Oculus/SampleFramework/Usage/HandsTrainExample/Shaders/OculusSampleTrainPropsShader.shader using Guid(f4b0404f9d6f0f745a9d6caa997ff40d) Importer(2089858483,0ecaa5967403d082aa24f35e1b516d23) [PhysX] Initialized MultithreadedTaskDispatcher with 32 workers.
 -> (artifact id: '58451acf327d884159cfd2185afc6e8b') in 0.013979 seconds
Number of updated asset objects reloaded before import = 0
Number of asset objects unloaded after import = 1
========================================================================
Received Import Request.
  Time since last request: 0.000116 seconds.
  path: Assets/Oculus/SampleFramework/Usage/DistanceGrab/Scripts/DistanceGrabberSample.cs
  artifactKey: Guid(b4138e8f8ee53464d80d2449b3b23092) Importer(2089858483,0ecaa5967403d082aa24f35e1b516d23)
Start importing Assets/Oculus/SampleFramework/Usage/DistanceGrab/Scripts/DistanceGrabberSample.cs using Guid(b4138e8f8ee53464d80d2449b3b23092) Importer(2089858483,0ecaa5967403d082aa24f35e1b516d23) [PhysX] Initialized MultithreadedTaskDispatcher with 32 workers.
 -> (artifact id: '59f4d9ec88ded6b998673de79b1f5e0b') in 0.019190 seconds
Number of updated asset objects reloaded before import = 0
Number of asset objects unloaded after import = 1
========================================================================
Received Import Request.
  Time since last request: 0.000025 seconds.
  path: Assets/Oculus/SampleFramework/Usage/HandsTrainExample/Scripts/TrainCrossingController.cs
  artifactKey: Guid(2a7acab7bf364b344bf233c928f66c16) Importer(2089858483,0ecaa5967403d082aa24f35e1b516d23)
Start importing Assets/Oculus/SampleFramework/Usage/HandsTrainExample/Scripts/TrainCrossingController.cs using Guid(2a7acab7bf364b344bf233c928f66c16) Importer(2089858483,0ecaa5967403d082aa24f35e1b516d23) [PhysX] Initialized MultithreadedTaskDispatcher with 32 workers.
 -> (artifact id: '3890f13c1c54ea45d7e20ab23c471400') in 0.014233 seconds
Number of updated asset objects reloaded before import = 0
Number of asset objects unloaded after import = 1
========================================================================
Received Import Request.
  Time since last request: 0.000126 seconds.
  path: Assets/Oculus/SampleFramework/Usage/HandsTrainExample/TrainScene/Lightmap-11_comp_shadowmask.png
  artifactKey: Guid(4af181395a0889942bd42a93cfa85f62) Importer(2089858483,0ecaa5967403d082aa24f35e1b516d23)
Start importing Assets/Oculus/SampleFramework/Usage/HandsTrainExample/TrainScene/Lightmap-11_comp_shadowmask.png using Guid(4af181395a0889942bd42a93cfa85f62) Importer(2089858483,0ecaa5967403d082aa24f35e1b516d23) [PhysX] Initialized MultithreadedTaskDispatcher with 32 workers.
 -> (artifact id: 'd809ce02e3aeba96c62ba8a383fbb656') in 0.020997 seconds
Number of updated asset objects reloaded before import = 0
Number of asset objects unloaded after import = 1
========================================================================
Received Import Request.
  Time since last request: 0.000043 seconds.
  path: Assets/Oculus/SampleFramework/Usage/OVROverlay/Prefabs/OverlayUICamera.prefab
  artifactKey: Guid(86b26048b3afda744b007257161860dc) Importer(2089858483,0ecaa5967403d082aa24f35e1b516d23)
Start importing Assets/Oculus/SampleFramework/Usage/OVROverlay/Prefabs/OverlayUICamera.prefab using Guid(86b26048b3afda744b007257161860dc) Importer(2089858483,0ecaa5967403d082aa24f35e1b516d23) [PhysX] Initialized MultithreadedTaskDispatcher with 32 workers.
 -> (artifact id: '998984e0523f144e7b6e722cd6dac82e') in 0.016721 seconds
Number of updated asset objects reloaded before import = 0
Number of asset objects unloaded after import = 7
========================================================================
Received Import Request.
  Time since last request: 0.000299 seconds.
  path: Assets/Oculus/SampleFramework/Usage/Locomotion/Materials/MAT_grid_01_light.mat
  artifactKey: Guid(1c0889e6c85aa489ca9303bf392110ed) Importer(2089858483,0ecaa5967403d082aa24f35e1b516d23)
Start importing Assets/Oculus/SampleFramework/Usage/Locomotion/Materials/MAT_grid_01_light.mat using Guid(1c0889e6c85aa489ca9303bf392110ed) Importer(2089858483,0ecaa5967403d082aa24f35e1b516d23) [PhysX] Initialized MultithreadedTaskDispatcher with 32 workers.
 -> (artifact id: 'dacdf0b45afc21e3b2f371470751c6ba') in 0.012091 seconds
Number of updated asset objects reloaded before import = 0
Number of asset objects unloaded after import = 2
========================================================================
Received Import Request.
  Time since last request: 0.000021 seconds.
  path: Assets/Oculus/SampleFramework/Usage/Passthrough/Scripts/HandMeshMask.cs
  artifactKey: Guid(445f7f5df38d546a58ce30e477cf0111) Importer(2089858483,0ecaa5967403d082aa24f35e1b516d23)
Start importing Assets/Oculus/SampleFramework/Usage/Passthrough/Scripts/HandMeshMask.cs using Guid(445f7f5df38d546a58ce30e477cf0111) Importer(2089858483,0ecaa5967403d082aa24f35e1b516d23) [PhysX] Initialized MultithreadedTaskDispatcher with 32 workers.
 -> (artifact id: '467e76efb98409d7404b4b8bb93c79a4') in 0.007790 seconds
Number of updated asset objects reloaded before import = 0
Number of asset objects unloaded after import = 1
========================================================================
Received Import Request.
  Time since last request: 0.000107 seconds.
  path: Assets/Oculus/SampleFramework/Usage/HandsTrainExample/Scripts/TrainTrack.cs
  artifactKey: Guid(ff89fc657eb094e5a8516b7747bfae69) Importer(2089858483,0ecaa5967403d082aa24f35e1b516d23)
Start importing Assets/Oculus/SampleFramework/Usage/HandsTrainExample/Scripts/TrainTrack.cs using Guid(ff89fc657eb094e5a8516b7747bfae69) Importer(2089858483,0ecaa5967403d082aa24f35e1b516d23) [PhysX] Initialized MultithreadedTaskDispatcher with 32 workers.
 -> (artifact id: '76aec66322d3d31606ed79f1f7bdc3bf') in 0.010547 seconds
Number of updated asset objects reloaded before import = 0
Number of asset objects unloaded after import = 1
========================================================================
Received Import Request.
  Time since last request: 0.000246 seconds.
  path: Assets/Oculus/SampleFramework/Usage/SceneManager/Prefabs/InvisiblePlane_Switcher.prefab
  artifactKey: Guid(16fe4642d4c1d4640929478eee36078f) Importer(2089858483,0ecaa5967403d082aa24f35e1b516d23)
Start importing Assets/Oculus/SampleFramework/Usage/SceneManager/Prefabs/InvisiblePlane_Switcher.prefab using Guid(16fe4642d4c1d4640929478eee36078f) Importer(2089858483,0ecaa5967403d082aa24f35e1b516d23) [PhysX] Initialized MultithreadedTaskDispatcher with 32 workers.
 -> (artifact id: '49f1eb35b007ff2942980add5d8e7223') in 0.022698 seconds
Number of updated asset objects reloaded before import = 0
Number of asset objects unloaded after import = 11
========================================================================
Received Import Request.
  Time since last request: 0.000019 seconds.
  path: Assets/Oculus/SampleFramework/Usage/DistanceGrab/Materials/Ball03WithOutline.mat
  artifactKey: Guid(9cba9da727fd742f5b4083909359be0f) Importer(2089858483,0ecaa5967403d082aa24f35e1b516d23)
Start importing Assets/Oculus/SampleFramework/Usage/DistanceGrab/Materials/Ball03WithOutline.mat using Guid(9cba9da727fd742f5b4083909359be0f) Importer(2089858483,0ecaa5967403d082aa24f35e1b516d23) [PhysX] Initialized MultithreadedTaskDispatcher with 32 workers.
 -> (artifact id: '2e3d835dfc43531ef7f54111b3e0ee39') in 0.031065 seconds
Number of updated asset objects reloaded before import = 0
Number of asset objects unloaded after import = 3
========================================================================
Received Import Request.
  Time since last request: 0.000025 seconds.
  path: Assets/Oculus/SampleFramework/Usage/SceneManager/Scripts/RequestCaptureFlow.cs
  artifactKey: Guid(09770b1619250a043bae7ef5b2c882e7) Importer(2089858483,0ecaa5967403d082aa24f35e1b516d23)
Start importing Assets/Oculus/SampleFramework/Usage/SceneManager/Scripts/RequestCaptureFlow.cs using Guid(09770b1619250a043bae7ef5b2c882e7) Importer(2089858483,0ecaa5967403d082aa24f35e1b516d23) [PhysX] Initialized MultithreadedTaskDispatcher with 32 workers.
 -> (artifact id: '3207a2afe6862662d53732305ff5c966') in 0.009657 seconds
Number of updated asset objects reloaded before import = 0
Number of asset objects unloaded after import = 1
========================================================================
Received Import Request.
  Time since last request: 0.000034 seconds.
  path: Assets/Oculus/SampleFramework/Usage/Passthrough/Materials/BlackUnlit.mat
  artifactKey: Guid(646da484d21bf48d887dedfb481d78f8) Importer(2089858483,0ecaa5967403d082aa24f35e1b516d23)
Start importing Assets/Oculus/SampleFramework/Usage/Passthrough/Materials/BlackUnlit.mat using Guid(646da484d21bf48d887dedfb481d78f8) Importer(2089858483,0ecaa5967403d082aa24f35e1b516d23) [PhysX] Initialized MultithreadedTaskDispatcher with 32 workers.
 -> (artifact id: '7da0256321f061fa9f08c5b11b8b1c08') in 0.010443 seconds
Number of updated asset objects reloaded before import = 0
Number of asset objects unloaded after import = 1
========================================================================
Received Import Request.
  Time since last request: 0.000024 seconds.
  path: Assets/Oculus/SampleFramework/Usage/DistanceGrab/Materials/triangles.png
  artifactKey: Guid(42cde8c8cd0446b49b0d883688e875d8) Importer(2089858483,0ecaa5967403d082aa24f35e1b516d23)
Start importing Assets/Oculus/SampleFramework/Usage/DistanceGrab/Materials/triangles.png using Guid(42cde8c8cd0446b49b0d883688e875d8) Importer(2089858483,0ecaa5967403d082aa24f35e1b516d23) [PhysX] Initialized MultithreadedTaskDispatcher with 32 workers.
 -> (artifact id: 'b702a7cb1f5120f2dc3698de22c73e3d') in 0.016136 seconds
Number of updated asset objects reloaded before import = 0
Number of asset objects unloaded after import = 1
========================================================================
Received Import Request.
  Time since last request: 0.000082 seconds.
  path: Assets/Oculus/SampleFramework/Usage/SceneManager/Materials/Plane.mat
  artifactKey: Guid(7245164ab2418f842978c3bf27ce1ec8) Importer(2089858483,0ecaa5967403d082aa24f35e1b516d23)
Start importing Assets/Oculus/SampleFramework/Usage/SceneManager/Materials/Plane.mat using Guid(7245164ab2418f842978c3bf27ce1ec8) Importer(2089858483,0ecaa5967403d082aa24f35e1b516d23) [PhysX] Initialized MultithreadedTaskDispatcher with 32 workers.
 -> (artifact id: '19610e8c2d5fc45b658419e634e79c91') in 0.013479 seconds
Number of updated asset objects reloaded before import = 0
Number of asset objects unloaded after import = 2
========================================================================
Received Import Request.
  Time since last request: 0.000021 seconds.
  path: Assets/Oculus/SampleFramework/Usage/Locomotion/Models/WedgeFloor_05.fbx
  artifactKey: Guid(f9c914816e5534c829508b3f78a4e547) Importer(2089858483,0ecaa5967403d082aa24f35e1b516d23)
Start importing Assets/Oculus/SampleFramework/Usage/Locomotion/Models/WedgeFloor_05.fbx using Guid(f9c914816e5534c829508b3f78a4e547) Importer(2089858483,0ecaa5967403d082aa24f35e1b516d23) [PhysX] Initialized MultithreadedTaskDispatcher with 32 workers.
 -> (artifact id: '460d212139305c6fc476df24d8c34724') in 0.019511 seconds
Number of updated asset objects reloaded before import = 0
Number of asset objects unloaded after import = 7
========================================================================
Received Import Request.
  Time since last request: 0.000021 seconds.
  path: Assets/Oculus/SampleFramework/Usage/OVROverlay/Textures/Tile_Texture_Henry.png
  artifactKey: Guid(68718b007b3e15249ba6c9c4e31c045f) Importer(2089858483,0ecaa5967403d082aa24f35e1b516d23)
Start importing Assets/Oculus/SampleFramework/Usage/OVROverlay/Textures/Tile_Texture_Henry.png using Guid(68718b007b3e15249ba6c9c4e31c045f) Importer(2089858483,0ecaa5967403d082aa24f35e1b516d23) [PhysX] Initialized MultithreadedTaskDispatcher with 32 workers.
 -> (artifact id: '382706fe88941fbd9e9b3491d04ee46d') in 0.016353 seconds
Number of updated asset objects reloaded before import = 0
Number of asset objects unloaded after import = 1
========================================================================
Received Import Request.
  Time since last request: 0.000073 seconds.
  path: Assets/Oculus/SampleFramework/Usage/HandsTrainExample/TrainScene/Lightmap-10_comp_light.exr
  artifactKey: Guid(1cc060f59bfd2bf4f89995f6e5e90f79) Importer(2089858483,0ecaa5967403d082aa24f35e1b516d23)
Start importing Assets/Oculus/SampleFramework/Usage/HandsTrainExample/TrainScene/Lightmap-10_comp_light.exr using Guid(1cc060f59bfd2bf4f89995f6e5e90f79) Importer(2089858483,0ecaa5967403d082aa24f35e1b516d23) [PhysX] Initialized MultithreadedTaskDispatcher with 32 workers.
 -> (artifact id: '4434bb836fa0ca0cba78bce745eae426') in 0.018441 seconds
Number of updated asset objects reloaded before import = 0
Number of asset objects unloaded after import = 1
========================================================================
Received Import Request.
  Time since last request: 0.000018 seconds.
  path: Assets/Oculus/SampleFramework/Usage/Passthrough/Materials/Red.mat
  artifactKey: Guid(1a96f2c436c09b745985d5faf060545d) Importer(2089858483,0ecaa5967403d082aa24f35e1b516d23)
Start importing Assets/Oculus/SampleFramework/Usage/Passthrough/Materials/Red.mat using Guid(1a96f2c436c09b745985d5faf060545d) Importer(2089858483,0ecaa5967403d082aa24f35e1b516d23) [PhysX] Initialized MultithreadedTaskDispatcher with 32 workers.
 -> (artifact id: '94c4c77f091adfe4a019d04498531118') in 0.008793 seconds
Number of updated asset objects reloaded before import = 0
Number of asset objects unloaded after import = 1
========================================================================
Received Import Request.
  Time since last request: 0.000093 seconds.
  path: Assets/Oculus/SampleFramework/Usage/HandsTrainExample/TrainScene/Lightmap-8_comp_light.exr
  artifactKey: Guid(d1e8e0b8c20818c43ab8154deb696330) Importer(2089858483,0ecaa5967403d082aa24f35e1b516d23)
Start importing Assets/Oculus/SampleFramework/Usage/HandsTrainExample/TrainScene/Lightmap-8_comp_light.exr using Guid(d1e8e0b8c20818c43ab8154deb696330) Importer(2089858483,0ecaa5967403d082aa24f35e1b516d23) [PhysX] Initialized MultithreadedTaskDispatcher with 32 workers.
 -> (artifact id: 'cfab0e850f915b83ff6bdd8708ead4b5') in 0.023854 seconds
Number of updated asset objects reloaded before import = 0
Number of asset objects unloaded after import = 1
========================================================================
Received Import Request.
  Time since last request: 0.000079 seconds.
  path: Assets/Oculus/SampleFramework/Usage/HandsTrainExample/TrainScene/Lightmap-35_comp_light.exr
  artifactKey: Guid(8de834b7f46603f439c6f72fb642e5aa) Importer(2089858483,0ecaa5967403d082aa24f35e1b516d23)
Start importing Assets/Oculus/SampleFramework/Usage/HandsTrainExample/TrainScene/Lightmap-35_comp_light.exr using Guid(8de834b7f46603f439c6f72fb642e5aa) Importer(2089858483,0ecaa5967403d082aa24f35e1b516d23) [PhysX] Initialized MultithreadedTaskDispatcher with 32 workers.
 -> (artifact id: 'e7bb8b911090b24926fba7c368630f86') in 0.021310 seconds
Number of updated asset objects reloaded before import = 0
Number of asset objects unloaded after import = 1
========================================================================
Received Import Request.
  Time since last request: 0.000042 seconds.
  path: Assets/Oculus/SampleFramework/Usage/Locomotion/Models/Cube_1_7.fbx
  artifactKey: Guid(aa48aa7918416413d960ff8645fafc1f) Importer(2089858483,0ecaa5967403d082aa24f35e1b516d23)
Start importing Assets/Oculus/SampleFramework/Usage/Locomotion/Models/Cube_1_7.fbx using Guid(aa48aa7918416413d960ff8645fafc1f) Importer(2089858483,0ecaa5967403d082aa24f35e1b516d23) [PhysX] Initialized MultithreadedTaskDispatcher with 32 workers.
 -> (artifact id: '2a87433fba145be8ad11db590d57767b') in 0.019020 seconds
Number of updated asset objects reloaded before import = 0
Number of asset objects unloaded after import = 7
========================================================================
Received Import Request.
  Time since last request: 0.000240 seconds.
  path: Assets/Oculus/SampleFramework/Usage/Locomotion/Models/WedgeFloor_06.fbx
  artifactKey: Guid(8ad038b93d45e4c27ac01d76a7b07d08) Importer(2089858483,0ecaa5967403d082aa24f35e1b516d23)
Start importing Assets/Oculus/SampleFramework/Usage/Locomotion/Models/WedgeFloor_06.fbx using Guid(8ad038b93d45e4c27ac01d76a7b07d08) Importer(2089858483,0ecaa5967403d082aa24f35e1b516d23) [PhysX] Initialized MultithreadedTaskDispatcher with 32 workers.
 -> (artifact id: '05169553078903fab1de3ac803b354d3') in 0.017580 seconds
Number of updated asset objects reloaded before import = 0
Number of asset objects unloaded after import = 7
========================================================================
Received Import Request.
  Time since last request: 0.000019 seconds.
  path: Assets/Oculus/SampleFramework/Usage/SceneManager/Shaders/InvisibleOccluder.shader
  artifactKey: Guid(d49c97313286eb3428795cf55ed7a9f2) Importer(2089858483,0ecaa5967403d082aa24f35e1b516d23)
Start importing Assets/Oculus/SampleFramework/Usage/SceneManager/Shaders/InvisibleOccluder.shader using Guid(d49c97313286eb3428795cf55ed7a9f2) Importer(2089858483,0ecaa5967403d082aa24f35e1b516d23) [PhysX] Initialized MultithreadedTaskDispatcher with 32 workers.
 -> (artifact id: 'acd4fa60f24f8f92b106415a1a1216ea') in 0.008770 seconds
Number of updated asset objects reloaded before import = 0
Number of asset objects unloaded after import = 1
========================================================================
Received Import Request.
  Time since last request: 0.000087 seconds.
  path: Assets/Oculus/SampleFramework/Usage/Locomotion/Models/GroundSection02.fbx
  artifactKey: Guid(01c7510ddb875423c92d04adea8f80e0) Importer(2089858483,0ecaa5967403d082aa24f35e1b516d23)
Start importing Assets/Oculus/SampleFramework/Usage/Locomotion/Models/GroundSection02.fbx using Guid(01c7510ddb875423c92d04adea8f80e0) Importer(2089858483,0ecaa5967403d082aa24f35e1b516d23) [PhysX] Initialized MultithreadedTaskDispatcher with 32 workers.
 -> (artifact id: 'a1c698aed19e18033a6788250e0523bf') in 0.017043 seconds
Number of updated asset objects reloaded before import = 0
Number of asset objects unloaded after import = 7
========================================================================
Received Import Request.
  Time since last request: 0.000020 seconds.
  path: Assets/Oculus/SampleFramework/Usage/HandsTrainExample/TrainScene/Lightmap-24_comp_dir.png
  artifactKey: Guid(e601ff6526fef2a4e86bab6ed477dff0) Importer(2089858483,0ecaa5967403d082aa24f35e1b516d23)
Start importing Assets/Oculus/SampleFramework/Usage/HandsTrainExample/TrainScene/Lightmap-24_comp_dir.png using Guid(e601ff6526fef2a4e86bab6ed477dff0) Importer(2089858483,0ecaa5967403d082aa24f35e1b516d23) [PhysX] Initialized MultithreadedTaskDispatcher with 32 workers.
 -> (artifact id: 'b21ad02e52167ae1aa0011b05b1b0068') in 0.020207 seconds
Number of updated asset objects reloaded before import = 0
Number of asset objects unloaded after import = 1
========================================================================
Received Import Request.
  Time since last request: 0.000056 seconds.
  path: Assets/Oculus/SampleFramework/Usage/SceneManager/Audio/bounce.wav
  artifactKey: Guid(229f46af248b4c74facf863a061f856b) Importer(2089858483,0ecaa5967403d082aa24f35e1b516d23)
Start importing Assets/Oculus/SampleFramework/Usage/SceneManager/Audio/bounce.wav using Guid(229f46af248b4c74facf863a061f856b) Importer(2089858483,0ecaa5967403d082aa24f35e1b516d23) [PhysX] Initialized MultithreadedTaskDispatcher with 32 workers.
 -> (artifact id: '7cae8ff5e538d8364ed90eea5130ccf0') in 0.030472 seconds
Number of updated asset objects reloaded before import = 0
Number of asset objects unloaded after import = 1
========================================================================
Received Import Request.
  Time since last request: 0.000066 seconds.
  path: Assets/Oculus/SampleFramework/Usage/Passthrough/Materials/Graffiti.mat
  artifactKey: Guid(dd331cc38e3258643bf0d3d221718362) Importer(2089858483,0ecaa5967403d082aa24f35e1b516d23)
Start importing Assets/Oculus/SampleFramework/Usage/Passthrough/Materials/Graffiti.mat using Guid(dd331cc38e3258643bf0d3d221718362) Importer(2089858483,0ecaa5967403d082aa24f35e1b516d23) [PhysX] Initialized MultithreadedTaskDispatcher with 32 workers.
 -> (artifact id: '557f9ee77cb0ed02a8d1742fdb459528') in 0.036394 seconds
Number of updated asset objects reloaded before import = 0
Number of asset objects unloaded after import = 2
========================================================================
Received Import Request.
  Time since last request: 0.000076 seconds.
  path: Assets/Oculus/SampleFramework/Usage/HandsTrainExample/TrainScene/Lightmap-2_comp_light.exr
  artifactKey: Guid(9274d0f48df8fe24d8a9511be3e92966) Importer(2089858483,0ecaa5967403d082aa24f35e1b516d23)
Start importing Assets/Oculus/SampleFramework/Usage/HandsTrainExample/TrainScene/Lightmap-2_comp_light.exr using Guid(9274d0f48df8fe24d8a9511be3e92966) Importer(2089858483,0ecaa5967403d082aa24f35e1b516d23) [PhysX] Initialized MultithreadedTaskDispatcher with 32 workers.
 -> (artifact id: '02039a7e81b48670911ede8d7effa0e9') in 0.017755 seconds
Number of updated asset objects reloaded before import = 0
Number of asset objects unloaded after import = 1
========================================================================
Received Import Request.
  Time since last request: 0.000016 seconds.
  path: Assets/Oculus/SampleFramework/Usage/SceneManager/Prefabs/OVRSceneManager Variant.prefab
  artifactKey: Guid(01765cfbec2dc2d4f95b40ea0da6c0a8) Importer(2089858483,0ecaa5967403d082aa24f35e1b516d23)
Start importing Assets/Oculus/SampleFramework/Usage/SceneManager/Prefabs/OVRSceneManager Variant.prefab using Guid(01765cfbec2dc2d4f95b40ea0da6c0a8) Importer(2089858483,0ecaa5967403d082aa24f35e1b516d23) [PhysX] Initialized MultithreadedTaskDispatcher with 32 workers.
 -> (artifact id: 'bd574c1351e1bee0060189d143de1738') in 0.023340 seconds
Number of updated asset objects reloaded before import = 0
Number of asset objects unloaded after import = 12
========================================================================
Received Import Request.
  Time since last request: 0.000044 seconds.
  path: Assets/Oculus/SampleFramework/Usage/HandsTrainExample/Models/SelectionCylinder.fbx
  artifactKey: Guid(f167bd156a4b5ff4faf061ab4ce336cb) Importer(2089858483,0ecaa5967403d082aa24f35e1b516d23)
Start importing Assets/Oculus/SampleFramework/Usage/HandsTrainExample/Models/SelectionCylinder.fbx using Guid(f167bd156a4b5ff4faf061ab4ce336cb) Importer(2089858483,0ecaa5967403d082aa24f35e1b516d23) [PhysX] Initialized MultithreadedTaskDispatcher with 32 workers.
 -> (artifact id: 'c226702cdfba4d3da342f0e2c689749b') in 0.019190 seconds
Number of updated asset objects reloaded before import = 0
Number of asset objects unloaded after import = 17
========================================================================
Received Import Request.
  Time since last request: 0.000025 seconds.
  path: Assets/Oculus/SampleFramework/Usage/Locomotion/Models/BridgePlatform01.fbx
  artifactKey: Guid(45fe47bcb515e419e8d449523fac0782) Importer(2089858483,0ecaa5967403d082aa24f35e1b516d23)
Start importing Assets/Oculus/SampleFramework/Usage/Locomotion/Models/BridgePlatform01.fbx using Guid(45fe47bcb515e419e8d449523fac0782) Importer(2089858483,0ecaa5967403d082aa24f35e1b516d23) [PhysX] Initialized MultithreadedTaskDispatcher with 32 workers.
 -> (artifact id: 'e3568abdbf33da25e21b038d2cbca7e7') in 0.018604 seconds
Number of updated asset objects reloaded before import = 0
Number of asset objects unloaded after import = 7
========================================================================
Received Import Request.
  Time since last request: 0.000025 seconds.
  path: Assets/Oculus/SampleFramework/Usage/DistanceGrab/Materials/MAT_watergun_black.mat
  artifactKey: Guid(5241aafd0a8b14f2e8f9fbc6439cff9b) Importer(2089858483,0ecaa5967403d082aa24f35e1b516d23)
Start importing Assets/Oculus/SampleFramework/Usage/DistanceGrab/Materials/MAT_watergun_black.mat using Guid(5241aafd0a8b14f2e8f9fbc6439cff9b) Importer(2089858483,0ecaa5967403d082aa24f35e1b516d23) [PhysX] Initialized MultithreadedTaskDispatcher with 32 workers.
 -> (artifact id: 'a59c2c6a5b9a1a5cc421de99dac54421') in 0.012251 seconds
Number of updated asset objects reloaded before import = 0
Number of asset objects unloaded after import = 1
========================================================================
Received Import Request.
  Time since last request: 0.000212 seconds.
  path: Assets/Oculus/SampleFramework/Usage/Passthrough/Materials/GlowEffect.shader
  artifactKey: Guid(cb61bbfe44fc56e4081bee639a2b33bb) Importer(2089858483,0ecaa5967403d082aa24f35e1b516d23)
Start importing Assets/Oculus/SampleFramework/Usage/Passthrough/Materials/GlowEffect.shader using Guid(cb61bbfe44fc56e4081bee639a2b33bb) Importer(2089858483,0ecaa5967403d082aa24f35e1b516d23) [PhysX] Initialized MultithreadedTaskDispatcher with 32 workers.
 -> (artifact id: '3bba7f54821cc5e3b5e1bbc5aa7debf2') in 0.016124 seconds
Number of updated asset objects reloaded before import = 0
Number of asset objects unloaded after import = 1
========================================================================
Received Import Request.
  Time since last request: 0.000042 seconds.
  path: Assets/Oculus/SampleFramework/Usage/HandsTrainExample/TrainScene/Lightmap-39_comp_shadowmask.png
  artifactKey: Guid(bd315eddf3554b641a2aad0d8b33b48a) Importer(2089858483,0ecaa5967403d082aa24f35e1b516d23)
Start importing Assets/Oculus/SampleFramework/Usage/HandsTrainExample/TrainScene/Lightmap-39_comp_shadowmask.png using Guid(bd315eddf3554b641a2aad0d8b33b48a) Importer(2089858483,0ecaa5967403d082aa24f35e1b516d23) [PhysX] Initialized MultithreadedTaskDispatcher with 32 workers.
 -> (artifact id: '4b4d4691984983a470789a94885c26fd') in 0.025251 seconds
Number of updated asset objects reloaded before import = 0
Number of asset objects unloaded after import = 1
========================================================================
Received Import Request.
  Time since last request: 0.000149 seconds.
  path: Assets/Oculus/SampleFramework/Usage/HandsTrainExample/Scripts/TrackSegment.cs
  artifactKey: Guid(bda88dc9eddd741f78044258de538161) Importer(2089858483,0ecaa5967403d082aa24f35e1b516d23)
Start importing Assets/Oculus/SampleFramework/Usage/HandsTrainExample/Scripts/TrackSegment.cs using Guid(bda88dc9eddd741f78044258de538161) Importer(2089858483,0ecaa5967403d082aa24f35e1b516d23) [PhysX] Initialized MultithreadedTaskDispatcher with 32 workers.
 -> (artifact id: '97464fa790e0f524ffb6beaa1deba9d6') in 0.008349 seconds
Number of updated asset objects reloaded before import = 0
Number of asset objects unloaded after import = 1
========================================================================
Received Import Request.
  Time since last request: 0.000110 seconds.
  path: Assets/Oculus/SampleFramework/Usage/HandsTrainExample/TrainScene/Lightmap-19_comp_light.exr
  artifactKey: Guid(f2181406b4c6977469197f2bc6ee9e28) Importer(2089858483,0ecaa5967403d082aa24f35e1b516d23)
Start importing Assets/Oculus/SampleFramework/Usage/HandsTrainExample/TrainScene/Lightmap-19_comp_light.exr using Guid(f2181406b4c6977469197f2bc6ee9e28) Importer(2089858483,0ecaa5967403d082aa24f35e1b516d23) [PhysX] Initialized MultithreadedTaskDispatcher with 32 workers.
 -> (artifact id: '8be9ffdeefbc5884f9160e64cdad38f7') in 0.021799 seconds
Number of updated asset objects reloaded before import = 0
Number of asset objects unloaded after import = 1
========================================================================
Received Import Request.
  Time since last request: 0.000183 seconds.
  path: Assets/Oculus/SampleFramework/Usage/HandsTrainExample/TrainScene/Lightmap-15_comp_light.exr
  artifactKey: Guid(4f95d58ef8aaeb446847f5a55a6b9f76) Importer(2089858483,0ecaa5967403d082aa24f35e1b516d23)
Start importing Assets/Oculus/SampleFramework/Usage/HandsTrainExample/TrainScene/Lightmap-15_comp_light.exr using Guid(4f95d58ef8aaeb446847f5a55a6b9f76) Importer(2089858483,0ecaa5967403d082aa24f35e1b516d23) [PhysX] Initialized MultithreadedTaskDispatcher with 32 workers.
 -> (artifact id: '7bfa5704dfedd08778868ca2a4e5e151') in 0.020197 seconds
Number of updated asset objects reloaded before import = 0
Number of asset objects unloaded after import = 1
========================================================================
Received Import Request.
  Time since last request: 0.676834 seconds.
  path: Assets/Oculus/SampleFramework/Usage/SharedAssets/Models/ball_billiard_10.fbx
  artifactKey: Guid(4a42e5011990d97479599bd0c3f4f7bb) Importer(2089858483,0ecaa5967403d082aa24f35e1b516d23)
Start importing Assets/Oculus/SampleFramework/Usage/SharedAssets/Models/ball_billiard_10.fbx using Guid(4a42e5011990d97479599bd0c3f4f7bb) Importer(2089858483,0ecaa5967403d082aa24f35e1b516d23) [PhysX] Initialized MultithreadedTaskDispatcher with 32 workers.
 -> (artifact id: '29990eacd69ef1cd208069cc7d79a1c6') in 0.034607 seconds
Number of updated asset objects reloaded before import = 0
Number of asset objects unloaded after import = 7
========================================================================
Received Import Request.
  Time since last request: 0.000120 seconds.
  path: Assets/Oculus/Interaction/Runtime/Scripts/Interaction/Visuals/InteractableColorVisual.cs
  artifactKey: Guid(3266c3d920715b84089935c4ab019210) Importer(2089858483,0ecaa5967403d082aa24f35e1b516d23)
Start importing Assets/Oculus/Interaction/Runtime/Scripts/Interaction/Visuals/InteractableColorVisual.cs using Guid(3266c3d920715b84089935c4ab019210) Importer(2089858483,0ecaa5967403d082aa24f35e1b516d23) [PhysX] Initialized MultithreadedTaskDispatcher with 32 workers.
 -> (artifact id: '184451859758c31c73b99a413b4a8803') in 0.022478 seconds
Number of updated asset objects reloaded before import = 0
Number of asset objects unloaded after import = 1
========================================================================
Received Import Request.
  Time since last request: 0.000066 seconds.
  path: Assets/Oculus/Interaction/Runtime/Scripts/Interaction/Core/ICollidersRef.cs
  artifactKey: Guid(7fc99ce312559154d9c94be52ff1b7d8) Importer(2089858483,0ecaa5967403d082aa24f35e1b516d23)
Start importing Assets/Oculus/Interaction/Runtime/Scripts/Interaction/Core/ICollidersRef.cs using Guid(7fc99ce312559154d9c94be52ff1b7d8) Importer(2089858483,0ecaa5967403d082aa24f35e1b516d23) [PhysX] Initialized MultithreadedTaskDispatcher with 32 workers.
 -> (artifact id: 'cef47a78d12fb9ab3d6780937a6552a9') in 0.028664 seconds
Number of updated asset objects reloaded before import = 0
Number of asset objects unloaded after import = 1
========================================================================
Received Import Request.
  Time since last request: 0.000066 seconds.
  path: Assets/Oculus/Interaction/OVRIntegration/Editor/Blocks/InteractableItems/Pokeable Item.asset
  artifactKey: Guid(0f7473c587d9a4d02888511bf051527d) Importer(2089858483,0ecaa5967403d082aa24f35e1b516d23)
Start importing Assets/Oculus/Interaction/OVRIntegration/Editor/Blocks/InteractableItems/Pokeable Item.asset using Guid(0f7473c587d9a4d02888511bf051527d) Importer(2089858483,0ecaa5967403d082aa24f35e1b516d23) [PhysX] Initialized MultithreadedTaskDispatcher with 32 workers.
 -> (artifact id: 'bf6bceafc3514a14ba617f37aaa5e378') in 0.027541 seconds
Number of updated asset objects reloaded before import = 0
Number of asset objects unloaded after import = 23
========================================================================
Received Import Request.
  Time since last request: 0.000015 seconds.
  path: Assets/Oculus/SampleFramework/Usage/SharedAssets/Prefabs/BillardBall03Pf.prefab
  artifactKey: Guid(46017755ec437f44e8415741e839f3c0) Importer(2089858483,0ecaa5967403d082aa24f35e1b516d23)
Start importing Assets/Oculus/SampleFramework/Usage/SharedAssets/Prefabs/BillardBall03Pf.prefab using Guid(46017755ec437f44e8415741e839f3c0) Importer(2089858483,0ecaa5967403d082aa24f35e1b516d23) [PhysX] Initialized MultithreadedTaskDispatcher with 32 workers.
 -> (artifact id: '6355753f07e4669fe6015ff2113fddd7') in 0.024238 seconds
Number of updated asset objects reloaded before import = 0
Number of asset objects unloaded after import = 9
========================================================================
Received Import Request.
  Time since last request: 0.000017 seconds.
  path: Assets/Oculus/Spatializer/scenes/Standard Assets/Character Controllers/3rd Person Controller.prefab
  artifactKey: Guid(2314ce3a3eecf4816bad3c9eca4de2e1) Importer(2089858483,0ecaa5967403d082aa24f35e1b516d23)
Start importing Assets/Oculus/Spatializer/scenes/Standard Assets/Character Controllers/3rd Person Controller.prefab using Guid(2314ce3a3eecf4816bad3c9eca4de2e1) Importer(2089858483,0ecaa5967403d082aa24f35e1b516d23) [PhysX] Initialized MultithreadedTaskDispatcher with 32 workers.
 -> (artifact id: 'cb056f4590c5b4c3b904730a60a7bf75') in 0.025790 seconds
Number of updated asset objects reloaded before import = 0
Number of asset objects unloaded after import = 128
========================================================================
Received Import Request.
  Time since last request: 0.000021 seconds.
  path: Assets/Oculus/Voice/Samples/ShapesConduit/Scripts/ColorChangerConduit.cs
  artifactKey: Guid(60e2f1790184ecc4785ff55d53a55f86) Importer(2089858483,0ecaa5967403d082aa24f35e1b516d23)
Start importing Assets/Oculus/Voice/Samples/ShapesConduit/Scripts/ColorChangerConduit.cs using Guid(60e2f1790184ecc4785ff55d53a55f86) Importer(2089858483,0ecaa5967403d082aa24f35e1b516d23) [PhysX] Initialized MultithreadedTaskDispatcher with 32 workers.
 -> (artifact id: 'f88d773593515790e8abc2ce0c02ad54') in 0.017346 seconds
Number of updated asset objects reloaded before import = 0
Number of asset objects unloaded after import = 1
========================================================================
Received Import Request.
  Time since last request: 0.000082 seconds.
  path: Assets/Oculus/Voice/Samples/LightTraits/Materials/Skybox.mat
  artifactKey: Guid(9065205a99a831f459fb0d94f2fd57f7) Importer(2089858483,0ecaa5967403d082aa24f35e1b516d23)
Start importing Assets/Oculus/Voice/Samples/LightTraits/Materials/Skybox.mat using Guid(9065205a99a831f459fb0d94f2fd57f7) Importer(2089858483,0ecaa5967403d082aa24f35e1b516d23) [PhysX] Initialized MultithreadedTaskDispatcher with 32 workers.
 -> (artifact id: '85a7e90549e5a17bef48f93b8d87497f') in 0.016971 seconds
Number of updated asset objects reloaded before import = 0
Number of asset objects unloaded after import = 1
========================================================================
Received Import Request.
  Time since last request: 0.000293 seconds.
  path: Assets/Oculus/SampleFramework/Usage/TouchPro/Materials/TableMat.mat
  artifactKey: Guid(e7b3963e7b64bd5428c8ca22fc5443a3) Importer(2089858483,0ecaa5967403d082aa24f35e1b516d23)
Start importing Assets/Oculus/SampleFramework/Usage/TouchPro/Materials/TableMat.mat using Guid(e7b3963e7b64bd5428c8ca22fc5443a3) Importer(2089858483,0ecaa5967403d082aa24f35e1b516d23) [PhysX] Initialized MultithreadedTaskDispatcher with 32 workers.
 -> (artifact id: '3d355f66d79b865ca734c9a35097056d') in 0.019856 seconds
Number of updated asset objects reloaded before import = 0
Number of asset objects unloaded after import = 2
========================================================================
Received Import Request.
  Time since last request: 0.000228 seconds.
  path: Assets/Oculus/Interaction/Runtime/Scripts/Body/Input/Body.cs
  artifactKey: Guid(55afe974697276a46949c30d6d15f347) Importer(2089858483,0ecaa5967403d082aa24f35e1b516d23)
Start importing Assets/Oculus/Interaction/Runtime/Scripts/Body/Input/Body.cs using Guid(55afe974697276a46949c30d6d15f347) Importer(2089858483,0ecaa5967403d082aa24f35e1b516d23) [PhysX] Initialized MultithreadedTaskDispatcher with 32 workers.
 -> (artifact id: '0aea54780c144a5c4b22bd39c847f57b') in 0.020107 seconds
Number of updated asset objects reloaded before import = 0
Number of asset objects unloaded after import = 1
========================================================================
Received Import Request.
  Time since last request: 0.000208 seconds.
  path: Assets/Oculus/Interaction/OVRIntegration/Runtime/Scripts/Input/OVRAxis1D.cs
  artifactKey: Guid(52d4f654ebaa90541be33e23cded46f1) Importer(2089858483,0ecaa5967403d082aa24f35e1b516d23)
Start importing Assets/Oculus/Interaction/OVRIntegration/Runtime/Scripts/Input/OVRAxis1D.cs using Guid(52d4f654ebaa90541be33e23cded46f1) Importer(2089858483,0ecaa5967403d082aa24f35e1b516d23) [PhysX] Initialized MultithreadedTaskDispatcher with 32 workers.
 -> (artifact id: '34ead51765687ab3011b27ef3f0ee856') in 0.010602 seconds
Number of updated asset objects reloaded before import = 0
Number of asset objects unloaded after import = 1
========================================================================
Received Import Request.
  Time since last request: 0.000150 seconds.
  path: Assets/Oculus/Interaction/Runtime/Scripts/PoseDetection/Debug/ActiveStateDebugVisual.cs
  artifactKey: Guid(38d73b2d0c0ee504587e0237ec474ca4) Importer(2089858483,0ecaa5967403d082aa24f35e1b516d23)
Start importing Assets/Oculus/Interaction/Runtime/Scripts/PoseDetection/Debug/ActiveStateDebugVisual.cs using Guid(38d73b2d0c0ee504587e0237ec474ca4) Importer(2089858483,0ecaa5967403d082aa24f35e1b516d23) [PhysX] Initialized MultithreadedTaskDispatcher with 32 workers.
 -> (artifact id: 'd10c7f07f569f202f013fb25fbdd174d') in 0.007929 seconds
Number of updated asset objects reloaded before import = 0
Number of asset objects unloaded after import = 1
========================================================================
Received Import Request.
  Time since last request: 0.000243 seconds.
  path: Assets/Oculus/Interaction/Runtime/Scripts/PoseDetection/Debug/ActiveStateNodeUIVertical.cs
  artifactKey: Guid(10fca570a88ae124dbdb5dfda85fbbf6) Importer(2089858483,0ecaa5967403d082aa24f35e1b516d23)
Start importing Assets/Oculus/Interaction/Runtime/Scripts/PoseDetection/Debug/ActiveStateNodeUIVertical.cs using Guid(10fca570a88ae124dbdb5dfda85fbbf6) Importer(2089858483,0ecaa5967403d082aa24f35e1b516d23) [PhysX] Initialized MultithreadedTaskDispatcher with 32 workers.
 -> (artifact id: '741ad3999b9896abfaae4c41514cdae2') in 0.012981 seconds
Number of updated asset objects reloaded before import = 0
Number of asset objects unloaded after import = 1
========================================================================
Received Import Request.
  Time since last request: 0.000056 seconds.
  path: Assets/Oculus/Interaction/Runtime/Scripts/Interaction/Surfaces/IClippedSurface.cs
  artifactKey: Guid(4011a63d91d7c694e9f80691fbd91551) Importer(2089858483,0ecaa5967403d082aa24f35e1b516d23)
Start importing Assets/Oculus/Interaction/Runtime/Scripts/Interaction/Surfaces/IClippedSurface.cs using Guid(4011a63d91d7c694e9f80691fbd91551) Importer(2089858483,0ecaa5967403d082aa24f35e1b516d23) [PhysX] Initialized MultithreadedTaskDispatcher with 32 workers.
 -> (artifact id: '99301b513a3f06afec57fd3a9dd0c551') in 0.013189 seconds
Number of updated asset objects reloaded before import = 0
Number of asset objects unloaded after import = 1
========================================================================
Received Import Request.
  Time since last request: 0.000152 seconds.
  path: Assets/Oculus/SampleFramework/Usage/SharedAssets/Textures/block_wood_01_dif.png
  artifactKey: Guid(4281f5429a5bbd04da4ccfce25a814d3) Importer(2089858483,0ecaa5967403d082aa24f35e1b516d23)
Start importing Assets/Oculus/SampleFramework/Usage/SharedAssets/Textures/block_wood_01_dif.png using Guid(4281f5429a5bbd04da4ccfce25a814d3) Importer(2089858483,0ecaa5967403d082aa24f35e1b516d23) [PhysX] Initialized MultithreadedTaskDispatcher with 32 workers.
 -> (artifact id: '7d3f5ef2ffb751293a4ee5d500dab275') in 0.014752 seconds
Number of updated asset objects reloaded before import = 0
Number of asset objects unloaded after import = 1
========================================================================
Received Import Request.
  Time since last request: 0.000053 seconds.
  path: Assets/Oculus/Voice/Features/Telemetry/Plugins/SDKTelemetry.dll
  artifactKey: Guid(eb356d25c0b62c7488e17696505f1a4f) Importer(2089858483,0ecaa5967403d082aa24f35e1b516d23)
Start importing Assets/Oculus/Voice/Features/Telemetry/Plugins/SDKTelemetry.dll using Guid(eb356d25c0b62c7488e17696505f1a4f) Importer(2089858483,0ecaa5967403d082aa24f35e1b516d23) [PhysX] Initialized MultithreadedTaskDispatcher with 32 workers.
 -> (artifact id: 'fa11ed45f312689d8e4142f0f56c1b48') in 0.016810 seconds
Number of updated asset objects reloaded before import = 0
Number of asset objects unloaded after import = 1
========================================================================
Received Import Request.
  Time since last request: 0.000017 seconds.
  path: Assets/Oculus/Interaction/OVRIntegration/Editor/Blocks/InteractableItems/Grabbable Item.asset
  artifactKey: Guid(96924026786b04f6eafd366c51e7040a) Importer(2089858483,0ecaa5967403d082aa24f35e1b516d23)
Start importing Assets/Oculus/Interaction/OVRIntegration/Editor/Blocks/InteractableItems/Grabbable Item.asset using Guid(96924026786b04f6eafd366c51e7040a) Importer(2089858483,0ecaa5967403d082aa24f35e1b516d23) [PhysX] Initialized MultithreadedTaskDispatcher with 32 workers.
 -> (artifact id: '8e7cdb07054ead695fde0729cb764b3d') in 0.020734 seconds
Number of updated asset objects reloaded before import = 0
Number of asset objects unloaded after import = 11
========================================================================
Received Import Request.
  Time since last request: 0.000078 seconds.
  path: Assets/Oculus/VR/Scripts/OVRAnchor/OVRAnchorComponents/IOVRAnchorComponent.cs
  artifactKey: Guid(4858e79b20d841adb5e0d5236a35dd1f) Importer(2089858483,0ecaa5967403d082aa24f35e1b516d23)
Start importing Assets/Oculus/VR/Scripts/OVRAnchor/OVRAnchorComponents/IOVRAnchorComponent.cs using Guid(4858e79b20d841adb5e0d5236a35dd1f) Importer(2089858483,0ecaa5967403d082aa24f35e1b516d23) [PhysX] Initialized MultithreadedTaskDispatcher with 32 workers.
 -> (artifact id: '90557ee55f80f515f26e72eedbe6bb04') in 0.015101 seconds
Number of updated asset objects reloaded before import = 0
Number of asset objects unloaded after import = 1
========================================================================
Received Import Request.
  Time since last request: 0.000015 seconds.
  path: Assets/Oculus/Voice/Samples/Shapes/Scripts/Meta.Voice.Samples.Shapes.asmdef
  artifactKey: Guid(27caad3e4bdcbe6478324a9c4c83dd50) Importer(2089858483,0ecaa5967403d082aa24f35e1b516d23)
Start importing Assets/Oculus/Voice/Samples/Shapes/Scripts/Meta.Voice.Samples.Shapes.asmdef using Guid(27caad3e4bdcbe6478324a9c4c83dd50) Importer(2089858483,0ecaa5967403d082aa24f35e1b516d23) [PhysX] Initialized MultithreadedTaskDispatcher with 32 workers.
 -> (artifact id: 'd5f904708cf0072801e2aee67cb133e6') in 0.012641 seconds
Number of updated asset objects reloaded before import = 0
Number of asset objects unloaded after import = 1
========================================================================
Received Import Request.
  Time since last request: 0.000229 seconds.
  path: Assets/Oculus/Interaction/Runtime/Scripts/Interaction/Pointable/PointableDebugVisual.cs
  artifactKey: Guid(61636a3879d771f4d9f4f8a746dc95ce) Importer(2089858483,0ecaa5967403d082aa24f35e1b516d23)
Start importing Assets/Oculus/Interaction/Runtime/Scripts/Interaction/Pointable/PointableDebugVisual.cs using Guid(61636a3879d771f4d9f4f8a746dc95ce) Importer(2089858483,0ecaa5967403d082aa24f35e1b516d23) [PhysX] Initialized MultithreadedTaskDispatcher with 32 workers.
 -> (artifact id: '65f9e7177e8991569b96f34df4b7a19b') in 0.016470 seconds
Number of updated asset objects reloaded before import = 0
Number of asset objects unloaded after import = 1
========================================================================
Received Import Request.
  Time since last request: 0.000186 seconds.
  path: Assets/Oculus/Interaction/Runtime/Scripts/DistanceGrab/Visuals/ReticleMeshDrawer.cs
  artifactKey: Guid(6d9d81be1c5cd1942a7572d99a4fca60) Importer(2089858483,0ecaa5967403d082aa24f35e1b516d23)
Start importing Assets/Oculus/Interaction/Runtime/Scripts/DistanceGrab/Visuals/ReticleMeshDrawer.cs using Guid(6d9d81be1c5cd1942a7572d99a4fca60) Importer(2089858483,0ecaa5967403d082aa24f35e1b516d23) [PhysX] Initialized MultithreadedTaskDispatcher with 32 workers.
 -> (artifact id: 'f2d818929fe523b9a5c00fb8d2c902ac') in 0.019681 seconds
Number of updated asset objects reloaded before import = 0
Number of asset objects unloaded after import = 1
========================================================================
Received Import Request.
  Time since last request: 0.000214 seconds.
  path: Assets/Oculus/Voice/Samples/TTSVoices/Scripts/TTSCacheToggle.cs
  artifactKey: Guid(0bb771ba1b3db6649a2bd0b5a31a37c9) Importer(2089858483,0ecaa5967403d082aa24f35e1b516d23)
Start importing Assets/Oculus/Voice/Samples/TTSVoices/Scripts/TTSCacheToggle.cs using Guid(0bb771ba1b3db6649a2bd0b5a31a37c9) Importer(2089858483,0ecaa5967403d082aa24f35e1b516d23) [PhysX] Initialized MultithreadedTaskDispatcher with 32 workers.
 -> (artifact id: '7ec3c7c8547faab1ea37b6b3a1ece5c6') in 0.018269 seconds
Number of updated asset objects reloaded before import = 0
Number of asset objects unloaded after import = 1
========================================================================
Received Import Request.
  Time since last request: 0.000057 seconds.
  path: Assets/Oculus/SampleFramework/Usage/SharedAssets/Prefabs/ToyT-BlockPf.prefab
  artifactKey: Guid(183e66643adc8de44a683b5c644181a8) Importer(2089858483,0ecaa5967403d082aa24f35e1b516d23)
Start importing Assets/Oculus/SampleFramework/Usage/SharedAssets/Prefabs/ToyT-BlockPf.prefab using Guid(183e66643adc8de44a683b5c644181a8) Importer(2089858483,0ecaa5967403d082aa24f35e1b516d23) [PhysX] Initialized MultithreadedTaskDispatcher with 32 workers.
 -> (artifact id: 'a4cbc66895a09fe2b714aab0b4cc0e39') in 0.023112 seconds
Number of updated asset objects reloaded before import = 0
Number of asset objects unloaded after import = 16
========================================================================
Received Import Request.
  Time since last request: 0.000020 seconds.
  path: Assets/Oculus/Interaction/OVRIntegration/Runtime/Scripts/Input/HandSkeletonOVR.cs
  artifactKey: Guid(86bd0d3098d25db4c9c839739557480b) Importer(2089858483,0ecaa5967403d082aa24f35e1b516d23)
Start importing Assets/Oculus/Interaction/OVRIntegration/Runtime/Scripts/Input/HandSkeletonOVR.cs using Guid(86bd0d3098d25db4c9c839739557480b) Importer(2089858483,0ecaa5967403d082aa24f35e1b516d23) [PhysX] Initialized MultithreadedTaskDispatcher with 32 workers.
 -> (artifact id: '2f4ef7d0c8bd942bbc506ea7ce6644f5') in 0.020472 seconds
Number of updated asset objects reloaded before import = 0
Number of asset objects unloaded after import = 1
========================================================================
Received Import Request.
  Time since last request: 0.000028 seconds.
  path: Assets/Oculus/Interaction/Runtime/Meshes/Locomotion/Materials/MetaSecondaryGradientMat.mat
  artifactKey: Guid(8dc22c820b620ed47bc3d6d66d49d671) Importer(2089858483,0ecaa5967403d082aa24f35e1b516d23)
Start importing Assets/Oculus/Interaction/Runtime/Meshes/Locomotion/Materials/MetaSecondaryGradientMat.mat using Guid(8dc22c820b620ed47bc3d6d66d49d671) Importer(2089858483,0ecaa5967403d082aa24f35e1b516d23) [PhysX] Initialized MultithreadedTaskDispatcher with 32 workers.
 -> (artifact id: 'cd365ec6b1e766b55f91f8916dadf8f1') in 0.019704 seconds
Number of updated asset objects reloaded before import = 0
Number of asset objects unloaded after import = 1
========================================================================
Received Import Request.
  Time since last request: 0.000062 seconds.
  path: Assets/Oculus/Interaction/Runtime/Scripts/DistanceGrab/Visuals/DistantInteractionTubeVisual.cs
  artifactKey: Guid(50f211aff3d26554691f0499eaa219e5) Importer(2089858483,0ecaa5967403d082aa24f35e1b516d23)
Start importing Assets/Oculus/Interaction/Runtime/Scripts/DistanceGrab/Visuals/DistantInteractionTubeVisual.cs using Guid(50f211aff3d26554691f0499eaa219e5) Importer(2089858483,0ecaa5967403d082aa24f35e1b516d23) [PhysX] Initialized MultithreadedTaskDispatcher with 32 workers.
 -> (artifact id: '9716fea9d7f55e852f6e2b7760c001d5') in 0.009910 seconds
Number of updated asset objects reloaded before import = 0
Number of asset objects unloaded after import = 1
========================================================================
Received Import Request.
  Time since last request: 0.000074 seconds.
  path: Assets/Oculus/VR/Meshes/MetaQuestTouchPro/Animation/MetaQuestTouchProRightAnimation.controller
  artifactKey: Guid(4da77ccaa334a3e45961430811956356) Importer(2089858483,0ecaa5967403d082aa24f35e1b516d23)
Start importing Assets/Oculus/VR/Meshes/MetaQuestTouchPro/Animation/MetaQuestTouchProRightAnimation.controller using Guid(4da77ccaa334a3e45961430811956356) Importer(2089858483,0ecaa5967403d082aa24f35e1b516d23) [PhysX] Initialized MultithreadedTaskDispatcher with 32 workers.
 -> (artifact id: '267632ed1dbe1e0bc5e04800a4c72882') in 0.017784 seconds
Number of updated asset objects reloaded before import = 0
Number of asset objects unloaded after import = 38
========================================================================
Received Import Request.
  Time since last request: 0.000049 seconds.
  path: Assets/Oculus/Voice/Samples/TTSVoices/Scripts/TTSSpeakerObserver.cs
  artifactKey: Guid(04b4aa12d54b5eb41b8666111dbe7e71) Importer(2089858483,0ecaa5967403d082aa24f35e1b516d23)
Start importing Assets/Oculus/Voice/Samples/TTSVoices/Scripts/TTSSpeakerObserver.cs using Guid(04b4aa12d54b5eb41b8666111dbe7e71) Importer(2089858483,0ecaa5967403d082aa24f35e1b516d23) [PhysX] Initialized MultithreadedTaskDispatcher with 32 workers.
 -> (artifact id: '5613a72b3a1d1e6d717fae86735b0103') in 0.010828 seconds
Number of updated asset objects reloaded before import = 0
Number of asset objects unloaded after import = 1
========================================================================
Received Import Request.
  Time since last request: 0.000067 seconds.
  path: Assets/Oculus/Interaction/Runtime/Scripts/Interaction/Surfaces/ColliderSurface.cs
  artifactKey: Guid(a2140d2b457bea84881488302059889b) Importer(2089858483,0ecaa5967403d082aa24f35e1b516d23)
Start importing Assets/Oculus/Interaction/Runtime/Scripts/Interaction/Surfaces/ColliderSurface.cs using Guid(a2140d2b457bea84881488302059889b) Importer(2089858483,0ecaa5967403d082aa24f35e1b516d23) [PhysX] Initialized MultithreadedTaskDispatcher with 32 workers.
 -> (artifact id: 'c6b3a41c86578d1ceb5cd55bdaab1e43') in 0.008989 seconds
Number of updated asset objects reloaded before import = 0
Number of asset objects unloaded after import = 1
========================================================================
Received Import Request.
  Time since last request: 0.000239 seconds.
  path: Assets/Oculus/Interaction/Runtime/Scripts/Interaction/Surfaces/BoundsClipper.cs
  artifactKey: Guid(e08ab46e8fb05dc46b34e54466dc11e3) Importer(2089858483,0ecaa5967403d082aa24f35e1b516d23)
Start importing Assets/Oculus/Interaction/Runtime/Scripts/Interaction/Surfaces/BoundsClipper.cs using Guid(e08ab46e8fb05dc46b34e54466dc11e3) Importer(2089858483,0ecaa5967403d082aa24f35e1b516d23) [PhysX] Initialized MultithreadedTaskDispatcher with 32 workers.
 -> (artifact id: '97ac51be16eeae7408eba068e5ebe79e') in 0.010356 seconds
Number of updated asset objects reloaded before import = 0
Number of asset objects unloaded after import = 1
========================================================================
Received Import Request.
  Time since last request: 0.000168 seconds.
  path: Assets/Oculus/Interaction/Runtime/Scripts/Interaction/Core/IActiveState.cs
  artifactKey: Guid(1aebdea39235ca249ab63bdcacd9b45b) Importer(2089858483,0ecaa5967403d082aa24f35e1b516d23)
Start importing Assets/Oculus/Interaction/Runtime/Scripts/Interaction/Core/IActiveState.cs using Guid(1aebdea39235ca249ab63bdcacd9b45b) Importer(2089858483,0ecaa5967403d082aa24f35e1b516d23) [PhysX] Initialized MultithreadedTaskDispatcher with 32 workers.
 -> (artifact id: '14ec93f678838186c2b55d02d73b6a05') in 0.011201 seconds
Number of updated asset objects reloaded before import = 0
Number of asset objects unloaded after import = 1
========================================================================
Received Import Request.
  Time since last request: 0.000095 seconds.
  path: Assets/Oculus/VR/Meshes/MetaQuestTouchPlus/Materials/MetaQuestTouchPlusMATphong_left.mat
  artifactKey: Guid(5487a7af70ff7364996d8da93d056fa9) Importer(2089858483,0ecaa5967403d082aa24f35e1b516d23)
Start importing Assets/Oculus/VR/Meshes/MetaQuestTouchPlus/Materials/MetaQuestTouchPlusMATphong_left.mat using Guid(5487a7af70ff7364996d8da93d056fa9) Importer(2089858483,0ecaa5967403d082aa24f35e1b516d23) [PhysX] Initialized MultithreadedTaskDispatcher with 32 workers.
 -> (artifact id: '43f33d627b88906cb2e88c100d6442c7') in 0.029324 seconds
Number of updated asset objects reloaded before import = 0
Number of asset objects unloaded after import = 4
========================================================================
Received Import Request.
  Time since last request: 0.000017 seconds.
  path: Assets/Oculus/Voice/Scripts/Runtime/Service/AppBuiltIns.cs
  artifactKey: Guid(6483d6b21054c4e07acfd6c1c43c4e0b) Importer(2089858483,0ecaa5967403d082aa24f35e1b516d23)
Start importing Assets/Oculus/Voice/Scripts/Runtime/Service/AppBuiltIns.cs using Guid(6483d6b21054c4e07acfd6c1c43c4e0b) Importer(2089858483,0ecaa5967403d082aa24f35e1b516d23) [PhysX] Initialized MultithreadedTaskDispatcher with 32 workers.
 -> (artifact id: '1e5d761a5eb454a5b3b4a29dc69c9a26') in 0.008329 seconds
Number of updated asset objects reloaded before import = 0
Number of asset objects unloaded after import = 1
========================================================================
Received Import Request.
  Time since last request: 0.000098 seconds.
  path: Assets/Oculus/Interaction/OVRIntegration/Runtime/Scripts/Input/AnimatedHandOVR.cs
  artifactKey: Guid(2864da2f393a3e948bb12ec4ac9b1782) Importer(2089858483,0ecaa5967403d082aa24f35e1b516d23)
Start importing Assets/Oculus/Interaction/OVRIntegration/Runtime/Scripts/Input/AnimatedHandOVR.cs using Guid(2864da2f393a3e948bb12ec4ac9b1782) Importer(2089858483,0ecaa5967403d082aa24f35e1b516d23) [PhysX] Initialized MultithreadedTaskDispatcher with 32 workers.
 -> (artifact id: 'dccc7e095e8d02f885bc615f360b126b') in 0.012279 seconds
Number of updated asset objects reloaded before import = 0
Number of asset objects unloaded after import = 1
========================================================================
Received Import Request.
  Time since last request: 0.000167 seconds.
  path: Assets/Oculus/Voice/Lib/Wit.ai/Resources/continue-with-fb.png
  artifactKey: Guid(2ed0be21c4a8bce4fadffab71d5b6e85) Importer(2089858483,0ecaa5967403d082aa24f35e1b516d23)
Start importing Assets/Oculus/Voice/Lib/Wit.ai/Resources/continue-with-fb.png using Guid(2ed0be21c4a8bce4fadffab71d5b6e85) Importer(2089858483,0ecaa5967403d082aa24f35e1b516d23) [PhysX] Initialized MultithreadedTaskDispatcher with 32 workers.
 -> (artifact id: 'b21ec28ae507dd734c80d857278323fa') in 0.019363 seconds
Number of updated asset objects reloaded before import = 0
Number of asset objects unloaded after import = 3
========================================================================
Received Import Request.
  Time since last request: 0.000069 seconds.
  path: Assets/Oculus/Interaction/OVRIntegration/Runtime/Scripts/Input/SetDisplayRefresh.cs
  artifactKey: Guid(215d90758f7ed4f42b7ad0a64d0dfec4) Importer(2089858483,0ecaa5967403d082aa24f35e1b516d23)
Start importing Assets/Oculus/Interaction/OVRIntegration/Runtime/Scripts/Input/SetDisplayRefresh.cs using Guid(215d90758f7ed4f42b7ad0a64d0dfec4) Importer(2089858483,0ecaa5967403d082aa24f35e1b516d23) [PhysX] Initialized MultithreadedTaskDispatcher with 32 workers.
 -> (artifact id: '50fc61c4d4c06ebcbebf5f6bbdd8800d') in 0.009353 seconds
Number of updated asset objects reloaded before import = 0
Number of asset objects unloaded after import = 1
========================================================================
Received Import Request.
  Time since last request: 0.000154 seconds.
  path: Assets/Oculus/SampleFramework/Usage/SharedAssets/Textures/block_wood_01_msm.png
  artifactKey: Guid(a1ff16c8cf0dcb84fab5c183d0fd1dcf) Importer(2089858483,0ecaa5967403d082aa24f35e1b516d23)
Start importing Assets/Oculus/SampleFramework/Usage/SharedAssets/Textures/block_wood_01_msm.png using Guid(a1ff16c8cf0dcb84fab5c183d0fd1dcf) Importer(2089858483,0ecaa5967403d082aa24f35e1b516d23) [PhysX] Initialized MultithreadedTaskDispatcher with 32 workers.
 -> (artifact id: '2ac100045127e6eec542728fc32adf69') in 0.021493 seconds
Number of updated asset objects reloaded before import = 0
Number of asset objects unloaded after import = 1
========================================================================
Received Import Request.
  Time since last request: 0.000044 seconds.
  path: Assets/Oculus/Interaction/Runtime/Scripts/Interaction/Surfaces/ClippedCylinderSurface.cs
  artifactKey: Guid(0e66e3febdab34444a861be53b4d363e) Importer(2089858483,0ecaa5967403d082aa24f35e1b516d23)
Start importing Assets/Oculus/Interaction/Runtime/Scripts/Interaction/Surfaces/ClippedCylinderSurface.cs using Guid(0e66e3febdab34444a861be53b4d363e) Importer(2089858483,0ecaa5967403d082aa24f35e1b516d23) [PhysX] Initialized MultithreadedTaskDispatcher with 32 workers.
 -> (artifact id: '95a2510ad63940315fa66d4f2f30f2e2') in 0.014461 seconds
Number of updated asset objects reloaded before import = 0
Number of asset objects unloaded after import = 1
========================================================================
Received Import Request.
  Time since last request: 0.000266 seconds.
  path: Assets/Oculus/Interaction/Runtime/Scripts/Interaction/Grabbable/TwoGrabFreeTransformer.cs
  artifactKey: Guid(b053556d972eae24b947c1477538bff1) Importer(2089858483,0ecaa5967403d082aa24f35e1b516d23)
Start importing Assets/Oculus/Interaction/Runtime/Scripts/Interaction/Grabbable/TwoGrabFreeTransformer.cs using Guid(b053556d972eae24b947c1477538bff1) Importer(2089858483,0ecaa5967403d082aa24f35e1b516d23) [PhysX] Initialized MultithreadedTaskDispatcher with 32 workers.
 -> (artifact id: 'b9117dad6243e56bad320105a79ddca0') in 0.010440 seconds
Number of updated asset objects reloaded before import = 0
Number of asset objects unloaded after import = 1
========================================================================
Received Import Request.
  Time since last request: 0.000215 seconds.
  path: Assets/Oculus/VR/Editor/BuildingBlocks/Icons/ovr_success_greybg.png
  artifactKey: Guid(8295fd5efef25b34da622a30ed234bb2) Importer(2089858483,0ecaa5967403d082aa24f35e1b516d23)
Start importing Assets/Oculus/VR/Editor/BuildingBlocks/Icons/ovr_success_greybg.png using Guid(8295fd5efef25b34da622a30ed234bb2) Importer(2089858483,0ecaa5967403d082aa24f35e1b516d23) [PhysX] Initialized MultithreadedTaskDispatcher with 32 workers.
 -> (artifact id: '03e527997cd444ecc62fa1ea1c603ff6') in 0.020941 seconds
Number of updated asset objects reloaded before import = 0
Number of asset objects unloaded after import = 1
========================================================================
Received Import Request.
  Time since last request: 0.000074 seconds.
  path: Assets/Oculus/Interaction/OVRIntegration/Runtime/Scripts/Input/OVRCameraRigRef.cs
  artifactKey: Guid(a7b47e36715521d4e8a30d2c5b6e83e2) Importer(2089858483,0ecaa5967403d082aa24f35e1b516d23)
Start importing Assets/Oculus/Interaction/OVRIntegration/Runtime/Scripts/Input/OVRCameraRigRef.cs using Guid(a7b47e36715521d4e8a30d2c5b6e83e2) Importer(2089858483,0ecaa5967403d082aa24f35e1b516d23) [PhysX] Initialized MultithreadedTaskDispatcher with 32 workers.
 -> (artifact id: 'af4767c75b0df38b61d8006122ac0b7f') in 0.012683 seconds
Number of updated asset objects reloaded before import = 0
Number of asset objects unloaded after import = 1
========================================================================
Received Import Request.
  Time since last request: 0.000030 seconds.
  path: Assets/Oculus/Interaction/Runtime/Scripts/Interaction/Surfaces/PlaneSurface.cs
  artifactKey: Guid(9cf2a74d69b1c1e41916d2a7afdff5be) Importer(2089858483,0ecaa5967403d082aa24f35e1b516d23)
Start importing Assets/Oculus/Interaction/Runtime/Scripts/Interaction/Surfaces/PlaneSurface.cs using Guid(9cf2a74d69b1c1e41916d2a7afdff5be) Importer(2089858483,0ecaa5967403d082aa24f35e1b516d23) [PhysX] Initialized MultithreadedTaskDispatcher with 32 workers.
 -> (artifact id: '86b3af8bd8574c02082d4284986619a9') in 0.012959 seconds
Number of updated asset objects reloaded before import = 0
Number of asset objects unloaded after import = 1
========================================================================
Received Import Request.
  Time since last request: 0.000085 seconds.
  path: Assets/Oculus/Interaction/OVRIntegration/Runtime/Prefabs/Hands/OVRRightHandVisual.prefab
  artifactKey: Guid(34a22dd67c1e5344591237fdd61e78ec) Importer(2089858483,0ecaa5967403d082aa24f35e1b516d23)
Start importing Assets/Oculus/Interaction/OVRIntegration/Runtime/Prefabs/Hands/OVRRightHandVisual.prefab using Guid(34a22dd67c1e5344591237fdd61e78ec) Importer(2089858483,0ecaa5967403d082aa24f35e1b516d23) [PhysX] Initialized MultithreadedTaskDispatcher with 32 workers.
 -> (artifact id: 'c9c6d4e05d777a226274f86e391f1314') in 0.018176 seconds
Number of updated asset objects reloaded before import = 0
Number of asset objects unloaded after import = 169
========================================================================
Received Import Request.
  Time since last request: 0.000018 seconds.
  path: Assets/Oculus/SampleFramework/Usage/SpatialAnchor/Materials/UIPanelMat.mat
  artifactKey: Guid(3252edf2caa714746bfd24cc09c37a6a) Importer(2089858483,0ecaa5967403d082aa24f35e1b516d23)
Start importing Assets/Oculus/SampleFramework/Usage/SpatialAnchor/Materials/UIPanelMat.mat using Guid(3252edf2caa714746bfd24cc09c37a6a) Importer(2089858483,0ecaa5967403d082aa24f35e1b516d23) [PhysX] Initialized MultithreadedTaskDispatcher with 32 workers.
 -> (artifact id: 'e21555cf1a1dbed0e1ecfbfe63856908') in 0.015063 seconds
Number of updated asset objects reloaded before import = 0
Number of asset objects unloaded after import = 1
========================================================================
Received Import Request.
  Time since last request: 0.000128 seconds.
  path: Assets/Oculus/Voice/Scripts/Runtime/UX/VoiceActivationButton.cs
  artifactKey: Guid(172cb0882a19c114790c463ad582025d) Importer(2089858483,0ecaa5967403d082aa24f35e1b516d23)
Start importing Assets/Oculus/Voice/Scripts/Runtime/UX/VoiceActivationButton.cs using Guid(172cb0882a19c114790c463ad582025d) Importer(2089858483,0ecaa5967403d082aa24f35e1b516d23) [PhysX] Initialized MultithreadedTaskDispatcher with 32 workers.
 -> (artifact id: 'b8ad8a103287d6bd98746d33cf57d9fa') in 0.014365 seconds
Number of updated asset objects reloaded before import = 0
Number of asset objects unloaded after import = 1
========================================================================
Received Import Request.
  Time since last request: 0.000089 seconds.
  path: Assets/Oculus/Voice/Documentation/Samples/LiveUnderstanding/Live Understanding - Sample.asset
  artifactKey: Guid(02a42dda8965d3a4d8b12a6058ebb1f2) Importer(2089858483,0ecaa5967403d082aa24f35e1b516d23)
Start importing Assets/Oculus/Voice/Documentation/Samples/LiveUnderstanding/Live Understanding - Sample.asset using Guid(02a42dda8965d3a4d8b12a6058ebb1f2) Importer(2089858483,0ecaa5967403d082aa24f35e1b516d23) [PhysX] Initialized MultithreadedTaskDispatcher with 32 workers.
 -> (artifact id: 'ead6b86a387862ccb12f5f0c89f851ad') in 0.022277 seconds
Number of updated asset objects reloaded before import = 0
Number of asset objects unloaded after import = 3
========================================================================
Received Import Request.
  Time since last request: 0.000016 seconds.
  path: Assets/Oculus/Voice/Samples/Shapes/Scripts/ParallelTextActivator.cs
  artifactKey: Guid(254ab30675344a84eb67b7ac93629847) Importer(2089858483,0ecaa5967403d082aa24f35e1b516d23)
Start importing Assets/Oculus/Voice/Samples/Shapes/Scripts/ParallelTextActivator.cs using Guid(254ab30675344a84eb67b7ac93629847) Importer(2089858483,0ecaa5967403d082aa24f35e1b516d23) [PhysX] Initialized MultithreadedTaskDispatcher with 32 workers.
 -> (artifact id: 'e202d5f846f4948506c426fe44d07959') in 0.021547 seconds
Number of updated asset objects reloaded before import = 0
Number of asset objects unloaded after import = 1
========================================================================
Received Import Request.
  Time since last request: 0.000094 seconds.
  path: Assets/Oculus/Voice/Samples/LiveUnderstanding/Materials/Skybox.mat
  artifactKey: Guid(cb59a6597e9b4674c91427326a27be17) Importer(2089858483,0ecaa5967403d082aa24f35e1b516d23)
Start importing Assets/Oculus/Voice/Samples/LiveUnderstanding/Materials/Skybox.mat using Guid(cb59a6597e9b4674c91427326a27be17) Importer(2089858483,0ecaa5967403d082aa24f35e1b516d23) [PhysX] Initialized MultithreadedTaskDispatcher with 32 workers.
 -> (artifact id: '78673a0335c5021d25bc9c372d8631ac') in 0.018640 seconds
Number of updated asset objects reloaded before import = 0
Number of asset objects unloaded after import = 1
========================================================================
Received Import Request.
  Time since last request: 0.000106 seconds.
  path: Assets/Oculus/Interaction/Runtime/Scripts/Input/HMD/HmdDataAsset.cs
  artifactKey: Guid(332eb9fb3feb493aa2632f2739bf3d41) Importer(2089858483,0ecaa5967403d082aa24f35e1b516d23)
Start importing Assets/Oculus/Interaction/Runtime/Scripts/Input/HMD/HmdDataAsset.cs using Guid(332eb9fb3feb493aa2632f2739bf3d41) Importer(2089858483,0ecaa5967403d082aa24f35e1b516d23) [PhysX] Initialized MultithreadedTaskDispatcher with 32 workers.
 -> (artifact id: '079fd59d4671fcd9ad0ec6fe6ce9314e') in 0.015237 seconds
Number of updated asset objects reloaded before import = 0
Number of asset objects unloaded after import = 1
========================================================================
Received Import Request.
  Time since last request: 0.000121 seconds.
  path: Assets/Oculus/VR/Meshes/OculusTouchForQuest2/Animation/OculusTouchQuest2LeftAnimation.controller
  artifactKey: Guid(4a8e946ed663e4a4db0f537e2965635d) Importer(2089858483,0ecaa5967403d082aa24f35e1b516d23)
Start importing Assets/Oculus/VR/Meshes/OculusTouchForQuest2/Animation/OculusTouchQuest2LeftAnimation.controller using Guid(4a8e946ed663e4a4db0f537e2965635d) Importer(2089858483,0ecaa5967403d082aa24f35e1b516d23) [PhysX] Initialized MultithreadedTaskDispatcher with 32 workers.
 -> (artifact id: '2aaee285c35f80e2e235552d919f1390') in 0.015051 seconds
Number of updated asset objects reloaded before import = 0
Number of asset objects unloaded after import = 38
========================================================================
Received Import Request.
  Time since last request: 0.000029 seconds.
  path: Assets/Oculus/Interaction/Runtime/Scripts/DistanceGrab/Visuals/ReticleDataGhost.cs
  artifactKey: Guid(4fed8706ac2c0e44c8a0abc84a62a563) Importer(2089858483,0ecaa5967403d082aa24f35e1b516d23)
Start importing Assets/Oculus/Interaction/Runtime/Scripts/DistanceGrab/Visuals/ReticleDataGhost.cs using Guid(4fed8706ac2c0e44c8a0abc84a62a563) Importer(2089858483,0ecaa5967403d082aa24f35e1b516d23) [PhysX] Initialized MultithreadedTaskDispatcher with 32 workers.
 -> (artifact id: '512ed96efe85b2600bfb0c7a0cfc6f6f') in 0.013518 seconds
Number of updated asset objects reloaded before import = 0
Number of asset objects unloaded after import = 1
========================================================================
Received Import Request.
  Time since last request: 0.000118 seconds.
  path: Assets/Oculus/SampleFramework/Usage/SharedAssets/Models/light_01.fbx
  artifactKey: Guid(bfb489ece60964f70a07bdbc2eaf241c) Importer(2089858483,0ecaa5967403d082aa24f35e1b516d23)
Start importing Assets/Oculus/SampleFramework/Usage/SharedAssets/Models/light_01.fbx using Guid(bfb489ece60964f70a07bdbc2eaf241c) Importer(2089858483,0ecaa5967403d082aa24f35e1b516d23) [PhysX] Initialized MultithreadedTaskDispatcher with 32 workers.
 -> (artifact id: 'efa907f6c171067b4faa796d373305ff') in 0.026418 seconds
Number of updated asset objects reloaded before import = 0
Number of asset objects unloaded after import = 7
========================================================================
Received Import Request.
  Time since last request: 0.000064 seconds.
  path: Assets/Oculus/Interaction/Runtime/Scripts/Grab/Visuals/HandGhostProvider.cs
  artifactKey: Guid(84de3b22a7efbab46967c1a17f5b8cda) Importer(2089858483,0ecaa5967403d082aa24f35e1b516d23)
Start importing Assets/Oculus/Interaction/Runtime/Scripts/Grab/Visuals/HandGhostProvider.cs using Guid(84de3b22a7efbab46967c1a17f5b8cda) Importer(2089858483,0ecaa5967403d082aa24f35e1b516d23) [PhysX] Initialized MultithreadedTaskDispatcher with 32 workers.
 -> (artifact id: '80723ddacdc841e4c37a230936f82f45') in 0.013782 seconds
Number of updated asset objects reloaded before import = 0
Number of asset objects unloaded after import = 1
========================================================================
Received Import Request.
  Time since last request: 0.000172 seconds.
  path: Assets/Oculus/VR/Meshes/OculusTouchForRift/Materials/OculusTouchForRift_Material.mat
  artifactKey: Guid(eacafe280fdfa6a44845c135057ae6a5) Importer(2089858483,0ecaa5967403d082aa24f35e1b516d23)
Start importing Assets/Oculus/VR/Meshes/OculusTouchForRift/Materials/OculusTouchForRift_Material.mat using Guid(eacafe280fdfa6a44845c135057ae6a5) Importer(2089858483,0ecaa5967403d082aa24f35e1b516d23) [PhysX] Initialized MultithreadedTaskDispatcher with 32 workers.
 -> (artifact id: '9a2fba5fef5f9cb38e23ee3804661b02') in 0.022223 seconds
Number of updated asset objects reloaded before import = 0
Number of asset objects unloaded after import = 2
========================================================================
Received Import Request.
  Time since last request: 0.000019 seconds.
  path: Assets/Oculus/Interaction/Runtime/Scripts/Interaction/Core/UpdateDriverAfterDataSource.cs
  artifactKey: Guid(bb17d1e1a4f0350459cff7644720c8b2) Importer(2089858483,0ecaa5967403d082aa24f35e1b516d23)
Start importing Assets/Oculus/Interaction/Runtime/Scripts/Interaction/Core/UpdateDriverAfterDataSource.cs using Guid(bb17d1e1a4f0350459cff7644720c8b2) Importer(2089858483,0ecaa5967403d082aa24f35e1b516d23) [PhysX] Initialized MultithreadedTaskDispatcher with 32 workers.
 -> (artifact id: 'eb796862da58fd0233540ce04d869e4d') in 0.012341 seconds
Number of updated asset objects reloaded before import = 0
Number of asset objects unloaded after import = 1
========================================================================
Received Import Request.
  Time since last request: 0.000077 seconds.
  path: Assets/Oculus/Interaction/Runtime/Scripts/PoseDetection/Debug/ActiveStateModel.cs
  artifactKey: Guid(3ed4598c08239c94fa439c2921b27349) Importer(2089858483,0ecaa5967403d082aa24f35e1b516d23)
Start importing Assets/Oculus/Interaction/Runtime/Scripts/PoseDetection/Debug/ActiveStateModel.cs using Guid(3ed4598c08239c94fa439c2921b27349) Importer(2089858483,0ecaa5967403d082aa24f35e1b516d23) [PhysX] Initialized MultithreadedTaskDispatcher with 32 workers.
 -> (artifact id: '58d975e2ca44bdecd47a0ed48bf9782b') in 0.011369 seconds
Number of updated asset objects reloaded before import = 0
Number of asset objects unloaded after import = 1
========================================================================
Received Import Request.
  Time since last request: 0.000024 seconds.
  path: Assets/Oculus/Interaction/OVRIntegration/Editor/Blocks/SyntheticHands/Synthetic Hands.asset
  artifactKey: Guid(1e4a3f91312cbb042a301e514935092f) Importer(2089858483,0ecaa5967403d082aa24f35e1b516d23)
Start importing Assets/Oculus/Interaction/OVRIntegration/Editor/Blocks/SyntheticHands/Synthetic Hands.asset using Guid(1e4a3f91312cbb042a301e514935092f) Importer(2089858483,0ecaa5967403d082aa24f35e1b516d23) [PhysX] Initialized MultithreadedTaskDispatcher with 32 workers.
 -> (artifact id: '111e30c5ae63637c3111e91658b743ea') in 0.036308 seconds
Number of updated asset objects reloaded before import = 0
Number of asset objects unloaded after import = 344
========================================================================
Received Import Request.
  Time since last request: 0.000030 seconds.
  path: Assets/Oculus/Voice/Samples/Chess/Materials/CheckerBoard.mat
  artifactKey: Guid(55e5d3ed5e2d85a40ac9a8107da7125a) Importer(2089858483,0ecaa5967403d082aa24f35e1b516d23)
Start importing Assets/Oculus/Voice/Samples/Chess/Materials/CheckerBoard.mat using Guid(55e5d3ed5e2d85a40ac9a8107da7125a) Importer(2089858483,0ecaa5967403d082aa24f35e1b516d23) [PhysX] Initialized MultithreadedTaskDispatcher with 32 workers.
 -> (artifact id: '2de6fff37c1b539a038f55b604cd82c2') in 0.020092 seconds
Number of updated asset objects reloaded before import = 0
Number of asset objects unloaded after import = 2
========================================================================
Received Import Request.
  Time since last request: 0.000022 seconds.
  path: Assets/Oculus/VR/Editor/OVRProjectSetup/Utils/SerializableDictionary.cs
  artifactKey: Guid(65ebc4746fe6453ba8e7d3433ba52579) Importer(2089858483,0ecaa5967403d082aa24f35e1b516d23)
Start importing Assets/Oculus/VR/Editor/OVRProjectSetup/Utils/SerializableDictionary.cs using Guid(65ebc4746fe6453ba8e7d3433ba52579) Importer(2089858483,0ecaa5967403d082aa24f35e1b516d23) [PhysX] Initialized MultithreadedTaskDispatcher with 32 workers.
 -> (artifact id: 'b17c20725c2250280bee16402eaf652d') in 0.023990 seconds
Number of updated asset objects reloaded before import = 0
Number of asset objects unloaded after import = 1
========================================================================
Received Import Request.
  Time since last request: 0.000094 seconds.
  path: Assets/Oculus/Voice/Scripts/Runtime/UX/VoiceTranscriptionLabel.cs
  artifactKey: Guid(7d6b7f41315d58e4b84dde7885b2f192) Importer(2089858483,0ecaa5967403d082aa24f35e1b516d23)
Start importing Assets/Oculus/Voice/Scripts/Runtime/UX/VoiceTranscriptionLabel.cs using Guid(7d6b7f41315d58e4b84dde7885b2f192) Importer(2089858483,0ecaa5967403d082aa24f35e1b516d23) [PhysX] Initialized MultithreadedTaskDispatcher with 32 workers.
 -> (artifact id: '941a88a6a1df1cf0174f5daeb414b7be') in 0.014312 seconds
Number of updated asset objects reloaded before import = 0
Number of asset objects unloaded after import = 1
========================================================================
Received Import Request.
  Time since last request: 0.000091 seconds.
  path: Assets/Oculus/Interaction/Runtime/Scripts/Input/OneEuroFilter/IOneEuroFilter.cs
  artifactKey: Guid(00c937dac239f0644ae25e3b81b10753) Importer(2089858483,0ecaa5967403d082aa24f35e1b516d23)
Start importing Assets/Oculus/Interaction/Runtime/Scripts/Input/OneEuroFilter/IOneEuroFilter.cs using Guid(00c937dac239f0644ae25e3b81b10753) Importer(2089858483,0ecaa5967403d082aa24f35e1b516d23) [PhysX] Initialized MultithreadedTaskDispatcher with 32 workers.
 -> (artifact id: '6b402339906f704d6349aa570974feff') in 0.010778 seconds
Number of updated asset objects reloaded before import = 0
Number of asset objects unloaded after import = 1
========================================================================
Received Import Request.
  Time since last request: 0.000110 seconds.
  path: Assets/Oculus/Interaction/OVRIntegration/Editor/Blocks/HandTracking/Interaction Hand Tracking.asset
  artifactKey: Guid(2f6825e0f0ce8c0439d0ec1b73008bff) Importer(2089858483,0ecaa5967403d082aa24f35e1b516d23)
Start importing Assets/Oculus/Interaction/OVRIntegration/Editor/Blocks/HandTracking/Interaction Hand Tracking.asset using Guid(2f6825e0f0ce8c0439d0ec1b73008bff) Importer(2089858483,0ecaa5967403d082aa24f35e1b516d23) [PhysX] Initialized MultithreadedTaskDispatcher with 32 workers.
 -> (artifact id: 'bce663255ccbc4d89ff25e17b48156b5') in 0.020070 seconds
Number of updated asset objects reloaded before import = 0
Number of asset objects unloaded after import = 33
========================================================================
Received Import Request.
  Time since last request: 0.000018 seconds.
  path: Assets/Oculus/Interaction/Runtime/Scripts/Selection/Hands/ShoulderEstimatePosition.cs
  artifactKey: Guid(a63ea968be5c2084588e377a5dc05473) Importer(2089858483,0ecaa5967403d082aa24f35e1b516d23)
Start importing Assets/Oculus/Interaction/Runtime/Scripts/Selection/Hands/ShoulderEstimatePosition.cs using Guid(a63ea968be5c2084588e377a5dc05473) Importer(2089858483,0ecaa5967403d082aa24f35e1b516d23) [PhysX] Initialized MultithreadedTaskDispatcher with 32 workers.
 -> (artifact id: '6156c29c302b0da63b782c91f451ba75') in 0.008950 seconds
Number of updated asset objects reloaded before import = 0
Number of asset objects unloaded after import = 1
========================================================================
Received Import Request.
  Time since last request: 0.000105 seconds.
  path: Assets/Oculus/Interaction/Runtime/Scripts/Interaction/Core/UpdateDriverGroup.cs
  artifactKey: Guid(fbcbee5c70abf70498f8d24cfa96953e) Importer(2089858483,0ecaa5967403d082aa24f35e1b516d23)
Start importing Assets/Oculus/Interaction/Runtime/Scripts/Interaction/Core/UpdateDriverGroup.cs using Guid(fbcbee5c70abf70498f8d24cfa96953e) Importer(2089858483,0ecaa5967403d082aa24f35e1b516d23) [PhysX] Initialized MultithreadedTaskDispatcher with 32 workers.
 -> (artifact id: 'cf33745addd417d320cd0c158fd7ba6b') in 0.011415 seconds
Number of updated asset objects reloaded before import = 0
Number of asset objects unloaded after import = 1
========================================================================
Received Import Request.
  Time since last request: 0.000088 seconds.
  path: Assets/Oculus/Interaction/Runtime/Scripts/Interaction/Surfaces/IBounds.cs
  artifactKey: Guid(30e91ad55137eaa40bb7b5bc854b90fa) Importer(2089858483,0ecaa5967403d082aa24f35e1b516d23)
Start importing Assets/Oculus/Interaction/Runtime/Scripts/Interaction/Surfaces/IBounds.cs using Guid(30e91ad55137eaa40bb7b5bc854b90fa) Importer(2089858483,0ecaa5967403d082aa24f35e1b516d23) [PhysX] Initialized MultithreadedTaskDispatcher with 32 workers.
 -> (artifact id: '57accad7cc1aecef3fafa19e9cc86841') in 0.011151 seconds
Number of updated asset objects reloaded before import = 0
Number of asset objects unloaded after import = 1
========================================================================
Received Import Request.
  Time since last request: 0.000073 seconds.
  path: Assets/Oculus/VR/Meshes/OculusTouchForQuestAndRiftS/Materials/OculusTouchForQuestAndRiftS_Material.mat
  artifactKey: Guid(01ac879f6ce09924e9c26663f798beaf) Importer(2089858483,0ecaa5967403d082aa24f35e1b516d23)
Start importing Assets/Oculus/VR/Meshes/OculusTouchForQuestAndRiftS/Materials/OculusTouchForQuestAndRiftS_Material.mat using Guid(01ac879f6ce09924e9c26663f798beaf) Importer(2089858483,0ecaa5967403d082aa24f35e1b516d23) [PhysX] Initialized MultithreadedTaskDispatcher with 32 workers.
 -> (artifact id: 'd6a8ce2dd98035409ae4549127a42655') in 0.021311 seconds
Number of updated asset objects reloaded before import = 0
Number of asset objects unloaded after import = 2
========================================================================
Received Import Request.
  Time since last request: 0.245438 seconds.
  path: Assets/Oculus/Interaction/Runtime/Scripts/Unity/UnityCanvas/RenderingMode.cs
  artifactKey: Guid(3e5de7ab187e8dc47a0f654ad1e1107a) Importer(2089858483,0ecaa5967403d082aa24f35e1b516d23)
Start importing Assets/Oculus/Interaction/Runtime/Scripts/Unity/UnityCanvas/RenderingMode.cs using Guid(3e5de7ab187e8dc47a0f654ad1e1107a) Importer(2089858483,0ecaa5967403d082aa24f35e1b516d23) [PhysX] Initialized MultithreadedTaskDispatcher with 32 workers.
 -> (artifact id: '4b35f4b656fe2678cbf97766c229c635') in 0.019883 seconds
Number of updated asset objects reloaded before import = 0
Number of asset objects unloaded after import = 1
========================================================================
Received Import Request.
  Time since last request: 0.000021 seconds.
  path: Assets/Oculus/Interaction/Samples/Objects/Environment/Tooltips/DialogVideos/Instruction_HandGrabUse.mp4
  artifactKey: Guid(88ede5bcbb7785f4ea7b5735bb6d36fa) Importer(2089858483,0ecaa5967403d082aa24f35e1b516d23)
Start importing Assets/Oculus/Interaction/Samples/Objects/Environment/Tooltips/DialogVideos/Instruction_HandGrabUse.mp4 using Guid(88ede5bcbb7785f4ea7b5735bb6d36fa) Importer(2089858483,0ecaa5967403d082aa24f35e1b516d23) [PhysX] Initialized MultithreadedTaskDispatcher with 32 workers.
 -> (artifact id: 'acb0f7805ffdc83078a5331d924ebc69') in 0.020227 seconds
Number of updated asset objects reloaded before import = 0
Number of asset objects unloaded after import = 1
========================================================================
Received Import Request.
  Time since last request: 0.000020 seconds.
  path: Assets/Oculus/VR/Editor/OVRProjectSetup/Tasks/Processors/OVRConfigurationTaskUpdater.cs
  artifactKey: Guid(36d246eb26384ec88c5d849668cf29a7) Importer(2089858483,0ecaa5967403d082aa24f35e1b516d23)
Start importing Assets/Oculus/VR/Editor/OVRProjectSetup/Tasks/Processors/OVRConfigurationTaskUpdater.cs using Guid(36d246eb26384ec88c5d849668cf29a7) Importer(2089858483,0ecaa5967403d082aa24f35e1b516d23) [PhysX] Initialized MultithreadedTaskDispatcher with 32 workers.
 -> (artifact id: '66197ef89d6b45d0072a14df7e6a3729') in 0.021890 seconds
Number of updated asset objects reloaded before import = 0
Number of asset objects unloaded after import = 1
========================================================================
Received Import Request.
  Time since last request: 0.000076 seconds.
  path: Assets/Oculus/Interaction/Runtime/Scripts/Interaction/Models/TouchHandGrab/TouchHandGrabInteractorVisual.cs
  artifactKey: Guid(838bf82eef6d73d42b59f428c4e33417) Importer(2089858483,0ecaa5967403d082aa24f35e1b516d23)
Start importing Assets/Oculus/Interaction/Runtime/Scripts/Interaction/Models/TouchHandGrab/TouchHandGrabInteractorVisual.cs using Guid(838bf82eef6d73d42b59f428c4e33417) Importer(2089858483,0ecaa5967403d082aa24f35e1b516d23) [PhysX] Initialized MultithreadedTaskDispatcher with 32 workers.
 -> (artifact id: 'cc80830ce63830c25385ab5414feb52f') in 0.013558 seconds
Number of updated asset objects reloaded before import = 0
Number of asset objects unloaded after import = 1
========================================================================
Received Import Request.
  Time since last request: 0.000041 seconds.
  path: Assets/Oculus/Interaction/OVRIntegration/Editor/Blocks/SyntheticHands/Scripts/OVRSyntheticHandsBlockData.cs
  artifactKey: Guid(3fb198b2fc4bbcb4999ac10ef4f0ad3b) Importer(2089858483,0ecaa5967403d082aa24f35e1b516d23)
Start importing Assets/Oculus/Interaction/OVRIntegration/Editor/Blocks/SyntheticHands/Scripts/OVRSyntheticHandsBlockData.cs using Guid(3fb198b2fc4bbcb4999ac10ef4f0ad3b) Importer(2089858483,0ecaa5967403d082aa24f35e1b516d23) [PhysX] Initialized MultithreadedTaskDispatcher with 32 workers.
 -> (artifact id: '254fffd77921858bd6b5d052ff7c186d') in 0.015796 seconds
Number of updated asset objects reloaded before import = 0
Number of asset objects unloaded after import = 1
========================================================================
Received Import Request.
  Time since last request: 0.000215 seconds.
  path: Assets/Oculus/Interaction/Samples/Objects/Environment/Screen/Materials/ScreenMaterial.mat
  artifactKey: Guid(e5fb989c2cb62ef468f6537caf5190f2) Importer(2089858483,0ecaa5967403d082aa24f35e1b516d23)
Start importing Assets/Oculus/Interaction/Samples/Objects/Environment/Screen/Materials/ScreenMaterial.mat using Guid(e5fb989c2cb62ef468f6537caf5190f2) Importer(2089858483,0ecaa5967403d082aa24f35e1b516d23) [PhysX] Initialized MultithreadedTaskDispatcher with 32 workers.
 -> (artifact id: 'aa7fa7c1ccfe961bd68970a697c2fb9f') in 0.021491 seconds
Number of updated asset objects reloaded before import = 0
Number of asset objects unloaded after import = 2
========================================================================
Received Import Request.
  Time since last request: 0.000136 seconds.
  path: Assets/Oculus/Interaction/Samples/Objects/Props/Box/Models/Box.fbx
  artifactKey: Guid(2711a10ba6518d34cb77d80f3125f3c1) Importer(2089858483,0ecaa5967403d082aa24f35e1b516d23)
Start importing Assets/Oculus/Interaction/Samples/Objects/Props/Box/Models/Box.fbx using Guid(2711a10ba6518d34cb77d80f3125f3c1) Importer(2089858483,0ecaa5967403d082aa24f35e1b516d23) [PhysX] Initialized MultithreadedTaskDispatcher with 32 workers.
 -> (artifact id: '2f46bc147121cea9b47cd5846ef2fa1c') in 0.063877 seconds
Number of updated asset objects reloaded before import = 0
Number of asset objects unloaded after import = 24
========================================================================
Received Import Request.
  Time since last request: 0.000214 seconds.
  path: Assets/Oculus/Voice/Lib/Wit.ai/Scripts/Editor/WitTexts.cs
  artifactKey: Guid(64201006cec1b6d43b23d4318ebc554a) Importer(2089858483,0ecaa5967403d082aa24f35e1b516d23)
Start importing Assets/Oculus/Voice/Lib/Wit.ai/Scripts/Editor/WitTexts.cs using Guid(64201006cec1b6d43b23d4318ebc554a) Importer(2089858483,0ecaa5967403d082aa24f35e1b516d23) [PhysX] Initialized MultithreadedTaskDispatcher with 32 workers.
 -> (artifact id: '6e078badd653bdb51653c0dca264b499') in 0.009716 seconds
Number of updated asset objects reloaded before import = 0
Number of asset objects unloaded after import = 1
========================================================================
Received Import Request.
  Time since last request: 0.000029 seconds.
  path: Assets/Oculus/VR/Editor/OVRProjectSetup/Tasks/Implementations/OVRProjectSetupVirtualKeyboard.cs
  artifactKey: Guid(82d658a2879ff5445a9566cdc87ed59b) Importer(2089858483,0ecaa5967403d082aa24f35e1b516d23)
Start importing Assets/Oculus/VR/Editor/OVRProjectSetup/Tasks/Implementations/OVRProjectSetupVirtualKeyboard.cs using Guid(82d658a2879ff5445a9566cdc87ed59b) Importer(2089858483,0ecaa5967403d082aa24f35e1b516d23) [PhysX] Initialized MultithreadedTaskDispatcher with 32 workers.
 -> (artifact id: '61c3d9870815bb03417dffc2a5e2ec94') in 0.010456 seconds
Number of updated asset objects reloaded before import = 0
Number of asset objects unloaded after import = 1
========================================================================
Received Import Request.
  Time since last request: 0.000084 seconds.
  path: Assets/Oculus/SampleFramework/Usage/TouchPro/Scripts/Ui/UiVectorInspector.cs
  artifactKey: Guid(b5b953c396f406b44bfcbce884437b85) Importer(2089858483,0ecaa5967403d082aa24f35e1b516d23)
Start importing Assets/Oculus/SampleFramework/Usage/TouchPro/Scripts/Ui/UiVectorInspector.cs using Guid(b5b953c396f406b44bfcbce884437b85) Importer(2089858483,0ecaa5967403d082aa24f35e1b516d23) [PhysX] Initialized MultithreadedTaskDispatcher with 32 workers.
 -> (artifact id: 'ba4268c43309d9548b60c0f0ebaef8d1') in 0.011578 seconds
Number of updated asset objects reloaded before import = 0
Number of asset objects unloaded after import = 1
========================================================================
Received Import Request.
  Time since last request: 0.000024 seconds.
  path: Assets/Oculus/SampleFramework/Usage/SharedAssets/Skyboxes/Sky_02/Skybox02_Right-X.png
  artifactKey: Guid(2225d3954773c41dfb5cbe8356988e16) Importer(2089858483,0ecaa5967403d082aa24f35e1b516d23)
Start importing Assets/Oculus/SampleFramework/Usage/SharedAssets/Skyboxes/Sky_02/Skybox02_Right-X.png using Guid(2225d3954773c41dfb5cbe8356988e16) Importer(2089858483,0ecaa5967403d082aa24f35e1b516d23) [PhysX] Initialized MultithreadedTaskDispatcher with 32 workers.
 -> (artifact id: '011ab06fbacecf956e3272384d259f10') in 0.018769 seconds
Number of updated asset objects reloaded before import = 0
Number of asset objects unloaded after import = 1
========================================================================
Received Import Request.
  Time since last request: 0.000184 seconds.
  path: Assets/Oculus/Interaction/Samples/Objects/Props/Plants/PlantUmbrella.fbx
  artifactKey: Guid(c085e05b7ebd9074eaaa0da62b1293c5) Importer(2089858483,0ecaa5967403d082aa24f35e1b516d23)
Start importing Assets/Oculus/Interaction/Samples/Objects/Props/Plants/PlantUmbrella.fbx using Guid(c085e05b7ebd9074eaaa0da62b1293c5) Importer(2089858483,0ecaa5967403d082aa24f35e1b516d23) [PhysX] Initialized MultithreadedTaskDispatcher with 32 workers.
 -> (artifact id: '886a6f6114596a7a73d7c5f33ce8d611') in 0.027233 seconds
Number of updated asset objects reloaded before import = 0
Number of asset objects unloaded after import = 7
========================================================================
Received Import Request.
  Time since last request: 0.000030 seconds.
  path: Assets/Oculus/Interaction/Runtime/Scripts/Interaction/Models/Snap/Visuals/SnapInteractorFollowVisual.cs
  artifactKey: Guid(dacb54c33ad56b54c8d6af22493eacf6) Importer(2089858483,0ecaa5967403d082aa24f35e1b516d23)
Start importing Assets/Oculus/Interaction/Runtime/Scripts/Interaction/Models/Snap/Visuals/SnapInteractorFollowVisual.cs using Guid(dacb54c33ad56b54c8d6af22493eacf6) Importer(2089858483,0ecaa5967403d082aa24f35e1b516d23) [PhysX] Initialized MultithreadedTaskDispatcher with 32 workers.
 -> (artifact id: 'daac33a34f4df0d0a14a856890fc5213') in 0.019100 seconds
Number of updated asset objects reloaded before import = 0
Number of asset objects unloaded after import = 1
========================================================================
Received Import Request.
  Time since last request: 0.000073 seconds.
  path: Assets/Oculus/Interaction/OVRIntegration/Editor/Blocks/InteractableItems/Prefabs/[BB] Throwable Cube.prefab
  artifactKey: Guid(a39f14d93fa584432b8f4d312acb98c4) Importer(2089858483,0ecaa5967403d082aa24f35e1b516d23)
Start importing Assets/Oculus/Interaction/OVRIntegration/Editor/Blocks/InteractableItems/Prefabs/[BB] Throwable Cube.prefab using Guid(a39f14d93fa584432b8f4d312acb98c4) Importer(2089858483,0ecaa5967403d082aa24f35e1b516d23) [PhysX] Initialized MultithreadedTaskDispatcher with 32 workers.
 -> (artifact id: 'bf33127abe232ef7d916a140932c9410') in 0.035406 seconds
Number of updated asset objects reloaded before import = 0
Number of asset objects unloaded after import = 11
========================================================================
Received Import Request.
  Time since last request: 0.000203 seconds.
  path: Assets/Oculus/Interaction/Samples/Objects/Environment/MRDesk/Models/MRDesk.fbx
  artifactKey: Guid(c52c4e4029c7cc547a033db8b08dd4eb) Importer(2089858483,0ecaa5967403d082aa24f35e1b516d23)
Start importing Assets/Oculus/Interaction/Samples/Objects/Environment/MRDesk/Models/MRDesk.fbx using Guid(c52c4e4029c7cc547a033db8b08dd4eb) Importer(2089858483,0ecaa5967403d082aa24f35e1b516d23) [PhysX] Initialized MultithreadedTaskDispatcher with 32 workers.
 -> (artifact id: '7bc8c60d2cb62d0d80f6a36a947f60ab') in 0.024773 seconds
Number of updated asset objects reloaded before import = 0
Number of asset objects unloaded after import = 8
========================================================================
Received Import Request.
  Time since last request: 0.000020 seconds.
  path: Assets/Oculus/Interaction/Runtime/Scripts/Interaction/Models/Locomotion/Turn/LocomotionTurnerInteractor.cs
  artifactKey: Guid(52fee213f8cdac6439fe123440931219) Importer(2089858483,0ecaa5967403d082aa24f35e1b516d23)
Start importing Assets/Oculus/Interaction/Runtime/Scripts/Interaction/Models/Locomotion/Turn/LocomotionTurnerInteractor.cs using Guid(52fee213f8cdac6439fe123440931219) Importer(2089858483,0ecaa5967403d082aa24f35e1b516d23) [PhysX] Initialized MultithreadedTaskDispatcher with 32 workers.
 -> (artifact id: 'fb45510e5b5d5132a5a85530bb68aeb3') in 0.021179 seconds
Number of updated asset objects reloaded before import = 0
Number of asset objects unloaded after import = 1
========================================================================
Received Import Request.
  Time since last request: 0.000021 seconds.
  path: Assets/Oculus/Interaction/Samples/Objects/Props/BigRedButton/Materials/ButtonRingShadowMat.mat
  artifactKey: Guid(dab97cc97278e1542aca6d5c9daa46eb) Importer(2089858483,0ecaa5967403d082aa24f35e1b516d23)
Start importing Assets/Oculus/Interaction/Samples/Objects/Props/BigRedButton/Materials/ButtonRingShadowMat.mat using Guid(dab97cc97278e1542aca6d5c9daa46eb) Importer(2089858483,0ecaa5967403d082aa24f35e1b516d23) [PhysX] Initialized MultithreadedTaskDispatcher with 32 workers.
 -> (artifact id: '5d5c9049dc42c83243795ff2a44c46c6') in 0.014255 seconds
Number of updated asset objects reloaded before import = 0
Number of asset objects unloaded after import = 2
========================================================================
Received Import Request.
  Time since last request: 0.000017 seconds.
  path: Assets/Oculus/Voice/Lib/PlatformCompatibility/Scripts/Editor/Drawers/ArrayElementTitleDrawer.cs
  artifactKey: Guid(99800bf0e26831a41983faa658759631) Importer(2089858483,0ecaa5967403d082aa24f35e1b516d23)
Start importing Assets/Oculus/Voice/Lib/PlatformCompatibility/Scripts/Editor/Drawers/ArrayElementTitleDrawer.cs using Guid(99800bf0e26831a41983faa658759631) Importer(2089858483,0ecaa5967403d082aa24f35e1b516d23) [PhysX] Initialized MultithreadedTaskDispatcher with 32 workers.
 -> (artifact id: '71a381eca84ade80a9f7cf63ef72a36a') in 0.016357 seconds
Number of updated asset objects reloaded before import = 0
Number of asset objects unloaded after import = 1
========================================================================
Received Import Request.
  Time since last request: 0.000023 seconds.
  path: Assets/Oculus/SampleFramework/Core/TouchControllers/Materials/Textures/L_controller_DIF.TGA
  artifactKey: Guid(9a47b80420559d84491daa384675c1ec) Importer(2089858483,0ecaa5967403d082aa24f35e1b516d23)
Start importing Assets/Oculus/SampleFramework/Core/TouchControllers/Materials/Textures/L_controller_DIF.TGA using Guid(9a47b80420559d84491daa384675c1ec) Importer(2089858483,0ecaa5967403d082aa24f35e1b516d23) [PhysX] Initialized MultithreadedTaskDispatcher with 32 workers.
 -> (artifact id: 'cf546030578f0383b8a80702414ce219') in 0.022910 seconds
Number of updated asset objects reloaded before import = 0
Number of asset objects unloaded after import = 1
========================================================================
Received Import Request.
  Time since last request: 0.000093 seconds.
  path: Assets/Oculus/Interaction/Runtime/Scripts/Interaction/Models/Snap/ListLayout.cs
  artifactKey: Guid(0c5db2cc1f008414ea38d1a7b78ffa92) Importer(2089858483,0ecaa5967403d082aa24f35e1b516d23)
Start importing Assets/Oculus/Interaction/Runtime/Scripts/Interaction/Models/Snap/ListLayout.cs using Guid(0c5db2cc1f008414ea38d1a7b78ffa92) Importer(2089858483,0ecaa5967403d082aa24f35e1b516d23) [PhysX] Initialized MultithreadedTaskDispatcher with 32 workers.
 -> (artifact id: '85b43b6524fe0d872de43f66013254d5') in 0.013837 seconds
Number of updated asset objects reloaded before import = 0
Number of asset objects unloaded after import = 1
========================================================================
Received Import Request.
  Time since last request: 0.000131 seconds.
  path: Assets/Oculus/Interaction/Samples/Objects/Props/MapWithPins/Textures/MapPointer_AlbedoRoughness.png
  artifactKey: Guid(b883faee006af594480a183e2c37d229) Importer(2089858483,0ecaa5967403d082aa24f35e1b516d23)
Start importing Assets/Oculus/Interaction/Samples/Objects/Props/MapWithPins/Textures/MapPointer_AlbedoRoughness.png using Guid(b883faee006af594480a183e2c37d229) Importer(2089858483,0ecaa5967403d082aa24f35e1b516d23) [PhysX] Initialized MultithreadedTaskDispatcher with 32 workers.
 -> (artifact id: '89e50b78d1065b574fa2e22d5f8716dc') in 0.019484 seconds
Number of updated asset objects reloaded before import = 0
Number of asset objects unloaded after import = 1
========================================================================
Received Import Request.
  Time since last request: 0.000047 seconds.
  path: Assets/Oculus/Interaction/Samples/Objects/Props/Materials/CubeMaterialBlue.fbx
  artifactKey: Guid(6cc34ec80006e8a429764b52c1b5e7c8) Importer(2089858483,0ecaa5967403d082aa24f35e1b516d23)
Start importing Assets/Oculus/Interaction/Samples/Objects/Props/Materials/CubeMaterialBlue.fbx using Guid(6cc34ec80006e8a429764b52c1b5e7c8) Importer(2089858483,0ecaa5967403d082aa24f35e1b516d23) [PhysX] Initialized MultithreadedTaskDispatcher with 32 workers.
 -> (artifact id: '39352de2202c90771f9b21d1b56751b9') in 0.024039 seconds
Number of updated asset objects reloaded before import = 0
Number of asset objects unloaded after import = 9
========================================================================
Received Import Request.
  Time since last request: 0.000020 seconds.
  path: Assets/Oculus/Voice/Lib/Wit.ai/Scripts/Runtime/WitService.cs
  artifactKey: Guid(f8aee093cd100a249a9a5e79c25157f4) Importer(2089858483,0ecaa5967403d082aa24f35e1b516d23)
Start importing Assets/Oculus/Voice/Lib/Wit.ai/Scripts/Runtime/WitService.cs using Guid(f8aee093cd100a249a9a5e79c25157f4) Importer(2089858483,0ecaa5967403d082aa24f35e1b516d23) [PhysX] Initialized MultithreadedTaskDispatcher with 32 workers.
 -> (artifact id: '51bd0e9b39829806dcf6baad237483d8') in 0.007712 seconds
Number of updated asset objects reloaded before import = 0
Number of asset objects unloaded after import = 1
========================================================================
Received Import Request.
  Time since last request: 0.000173 seconds.
  path: Assets/Oculus/Spatializer/scenes/Standard Assets/Character Controllers/Sources/PrototypeCharacter/Constructor.FBX
  artifactKey: Guid(449b48f7eb5d87a4baaa5fb73f875a59) Importer(2089858483,0ecaa5967403d082aa24f35e1b516d23)
Start importing Assets/Oculus/Spatializer/scenes/Standard Assets/Character Controllers/Sources/PrototypeCharacter/Constructor.FBX using Guid(449b48f7eb5d87a4baaa5fb73f875a59) Importer(2089858483,0ecaa5967403d082aa24f35e1b516d23) [PhysX] Initialized MultithreadedTaskDispatcher with 32 workers.
 -> (artifact id: 'a0c45633af46972796305834dcb807bc') in 0.033008 seconds
Number of updated asset objects reloaded before import = 0
Number of asset objects unloaded after import = 128
========================================================================
Received Import Request.
  Time since last request: 0.000018 seconds.
  path: Assets/Oculus/Interaction/Samples/Objects/Props/SprayBottle/Textures/SprayBottleAlbedo.png
  artifactKey: Guid(230674d82fba1f04faa1fd6e01520745) Importer(2089858483,0ecaa5967403d082aa24f35e1b516d23)
Start importing Assets/Oculus/Interaction/Samples/Objects/Props/SprayBottle/Textures/SprayBottleAlbedo.png using Guid(230674d82fba1f04faa1fd6e01520745) Importer(2089858483,0ecaa5967403d082aa24f35e1b516d23) [PhysX] Initialized MultithreadedTaskDispatcher with 32 workers.
 -> (artifact id: 'b77a288227a17c02d74d2a9ea4abc35b') in 0.017042 seconds
Number of updated asset objects reloaded before import = 0
Number of asset objects unloaded after import = 1
========================================================================
Received Import Request.
  Time since last request: 0.000046 seconds.
  path: Assets/Oculus/Interaction/Runtime/Scripts/Interaction/Models/DistanceGrab/DistanceGrabInteractor.cs
  artifactKey: Guid(9dda6958e834dc644b949b1ff70e432b) Importer(2089858483,0ecaa5967403d082aa24f35e1b516d23)
Start importing Assets/Oculus/Interaction/Runtime/Scripts/Interaction/Models/DistanceGrab/DistanceGrabInteractor.cs using Guid(9dda6958e834dc644b949b1ff70e432b) Importer(2089858483,0ecaa5967403d082aa24f35e1b516d23) [PhysX] Initialized MultithreadedTaskDispatcher with 32 workers.
 -> (artifact id: 'a8c2ab324cc1b645aa5b7ca22712659f') in 0.057749 seconds
Number of updated asset objects reloaded before import = 0
Number of asset objects unloaded after import = 1
========================================================================
Received Import Request.
  Time since last request: 0.000054 seconds.
  path: Assets/Oculus/Voice/Features/Dictation/Samples/Dictation/Dictation Sample - WitConfiguration.asset
  artifactKey: Guid(cf747878b0776f44884853a7fe2ea4c8) Importer(2089858483,0ecaa5967403d082aa24f35e1b516d23)
Start importing Assets/Oculus/Voice/Features/Dictation/Samples/Dictation/Dictation Sample - WitConfiguration.asset using Guid(cf747878b0776f44884853a7fe2ea4c8) Importer(2089858483,0ecaa5967403d082aa24f35e1b516d23) [PhysX] Initialized MultithreadedTaskDispatcher with 32 workers.
 -> (artifact id: '00ea8e18b58700c44c6869ef787761bb') in 0.013957 seconds
Number of updated asset objects reloaded before import = 0
Number of asset objects unloaded after import = 1
========================================================================
Received Import Request.
  Time since last request: 0.000014 seconds.
  path: Assets/Oculus/Interaction/Samples/Objects/Environment/Locomotion/Models/BackgroundSkydome.fbx
  artifactKey: Guid(34b453e4d1fa5034abe065de8ae813ef) Importer(2089858483,0ecaa5967403d082aa24f35e1b516d23)
Start importing Assets/Oculus/Interaction/Samples/Objects/Environment/Locomotion/Models/BackgroundSkydome.fbx using Guid(34b453e4d1fa5034abe065de8ae813ef) Importer(2089858483,0ecaa5967403d082aa24f35e1b516d23) [PhysX] Initialized MultithreadedTaskDispatcher with 32 workers.
 -> (artifact id: '1e06b9565564489a3d17ffcdacc401ab') in 0.019638 seconds
Number of updated asset objects reloaded before import = 0
Number of asset objects unloaded after import = 8
========================================================================
Received Import Request.
  Time since last request: 0.000022 seconds.
  path: Assets/Oculus/SampleFramework/Usage/SharedAssets/Skyboxes/Sky_01/Skybox01.mat
  artifactKey: Guid(8314ffe855e0e45b0a2fdbbdfe2010ea) Importer(2089858483,0ecaa5967403d082aa24f35e1b516d23)
Start importing Assets/Oculus/SampleFramework/Usage/SharedAssets/Skyboxes/Sky_01/Skybox01.mat using Guid(8314ffe855e0e45b0a2fdbbdfe2010ea) Importer(2089858483,0ecaa5967403d082aa24f35e1b516d23) [PhysX] Initialized MultithreadedTaskDispatcher with 32 workers.
 -> (artifact id: '070ca01197a2fedb4c5fde80ef14582c') in 0.033240 seconds
Number of updated asset objects reloaded before import = 0
Number of asset objects unloaded after import = 7
========================================================================
Received Import Request.
  Time since last request: 0.000017 seconds.
  path: Assets/Oculus/Interaction/Samples/Objects/Environment/Locomotion/Models/Materials/LocomotionRugMat.mat
  artifactKey: Guid(62dbb38de162ebe4a8477298e58468be) Importer(2089858483,0ecaa5967403d082aa24f35e1b516d23)
Start importing Assets/Oculus/Interaction/Samples/Objects/Environment/Locomotion/Models/Materials/LocomotionRugMat.mat using Guid(62dbb38de162ebe4a8477298e58468be) Importer(2089858483,0ecaa5967403d082aa24f35e1b516d23) [PhysX] Initialized MultithreadedTaskDispatcher with 32 workers.
 -> (artifact id: 'caaa59753f983f00b2d997340d019174') in 0.045501 seconds
Number of updated asset objects reloaded before import = 0
Number of asset objects unloaded after import = 3
========================================================================
Received Import Request.
  Time since last request: 0.000020 seconds.
  path: Assets/Oculus/SampleFramework/Usage/Passthrough/Materials/skybox/Skybox.mat
  artifactKey: Guid(34b43d94c855d49e491abad836c56a32) Importer(2089858483,0ecaa5967403d082aa24f35e1b516d23)
Start importing Assets/Oculus/SampleFramework/Usage/Passthrough/Materials/skybox/Skybox.mat using Guid(34b43d94c855d49e491abad836c56a32) Importer(2089858483,0ecaa5967403d082aa24f35e1b516d23) [PhysX] Initialized MultithreadedTaskDispatcher with 32 workers.
 -> (artifact id: '32fbfd2efceb67d621a90c097c206645') in 0.021573 seconds
Number of updated asset objects reloaded before import = 0
Number of asset objects unloaded after import = 3
========================================================================
Received Import Request.
  Time since last request: 0.000024 seconds.
  path: Assets/Oculus/Interaction/Samples/Objects/Environment/SmallRoom/Materials/SmallRoomFloorMat.mat
  artifactKey: Guid(235d53208c2effc43aa402dc5f349bdb) Importer(2089858483,0ecaa5967403d082aa24f35e1b516d23)
Start importing Assets/Oculus/Interaction/Samples/Objects/Environment/SmallRoom/Materials/SmallRoomFloorMat.mat using Guid(235d53208c2effc43aa402dc5f349bdb) Importer(2089858483,0ecaa5967403d082aa24f35e1b516d23) [PhysX] Initialized MultithreadedTaskDispatcher with 32 workers.
 -> (artifact id: 'b766dfcb9e037224c1716014e27d5f8e') in 0.012857 seconds
Number of updated asset objects reloaded before import = 0
Number of asset objects unloaded after import = 3
========================================================================
Received Import Request.
  Time since last request: 0.000016 seconds.
  path: Assets/Oculus/SampleFramework/Usage/TouchPro/Prefabs/Ui/UiBoolInspectorPf.prefab
  artifactKey: Guid(ab85a3cdfda1cca40bc90ea89675820b) Importer(2089858483,0ecaa5967403d082aa24f35e1b516d23)
Start importing Assets/Oculus/SampleFramework/Usage/TouchPro/Prefabs/Ui/UiBoolInspectorPf.prefab using Guid(ab85a3cdfda1cca40bc90ea89675820b) Importer(2089858483,0ecaa5967403d082aa24f35e1b516d23) [PhysX] Initialized MultithreadedTaskDispatcher with 32 workers.
 -> (artifact id: 'f832bf33a24d91362f7c33c4056f2621') in 0.020862 seconds
Number of updated asset objects reloaded before import = 0
Number of asset objects unloaded after import = 22
========================================================================
Received Import Request.
  Time since last request: 0.000017 seconds.
  path: Assets/Oculus/Voice/Lib/Wit.ai/Scripts/Runtime/CallbackHandlers/SimpleStringEntityHandler.cs
  artifactKey: Guid(77dceeee73817ec4c844564714e05c77) Importer(2089858483,0ecaa5967403d082aa24f35e1b516d23)
Start importing Assets/Oculus/Voice/Lib/Wit.ai/Scripts/Runtime/CallbackHandlers/SimpleStringEntityHandler.cs using Guid(77dceeee73817ec4c844564714e05c77) Importer(2089858483,0ecaa5967403d082aa24f35e1b516d23) [PhysX] Initialized MultithreadedTaskDispatcher with 32 workers.
 -> (artifact id: '876355ddc07a33128923d394c09a3ffe') in 0.016019 seconds
Number of updated asset objects reloaded before import = 0
Number of asset objects unloaded after import = 1
========================================================================
Received Import Request.
  Time since last request: 0.000117 seconds.
  path: Assets/Oculus/Interaction/Samples/Objects/Props/Locomotion/LocomotionTurorialUI.fbx
  artifactKey: Guid(19a47a3f839bd1e498891a423e4b92ec) Importer(2089858483,0ecaa5967403d082aa24f35e1b516d23)
Start importing Assets/Oculus/Interaction/Samples/Objects/Props/Locomotion/LocomotionTurorialUI.fbx using Guid(19a47a3f839bd1e498891a423e4b92ec) Importer(2089858483,0ecaa5967403d082aa24f35e1b516d23) [PhysX] Initialized MultithreadedTaskDispatcher with 32 workers.
 -> (artifact id: '8840c512364b195275eba17e73040859') in 0.028723 seconds
Number of updated asset objects reloaded before import = 0
Number of asset objects unloaded after import = 27
========================================================================
Received Import Request.
  Time since last request: 0.000016 seconds.
  path: Assets/Oculus/SampleFramework/Usage/SceneManager/Prefabs/GlobalMesh/Global Mesh Collider.prefab
  artifactKey: Guid(3af5572e5d3ab6945bd09b4face9367a) Importer(2089858483,0ecaa5967403d082aa24f35e1b516d23)
Start importing Assets/Oculus/SampleFramework/Usage/SceneManager/Prefabs/GlobalMesh/Global Mesh Collider.prefab using Guid(3af5572e5d3ab6945bd09b4face9367a) Importer(2089858483,0ecaa5967403d082aa24f35e1b516d23) [PhysX] Initialized MultithreadedTaskDispatcher with 32 workers.
 -> (artifact id: '8387c446f5a25cd915acef5dd9d3d9db') in 0.019564 seconds
Number of updated asset objects reloaded before import = 0
Number of asset objects unloaded after import = 8
========================================================================
Received Import Request.
  Time since last request: 0.000046 seconds.
  path: Assets/Oculus/Interaction/Samples/Objects/Props/StonePolyhedra/StonePolyhedron.prefab
  artifactKey: Guid(93abbce9b8b609046a3caec01ae3c57a) Importer(2089858483,0ecaa5967403d082aa24f35e1b516d23)
Start importing Assets/Oculus/Interaction/Samples/Objects/Props/StonePolyhedra/StonePolyhedron.prefab using Guid(93abbce9b8b609046a3caec01ae3c57a) Importer(2089858483,0ecaa5967403d082aa24f35e1b516d23) [PhysX] Initialized MultithreadedTaskDispatcher with 32 workers.
 -> (artifact id: 'ffaa167685e864389eb59f4cf8cb4468') in 0.068795 seconds
Number of updated asset objects reloaded before import = 0
Number of asset objects unloaded after import = 85
========================================================================
Received Import Request.
  Time since last request: 0.000023 seconds.
  path: Assets/Oculus/Interaction/Samples/Objects/Environment/Locomotion/Models/Meta_LocomotionStools.fbx
  artifactKey: Guid(9d80c128b158cd74b9b9a3e36dae77c4) Importer(2089858483,0ecaa5967403d082aa24f35e1b516d23)
Start importing Assets/Oculus/Interaction/Samples/Objects/Environment/Locomotion/Models/Meta_LocomotionStools.fbx using Guid(9d80c128b158cd74b9b9a3e36dae77c4) Importer(2089858483,0ecaa5967403d082aa24f35e1b516d23) [PhysX] Initialized MultithreadedTaskDispatcher with 32 workers.
 -> (artifact id: '11c31da20ed3800fa26503c3cb0bb49c') in 0.018714 seconds
Number of updated asset objects reloaded before import = 0
Number of asset objects unloaded after import = 19
========================================================================
Received Import Request.
  Time since last request: 0.000024 seconds.
  path: Assets/Oculus/SampleFramework/Core/DebugUI/Fonts/Montserrat/Montserrat-BoldItalic.ttf
  artifactKey: Guid(440e99598766dbd40a4d8bc01445b5ca) Importer(2089858483,0ecaa5967403d082aa24f35e1b516d23)
Start importing Assets/Oculus/SampleFramework/Core/DebugUI/Fonts/Montserrat/Montserrat-BoldItalic.ttf using Guid(440e99598766dbd40a4d8bc01445b5ca) Importer(2089858483,0ecaa5967403d082aa24f35e1b516d23) [PhysX] Initialized MultithreadedTaskDispatcher with 32 workers.
 -> (artifact id: '4024c87c2cf28c406313d1b1a989efd2') in 0.019497 seconds
Number of updated asset objects reloaded before import = 0
Number of asset objects unloaded after import = 3
========================================================================
Received Import Request.
  Time since last request: 0.000023 seconds.
  path: Assets/Oculus/Voice/Lib/Wit.ai/Lib/Wit/Editor/WitEditorConstants.cs
  artifactKey: Guid(952188ddee6159842859d3ea73ff2529) Importer(2089858483,0ecaa5967403d082aa24f35e1b516d23)
Start importing Assets/Oculus/Voice/Lib/Wit.ai/Lib/Wit/Editor/WitEditorConstants.cs using Guid(952188ddee6159842859d3ea73ff2529) Importer(2089858483,0ecaa5967403d082aa24f35e1b516d23) [PhysX] Initialized MultithreadedTaskDispatcher with 32 workers.
 -> (artifact id: '3ddec56b23d4d73e80b09b801a706fb6') in 0.016942 seconds
Number of updated asset objects reloaded before import = 0
Number of asset objects unloaded after import = 1
========================================================================
Received Import Request.
  Time since last request: 0.000064 seconds.
  path: Assets/Oculus/Interaction/Samples/Objects/Props/TennisBall/TennisBall.fbx
  artifactKey: Guid(6b5750d4379112e44993b8d4081f09b4) Importer(2089858483,0ecaa5967403d082aa24f35e1b516d23)
Start importing Assets/Oculus/Interaction/Samples/Objects/Props/TennisBall/TennisBall.fbx using Guid(6b5750d4379112e44993b8d4081f09b4) Importer(2089858483,0ecaa5967403d082aa24f35e1b516d23) [PhysX] Initialized MultithreadedTaskDispatcher with 32 workers.
 -> (artifact id: 'ebe7655ca4bff9aea013d5daffb00e34') in 0.017281 seconds
Number of updated asset objects reloaded before import = 0
Number of asset objects unloaded after import = 7
========================================================================
Received Import Request.
  Time since last request: 0.000022 seconds.
  path: Assets/Oculus/Voice/Lib/Wit.ai/Features/Dictation/Scripts/Runtime/Dictation/Facebook.Wit.Dictation.asmdef
  artifactKey: Guid(910a956078d2ff4429c717211dcfaecb) Importer(2089858483,0ecaa5967403d082aa24f35e1b516d23)
Start importing Assets/Oculus/Voice/Lib/Wit.ai/Features/Dictation/Scripts/Runtime/Dictation/Facebook.Wit.Dictation.asmdef using Guid(910a956078d2ff4429c717211dcfaecb) Importer(2089858483,0ecaa5967403d082aa24f35e1b516d23) [PhysX] Initialized MultithreadedTaskDispatcher with 32 workers.
 -> (artifact id: 'abdd3d9979bb855e7453174f7a5ab8ab') in 0.009756 seconds
Number of updated asset objects reloaded before import = 0
Number of asset objects unloaded after import = 1
========================================================================
Received Import Request.
  Time since last request: 0.000039 seconds.
  path: Assets/Oculus/Voice/Lib/Wit.ai/Scripts/Editor/Data/Configuration/Tabs/WitConfigurationApplicationTab.cs
  artifactKey: Guid(bebd7edc23f2449f86d2b4c28582465c) Importer(2089858483,0ecaa5967403d082aa24f35e1b516d23)
Start importing Assets/Oculus/Voice/Lib/Wit.ai/Scripts/Editor/Data/Configuration/Tabs/WitConfigurationApplicationTab.cs using Guid(bebd7edc23f2449f86d2b4c28582465c) Importer(2089858483,0ecaa5967403d082aa24f35e1b516d23) [PhysX] Initialized MultithreadedTaskDispatcher with 32 workers.
 -> (artifact id: '9b28c39d891ab6baab38acb3b13c8f8c') in 0.015994 seconds
Number of updated asset objects reloaded before import = 0
Number of asset objects unloaded after import = 1
========================================================================
Received Import Request.
  Time since last request: 0.000080 seconds.
  path: Assets/Oculus/Voice/Lib/Wit.ai/Scripts/Runtime/Data/ValueReferences/StringReference.cs
  artifactKey: Guid(d93d804b221245ecada6cf7bdf41d751) Importer(2089858483,0ecaa5967403d082aa24f35e1b516d23)
Start importing Assets/Oculus/Voice/Lib/Wit.ai/Scripts/Runtime/Data/ValueReferences/StringReference.cs using Guid(d93d804b221245ecada6cf7bdf41d751) Importer(2089858483,0ecaa5967403d082aa24f35e1b516d23) [PhysX] Initialized MultithreadedTaskDispatcher with 32 workers.
 -> (artifact id: '18f7720e162c804547982fe1ee0fa886') in 0.010955 seconds
Number of updated asset objects reloaded before import = 0
Number of asset objects unloaded after import = 1
========================================================================
Received Import Request.
  Time since last request: 0.000076 seconds.
  path: Assets/Oculus/Voice/Lib/Wit.ai/Scripts/Editor/Data/Configuration/Tabs/WitConfigurationVoicesTab.cs
  artifactKey: Guid(d61288c0131e4c43bf0bce4d39f9d829) Importer(2089858483,0ecaa5967403d082aa24f35e1b516d23)
Start importing Assets/Oculus/Voice/Lib/Wit.ai/Scripts/Editor/Data/Configuration/Tabs/WitConfigurationVoicesTab.cs using Guid(d61288c0131e4c43bf0bce4d39f9d829) Importer(2089858483,0ecaa5967403d082aa24f35e1b516d23) [PhysX] Initialized MultithreadedTaskDispatcher with 32 workers.
 -> (artifact id: '639013a2d599cf49063eabc46b9a97bf') in 0.011940 seconds
Number of updated asset objects reloaded before import = 0
Number of asset objects unloaded after import = 1
========================================================================
Received Import Request.
  Time since last request: 0.000092 seconds.
  path: Assets/Oculus/Voice/Lib/Wit.ai/Lib/Wit/Runtime/Audio/IAudioSystem.cs
  artifactKey: Guid(b7beb703e95eafa41abe68445cfbc091) Importer(2089858483,0ecaa5967403d082aa24f35e1b516d23)
Start importing Assets/Oculus/Voice/Lib/Wit.ai/Lib/Wit/Runtime/Audio/IAudioSystem.cs using Guid(b7beb703e95eafa41abe68445cfbc091) Importer(2089858483,0ecaa5967403d082aa24f35e1b516d23) [PhysX] Initialized MultithreadedTaskDispatcher with 32 workers.
 -> (artifact id: '90b58f896fa9f713964536d491b5211c') in 0.013825 seconds
Number of updated asset objects reloaded before import = 0
Number of asset objects unloaded after import = 1
========================================================================
Received Import Request.
  Time since last request: 0.000099 seconds.
  path: Assets/Oculus/Voice/Lib/Wit.ai/Lib/Wit/Runtime/Requests/Transcription/TranscriptionRequestEvents.cs
  artifactKey: Guid(60e52fb326a04854bb809c362583ad1d) Importer(2089858483,0ecaa5967403d082aa24f35e1b516d23)
Start importing Assets/Oculus/Voice/Lib/Wit.ai/Lib/Wit/Runtime/Requests/Transcription/TranscriptionRequestEvents.cs using Guid(60e52fb326a04854bb809c362583ad1d) Importer(2089858483,0ecaa5967403d082aa24f35e1b516d23) [PhysX] Initialized MultithreadedTaskDispatcher with 32 workers.
 -> (artifact id: 'e2e4885b689cd14ae5afccf4119d992d') in 0.014573 seconds
Number of updated asset objects reloaded before import = 0
Number of asset objects unloaded after import = 1
========================================================================
Received Import Request.
  Time since last request: 0.000018 seconds.
  path: Assets/Oculus/Voice/Lib/Wit.ai/Lib/Conduit/Editor/Training/EnumSynchronizer.cs
  artifactKey: Guid(d2283b6a21d94c3db0a2b6f76b4cd90f) Importer(2089858483,0ecaa5967403d082aa24f35e1b516d23)
Start importing Assets/Oculus/Voice/Lib/Wit.ai/Lib/Conduit/Editor/Training/EnumSynchronizer.cs using Guid(d2283b6a21d94c3db0a2b6f76b4cd90f) Importer(2089858483,0ecaa5967403d082aa24f35e1b516d23) [PhysX] Initialized MultithreadedTaskDispatcher with 32 workers.
 -> (artifact id: '9134438c49edf35549cbee10dd1b7325') in 0.015575 seconds
Number of updated asset objects reloaded before import = 0
Number of asset objects unloaded after import = 1
========================================================================
Received Import Request.
  Time since last request: 0.000073 seconds.
  path: Assets/Oculus/Voice/Lib/Wit.ai/Features/TTS/Scripts/Editor/Voices/TTSWitVoiceSettingsDrawer.cs
  artifactKey: Guid(0bf9132926065a54da619451f5258d3e) Importer(2089858483,0ecaa5967403d082aa24f35e1b516d23)
Start importing Assets/Oculus/Voice/Lib/Wit.ai/Features/TTS/Scripts/Editor/Voices/TTSWitVoiceSettingsDrawer.cs using Guid(0bf9132926065a54da619451f5258d3e) Importer(2089858483,0ecaa5967403d082aa24f35e1b516d23) [PhysX] Initialized MultithreadedTaskDispatcher with 32 workers.
 -> (artifact id: 'ebbe7a53e803956eb1cdf4cdaca45497') in 0.014579 seconds
Number of updated asset objects reloaded before import = 0
Number of asset objects unloaded after import = 1
========================================================================
Received Import Request.
  Time since last request: 0.000074 seconds.
  path: Assets/Oculus/Voice/Lib/Wit.ai/Lib/Conduit/Runtime/Data/ManifestErrorHandler.cs
  artifactKey: Guid(400fb04e547d41df80de690a65cf8e6f) Importer(2089858483,0ecaa5967403d082aa24f35e1b516d23)
Start importing Assets/Oculus/Voice/Lib/Wit.ai/Lib/Conduit/Runtime/Data/ManifestErrorHandler.cs using Guid(400fb04e547d41df80de690a65cf8e6f) Importer(2089858483,0ecaa5967403d082aa24f35e1b516d23) [PhysX] Initialized MultithreadedTaskDispatcher with 32 workers.
 -> (artifact id: '0e38c3003ff7e65449dfc132cc7068ff') in 0.010781 seconds
Number of updated asset objects reloaded before import = 0
Number of asset objects unloaded after import = 1
========================================================================
Received Import Request.
  Time since last request: 0.000088 seconds.
  path: Assets/Oculus/Interaction/Runtime/Scripts/Interaction/Models/Locomotion/Teleport/Visuals/TeleportProceduralArcVisual.cs
  artifactKey: Guid(9fa76bd9e9d3a34429b6c90d00678855) Importer(2089858483,0ecaa5967403d082aa24f35e1b516d23)
Start importing Assets/Oculus/Interaction/Runtime/Scripts/Interaction/Models/Locomotion/Teleport/Visuals/TeleportProceduralArcVisual.cs using Guid(9fa76bd9e9d3a34429b6c90d00678855) Importer(2089858483,0ecaa5967403d082aa24f35e1b516d23) [PhysX] Initialized MultithreadedTaskDispatcher with 32 workers.
 -> (artifact id: '720593fd4c194f9cd4f40db716f00abb') in 0.014102 seconds
Number of updated asset objects reloaded before import = 0
Number of asset objects unloaded after import = 1
========================================================================
Received Import Request.
  Time since last request: 0.000112 seconds.
  path: Assets/Oculus/Voice/Lib/Wit.ai/Lib/Wit/Runtime/Utilities/TypeExtensions.cs
  artifactKey: Guid(d3ea93722b0677640a38ef22df6ae04d) Importer(2089858483,0ecaa5967403d082aa24f35e1b516d23)
Start importing Assets/Oculus/Voice/Lib/Wit.ai/Lib/Wit/Runtime/Utilities/TypeExtensions.cs using Guid(d3ea93722b0677640a38ef22df6ae04d) Importer(2089858483,0ecaa5967403d082aa24f35e1b516d23) [PhysX] Initialized MultithreadedTaskDispatcher with 32 workers.
 -> (artifact id: '396f28d28ea44dc3b6dd99164a02da81') in 0.017298 seconds
Number of updated asset objects reloaded before import = 0
Number of asset objects unloaded after import = 1
========================================================================
Received Import Request.
  Time since last request: 0.000108 seconds.
  path: Assets/Oculus/Voice/Lib/Wit.ai/Lib/Wit/Runtime/Data/Info/WitExportInfo.cs
  artifactKey: Guid(46f39f0991694de3b2f1fb634ba23041) Importer(2089858483,0ecaa5967403d082aa24f35e1b516d23)
Start importing Assets/Oculus/Voice/Lib/Wit.ai/Lib/Wit/Runtime/Data/Info/WitExportInfo.cs using Guid(46f39f0991694de3b2f1fb634ba23041) Importer(2089858483,0ecaa5967403d082aa24f35e1b516d23) [PhysX] Initialized MultithreadedTaskDispatcher with 32 workers.
 -> (artifact id: 'c103d6ddd2b6c28995070ce7717e4e77') in 0.014157 seconds
Number of updated asset objects reloaded before import = 0
Number of asset objects unloaded after import = 1
========================================================================
Received Import Request.
  Time since last request: 0.000079 seconds.
  path: Assets/Oculus/Voice/Lib/PlatformCompatibility/Scripts/Runtime/Android/PlatformLogger/VoiceSDKConsoleLoggerImpl.cs
  artifactKey: Guid(cbb89bbe77dad204f9e4a1322943320d) Importer(2089858483,0ecaa5967403d082aa24f35e1b516d23)
Start importing Assets/Oculus/Voice/Lib/PlatformCompatibility/Scripts/Runtime/Android/PlatformLogger/VoiceSDKConsoleLoggerImpl.cs using Guid(cbb89bbe77dad204f9e4a1322943320d) Importer(2089858483,0ecaa5967403d082aa24f35e1b516d23) [PhysX] Initialized MultithreadedTaskDispatcher with 32 workers.
 -> (artifact id: 'e46fb63edcbd2d42549800619de98c85') in 0.013408 seconds
Number of updated asset objects reloaded before import = 0
Number of asset objects unloaded after import = 1
========================================================================
Received Import Request.
  Time since last request: 0.000075 seconds.
  path: Assets/Oculus/Voice/Lib/Wit.ai/Features/TTS/Documentation/Images/tts_speaker_voicesettings.png
  artifactKey: Guid(45b126b5c88878b42840b8dd157251b6) Importer(2089858483,0ecaa5967403d082aa24f35e1b516d23)
Start importing Assets/Oculus/Voice/Lib/Wit.ai/Features/TTS/Documentation/Images/tts_speaker_voicesettings.png using Guid(45b126b5c88878b42840b8dd157251b6) Importer(2089858483,0ecaa5967403d082aa24f35e1b516d23) [PhysX] Initialized MultithreadedTaskDispatcher with 32 workers.
 -> (artifact id: 'dc1420f79e3e01fbf5fc2f676088b18f') in 0.017178 seconds
Number of updated asset objects reloaded before import = 0
Number of asset objects unloaded after import = 1
========================================================================
Received Import Request.
  Time since last request: 0.000065 seconds.
  path: Assets/Oculus/Voice/Lib/Wit.ai/Lib/Conduit/Editor/AssemblyWalker.cs
  artifactKey: Guid(fa165603cf924c2abe67b10527a29f4a) Importer(2089858483,0ecaa5967403d082aa24f35e1b516d23)
Start importing Assets/Oculus/Voice/Lib/Wit.ai/Lib/Conduit/Editor/AssemblyWalker.cs using Guid(fa165603cf924c2abe67b10527a29f4a) Importer(2089858483,0ecaa5967403d082aa24f35e1b516d23) [PhysX] Initialized MultithreadedTaskDispatcher with 32 workers.
 -> (artifact id: 'c1e3363bf9de858b41eeda7a28ddee7e') in 0.012178 seconds
Number of updated asset objects reloaded before import = 0
Number of asset objects unloaded after import = 1
========================================================================
Received Import Request.
  Time since last request: 0.000066 seconds.
  path: Assets/Oculus/Voice/Lib/Wit.ai/Lib/Conduit/Runtime/Facebook.Wit.Conduit.asmdef
  artifactKey: Guid(f02292e638368584080af0193f81ff5c) Importer(2089858483,0ecaa5967403d082aa24f35e1b516d23)
Start importing Assets/Oculus/Voice/Lib/Wit.ai/Lib/Conduit/Runtime/Facebook.Wit.Conduit.asmdef using Guid(f02292e638368584080af0193f81ff5c) Importer(2089858483,0ecaa5967403d082aa24f35e1b516d23) [PhysX] Initialized MultithreadedTaskDispatcher with 32 workers.
 -> (artifact id: '7506dee6941df2132cdad2d193a99382') in 0.007834 seconds
Number of updated asset objects reloaded before import = 0
Number of asset objects unloaded after import = 1
========================================================================
Received Import Request.
  Time since last request: 0.000136 seconds.
  path: Assets/Oculus/SampleFramework/Core/Locomotion/Scripts/Editor/TeleportTransitionWarpInspector.cs
  artifactKey: Guid(3be20267c2de05e4487484be14e69924) Importer(2089858483,0ecaa5967403d082aa24f35e1b516d23)
Start importing Assets/Oculus/SampleFramework/Core/Locomotion/Scripts/Editor/TeleportTransitionWarpInspector.cs using Guid(3be20267c2de05e4487484be14e69924) Importer(2089858483,0ecaa5967403d082aa24f35e1b516d23) [PhysX] Initialized MultithreadedTaskDispatcher with 32 workers.
 -> (artifact id: 'e68096b620d2378140501e511ad49ae1') in 0.007530 seconds
Number of updated asset objects reloaded before import = 0
Number of asset objects unloaded after import = 1
========================================================================
Received Import Request.
  Time since last request: 0.000092 seconds.
  path: Assets/Oculus/Voice/Lib/Wit.ai/Lib/Wit/Editor/WitExportRetriever.cs
  artifactKey: Guid(2100dcddf6314ec5ba57a0ccaba6bfe2) Importer(2089858483,0ecaa5967403d082aa24f35e1b516d23)
Start importing Assets/Oculus/Voice/Lib/Wit.ai/Lib/Wit/Editor/WitExportRetriever.cs using Guid(2100dcddf6314ec5ba57a0ccaba6bfe2) Importer(2089858483,0ecaa5967403d082aa24f35e1b516d23) [PhysX] Initialized MultithreadedTaskDispatcher with 32 workers.
 -> (artifact id: '1ac11a826fe9ff3f81ce19fa2e1e4a0c') in 0.008983 seconds
Number of updated asset objects reloaded before import = 0
Number of asset objects unloaded after import = 1
========================================================================
Received Import Request.
  Time since last request: 0.000046 seconds.
  path: Assets/Oculus/VR/Scripts/Editor/Util/SampleMetadata/SampleMetadataInspector.cs
  artifactKey: Guid(49ebc9bf791c3b048b0403dd7d9d0eb9) Importer(2089858483,0ecaa5967403d082aa24f35e1b516d23)
Start importing Assets/Oculus/VR/Scripts/Editor/Util/SampleMetadata/SampleMetadataInspector.cs using Guid(49ebc9bf791c3b048b0403dd7d9d0eb9) Importer(2089858483,0ecaa5967403d082aa24f35e1b516d23) [PhysX] Initialized MultithreadedTaskDispatcher with 32 workers.
 -> (artifact id: '7cd584de5374621c3302a135b29a3db4') in 0.011668 seconds
Number of updated asset objects reloaded before import = 0
Number of asset objects unloaded after import = 1
========================================================================
Received Import Request.
  Time since last request: 0.000087 seconds.
  path: Assets/Oculus/Voice/Lib/Wit.ai/Scripts/Runtime/CallbackHandlers/WitResponseHandler.cs
  artifactKey: Guid(097381abbd7a3364f80ac4460551a2cb) Importer(2089858483,0ecaa5967403d082aa24f35e1b516d23)
Start importing Assets/Oculus/Voice/Lib/Wit.ai/Scripts/Runtime/CallbackHandlers/WitResponseHandler.cs using Guid(097381abbd7a3364f80ac4460551a2cb) Importer(2089858483,0ecaa5967403d082aa24f35e1b516d23) [PhysX] Initialized MultithreadedTaskDispatcher with 32 workers.
 -> (artifact id: 'fd66e782b2cd37b35f9075ef5959e84d') in 0.016185 seconds
Number of updated asset objects reloaded before import = 0
Number of asset objects unloaded after import = 1
========================================================================
Received Import Request.
  Time since last request: 0.000245 seconds.
  path: Assets/Oculus/Voice/Lib/Wit.ai/Features/Dictation/Scripts/Runtime/Dictation/Events/DictationEvents.cs
  artifactKey: Guid(866a0a2cd26dd0c469bb96bf7be7ec27) Importer(2089858483,0ecaa5967403d082aa24f35e1b516d23)
Start importing Assets/Oculus/Voice/Lib/Wit.ai/Features/Dictation/Scripts/Runtime/Dictation/Events/DictationEvents.cs using Guid(866a0a2cd26dd0c469bb96bf7be7ec27) Importer(2089858483,0ecaa5967403d082aa24f35e1b516d23) [PhysX] Initialized MultithreadedTaskDispatcher with 32 workers.
 -> (artifact id: 'f7691e66cd3160aea6140f15b753678c') in 0.011221 seconds
Number of updated asset objects reloaded before import = 0
Number of asset objects unloaded after import = 1
========================================================================
Received Import Request.
  Time since last request: 0.000018 seconds.
  path: Assets/Oculus/VR/Editor/BuildingBlocks/BlockData/EyeGaze/Prefabs/bb_prefab_eyegaze.prefab
  artifactKey: Guid(cd20efabdb0a60745a5015c0d733df31) Importer(2089858483,0ecaa5967403d082aa24f35e1b516d23)
Start importing Assets/Oculus/VR/Editor/BuildingBlocks/BlockData/EyeGaze/Prefabs/bb_prefab_eyegaze.prefab using Guid(cd20efabdb0a60745a5015c0d733df31) Importer(2089858483,0ecaa5967403d082aa24f35e1b516d23) [PhysX] Initialized MultithreadedTaskDispatcher with 32 workers.
 -> (artifact id: '7272e46dfe0be28d7da1d2ab406e8783') in 0.011463 seconds
Number of updated asset objects reloaded before import = 0
Number of asset objects unloaded after import = 5
========================================================================
Received Import Request.
  Time since last request: 0.000070 seconds.
  path: Assets/Oculus/VR/Editor/BuildingBlocks/BlockData/SurfaceProjectedPassthrough/SurfaceProjectedPassthrough.asset
  artifactKey: Guid(1945638dacc26834989668cb3b9c9993) Importer(2089858483,0ecaa5967403d082aa24f35e1b516d23)
Start importing Assets/Oculus/VR/Editor/BuildingBlocks/BlockData/SurfaceProjectedPassthrough/SurfaceProjectedPassthrough.asset using Guid(1945638dacc26834989668cb3b9c9993) Importer(2089858483,0ecaa5967403d082aa24f35e1b516d23) [PhysX] Initialized MultithreadedTaskDispatcher with 32 workers.
 -> (artifact id: '9b6030afa3fa8a47acd9f8474357f6e1') in 0.017983 seconds
Number of updated asset objects reloaded before import = 0
Number of asset objects unloaded after import = 10
========================================================================
Received Import Request.
  Time since last request: 0.000026 seconds.
  path: Assets/Oculus/Interaction/Samples/Objects/Environment/Room/Textures/WoodTiling.png
  artifactKey: Guid(4d009118a9fcdce4f9e75630ee19f7a8) Importer(2089858483,0ecaa5967403d082aa24f35e1b516d23)
Start importing Assets/Oculus/Interaction/Samples/Objects/Environment/Room/Textures/WoodTiling.png using Guid(4d009118a9fcdce4f9e75630ee19f7a8) Importer(2089858483,0ecaa5967403d082aa24f35e1b516d23) [PhysX] Initialized MultithreadedTaskDispatcher with 32 workers.
 -> (artifact id: 'c2a2cd7f58fc88e6df831f64523d2a30') in 0.017335 seconds
Number of updated asset objects reloaded before import = 0
Number of asset objects unloaded after import = 1
========================================================================
Received Import Request.
  Time since last request: 0.000102 seconds.
  path: Assets/Oculus/Voice/Lib/Wit.ai/Scripts/Editor/Data/Configuration/Tabs/WitConfigurationIntentsTab.cs
  artifactKey: Guid(c693b199fe184d9fb432dd65a4b47bee) Importer(2089858483,0ecaa5967403d082aa24f35e1b516d23)
Start importing Assets/Oculus/Voice/Lib/Wit.ai/Scripts/Editor/Data/Configuration/Tabs/WitConfigurationIntentsTab.cs using Guid(c693b199fe184d9fb432dd65a4b47bee) Importer(2089858483,0ecaa5967403d082aa24f35e1b516d23) [PhysX] Initialized MultithreadedTaskDispatcher with 32 workers.
 -> (artifact id: '8756991bcab677bcafdc22e6f571a3ac') in 0.009259 seconds
Number of updated asset objects reloaded before import = 0
Number of asset objects unloaded after import = 1
========================================================================
Received Import Request.
  Time since last request: 0.000051 seconds.
  path: Assets/Oculus/Voice/Lib/Wit.ai/Scripts/Runtime/Data/WitValue.cs
  artifactKey: Guid(d14d7c8a51621ce419693992b114e2ce) Importer(2089858483,0ecaa5967403d082aa24f35e1b516d23)
Start importing Assets/Oculus/Voice/Lib/Wit.ai/Scripts/Runtime/Data/WitValue.cs using Guid(d14d7c8a51621ce419693992b114e2ce) Importer(2089858483,0ecaa5967403d082aa24f35e1b516d23) [PhysX] Initialized MultithreadedTaskDispatcher with 32 workers.
 -> (artifact id: 'ecd92cc97f00f730a70cb393813a529a') in 0.009854 seconds
Number of updated asset objects reloaded before import = 0
Number of asset objects unloaded after import = 1
========================================================================
Received Import Request.
  Time since last request: 0.000039 seconds.
  path: Assets/Oculus/Voice/Lib/Wit.ai/Features/TTS/Scripts/Runtime/Integrations/TTSDiskCache.cs
  artifactKey: Guid(b0ffdd015bcb8ea41bb96f19a723bf7d) Importer(2089858483,0ecaa5967403d082aa24f35e1b516d23)
Start importing Assets/Oculus/Voice/Lib/Wit.ai/Features/TTS/Scripts/Runtime/Integrations/TTSDiskCache.cs using Guid(b0ffdd015bcb8ea41bb96f19a723bf7d) Importer(2089858483,0ecaa5967403d082aa24f35e1b516d23) [PhysX] Initialized MultithreadedTaskDispatcher with 32 workers.
 -> (artifact id: '84f42f9a3ede172ae94415dbcdb9b8e5') in 0.012168 seconds
Number of updated asset objects reloaded before import = 0
Number of asset objects unloaded after import = 1
========================================================================
Received Import Request.
  Time since last request: 0.000025 seconds.
  path: Assets/Oculus/VR/Editor/OVRProjectSetup/Tasks/Implementations/OVRProjectSetupMovementSDK.cs
  artifactKey: Guid(fc6140a65ceb57243bfbd2ffffe5fc98) Importer(2089858483,0ecaa5967403d082aa24f35e1b516d23)
Start importing Assets/Oculus/VR/Editor/OVRProjectSetup/Tasks/Implementations/OVRProjectSetupMovementSDK.cs using Guid(fc6140a65ceb57243bfbd2ffffe5fc98) Importer(2089858483,0ecaa5967403d082aa24f35e1b516d23) [PhysX] Initialized MultithreadedTaskDispatcher with 32 workers.
 -> (artifact id: 'cce1d7d069e7a843068dfc64b15b1e50') in 0.012865 seconds
Number of updated asset objects reloaded before import = 0
Number of asset objects unloaded after import = 1
========================================================================
Received Import Request.
  Time since last request: 0.000123 seconds.
  path: Assets/Oculus/Voice/Lib/Wit.ai/Lib/Conduit/Runtime/Data/InvocationContext.cs
  artifactKey: Guid(fb7ee7bb87f24f63b28a2f03129f5069) Importer(2089858483,0ecaa5967403d082aa24f35e1b516d23)
Start importing Assets/Oculus/Voice/Lib/Wit.ai/Lib/Conduit/Runtime/Data/InvocationContext.cs using Guid(fb7ee7bb87f24f63b28a2f03129f5069) Importer(2089858483,0ecaa5967403d082aa24f35e1b516d23) [PhysX] Initialized MultithreadedTaskDispatcher with 32 workers.
 -> (artifact id: 'e8a21b6892862eaea6a7f01beb41977b') in 0.015670 seconds
Number of updated asset objects reloaded before import = 0
Number of asset objects unloaded after import = 1
========================================================================
Received Import Request.
  Time since last request: 0.000041 seconds.
  path: Assets/Oculus/Interaction/Samples/Objects/Props/Mug/Textures/mugTexture.png
  artifactKey: Guid(78b6ff33743349145956f234d2e4c8be) Importer(2089858483,0ecaa5967403d082aa24f35e1b516d23)
Start importing Assets/Oculus/Interaction/Samples/Objects/Props/Mug/Textures/mugTexture.png using Guid(78b6ff33743349145956f234d2e4c8be) Importer(2089858483,0ecaa5967403d082aa24f35e1b516d23) [PhysX] Initialized MultithreadedTaskDispatcher with 32 workers.
 -> (artifact id: '92c814c477d76f004937257f1c0bdf42') in 0.021109 seconds
Number of updated asset objects reloaded before import = 0
Number of asset objects unloaded after import = 1
========================================================================
Received Import Request.
  Time since last request: 0.000017 seconds.
  path: Assets/Oculus/Interaction/Samples/Objects/Environment/Tooltips/DialogVideos/Instruction_TransformerScale.mp4
  artifactKey: Guid(777298841134a29469d24e29df89f69c) Importer(2089858483,0ecaa5967403d082aa24f35e1b516d23)
Start importing Assets/Oculus/Interaction/Samples/Objects/Environment/Tooltips/DialogVideos/Instruction_TransformerScale.mp4 using Guid(777298841134a29469d24e29df89f69c) Importer(2089858483,0ecaa5967403d082aa24f35e1b516d23) [PhysX] Initialized MultithreadedTaskDispatcher with 32 workers.
 -> (artifact id: '858335100ba61b3513f025e1866e6cf6') in 0.014346 seconds
Number of updated asset objects reloaded before import = 0
Number of asset objects unloaded after import = 1
========================================================================
Received Import Request.
  Time since last request: 0.000017 seconds.
  path: Assets/Oculus/Voice/Lib/Wit.ai/Scripts/Runtime/Utilities/StringToStringEvent.cs
  artifactKey: Guid(cba129c809a34fc5a35b03548ee4efc7) Importer(2089858483,0ecaa5967403d082aa24f35e1b516d23)
Start importing Assets/Oculus/Voice/Lib/Wit.ai/Scripts/Runtime/Utilities/StringToStringEvent.cs using Guid(cba129c809a34fc5a35b03548ee4efc7) Importer(2089858483,0ecaa5967403d082aa24f35e1b516d23) [PhysX] Initialized MultithreadedTaskDispatcher with 32 workers.
 -> (artifact id: 'bb9371033fe1aec9570605e4cc08d2a0') in 0.016912 seconds
Number of updated asset objects reloaded before import = 0
Number of asset objects unloaded after import = 1
========================================================================
Received Import Request.
  Time since last request: 0.000139 seconds.
  path: Assets/Oculus/Interaction/Samples/Objects/Environment/Locomotion/Textures/LocomotionRoom/WoodenPlanks.png
  artifactKey: Guid(13f946fd3bd658044b36ed93d01d88f9) Importer(2089858483,0ecaa5967403d082aa24f35e1b516d23)
Start importing Assets/Oculus/Interaction/Samples/Objects/Environment/Locomotion/Textures/LocomotionRoom/WoodenPlanks.png using Guid(13f946fd3bd658044b36ed93d01d88f9) Importer(2089858483,0ecaa5967403d082aa24f35e1b516d23) [PhysX] Initialized MultithreadedTaskDispatcher with 32 workers.
 -> (artifact id: '26259bcc8133431e8b4eecb25f6ba405') in 0.021364 seconds
Number of updated asset objects reloaded before import = 0
Number of asset objects unloaded after import = 1
========================================================================
Received Import Request.
  Time since last request: 0.000181 seconds.
  path: Assets/Oculus/Interaction/Samples/Objects/Environment/Locomotion/Textures/LocomotionRoom/MetaLocomotionSlidingDoor.png
  artifactKey: Guid(93ed4b5a1aba4b542ac8528b81eb9458) Importer(2089858483,0ecaa5967403d082aa24f35e1b516d23)
Start importing Assets/Oculus/Interaction/Samples/Objects/Environment/Locomotion/Textures/LocomotionRoom/MetaLocomotionSlidingDoor.png using Guid(93ed4b5a1aba4b542ac8528b81eb9458) Importer(2089858483,0ecaa5967403d082aa24f35e1b516d23) [PhysX] Initialized MultithreadedTaskDispatcher with 32 workers.
 -> (artifact id: 'b3e8e8d07ed2476135657284eed836fd') in 0.073218 seconds
Number of updated asset objects reloaded before import = 0
Number of asset objects unloaded after import = 1
========================================================================
Received Import Request.
  Time since last request: 0.000045 seconds.
  path: Assets/Oculus/Voice/Features/Dictation/Samples/Dictation/Scenes/DictationSampleScene.unity
  artifactKey: Guid(3a8c4fc64087e144b845d1afe890c5ba) Importer(2089858483,0ecaa5967403d082aa24f35e1b516d23)
Start importing Assets/Oculus/Voice/Features/Dictation/Samples/Dictation/Scenes/DictationSampleScene.unity using Guid(3a8c4fc64087e144b845d1afe890c5ba) Importer(2089858483,0ecaa5967403d082aa24f35e1b516d23) [PhysX] Initialized MultithreadedTaskDispatcher with 32 workers.
 -> (artifact id: '6296a30bc8db71be36eecf84270095a4') in 0.013250 seconds
Number of updated asset objects reloaded before import = 0
Number of asset objects unloaded after import = 1
========================================================================
Received Import Request.
  Time since last request: 0.000016 seconds.
  path: Assets/Oculus/Voice/Lib/Wit.ai/Lib/Wit/Runtime/Requests/NLP/NLPAudioRequestEvents.cs
  artifactKey: Guid(a6e93521d9da5c54b95f60ba87de0c91) Importer(2089858483,0ecaa5967403d082aa24f35e1b516d23)
Start importing Assets/Oculus/Voice/Lib/Wit.ai/Lib/Wit/Runtime/Requests/NLP/NLPAudioRequestEvents.cs using Guid(a6e93521d9da5c54b95f60ba87de0c91) Importer(2089858483,0ecaa5967403d082aa24f35e1b516d23) [PhysX] Initialized MultithreadedTaskDispatcher with 32 workers.
 -> (artifact id: '3271a282d0939a9e779429cebbd40aac') in 0.016022 seconds
Number of updated asset objects reloaded before import = 0
Number of asset objects unloaded after import = 1
========================================================================
Received Import Request.
  Time since last request: 0.000134 seconds.
  path: Assets/Oculus/Voice/Lib/Wit.ai/Features/TTS/Scripts/Runtime/Events/TTSServiceEvents.cs
  artifactKey: Guid(a41b87319719e004da4ad59b6a70358d) Importer(2089858483,0ecaa5967403d082aa24f35e1b516d23)
Start importing Assets/Oculus/Voice/Lib/Wit.ai/Features/TTS/Scripts/Runtime/Events/TTSServiceEvents.cs using Guid(a41b87319719e004da4ad59b6a70358d) Importer(2089858483,0ecaa5967403d082aa24f35e1b516d23) [PhysX] Initialized MultithreadedTaskDispatcher with 32 workers.
 -> (artifact id: '871a891366ec31b32467217bc8dc4a59') in 0.018370 seconds
Number of updated asset objects reloaded before import = 0
Number of asset objects unloaded after import = 1
========================================================================
Received Import Request.
  Time since last request: 0.000104 seconds.
  path: Assets/Oculus/SampleFramework/Usage/SharedAssets/Skyboxes/Sky_02/Skybox02_Front+Z.png
  artifactKey: Guid(f1a0112e68cc949c6aa890a47c46a035) Importer(2089858483,0ecaa5967403d082aa24f35e1b516d23)
Start importing Assets/Oculus/SampleFramework/Usage/SharedAssets/Skyboxes/Sky_02/Skybox02_Front+Z.png using Guid(f1a0112e68cc949c6aa890a47c46a035) Importer(2089858483,0ecaa5967403d082aa24f35e1b516d23) [PhysX] Initialized MultithreadedTaskDispatcher with 32 workers.
 -> (artifact id: '4908575fc9dc9d63342bc7ea61ad4332') in 0.019017 seconds
Number of updated asset objects reloaded before import = 0
Number of asset objects unloaded after import = 1
========================================================================
Received Import Request.
  Time since last request: 0.000139 seconds.
  path: Assets/Oculus/Interaction/Samples/Objects/Props/MapWithPins/Materials/MapMat.fbx
  artifactKey: Guid(d2b4ebc04cf7f2e4793d4daa58bcdcd7) Importer(2089858483,0ecaa5967403d082aa24f35e1b516d23)
Start importing Assets/Oculus/Interaction/Samples/Objects/Props/MapWithPins/Materials/MapMat.fbx using Guid(d2b4ebc04cf7f2e4793d4daa58bcdcd7) Importer(2089858483,0ecaa5967403d082aa24f35e1b516d23) [PhysX] Initialized MultithreadedTaskDispatcher with 32 workers.
 -> (artifact id: '92df672512f4a2adcad4f9585d0971e2') in 0.030090 seconds
Number of updated asset objects reloaded before import = 0
Number of asset objects unloaded after import = 9
========================================================================
Received Import Request.
  Time since last request: 0.000020 seconds.
  path: Assets/Oculus/Interaction/Runtime/Scripts/Interaction/Models/Ray/Visuals/RayInteractorDebugPolylineGizmos.cs
  artifactKey: Guid(c9e9556d3e1404d489725c437c49794f) Importer(2089858483,0ecaa5967403d082aa24f35e1b516d23)
Start importing Assets/Oculus/Interaction/Runtime/Scripts/Interaction/Models/Ray/Visuals/RayInteractorDebugPolylineGizmos.cs using Guid(c9e9556d3e1404d489725c437c49794f) Importer(2089858483,0ecaa5967403d082aa24f35e1b516d23) [PhysX] Initialized MultithreadedTaskDispatcher with 32 workers.
 -> (artifact id: 'f52644963ce19a4ab573fa9d95f5e37f') in 0.019964 seconds
Number of updated asset objects reloaded before import = 0
Number of asset objects unloaded after import = 1
========================================================================
Received Import Request.
  Time since last request: 0.000096 seconds.
  path: Assets/Oculus/Interaction/Samples/Objects/Props/StonePolyhedra/Materials/StonePolyhedraMat.mat
  artifactKey: Guid(4ed2a68815c34a34d8711a74f0b3e8ad) Importer(2089858483,0ecaa5967403d082aa24f35e1b516d23)
Start importing Assets/Oculus/Interaction/Samples/Objects/Props/StonePolyhedra/Materials/StonePolyhedraMat.mat using Guid(4ed2a68815c34a34d8711a74f0b3e8ad) Importer(2089858483,0ecaa5967403d082aa24f35e1b516d23) [PhysX] Initialized MultithreadedTaskDispatcher with 32 workers.
 -> (artifact id: '8026439df4a796c1264923e48e9e80f9') in 0.018503 seconds
Number of updated asset objects reloaded before import = 0
Number of asset objects unloaded after import = 2
========================================================================
Received Import Request.
  Time since last request: 0.000021 seconds.
  path: Assets/Oculus/Voice/Lib/Wit.ai/Scripts/Editor/Data/Configuration/Tabs/WitConfigurationTraitsTab.cs
  artifactKey: Guid(e918e26b57b74f01af337608e8d9a531) Importer(2089858483,0ecaa5967403d082aa24f35e1b516d23)
Start importing Assets/Oculus/Voice/Lib/Wit.ai/Scripts/Editor/Data/Configuration/Tabs/WitConfigurationTraitsTab.cs using Guid(e918e26b57b74f01af337608e8d9a531) Importer(2089858483,0ecaa5967403d082aa24f35e1b516d23) [PhysX] Initialized MultithreadedTaskDispatcher with 32 workers.
 -> (artifact id: 'f9620c1a14ab610591c46c5badf1a5bd') in 0.022437 seconds
Number of updated asset objects reloaded before import = 0
Number of asset objects unloaded after import = 1
========================================================================
Received Import Request.
  Time since last request: 0.000240 seconds.
  path: Assets/Oculus/Interaction/Samples/Objects/Props/StonePolyhedra/Materials/StonePolyhedraMat.fbx
  artifactKey: Guid(7e16fe83b18a246aa899b656c3317d43) Importer(2089858483,0ecaa5967403d082aa24f35e1b516d23)
Start importing Assets/Oculus/Interaction/Samples/Objects/Props/StonePolyhedra/Materials/StonePolyhedraMat.fbx using Guid(7e16fe83b18a246aa899b656c3317d43) Importer(2089858483,0ecaa5967403d082aa24f35e1b516d23) [PhysX] Initialized MultithreadedTaskDispatcher with 32 workers.
 -> (artifact id: '8b62949f5f299035b6f1bfa81a0fd3c2') in 0.028724 seconds
Number of updated asset objects reloaded before import = 0
Number of asset objects unloaded after import = 9
========================================================================
Received Import Request.
  Time since last request: 0.000109 seconds.
  path: Assets/Oculus/SampleFramework/Core/DebugUI/Fonts/Montserrat/Montserrat-LightItalic.ttf
  artifactKey: Guid(d30609de8a17cfb409c74b4302ca60e3) Importer(2089858483,0ecaa5967403d082aa24f35e1b516d23)
Start importing Assets/Oculus/SampleFramework/Core/DebugUI/Fonts/Montserrat/Montserrat-LightItalic.ttf using Guid(d30609de8a17cfb409c74b4302ca60e3) Importer(2089858483,0ecaa5967403d082aa24f35e1b516d23) [PhysX] Initialized MultithreadedTaskDispatcher with 32 workers.
 -> (artifact id: '706407abd04597c6341c4c027c5e11d7') in 0.015036 seconds
Number of updated asset objects reloaded before import = 0
Number of asset objects unloaded after import = 3
========================================================================
Received Import Request.
  Time since last request: 0.000022 seconds.
  path: Assets/Oculus/Voice/Lib/Wit.ai/Scripts/Runtime/Utilities/AudioClipAudioSource.cs
  artifactKey: Guid(4b79645f07e0044b397f62aa9d6cbce7) Importer(2089858483,0ecaa5967403d082aa24f35e1b516d23)
Start importing Assets/Oculus/Voice/Lib/Wit.ai/Scripts/Runtime/Utilities/AudioClipAudioSource.cs using Guid(4b79645f07e0044b397f62aa9d6cbce7) Importer(2089858483,0ecaa5967403d082aa24f35e1b516d23) [PhysX] Initialized MultithreadedTaskDispatcher with 32 workers.
 -> (artifact id: '049d0967e3889aa1d0739432934db83b') in 0.016772 seconds
Number of updated asset objects reloaded before import = 0
Number of asset objects unloaded after import = 1
========================================================================
Received Import Request.
  Time since last request: 0.000214 seconds.
  path: Assets/Oculus/VR/Editor/BuildingBlocks/BlockData/HandTracking/Shaders/OculusSampleAlphaHandOutline.shader
  artifactKey: Guid(cfa50fc6e259b524ea01ec7dde0f108d) Importer(2089858483,0ecaa5967403d082aa24f35e1b516d23)
Start importing Assets/Oculus/VR/Editor/BuildingBlocks/BlockData/HandTracking/Shaders/OculusSampleAlphaHandOutline.shader using Guid(cfa50fc6e259b524ea01ec7dde0f108d) Importer(2089858483,0ecaa5967403d082aa24f35e1b516d23) [PhysX] Initialized MultithreadedTaskDispatcher with 32 workers.
 -> (artifact id: '569f5a45564023f705e92e3930991126') in 0.017628 seconds
Number of updated asset objects reloaded before import = 0
Number of asset objects unloaded after import = 1
========================================================================
Received Import Request.
  Time since last request: 0.000088 seconds.
  path: Assets/Oculus/Voice/Lib/Wit.ai/Scripts/Runtime/Utilities/WitRuntimeStyles.cs
  artifactKey: Guid(c91c720c1ebf4a51b8a3f173beb23f46) Importer(2089858483,0ecaa5967403d082aa24f35e1b516d23)
Start importing Assets/Oculus/Voice/Lib/Wit.ai/Scripts/Runtime/Utilities/WitRuntimeStyles.cs using Guid(c91c720c1ebf4a51b8a3f173beb23f46) Importer(2089858483,0ecaa5967403d082aa24f35e1b516d23) [PhysX] Initialized MultithreadedTaskDispatcher with 32 workers.
 -> (artifact id: 'c678b932faee095aca19ba9ec2356615') in 0.010699 seconds
Number of updated asset objects reloaded before import = 0
Number of asset objects unloaded after import = 1
========================================================================
Received Import Request.
  Time since last request: 0.000372 seconds.
  path: Assets/Oculus/Voice/Lib/Wit.ai/Features/TTS/Scripts/Runtime/Data/TTSClipData.cs
  artifactKey: Guid(ef626b8cea4f59646a5076430a0e14aa) Importer(2089858483,0ecaa5967403d082aa24f35e1b516d23)
Start importing Assets/Oculus/Voice/Lib/Wit.ai/Features/TTS/Scripts/Runtime/Data/TTSClipData.cs using Guid(ef626b8cea4f59646a5076430a0e14aa) Importer(2089858483,0ecaa5967403d082aa24f35e1b516d23) [PhysX] Initialized MultithreadedTaskDispatcher with 32 workers.
 -> (artifact id: '9489a08e21df76883ef53f6be10e2811') in 0.016153 seconds
Number of updated asset objects reloaded before import = 0
Number of asset objects unloaded after import = 1
========================================================================
Received Import Request.
  Time since last request: 0.000022 seconds.
  path: Assets/Oculus/Voice/Lib/Wit.ai/Scripts/Runtime/Requests/WitUnityRequest.cs
  artifactKey: Guid(434cbd5af67981840ab365556140f9d0) Importer(2089858483,0ecaa5967403d082aa24f35e1b516d23)
Start importing Assets/Oculus/Voice/Lib/Wit.ai/Scripts/Runtime/Requests/WitUnityRequest.cs using Guid(434cbd5af67981840ab365556140f9d0) Importer(2089858483,0ecaa5967403d082aa24f35e1b516d23) [PhysX] Initialized MultithreadedTaskDispatcher with 32 workers.
 -> (artifact id: '6da4e262aca2cf6b65a05700b92755ec') in 0.015449 seconds
Number of updated asset objects reloaded before import = 0
Number of asset objects unloaded after import = 1
========================================================================
Received Import Request.
  Time since last request: 0.000063 seconds.
  path: Assets/Oculus/SampleFramework/Usage/SceneManager/Scripts/CustomSceneManager/SceneManagerHelper.cs
  artifactKey: Guid(d24718d7dbd471d4b91ff903813c15b1) Importer(2089858483,0ecaa5967403d082aa24f35e1b516d23)
Start importing Assets/Oculus/SampleFramework/Usage/SceneManager/Scripts/CustomSceneManager/SceneManagerHelper.cs using Guid(d24718d7dbd471d4b91ff903813c15b1) Importer(2089858483,0ecaa5967403d082aa24f35e1b516d23) [PhysX] Initialized MultithreadedTaskDispatcher with 32 workers.
 -> (artifact id: '33c0e065fcff7c830b840f890742c7d8') in 0.012712 seconds
Number of updated asset objects reloaded before import = 0
Number of asset objects unloaded after import = 1
========================================================================
Received Import Request.
  Time since last request: 0.000077 seconds.
  path: Assets/Oculus/VR/Editor/BuildingBlocks/BlockData/CameraRig/Textures/bb_thumb_camerarig.png
  artifactKey: Guid(e9abd002809cb87438c59a0934dc4c41) Importer(2089858483,0ecaa5967403d082aa24f35e1b516d23)
Start importing Assets/Oculus/VR/Editor/BuildingBlocks/BlockData/CameraRig/Textures/bb_thumb_camerarig.png using Guid(e9abd002809cb87438c59a0934dc4c41) Importer(2089858483,0ecaa5967403d082aa24f35e1b516d23) [PhysX] Initialized MultithreadedTaskDispatcher with 32 workers.
 -> (artifact id: '814a5f2e10a489953376a27c67dc8d14') in 0.016044 seconds
Number of updated asset objects reloaded before import = 0
Number of asset objects unloaded after import = 1
========================================================================
Received Import Request.
  Time since last request: 0.000083 seconds.
  path: Assets/Oculus/VR/Editor/OVRProjectSetup/Tasks/Processors/OVRConfigurationTaskUpdaterSummary.cs
  artifactKey: Guid(c1baa7891a0f4c63ad746d7e1b35faef) Importer(2089858483,0ecaa5967403d082aa24f35e1b516d23)
Start importing Assets/Oculus/VR/Editor/OVRProjectSetup/Tasks/Processors/OVRConfigurationTaskUpdaterSummary.cs using Guid(c1baa7891a0f4c63ad746d7e1b35faef) Importer(2089858483,0ecaa5967403d082aa24f35e1b516d23) [PhysX] Initialized MultithreadedTaskDispatcher with 32 workers.
 -> (artifact id: 'ab77e97eedc39320ae21b9467154d9e7') in 0.012097 seconds
Number of updated asset objects reloaded before import = 0
Number of asset objects unloaded after import = 1
========================================================================
Received Import Request.
  Time since last request: 0.000097 seconds.
  path: Assets/Oculus/Interaction/Samples/Objects/Environment/Locomotion/Models/Materials/LocomotionConcreteMat.mat
  artifactKey: Guid(9c1b64233560e0c4a9e466e92347a2aa) Importer(2089858483,0ecaa5967403d082aa24f35e1b516d23)
Start importing Assets/Oculus/Interaction/Samples/Objects/Environment/Locomotion/Models/Materials/LocomotionConcreteMat.mat using Guid(9c1b64233560e0c4a9e466e92347a2aa) Importer(2089858483,0ecaa5967403d082aa24f35e1b516d23) [PhysX] Initialized MultithreadedTaskDispatcher with 32 workers.
 -> (artifact id: '8b0fb9e2238236c8ee1114aab2f73fcb') in 0.020143 seconds
Number of updated asset objects reloaded before import = 0
Number of asset objects unloaded after import = 3
========================================================================
Received Import Request.
  Time since last request: 0.000017 seconds.
  path: Assets/Oculus/Voice/Lib/Wit.ai/Scripts/Runtime/AudioDurationTracker.cs
  artifactKey: Guid(a325b28834054db2a96b89ac4354c880) Importer(2089858483,0ecaa5967403d082aa24f35e1b516d23)
Start importing Assets/Oculus/Voice/Lib/Wit.ai/Scripts/Runtime/AudioDurationTracker.cs using Guid(a325b28834054db2a96b89ac4354c880) Importer(2089858483,0ecaa5967403d082aa24f35e1b516d23) [PhysX] Initialized MultithreadedTaskDispatcher with 32 workers.
 -> (artifact id: '7ad4c84f0126ecf632e4278a896229fa') in 0.015076 seconds
Number of updated asset objects reloaded before import = 0
Number of asset objects unloaded after import = 1
========================================================================
Received Import Request.
  Time since last request: 0.000073 seconds.
  path: Assets/Oculus/Interaction/Samples/Objects/Props/Key/Materials/keyMaterial.mat
  artifactKey: Guid(7fb7d92b75a939a4cad4df798b6dd591) Importer(2089858483,0ecaa5967403d082aa24f35e1b516d23)
Start importing Assets/Oculus/Interaction/Samples/Objects/Props/Key/Materials/keyMaterial.mat using Guid(7fb7d92b75a939a4cad4df798b6dd591) Importer(2089858483,0ecaa5967403d082aa24f35e1b516d23) [PhysX] Initialized MultithreadedTaskDispatcher with 32 workers.
 -> (artifact id: '655a2f50b1c558515ce16f7b4b006e12') in 0.016170 seconds
Number of updated asset objects reloaded before import = 0
Number of asset objects unloaded after import = 2
========================================================================
Received Import Request.
  Time since last request: 0.000055 seconds.
  path: Assets/Oculus/Voice/Lib/Wit.ai/Lib/Wit/Runtime/WitConstants.cs
  artifactKey: Guid(690337c129f6bc14790e7d8217c69a45) Importer(2089858483,0ecaa5967403d082aa24f35e1b516d23)
Start importing Assets/Oculus/Voice/Lib/Wit.ai/Lib/Wit/Runtime/WitConstants.cs using Guid(690337c129f6bc14790e7d8217c69a45) Importer(2089858483,0ecaa5967403d082aa24f35e1b516d23) [PhysX] Initialized MultithreadedTaskDispatcher with 32 workers.
 -> (artifact id: '0f0055e2eb77b6bb3ac72744f3da8d19') in 0.016156 seconds
Number of updated asset objects reloaded before import = 0
Number of asset objects unloaded after import = 1
========================================================================
Received Import Request.
  Time since last request: 0.000144 seconds.
  path: Assets/Oculus/Interaction/Runtime/Scripts/Interaction/Models/Poke/Visuals/PokeInteractableVisual.cs
  artifactKey: Guid(0b3b3f04ac18184468bedd999e5a6688) Importer(2089858483,0ecaa5967403d082aa24f35e1b516d23)
Start importing Assets/Oculus/Interaction/Runtime/Scripts/Interaction/Models/Poke/Visuals/PokeInteractableVisual.cs using Guid(0b3b3f04ac18184468bedd999e5a6688) Importer(2089858483,0ecaa5967403d082aa24f35e1b516d23) [PhysX] Initialized MultithreadedTaskDispatcher with 32 workers.
 -> (artifact id: '9f53b476b1e242f233ea05ac642c9dd0') in 0.013164 seconds
Number of updated asset objects reloaded before import = 0
Number of asset objects unloaded after import = 1
========================================================================
Received Import Request.
  Time since last request: 0.000098 seconds.
  path: Assets/Oculus/Interaction/Samples/Objects/Environment/Room/Materials/StencilSkydome.mat
  artifactKey: Guid(3da35d2d09b66e748b767a7d40cc12c1) Importer(2089858483,0ecaa5967403d082aa24f35e1b516d23)
Start importing Assets/Oculus/Interaction/Samples/Objects/Environment/Room/Materials/StencilSkydome.mat using Guid(3da35d2d09b66e748b767a7d40cc12c1) Importer(2089858483,0ecaa5967403d082aa24f35e1b516d23) [PhysX] Initialized MultithreadedTaskDispatcher with 32 workers.
 -> (artifact id: 'c2aefad8ff867257087c81546a8186e8') in 0.013978 seconds
Number of updated asset objects reloaded before import = 0
Number of asset objects unloaded after import = 2
========================================================================
Received Import Request.
  Time since last request: 0.000020 seconds.
  path: Assets/Oculus/Interaction/Samples/Objects/Props/IconBox/Materials/iconBoxMaterial.mat
  artifactKey: Guid(d07b4fe945f100f4494504db069cf356) Importer(2089858483,0ecaa5967403d082aa24f35e1b516d23)
Start importing Assets/Oculus/Interaction/Samples/Objects/Props/IconBox/Materials/iconBoxMaterial.mat using Guid(d07b4fe945f100f4494504db069cf356) Importer(2089858483,0ecaa5967403d082aa24f35e1b516d23) [PhysX] Initialized MultithreadedTaskDispatcher with 32 workers.
 -> (artifact id: '8173cfbd226139a7453607f60dc89790') in 0.015293 seconds
Number of updated asset objects reloaded before import = 0
Number of asset objects unloaded after import = 1
========================================================================
Received Import Request.
  Time since last request: 0.000084 seconds.
  path: Assets/Oculus/SampleFramework/Usage/TouchPro/Prefabs/Ui/UiPanelPf.prefab
  artifactKey: Guid(15968ea8ca93ff345bc914f1f3e78225) Importer(2089858483,0ecaa5967403d082aa24f35e1b516d23)
Start importing Assets/Oculus/SampleFramework/Usage/TouchPro/Prefabs/Ui/UiPanelPf.prefab using Guid(15968ea8ca93ff345bc914f1f3e78225) Importer(2089858483,0ecaa5967403d082aa24f35e1b516d23) [PhysX] Initialized MultithreadedTaskDispatcher with 32 workers.
 -> (artifact id: '59b2602e4bacd50f8572dffbf7edf059') in 0.013439 seconds
Number of updated asset objects reloaded before import = 0
Number of asset objects unloaded after import = 22
========================================================================
Received Import Request.
  Time since last request: 0.000023 seconds.
  path: Assets/Oculus/Voice/Lib/Wit.ai/Features/Dictation/Scripts/Runtime/Dictation/Events/DictationSessionEvent.cs
  artifactKey: Guid(c8d63aebd47343999a855f5eff93e7a2) Importer(2089858483,0ecaa5967403d082aa24f35e1b516d23)
Start importing Assets/Oculus/Voice/Lib/Wit.ai/Features/Dictation/Scripts/Runtime/Dictation/Events/DictationSessionEvent.cs using Guid(c8d63aebd47343999a855f5eff93e7a2) Importer(2089858483,0ecaa5967403d082aa24f35e1b516d23) [PhysX] Initialized MultithreadedTaskDispatcher with 32 workers.
 -> (artifact id: '0297ae8a7083691cc7fb8572187cefb1') in 0.025318 seconds
Number of updated asset objects reloaded before import = 0
Number of asset objects unloaded after import = 1
========================================================================
Received Import Request.
  Time since last request: 0.000454 seconds.
  path: Assets/Oculus/Voice/Lib/Wit.ai/Features/TTS/Scripts/Editor/TTSSpeakerInspector.cs
  artifactKey: Guid(3835212f72d4d5149bed0f07915f204e) Importer(2089858483,0ecaa5967403d082aa24f35e1b516d23)
Start importing Assets/Oculus/Voice/Lib/Wit.ai/Features/TTS/Scripts/Editor/TTSSpeakerInspector.cs using Guid(3835212f72d4d5149bed0f07915f204e) Importer(2089858483,0ecaa5967403d082aa24f35e1b516d23) [PhysX] Initialized MultithreadedTaskDispatcher with 32 workers.
 -> (artifact id: '3a07bb6b00608b07a5dcbd7db795a505') in 0.019491 seconds
Number of updated asset objects reloaded before import = 0
Number of asset objects unloaded after import = 1
========================================================================
Received Import Request.
  Time since last request: 0.000033 seconds.
  path: Assets/Oculus/Interaction/Runtime/Scripts/Interaction/Models/Snap/ListSnapPoseDelegate.cs
  artifactKey: Guid(330109a151cd71c4d85d95ee12792b09) Importer(2089858483,0ecaa5967403d082aa24f35e1b516d23)
Start importing Assets/Oculus/Interaction/Runtime/Scripts/Interaction/Models/Snap/ListSnapPoseDelegate.cs using Guid(330109a151cd71c4d85d95ee12792b09) Importer(2089858483,0ecaa5967403d082aa24f35e1b516d23) [PhysX] Initialized MultithreadedTaskDispatcher with 32 workers.
 -> (artifact id: '3fe737730732694a08a869ea0c579291') in 0.012934 seconds
Number of updated asset objects reloaded before import = 0
Number of asset objects unloaded after import = 1
========================================================================
Received Import Request.
  Time since last request: 0.000163 seconds.
  path: Assets/Oculus/Voice/Lib/Wit.ai/Scripts/Runtime/Data/AudioBuffer.cs
  artifactKey: Guid(f7b07c59a0c163b4d932f1b4a11b24f6) Importer(2089858483,0ecaa5967403d082aa24f35e1b516d23)
Start importing Assets/Oculus/Voice/Lib/Wit.ai/Scripts/Runtime/Data/AudioBuffer.cs using Guid(f7b07c59a0c163b4d932f1b4a11b24f6) Importer(2089858483,0ecaa5967403d082aa24f35e1b516d23) [PhysX] Initialized MultithreadedTaskDispatcher with 32 workers.
 -> (artifact id: '1ec7a2da89c60ae4a1b6574eccc77a03') in 0.014616 seconds
Number of updated asset objects reloaded before import = 0
Number of asset objects unloaded after import = 1
========================================================================
Received Import Request.
  Time since last request: 0.000081 seconds.
  path: Assets/Oculus/SampleFramework/Usage/SceneManager/Scripts/CustomSceneManager/PrefabSceneManager.cs
  artifactKey: Guid(f5d0a6eb3cf408a4dbab4ae40f82517c) Importer(2089858483,0ecaa5967403d082aa24f35e1b516d23)
Start importing Assets/Oculus/SampleFramework/Usage/SceneManager/Scripts/CustomSceneManager/PrefabSceneManager.cs using Guid(f5d0a6eb3cf408a4dbab4ae40f82517c) Importer(2089858483,0ecaa5967403d082aa24f35e1b516d23) [PhysX] Initialized MultithreadedTaskDispatcher with 32 workers.
 -> (artifact id: '597b761c9a8b65ca3e3a198fcf0c21c4') in 0.010998 seconds
Number of updated asset objects reloaded before import = 0
Number of asset objects unloaded after import = 1
========================================================================
Received Import Request.
  Time since last request: 0.000357 seconds.
  path: Assets/Oculus/Voice/Lib/Wit.ai/Scripts/Runtime/Requests/VoiceServiceRequest.cs
  artifactKey: Guid(699863ddb3283fc43ba82acc73b12979) Importer(2089858483,0ecaa5967403d082aa24f35e1b516d23)
Start importing Assets/Oculus/Voice/Lib/Wit.ai/Scripts/Runtime/Requests/VoiceServiceRequest.cs using Guid(699863ddb3283fc43ba82acc73b12979) Importer(2089858483,0ecaa5967403d082aa24f35e1b516d23) [PhysX] Initialized MultithreadedTaskDispatcher with 32 workers.
 -> (artifact id: '0a99f27e9863846b6b6b077400f1bfd7') in 0.011265 seconds
Number of updated asset objects reloaded before import = 0
Number of asset objects unloaded after import = 1
========================================================================
Received Import Request.
  Time since last request: 0.000026 seconds.
  path: Assets/Oculus/Interaction/Samples/Objects/Props/PictureFrame/Textures/Love.jpg
  artifactKey: Guid(be89d100cd1db2c41a534fe63c258f06) Importer(2089858483,0ecaa5967403d082aa24f35e1b516d23)
Start importing Assets/Oculus/Interaction/Samples/Objects/Props/PictureFrame/Textures/Love.jpg using Guid(be89d100cd1db2c41a534fe63c258f06) Importer(2089858483,0ecaa5967403d082aa24f35e1b516d23) [PhysX] Initialized MultithreadedTaskDispatcher with 32 workers.
 -> (artifact id: 'fc34ccf29da987b44414f7d461045acb') in 0.017250 seconds
Number of updated asset objects reloaded before import = 0
Number of asset objects unloaded after import = 1
========================================================================
Received Import Request.
  Time since last request: 0.000038 seconds.
  path: Assets/Oculus/VR/Editor/OVRProjectSetup/Tasks/Implementations/OVRProjectSetupXRTasks.cs
  artifactKey: Guid(beb76c27b37f99e43a27f9d2656dafc6) Importer(2089858483,0ecaa5967403d082aa24f35e1b516d23)
Start importing Assets/Oculus/VR/Editor/OVRProjectSetup/Tasks/Implementations/OVRProjectSetupXRTasks.cs using Guid(beb76c27b37f99e43a27f9d2656dafc6) Importer(2089858483,0ecaa5967403d082aa24f35e1b516d23) [PhysX] Initialized MultithreadedTaskDispatcher with 32 workers.
 -> (artifact id: '66dfa4024ca3eadfcf40f801460e4e05') in 0.010790 seconds
Number of updated asset objects reloaded before import = 0
Number of asset objects unloaded after import = 1
========================================================================
Received Import Request.
  Time since last request: 0.000067 seconds.
  path: Assets/Oculus/Voice/Lib/PlatformCompatibility/Scripts/Editor/Utils/AssistantEditorUtils.cs
  artifactKey: Guid(91dbfa5ea168d9444aeca84e19716861) Importer(2089858483,0ecaa5967403d082aa24f35e1b516d23)
Start importing Assets/Oculus/Voice/Lib/PlatformCompatibility/Scripts/Editor/Utils/AssistantEditorUtils.cs using Guid(91dbfa5ea168d9444aeca84e19716861) Importer(2089858483,0ecaa5967403d082aa24f35e1b516d23) [PhysX] Initialized MultithreadedTaskDispatcher with 32 workers.
 -> (artifact id: '4677fa86db95d4dea0dbf2c4d2d079c7') in 0.010564 seconds
Number of updated asset objects reloaded before import = 0
Number of asset objects unloaded after import = 1
========================================================================
Received Import Request.
  Time since last request: 0.000102 seconds.
  path: Assets/Oculus/Interaction/Samples/Objects/Props/SprayBottle/Sounds/Spray_Steam.wav
  artifactKey: Guid(7f7a0827e6fa2ea43986bb0f70436a6a) Importer(2089858483,0ecaa5967403d082aa24f35e1b516d23)
Start importing Assets/Oculus/Interaction/Samples/Objects/Props/SprayBottle/Sounds/Spray_Steam.wav using Guid(7f7a0827e6fa2ea43986bb0f70436a6a) Importer(2089858483,0ecaa5967403d082aa24f35e1b516d23) [PhysX] Initialized MultithreadedTaskDispatcher with 32 workers.
 -> (artifact id: '851f91de1bfc1b7ba41c92bba42d58d0') in 0.044566 seconds
Number of updated asset objects reloaded before import = 0
Number of asset objects unloaded after import = 1
========================================================================
Received Import Request.
  Time since last request: 0.000102 seconds.
  path: Assets/Oculus/Interaction/Samples/Objects/Props/WaterParticles/Textures/StreamAlpha.png
  artifactKey: Guid(f456689befdd1d7419fdae9671de0e74) Importer(2089858483,0ecaa5967403d082aa24f35e1b516d23)
Start importing Assets/Oculus/Interaction/Samples/Objects/Props/WaterParticles/Textures/StreamAlpha.png using Guid(f456689befdd1d7419fdae9671de0e74) Importer(2089858483,0ecaa5967403d082aa24f35e1b516d23) [PhysX] Initialized MultithreadedTaskDispatcher with 32 workers.
 -> (artifact id: '30e4e45041f2bdc8e34a9d1d3a05177a') in 0.023392 seconds
Number of updated asset objects reloaded before import = 0
Number of asset objects unloaded after import = 1
========================================================================
Received Import Request.
  Time since last request: 0.000020 seconds.
  path: Assets/Oculus/SampleFramework/Usage/DistanceGrab/Prefabs/OutlineItems/DistanceGrabCubeCrosshair.prefab
  artifactKey: Guid(0f51a6c91c2722e4b992f30ef1a244f3) Importer(2089858483,0ecaa5967403d082aa24f35e1b516d23)
Start importing Assets/Oculus/SampleFramework/Usage/DistanceGrab/Prefabs/OutlineItems/DistanceGrabCubeCrosshair.prefab using Guid(0f51a6c91c2722e4b992f30ef1a244f3) Importer(2089858483,0ecaa5967403d082aa24f35e1b516d23) [PhysX] Initialized MultithreadedTaskDispatcher with 32 workers.
 -> (artifact id: '8f602c1cb983b345f87ab1930228ca6b') in 0.019163 seconds
Number of updated asset objects reloaded before import = 0
Number of asset objects unloaded after import = 20
========================================================================
Received Import Request.
  Time since last request: 0.000019 seconds.
  path: Assets/Oculus/Voice/Lib/Wit.ai/Scripts/Runtime/Data/Entities/DynamicEntityProvider.cs
  artifactKey: Guid(b789a872764a60545972d2f4505ead38) Importer(2089858483,0ecaa5967403d082aa24f35e1b516d23)
Start importing Assets/Oculus/Voice/Lib/Wit.ai/Scripts/Runtime/Data/Entities/DynamicEntityProvider.cs using Guid(b789a872764a60545972d2f4505ead38) Importer(2089858483,0ecaa5967403d082aa24f35e1b516d23) [PhysX] Initialized MultithreadedTaskDispatcher with 32 workers.
 -> (artifact id: 'c5e59420089f17db5a58e21187fd0fad') in 0.013306 seconds
Number of updated asset objects reloaded before import = 0
Number of asset objects unloaded after import = 1
========================================================================
Received Import Request.
  Time since last request: 0.000023 seconds.
  path: Assets/Oculus/Voice/Lib/Wit.ai/Scripts/Runtime/WrapHttpWebRequest.cs
  artifactKey: Guid(3e180ecb977ce284cb14fc2af3f018f5) Importer(2089858483,0ecaa5967403d082aa24f35e1b516d23)
Start importing Assets/Oculus/Voice/Lib/Wit.ai/Scripts/Runtime/WrapHttpWebRequest.cs using Guid(3e180ecb977ce284cb14fc2af3f018f5) Importer(2089858483,0ecaa5967403d082aa24f35e1b516d23) [PhysX] Initialized MultithreadedTaskDispatcher with 32 workers.
 -> (artifact id: 'fe66af11df49bdcf43c28421f50c481b') in 0.011538 seconds
Number of updated asset objects reloaded before import = 0
Number of asset objects unloaded after import = 1
========================================================================
Received Import Request.
  Time since last request: 0.000020 seconds.
  path: Assets/Oculus/Voice/Features/Dictation/Scripts/Editor/VoiceSDK.Dictation.Editor.asmdef
  artifactKey: Guid(fb043033254d90e46b4abaa2879909ea) Importer(2089858483,0ecaa5967403d082aa24f35e1b516d23)
Start importing Assets/Oculus/Voice/Features/Dictation/Scripts/Editor/VoiceSDK.Dictation.Editor.asmdef using Guid(fb043033254d90e46b4abaa2879909ea) Importer(2089858483,0ecaa5967403d082aa24f35e1b516d23) [PhysX] Initialized MultithreadedTaskDispatcher with 32 workers.
 -> (artifact id: '6b48e179432466fc9115c3cc53d45ae8') in 0.014314 seconds
Number of updated asset objects reloaded before import = 0
Number of asset objects unloaded after import = 1
========================================================================
Received Import Request.
  Time since last request: 0.000021 seconds.
  path: Assets/Oculus/Interaction/Samples/Objects/Props/BigStone/Materials/BigStoneMat.fbx
  artifactKey: Guid(267e2151ff1c046c282a725a08fb90bc) Importer(2089858483,0ecaa5967403d082aa24f35e1b516d23)
Start importing Assets/Oculus/Interaction/Samples/Objects/Props/BigStone/Materials/BigStoneMat.fbx using Guid(267e2151ff1c046c282a725a08fb90bc) Importer(2089858483,0ecaa5967403d082aa24f35e1b516d23) [PhysX] Initialized MultithreadedTaskDispatcher with 32 workers.
 -> (artifact id: '1d26486104aa756fec0e6536414dc7c7') in 0.021175 seconds
Number of updated asset objects reloaded before import = 0
Number of asset objects unloaded after import = 9
========================================================================
Received Import Request.
  Time since last request: 0.000022 seconds.
  path: Assets/Oculus/Interaction/Samples/Prefabs/OVRIntegration/Legacy/InteractionRigOVR-FullSynthetic.prefab
  artifactKey: Guid(d93b7e04b48cd7b4fa849695dba2ce9c) Importer(2089858483,0ecaa5967403d082aa24f35e1b516d23)
Start importing Assets/Oculus/Interaction/Samples/Prefabs/OVRIntegration/Legacy/InteractionRigOVR-FullSynthetic.prefab using Guid(d93b7e04b48cd7b4fa849695dba2ce9c) Importer(2089858483,0ecaa5967403d082aa24f35e1b516d23) [PhysX] Initialized MultithreadedTaskDispatcher with 32 workers.
 -> (artifact id: '908106ecfcaffdbeb00468d86d0f35bd') in 0.025519 seconds
Number of updated asset objects reloaded before import = 0
Number of asset objects unloaded after import = 1503
========================================================================
Received Import Request.
  Time since last request: 0.000017 seconds.
  path: Assets/Oculus/Interaction/Samples/Objects/Props/PictureFrame/Textures/Map.jpg
  artifactKey: Guid(2eb58f3a8dada1c4e8cda5ebd05884f7) Importer(2089858483,0ecaa5967403d082aa24f35e1b516d23)
Start importing Assets/Oculus/Interaction/Samples/Objects/Props/PictureFrame/Textures/Map.jpg using Guid(2eb58f3a8dada1c4e8cda5ebd05884f7) Importer(2089858483,0ecaa5967403d082aa24f35e1b516d23) [PhysX] Initialized MultithreadedTaskDispatcher with 32 workers.
 -> (artifact id: 'd868d36af4ac7b1fa568f7c16caecad7') in 0.013191 seconds
Number of updated asset objects reloaded before import = 0
Number of asset objects unloaded after import = 1
Editor requested this worker to shutdown with reason: Scaling down because of idle timeout
TcpMessagingSession - receive error: operation aborted. errorcode: 995, details: 由于线程退出或应用程序请求，已中止 I/O 操作。
AssetImportWorker is now disconnected from the server
Process exiting
Exiting without the bug reporter. Application will terminate with return code 0