Using pre-set license
Built from '2022.3/staging' branch; Version is '2022.3.50f1 (c3db7f8bf9b1) revision 12835711'; Using compiler version '192829333'; Build Type 'Release'
OS: 'Windows 11  (10.0.26100) 64bit CoreCountrySpecific' Language: 'zh' Physical Memory: 16123 MB
BatchMode: 1, IsHumanControllingUs: 0, StartBugReporterOnCrash: 0, Is64bit: 1, IsPro: 1

COMMAND LINE ARGUMENTS:
D:\Unity Hub\editor\2022.3.50f1\Editor\Unity.exe
-adb2
-batchMode
-noUpm
-name
AssetImportWorker27
-projectPath
D:/Unity_project/VR_HW3
-logFile
Logs/AssetImportWorker27.log
-srvPort
63247
Successfully changed project path to: D:/Unity_project/VR_HW3
D:/Unity_project/VR_HW3
[UnityMemory] Configuration Parameters - Can be set up in boot.config
    "memorysetup-bucket-allocator-granularity=16"
    "memorysetup-bucket-allocator-bucket-count=8"
    "memorysetup-bucket-allocator-block-size=33554432"
    "memorysetup-bucket-allocator-block-count=8"
    "memorysetup-main-allocator-block-size=16777216"
    "memorysetup-thread-allocator-block-size=16777216"
    "memorysetup-gfx-main-allocator-block-size=16777216"
    "memorysetup-gfx-thread-allocator-block-size=16777216"
    "memorysetup-cache-allocator-block-size=4194304"
    "memorysetup-typetree-allocator-block-size=2097152"
    "memorysetup-profiler-bucket-allocator-granularity=16"
    "memorysetup-profiler-bucket-allocator-bucket-count=8"
    "memorysetup-profiler-bucket-allocator-block-size=33554432"
    "memorysetup-profiler-bucket-allocator-block-count=8"
    "memorysetup-profiler-allocator-block-size=16777216"
    "memorysetup-profiler-editor-allocator-block-size=1048576"
    "memorysetup-temp-allocator-size-main=16777216"
    "memorysetup-job-temp-allocator-block-size=2097152"
    "memorysetup-job-temp-allocator-block-size-background=1048576"
    "memorysetup-job-temp-allocator-reduction-small-platforms=262144"
    "memorysetup-allocator-temp-initial-block-size-main=262144"
    "memorysetup-allocator-temp-initial-block-size-worker=262144"
    "memorysetup-temp-allocator-size-background-worker=32768"
    "memorysetup-temp-allocator-size-job-worker=262144"
    "memorysetup-temp-allocator-size-preload-manager=33554432"
    "memorysetup-temp-allocator-size-nav-mesh-worker=65536"
    "memorysetup-temp-allocator-size-audio-worker=65536"
    "memorysetup-temp-allocator-size-cloud-worker=32768"
    "memorysetup-temp-allocator-size-gi-baking-worker=262144"
    "memorysetup-temp-allocator-size-gfx=262144"
Player connection [25268]  Target information:

Player connection [25268]  * "[IP] 26.181.25.47 [Port] 0 [Flags] 2 [Guid] 1302933048 [EditorId] 1302933048 [Version] 1048832 [Id] WindowsEditor(7,lenovo) [Debug] 1 [PackageName] WindowsEditor [ProjectName] Editor" 

Player connection [25268]  * "[IP] 172.17.192.1 [Port] 0 [Flags] 2 [Guid] 1302933048 [EditorId] 1302933048 [Version] 1048832 [Id] WindowsEditor(7,lenovo) [Debug] 1 [PackageName] WindowsEditor [ProjectName] Editor" 

Player connection [25268]  * "[IP] 183.173.211.123 [Port] 0 [Flags] 2 [Guid] 1302933048 [EditorId] 1302933048 [Version] 1048832 [Id] WindowsEditor(7,lenovo) [Debug] 1 [PackageName] WindowsEditor [ProjectName] Editor" 

Player connection [25268] Host joined multi-casting on [225.0.0.222:54997]...
Player connection [25268] Host joined alternative multi-casting on [225.0.0.222:34997]...
[PhysX] Initialized MultithreadedTaskDispatcher with 32 workers.
Refreshing native plugins compatible for Editor in 61.79 ms, found 8 plugins.
Preloading 2 native plugins for Editor in 7.92 ms.
Initialize engine version: 2022.3.50f1 (c3db7f8bf9b1)
[Subsystems] Discovering subsystems at path D:/Unity Hub/editor/2022.3.50f1/Editor/Data/Resources/UnitySubsystems
[Subsystems] Discovering subsystems at path D:/Unity_project/VR_HW3/Assets
GfxDevice: creating device client; threaded=0; jobified=0
Direct3D:
    Version:  Direct3D 11.0 [level 11.1]
    Renderer: NVIDIA GeForce RTX 4050 Laptop GPU (ID=0x28e1)
    Vendor:   NVIDIA
    VRAM:     5921 MB
    Driver:   32.0.15.6094
Shader 'Oculus/OVRMRCameraFrameLit': fallback shader 'Alpha-Diffuse' not found
Initialize mono
Mono path[0] = 'D:/Unity Hub/editor/2022.3.50f1/Editor/Data/Managed'
Mono path[1] = 'D:/Unity Hub/editor/2022.3.50f1/Editor/Data/MonoBleedingEdge/lib/mono/unityjit-win32'
Mono config path = 'D:/Unity Hub/editor/2022.3.50f1/Editor/Data/MonoBleedingEdge/etc'
Using monoOptions --debugger-agent=transport=dt_socket,embedding=1,server=y,suspend=n,address=127.0.0.1:56476
Begin MonoManager ReloadAssembly
Registering precompiled unity dll's ...
Register platform support module: D:/Unity Hub/editor/2022.3.50f1/Editor/Data/PlaybackEngines/WebGLSupport/UnityEditor.WebGL.Extensions.dll
Register platform support module: D:/Unity Hub/editor/2022.3.50f1/Editor/Data/PlaybackEngines/WindowsStandaloneSupport/UnityEditor.WindowsStandalone.Extensions.dll
Registered in 0.040941 seconds.
- Loaded All Assemblies, in  0.719 seconds
Native extension for WindowsStandalone target not found
Native extension for WebGL target not found
Mono: successfully reloaded assembly
- Finished resetting the current domain, in  0.246 seconds
Domain Reload Profiling: 956ms
	BeginReloadAssembly (377ms)
		ExecutionOrderSort (0ms)
		DisableScriptedObjects (0ms)
		BackupInstance (0ms)
		ReleaseScriptingObjects (0ms)
		CreateAndSetChildDomain (1ms)
	RebuildCommonClasses (41ms)
	RebuildNativeTypeToScriptingClass (10ms)
	initialDomainReloadingComplete (130ms)
	LoadAllAssembliesAndSetupDomain (151ms)
		LoadAssemblies (348ms)
		RebuildTransferFunctionScriptingTraits (0ms)
		AnalyzeDomain (147ms)
			TypeCache.Refresh (145ms)
				TypeCache.ScanAssembly (132ms)
			ScanForSourceGeneratedMonoScriptInfo (0ms)
			ResolveRequiredComponents (0ms)
	FinalizeReload (247ms)
		ReleaseScriptCaches (0ms)
		RebuildScriptCaches (0ms)
		SetupLoadedEditorAssemblies (206ms)
			LogAssemblyErrors (0ms)
			InitializePlatformSupportModulesInManaged (19ms)
			SetLoadedEditorAssemblies (5ms)
			RefreshPlugins (0ms)
			BeforeProcessingInitializeOnLoad (2ms)
			ProcessInitializeOnLoadAttributes (131ms)
			ProcessInitializeOnLoadMethodAttributes (49ms)
			AfterProcessingInitializeOnLoad (0ms)
			EditorAssembliesLoaded (0ms)
		ExecutionOrderSort2 (0ms)
		AwakeInstancesAfterBackupRestoration (0ms)
========================================================================
Worker process is ready to serve import requests
Caller must complete domain reload
Begin MonoManager ReloadAssembly
- Loaded All Assemblies, in  1.172 seconds
Native extension for WindowsStandalone target not found
Native extension for WebGL target not found
Mono: successfully reloaded assembly
- Finished resetting the current domain, in  1.191 seconds
Domain Reload Profiling: 2337ms
	BeginReloadAssembly (319ms)
		ExecutionOrderSort (0ms)
		DisableScriptedObjects (4ms)
		BackupInstance (0ms)
		ReleaseScriptingObjects (0ms)
		CreateAndSetChildDomain (16ms)
	RebuildCommonClasses (34ms)
	RebuildNativeTypeToScriptingClass (9ms)
	initialDomainReloadingComplete (99ms)
	LoadAllAssembliesAndSetupDomain (686ms)
		LoadAssemblies (743ms)
		RebuildTransferFunctionScriptingTraits (0ms)
		AnalyzeDomain (185ms)
			TypeCache.Refresh (150ms)
				TypeCache.ScanAssembly (136ms)
			ScanForSourceGeneratedMonoScriptInfo (23ms)
			ResolveRequiredComponents (10ms)
	FinalizeReload (1191ms)
		ReleaseScriptCaches (0ms)
		RebuildScriptCaches (0ms)
		SetupLoadedEditorAssemblies (1033ms)
			LogAssemblyErrors (0ms)
			InitializePlatformSupportModulesInManaged (23ms)
			SetLoadedEditorAssemblies (12ms)
			RefreshPlugins (0ms)
			BeforeProcessingInitializeOnLoad (265ms)
			ProcessInitializeOnLoadAttributes (694ms)
			ProcessInitializeOnLoadMethodAttributes (17ms)
			AfterProcessingInitializeOnLoad (21ms)
			EditorAssembliesLoaded (0ms)
		ExecutionOrderSort2 (0ms)
		AwakeInstancesAfterBackupRestoration (9ms)
Shader 'Oculus/OVRMRCameraFrameLit': fallback shader 'Alpha-Diffuse' not found
Launched and connected shader compiler UnityShaderCompiler.exe after 0.11 seconds
Refreshing native plugins compatible for Editor in 25.00 ms, found 8 plugins.
Preloading 2 native plugins for Editor in 0.47 ms.
Unloading 5011 Unused Serialized files (Serialized files now loaded: 0)
Unloading 24 unused Assets / (236.3 KB). Loaded Objects now: 5479.
Memory consumption went from 190.9 MB to 190.7 MB.
Total: 3.969100 ms (FindLiveObjects: 0.431000 ms CreateObjectMapping: 0.129900 ms MarkObjects: 3.154000 ms  DeleteObjects: 0.252900 ms)

AssetImportParameters requested are different than current active one (requested -> active):
  custom:scripting/monoscript/fileName/WitIntent.cs: b16c53bcdd4b02694d33f5fcb8acdf19 -> 
  custom:scripting/monoscript/fileName/GrabPointsPoseFinder.cs: 2ce4e7dd89758cfe15cc84bbdaa5d275 -> 
  custom:scripting/monoscript/fileName/CylinderProximityFieldEditor.cs: 3e379a0d9898211fdf7bd80a30343891 -> 
  custom:scripting/monoscript/fileName/CanvasMeshPointable.cs: c479bafc80e05db87d89b0e734294af3 -> 
  custom:scripting/monoscript/fileName/CylinderEditor.cs: b3e556284986a11c8d6bd82a7d7bef7e -> 
  custom:scripting/monoscript/fileName/GrabPoint.cs: a19e23b452c1156c6e2d489a5b9f5977 -> 
  custom:container-demuxer-ogg: 62fdf1f143b41e24485cea50d1cbac27 -> 
  custom:scripting/monoscript/fileName/OneHandRotateTransformer.cs: b4ad4fec7dbc0022b27ef2f1444e1086 -> 
  custom:scripting/monoscript/fileName/WitTraitValue.cs: c4fc68c99e4126ea4ce1abd10ab830cf -> 
  custom:scripting/monoscript/fileName/IMonoBehaviourFilter.cs: 9cedc3648a1ac103150b8378e75e48c4 -> 
  custom:scripting/monoscript/fileName/BezierSurfaceEditor.cs: 3bfdf637db9318a14fc832066acdc19a -> 
  custom:scripting/monoscript/fileName/SnapSurfaceHelper.cs: 7310cd667c1f6f32da3156d4956a11cb -> 
  custom:scripting/monoscript/fileName/InputDataProviderUpdateTriggerOVR.cs: c642c70bc2d53e104962e39be79e0283 -> 
  custom:scripting/monoscript/fileName/ITween.cs: d765ab2d93516afd5cff5e65cdb523ff -> 
  custom:scripting/monoscript/fileName/DropZoneInteractable.cs: da4c91e5f510c5633065c5ee349670e0 -> 
  custom:scripting/monoscript/fileName/InteractorGroup.cs: 075c37967371ab7213a5d5cca24ff1fc -> 60fe7361e8ecd7ffeba4477da21c55fe
  custom:scripting/monoscript/fileName/WitHttp.cs: 65528eef0357ac8698cea4e277f16a7c -> 
  custom:scripting/monoscript/fileName/BoxProximityField.cs: 8381476084cb2eebc09f6205ab260a5f -> 
  custom:scripting/monoscript/fileName/ProcessStep.cs: c70de6d5eef34fc1abe9451b4eb02d17 -> 
  custom:video-codec-MediaFoundation-h265: 746d11721c4dcdbdad8f713fa42b33f4 -> 
  custom:scripting/monoscript/fileName/WitTrainingUtterance.cs: a06d2df3896850626c28c2eee2f3361f -> 
  custom:scripting/monoscript/fileName/IInteractorComparer.cs: 134007cf487fdfbaee924b7d31a3e8ab -> 
  custom:scripting/monoscript/fileName/ITeleportArc.cs: 1ea6eacef0fbe7453ebeaaedd85bf98c -> 
  custom:scripting/monoscript/fileName/CylinderSurface.cs: 06b7f3fe576c2b562f08ad1445def42f -> 5bee5d43e279f1a3b524f87759982fd3
  custom:scripting/monoscript/fileName/TagMonoBehaviourFilter.cs: 899569d8afa40a8d293811b71b3f0a56 -> 
  custom:scripting/monoscript/fileName/SphereSurface.cs: 6d8b2477044e484ea8579f6f1f45e3a8 -> 
  custom:scripting/monoscript/fileName/LastKnownGoodDataModifier.cs: 0b2c17c40fb2875f055e57a3080d7c9d -> 
  custom:video-decoder-ogg-theora: a1e56fd34408186e4bbccfd4996cb3dc -> 
  custom:scripting/monoscript/fileName/WitEntityRole.cs: 8b2af296196ddab171c9825f773f77da -> 
  custom:scripting/monoscript/fileName/PointableCylinder.cs: 9a62d083874bdd860515054a450ac594 -> 
  custom:scripting/monoscript/fileName/AudioEncoding.cs: f84b3952f084caac261984fbd264acec -> 7f68c8ddbd6875f735f3280c1aa36e92
  custom:scripting/monoscript/fileName/InteractorDriver.cs: 285df5cb75aa79644c75f1cfa1d96ee4 -> 
  custom:framework-win-MediaFoundation: 216162199b28c13a410421893ffa2e32 -> 
  custom:scripting/monoscript/fileName/ISnapPoseProvider.cs: 3ec1f733df4df3213c9abc4abfa84cf1 -> 
  custom:scripting/monoscript/fileName/IDropZoneSlotsProvider.cs: fc82a4709de8cea85e0be7e46ba6942f -> 
  custom:scripting/monoscript/fileName/IAudioInputSource.cs: 9cedc902c969604d8ecab3d4c3d431d7 -> 938d3583ac997fe47e013c96006b1b9d
  custom:scripting/monoscript/fileName/BoxProximityFieldEditor.cs: 3ca172dc25f45b576b1261d9f0fc6a13 -> 
  custom:scripting/monoscript/fileName/ArcRangeModifier.cs: df4e86005874fa14c26dde0e58fe01b3 -> 
  custom:scripting/monoscript/fileName/TrainUtterances.cs: fad5269aa3542e54bceac07b82fa9fb2 -> 
  custom:scripting/monoscript/fileName/OVRSkeletonDataProviders.cs: c9301a8aea506ae86c85f3531883f294 -> 
  custom:scripting/monoscript/fileName/BoxEditor.cs: 6cb10ba4aeba036613100827e384c6dd -> 
  custom:scripting/monoscript/fileName/BoxSurface.cs: 64c4f1d5c8f509e2ebfbbe8cc0454ae3 -> 
  custom:scripting/monoscript/fileName/HandPoseRecordable.cs: be9aebb9e35f1a89cf251d5ebe16b65e -> 
  custom:scripting/monoscript/fileName/TwoHandFreeTransformer.cs: 5484f45a8b713e7524e309309f536d2e -> 
  custom:scripting/monoscript/fileName/InteractorDriverGroup.cs: 25a18cbb0a76e7a8f37930efac2dc5e3 -> 
  custom:scripting/monoscript/fileName/InteractableTransformableConnection.cs: aa199f160bbadaf2d2b7430adb4b19a9 -> 
  custom:scripting/monoscript/fileName/JointLocking.cs: 04ef49fdef9b40429c44bd8bb4f83933 -> 
  custom:scripting/monoscript/fileName/OneHandTranslateTransformer.cs: e5593db0756115f769defd5b1bc42e7e -> 
  custom:CustomObjectIndexerAttribute: 9a22284fe3817be447336de3de66b15e -> 
  custom:scripting/monoscript/fileName/WitResponse.cs: 85febed2f7a25f57ec48693bd452c142 -> 
  custom:scripting/monoscript/fileName/OneEuroFilterRotationHand.cs: b7c0c166a2ca9babc479709621d65436 -> 
  custom:scripting/monoscript/fileName/TagInteractableFilter.cs: 6c02bfd80ff65fe2d5965298b17e0457 -> 
  custom:scripting/monoscript/fileName/PointableCylinderEditor.cs: 6340733d6723a340786b526e9320784f -> 
  custom:container-demuxer-webm: 4f35f7cbe854078d1ac9338744f61a02 -> 
  custom:scripting/monoscript/fileName/PointProximityField.cs: 0f95fb408e97956db7a3762247f8adc0 -> 
  custom:scripting/monoscript/fileName/SnapAddress.cs: c2a235d307f5033a6468630481616552 -> 
  custom:scripting/monoscript/fileName/InteractorGroupMulti.cs: 6bc778766dfc2f0ec0ad2013ae6c3d21 -> 
  custom:scripting/monoscript/fileName/MicBase.cs: 1ee5e56060961d5fcfcdfe4529504890 -> 47b01f48927768722a8422b4ac545006
  custom:scripting/monoscript/fileName/DropZoneSequentialSlotsProvider.cs: 7cdedd3fff635f926ee01eb94826964d -> 
  custom:scripting/monoscript/fileName/SnapPoint.cs: 75b9e5a0f94c20895cbed2ad0cae1535 -> 
  custom:scripting/monoscript/fileName/WitTrait.cs: 3139215512626b390a96d2cb63ff9eda -> 
  custom:scripting/monoscript/fileName/ITransformable.cs: 215a3f4eeb91cb88c54863506271ef62 -> 
  custom:scripting/monoscript/fileName/CoroutineUtility.cs: fab89599511ae356a01c13a28fda4240 -> 821d19c5ac6a7e6baf82a95f7b4d30bf
  custom:scripting/monoscript/fileName/TeleportTurningGate.cs: 575c2ab79bdb37717f3efb10cff4d8ea -> 
  custom:scripting/monoscript/fileName/InputDataProviderUpdateTriggerOVREditor.cs: 296ebd2207288873d91d6a862e3b5272 -> 
  custom:scripting/monoscript/fileName/ColliderSurface.cs: b1cd8447e0ce952dcc7d7b666e8fca92 -> fc86642c94a9542e787a844561e4e4f2
  custom:scripting/monoscript/fileName/IInteractableRegistry.cs: 90647cc400823b41df847a6cbfc29026 -> 
  custom:scripting/monoscript/fileName/OneEuroFilterPositionHand.cs: 39d5de62c6b9f655efb66d407ad08fff -> 
  custom:scripting/monoscript/fileName/TTSStreamToggle.cs: 386098d9b6e67cd0a4ee56f3a7972a48 -> 0132d2e4cd28c22eddc3810c7daa80a8
  custom:scripting/monoscript/fileName/HandGrabInteractorVisual.cs: 4e78a3e45d86e390b096cc34598495d6 -> 
  custom:scripting/monoscript/fileName/WitRole.cs: d05ae217608bc7de182f2476f0c8e04d -> 
  custom:scripting/monoscript/fileName/WitIncomingEntity.cs: 78d455e2834b5f65d08838e068a6b637 -> 
  custom:scripting/monoscript/fileName/CylinderProximityField.cs: d46f096ca0f256553da6db049bd8e1f0 -> 
  custom:scripting/monoscript/fileName/OneEuroFilterRotationDataModifier.cs: bbc3acc82de59e5fbec702d8f8197eed -> 
  custom:scripting/monoscript/fileName/WitEntity.cs: f3634f6b005d657d9256924b6ee7724f -> 
  custom:container-muxer-webm: aa71ff27fc2769a1b78a27578f13a17b -> 
  custom:video-decoder-webm-vp8: 9c59270c3fd7afecdb556c50c9e8de78 -> 
  custom:scripting/monoscript/fileName/Payload.cs: 20bf3ab20e64bae704c38145b44c13ac -> 
  custom:scripting/monoscript/fileName/EnsureWitIntentsStep.cs: b136f8e7ef96058daebe6e4670855769 -> 
  custom:scripting/monoscript/fileName/HandGrabPointEditor.cs: 1de61d722aec3955a0ced3ddd1649237 -> 
  custom:scripting/monoscript/fileName/AimingStabilizedOrigin.cs: 8e9de4ec8ed1eca16b6b5ccdd53afdc0 -> 
  custom:scripting/monoscript/fileName/WitConfigurationData.cs: 1b59f7289bf740e9ef9f2be93d10f3d4 -> 
  custom:scripting/monoscript/fileName/VoiceUnityRequest.cs: e67404959cad22b5a8fdd8bc15940a60 -> 
  custom:scripting/monoscript/fileName/SyncWitEntitiesStep.cs: 2ad573a8b9afd7f1740d493d07a4c0da -> 
  custom:scripting/monoscript/fileName/PointableDelegate.cs: 90647cc400823b41df847a6cbfc29026 -> 
  custom:SearchIndexIgnoredProperties: e643bd26f0fe6173181afceb89e7c659 -> 
  custom:scripting/monoscript/fileName/PointablePlane.cs: 0c63873222e6ee1c4bb906924cab90d1 -> 
  custom:AudioImporter_EditorPlatform: d09bf68614088b80899f8185d706f6e7 -> 
  custom:scripting/monoscript/fileName/SphereEditor.cs: 276cafd8aae7e32d736a0c4daa10ab21 -> 
  custom:scripting/monoscript/fileName/CircleProximityField.cs: 3470d85e5a68b53f46ca8356f6863551 -> 
  custom:scripting/monoscript/fileName/Transformable.cs: 5a246a64658742dc20c886d79003f704 -> 
  custom:scripting/monoscript/fileName/InteractionOVRCameraRig.cs: 19e5e98fb10016c5e6956c7b291d0f17 -> 
  custom:scripting/monoscript/fileName/ObtainIdmData.cs: 93689dcf59e4155113dc068b963c769d -> 
  custom:scripting/monoscript/fileName/HandGrabPoint.cs: f8f9a4aeaae4341c0efe8cc3e2aa5fd8 -> 
  custom:scripting/monoscript/fileName/PointableGroup.cs: aea7bf2c731b6179d62dad93c7f1a961 -> 
  custom:scripting/monoscript/fileName/TransformableUnityEventWrapper.cs: aa0309b765937680c8aa9e4e094215f7 -> 
  custom:scripting/monoscript/fileName/MicDebug.cs: 0703043cca43f55a99276c84b88d73fb -> 75d2f3a208b34ca2e9e43f6d5775eb91
  custom:scripting/monoscript/fileName/OneHandPhysicsJointTransformer.cs: e946e3b4b5cd8cde3f541291179028e9 -> 
  custom:scripting/monoscript/fileName/WitApplication.cs: 19806fe5aebcf74124ed49d589a7e43e -> 
  custom:scripting/monoscript/fileName/IInteractorDriver.cs: fc0a89f4490fc0584b64c6fc827ee895 -> 
  custom:scripting/monoscript/fileName/GrabbableUnityEventWrapper.cs: 33df70b122ad7f22db2cbfaa0b81510a -> 
  custom:scripting/monoscript/fileName/BezierSurface.cs: da0b185221f59d400e85940f5ce71c91 -> 
  custom:scripting/monoscript/fileName/InteractorComparer.cs: 90647cc400823b41df847a6cbfc29026 -> 
  custom:scripting/monoscript/fileName/HandPoseRecorder.cs: d6ebfdaa7663426067642c12a6222914 -> 
  custom:scripting/monoscript/fileName/CanvasRenderTextureMesh.cs: ba9623d0f846f302f4c58ca374ea8422 -> 
  custom:scripting/monoscript/fileName/IProximityField.cs: 1b8f3ef3bb8397988a6923ea34f554a3 -> 
  custom:scripting/monoscript/fileName/HandGrabInteractionUtilities.cs: 5e1b87f0c932124d19544f2653fcf382 -> 
  custom:scripting/monoscript/fileName/OneHandFreeTransformer.cs: 80b454bb7a7e54382c3e5a83c645a9b0 -> 
  custom:scripting/monoscript/fileName/TwoHandPlaneTransformer.cs: 82508aadcccc9aaae16a3d02dab1f1dd -> 
  custom:scripting/monoscript/fileName/IWitHttp.cs: 91506f2edcd3bae61fa15b5c8c35b6d5 -> 
  custom:scripting/monoscript/fileName/JointRotationHistoryModifier.cs: b84eeaa16ce785ca3e0b5335f31473cc -> 
  custom:scripting/monoscript/fileName/TTSWitVoiceData.cs: 879b5b5a667decd113f2ef27fec58193 -> 
  custom:video-encoder-webm-vp8: eb34c28f22e8b96e1ab97ce403110664 -> 
  custom:scripting/monoscript/fileName/FingerGrabAPI.cs: f38129e37b49d6e3a171bd504092712b -> 
  custom:scripting/monoscript/fileName/DummyDataModifier.cs: ebbb5589f565d8685d37bb183b4c3ff4 -> 
  custom:scripting/monoscript/fileName/IDistanceInteractable.cs: c2d2949b74e1e24067c043dc8ee82c5a -> 
  custom:audio-decoder-ogg-vorbis: bf7c407c2cedff20999df2af8eb42d56 -> 
  custom:scripting/monoscript/fileName/SyntheticHandModifier.cs: 873320c031209152e80a3521b7c6e3f2 -> 
  custom:scripting/monoscript/fileName/ISnapSurface.cs: e613c1039942a8c6f8524e6d36ccbc1b -> 
  custom:scripting/monoscript/fileName/HandGrab.cs: 50288240abd576346d83074011541b5b -> 
  custom:scripting/monoscript/fileName/TTSSpeakerInput.cs: 827d47b543f4663c13881e200e539afd -> 9224de466064073281bc72c5b8b2748c
  custom:scripting/monoscript/fileName/OneEuroFilterPositionDataModifier.cs: da29522a4b6eb1cb5f6511bdbdd27a95 -> 
  custom:scripting/monoscript/fileName/WitTrainingEntity.cs: f6d2096c03af45821ae473c66af255f2 -> 
  custom:scripting/monoscript/fileName/WitEntityKeyword.cs: b5b67313fa30a40635477940a31ddbde -> 
  custom:scripting/monoscript/fileName/PointableGrabbableConnection.cs: 35ac7dedcc44186f6f6c7bf3730e6343 -> 
  custom:scripting/monoscript/fileName/FixedScaleDataModifier.cs: 89e1be89d924ac28373337b3361e61dd -> 
  custom:scripting/monoscript/fileName/PointablePlaneEditor.cs: 37a91ecc3d62d378d68629c686a51361 -> 
  custom:scripting/monoscript/fileName/WitTrainer.cs: 5fb3c95ba24e9cf857cd9b4cee94291b -> 
  custom:scripting/monoscript/fileName/IInteractableFilter.cs: 81259a32cb7c13def6a0b70f08c66048 -> 
  custom:scripting/monoscript/fileName/TTSStatusLabel.cs: 17147acb333fe55f1217dee5b341ea9e -> 
  custom:scripting/monoscript/fileName/DropZoneInteractor.cs: 76b4b17e6eac72d8f5a16e87fd0e63b5 -> 
  custom:scripting/monoscript/fileName/IAspectProvider.cs: 9859c5919d893814fee2cdd590f4f949 -> 
  custom:scripting/monoscript/fileName/OnConduitFailedParameterResolutionAttribute.cs: 60901a81960a7c5a81c752381f8034ab -> 
  custom:scripting/monoscript/fileName/Mic.cs: 525051591b471bdbfa16530d37dcb655 -> 5fc48121bdfa6f25d9345006a81f8860
  custom:scripting/monoscript/fileName/TTSCacheToggle.cs: fef530a103c6b74722a7b6f18941e54c -> 410df47b336bde136543845320d773f8
  custom:scripting/monoscript/fileName/MicPermissionsManager.cs: 81a336319435a61331b696a347e78b9e -> f25de0368c3638f9a3bd7e7f63f0755a
  custom:scripting/monoscript/fileName/StepRunner.cs: 6ab640738f608e4b47206553c39b2c58 -> 
  custom:scripting/monoscript/fileName/WitUnityRequest.cs: 2bd88b304dddeb742392b5d5568e7bf7 -> 156bc76d85c310a98e115eec74a771cd
  custom:audio-encoder-webm-vorbis: bf7c407c2cedff20999df2af8eb42d56 -> 
  custom:scripting/monoscript/fileName/CircleProximityFieldEditor.cs: 55b157de94575afe7fdac58cd51e3b1c -> 
  custom:scripting/monoscript/fileName/TTSErrorText.cs: f03cdbc7b1d745067e8f357414e703b1 -> 21a4d51c9f7822c5dae2e2c7e2605044
  custom:scripting/monoscript/fileName/FingerPinchAPI.cs: 478ca37299a2b7ce3d309683ce89043a -> 
  custom:scripting/monoscript/fileName/IPointableSurface.cs: d7a8e441db2730be64c585bb12bf4db1 -> 
  custom:scripting/monoscript/fileName/PhysicsTransformable.cs: 5811faf37734ce7ec9b28418c4758de1 -> 
  custom:scripting/monoscript/fileName/PitchRemap.cs: 5b7277eeb0a8effc4822cb897b70f197 -> 
  custom:scripting/monoscript/fileName/WitOutgoingEntity.cs: c7126ba0b7fa09ef7a925f4dc186e5b7 -> 
  custom:scripting/monoscript/fileName/LocomotionGateVisual.cs: e25bbb39051f52b97c3e93bb37ab390d -> 
  custom:scripting/monoscript/fileName/TTSWitVoiceUtility.cs: eee5b9af7f1fc7fc0da148c8bdf0ad4f -> 
  custom:scripting/monoscript/fileName/HandleEntityResolutionFailureAttribute.cs: c6e2d1dd1bcaba0322547519e0e12ac7 -> 
========================================================================
Received Prepare
Caller must complete domain reload
Begin MonoManager ReloadAssembly
- Loaded All Assemblies, in  2.075 seconds
Native extension for WindowsStandalone target not found
Native extension for WebGL target not found
Mono: successfully reloaded assembly
- Finished resetting the current domain, in  3.039 seconds
Domain Reload Profiling: 5037ms
	BeginReloadAssembly (965ms)
		ExecutionOrderSort (0ms)
		DisableScriptedObjects (3ms)
		BackupInstance (0ms)
		ReleaseScriptingObjects (0ms)
		CreateAndSetChildDomain (38ms)
	RebuildCommonClasses (42ms)
	RebuildNativeTypeToScriptingClass (10ms)
	initialDomainReloadingComplete (100ms)
	LoadAllAssembliesAndSetupDomain (880ms)
		LoadAssemblies (1646ms)
		RebuildTransferFunctionScriptingTraits (0ms)
		AnalyzeDomain (48ms)
			TypeCache.Refresh (13ms)
				TypeCache.ScanAssembly (3ms)
			ScanForSourceGeneratedMonoScriptInfo (13ms)
			ResolveRequiredComponents (19ms)
	FinalizeReload (3039ms)
		ReleaseScriptCaches (0ms)
		RebuildScriptCaches (0ms)
		SetupLoadedEditorAssemblies (1246ms)
			LogAssemblyErrors (0ms)
			InitializePlatformSupportModulesInManaged (29ms)
			SetLoadedEditorAssemblies (5ms)
			RefreshPlugins (0ms)
			BeforeProcessingInitializeOnLoad (511ms)
			ProcessInitializeOnLoadAttributes (585ms)
			ProcessInitializeOnLoadMethodAttributes (23ms)
			AfterProcessingInitializeOnLoad (93ms)
			EditorAssembliesLoaded (0ms)
		ExecutionOrderSort2 (0ms)
		AwakeInstancesAfterBackupRestoration (16ms)
Shader 'Oculus/OVRMRCameraFrameLit': fallback shader 'Alpha-Diffuse' not found
Refreshing native plugins compatible for Editor in 47.58 ms, found 8 plugins.
Preloading 2 native plugins for Editor in 0.50 ms.
Unloading 4946 Unused Serialized files (Serialized files now loaded: 0)
Unloading 19 unused Assets / (208.3 KB). Loaded Objects now: 5517.
Memory consumption went from 168.3 MB to 168.1 MB.
Total: 5.486500 ms (FindLiveObjects: 0.359100 ms CreateObjectMapping: 0.152300 ms MarkObjects: 4.793000 ms  DeleteObjects: 0.180900 ms)

Prepare: number of updated asset objects reloaded= 0
AssetImportParameters requested are different than current active one (requested -> active):
  custom:scripting/monoscript/fileName/WitIntent.cs: b16c53bcdd4b02694d33f5fcb8acdf19 -> 
  custom:scripting/monoscript/fileName/GrabPointsPoseFinder.cs: 2ce4e7dd89758cfe15cc84bbdaa5d275 -> 
  custom:scripting/monoscript/fileName/CylinderProximityFieldEditor.cs: 3e379a0d9898211fdf7bd80a30343891 -> 
  custom:scripting/monoscript/fileName/CanvasMeshPointable.cs: c479bafc80e05db87d89b0e734294af3 -> 
  custom:scripting/monoscript/fileName/CylinderEditor.cs: b3e556284986a11c8d6bd82a7d7bef7e -> 
  custom:scripting/monoscript/fileName/SkewTextExample.cs: c142d02d70a129e0533975f7c2f96956 -> 
  custom:scripting/monoscript/fileName/GrabPoint.cs: a19e23b452c1156c6e2d489a5b9f5977 -> 
  custom:container-demuxer-ogg: 62fdf1f143b41e24485cea50d1cbac27 -> 
  custom:scripting/monoscript/fileName/OneHandRotateTransformer.cs: b4ad4fec7dbc0022b27ef2f1444e1086 -> 
  custom:scripting/monoscript/fileName/WitTraitValue.cs: c4fc68c99e4126ea4ce1abd10ab830cf -> 
  custom:scripting/monoscript/fileName/TMP_TextEventHandler.cs: f5cd9d5a43bfefc8f4fec80e6de896a4 -> 
  custom:scripting/monoscript/fileName/IMonoBehaviourFilter.cs: 9cedc3648a1ac103150b8378e75e48c4 -> 
  custom:scripting/monoscript/fileName/BezierSurfaceEditor.cs: 3bfdf637db9318a14fc832066acdc19a -> 
  custom:scripting/monoscript/fileName/SnapSurfaceHelper.cs: 7310cd667c1f6f32da3156d4956a11cb -> 
  custom:scripting/monoscript/fileName/InputDataProviderUpdateTriggerOVR.cs: c642c70bc2d53e104962e39be79e0283 -> 
  custom:scripting/monoscript/fileName/ITween.cs: d765ab2d93516afd5cff5e65cdb523ff -> 
  custom:scripting/monoscript/fileName/TextMeshProFloatingText.cs: 92608fa4a6315cd0786d82205e77b697 -> 
  custom:scripting/monoscript/fileName/DropZoneInteractable.cs: da4c91e5f510c5633065c5ee349670e0 -> 
  custom:scripting/monoscript/fileName/InteractorGroup.cs: 075c37967371ab7213a5d5cca24ff1fc -> 60fe7361e8ecd7ffeba4477da21c55fe
  custom:scripting/monoscript/fileName/WitHttp.cs: 65528eef0357ac8698cea4e277f16a7c -> 
  custom:scripting/monoscript/fileName/VertexZoom.cs: 650ab1e81d40126e3edcf737cce646e4 -> 
  custom:scripting/monoscript/fileName/BoxProximityField.cs: 8381476084cb2eebc09f6205ab260a5f -> 
  custom:scripting/monoscript/fileName/ProcessStep.cs: c70de6d5eef34fc1abe9451b4eb02d17 -> 
  custom:video-codec-MediaFoundation-h265: 746d11721c4dcdbdad8f713fa42b33f4 -> 
  custom:scripting/monoscript/fileName/WitTrainingUtterance.cs: a06d2df3896850626c28c2eee2f3361f -> 
  custom:scripting/monoscript/fileName/IInteractorComparer.cs: 134007cf487fdfbaee924b7d31a3e8ab -> 
  custom:scripting/monoscript/fileName/ITeleportArc.cs: 1ea6eacef0fbe7453ebeaaedd85bf98c -> 
  custom:scripting/monoscript/fileName/CylinderSurface.cs: 06b7f3fe576c2b562f08ad1445def42f -> 5bee5d43e279f1a3b524f87759982fd3
  custom:scripting/monoscript/fileName/VertexShakeA.cs: 63ec564c588058369499638dd899e05b -> 
  custom:scripting/monoscript/fileName/TagMonoBehaviourFilter.cs: 899569d8afa40a8d293811b71b3f0a56 -> 
  custom:scripting/monoscript/fileName/SphereSurface.cs: 6d8b2477044e484ea8579f6f1f45e3a8 -> 
  custom:scripting/monoscript/fileName/LastKnownGoodDataModifier.cs: 0b2c17c40fb2875f055e57a3080d7c9d -> 
  custom:scripting/monoscript/fileName/TMP_ExampleScript_01.cs: a9d4be556104ff54e7d240529b3e01dc -> 
  custom:video-decoder-ogg-theora: a1e56fd34408186e4bbccfd4996cb3dc -> 
  custom:scripting/monoscript/fileName/WitEntityRole.cs: 8b2af296196ddab171c9825f773f77da -> 
  custom:scripting/monoscript/fileName/TMP_TextEventCheck.cs: 13505d917eab5868c435e0c2986dadfa -> 
  custom:scripting/monoscript/fileName/TMP_TextSelector_B.cs: ba2be21a7486d37b1011342977a2e49d -> 
  custom:scripting/monoscript/fileName/Benchmark01.cs: 2d3e2cd961730ab95f139a49a673bace -> 
  custom:scripting/monoscript/fileName/PointableCylinder.cs: 9a62d083874bdd860515054a450ac594 -> 
  custom:scripting/monoscript/fileName/AudioEncoding.cs: f84b3952f084caac261984fbd264acec -> 7f68c8ddbd6875f735f3280c1aa36e92
  custom:scripting/monoscript/fileName/InteractorDriver.cs: 285df5cb75aa79644c75f1cfa1d96ee4 -> 
  custom:framework-win-MediaFoundation: 216162199b28c13a410421893ffa2e32 -> 
  custom:scripting/monoscript/fileName/ISnapPoseProvider.cs: 3ec1f733df4df3213c9abc4abfa84cf1 -> 
  custom:scripting/monoscript/fileName/IDropZoneSlotsProvider.cs: fc82a4709de8cea85e0be7e46ba6942f -> 
  custom:scripting/monoscript/fileName/IAudioInputSource.cs: 9cedc902c969604d8ecab3d4c3d431d7 -> 938d3583ac997fe47e013c96006b1b9d
  custom:scripting/monoscript/fileName/BoxProximityFieldEditor.cs: 3ca172dc25f45b576b1261d9f0fc6a13 -> 
  custom:scripting/monoscript/fileName/ArcRangeModifier.cs: df4e86005874fa14c26dde0e58fe01b3 -> 
  custom:scripting/monoscript/fileName/TrainUtterances.cs: fad5269aa3542e54bceac07b82fa9fb2 -> 
  custom:scripting/monoscript/fileName/OVRSkeletonDataProviders.cs: c9301a8aea506ae86c85f3531883f294 -> 
  custom:scripting/monoscript/fileName/BoxEditor.cs: 6cb10ba4aeba036613100827e384c6dd -> 
  custom:scripting/monoscript/fileName/BoxSurface.cs: 64c4f1d5c8f509e2ebfbbe8cc0454ae3 -> 
  custom:scripting/monoscript/fileName/HandPoseRecordable.cs: be9aebb9e35f1a89cf251d5ebe16b65e -> 
  custom:scripting/monoscript/fileName/Benchmark02.cs: 5640963252ce70910e726415f869ced6 -> 
  custom:scripting/monoscript/fileName/TwoHandFreeTransformer.cs: 5484f45a8b713e7524e309309f536d2e -> 
  custom:scripting/monoscript/fileName/DropdownSample.cs: 0a92251794e5f10400149f96c3c59e5d -> 
  custom:scripting/monoscript/fileName/InteractorDriverGroup.cs: 25a18cbb0a76e7a8f37930efac2dc5e3 -> 
  custom:scripting/monoscript/fileName/WarpTextExample.cs: 2663459c266363641981c7d17b698d7f -> 
  custom:scripting/monoscript/fileName/InteractableTransformableConnection.cs: aa199f160bbadaf2d2b7430adb4b19a9 -> 
  custom:scripting/monoscript/fileName/JointLocking.cs: 04ef49fdef9b40429c44bd8bb4f83933 -> 
  custom:scripting/monoscript/fileName/OneHandTranslateTransformer.cs: e5593db0756115f769defd5b1bc42e7e -> 
  custom:CustomObjectIndexerAttribute: 9a22284fe3817be447336de3de66b15e -> 
  custom:scripting/monoscript/fileName/WitResponse.cs: 85febed2f7a25f57ec48693bd452c142 -> 
  custom:scripting/monoscript/fileName/OneEuroFilterRotationHand.cs: b7c0c166a2ca9babc479709621d65436 -> 
  custom:scripting/monoscript/fileName/TagInteractableFilter.cs: 6c02bfd80ff65fe2d5965298b17e0457 -> 
  custom:scripting/monoscript/fileName/PointableCylinderEditor.cs: 6340733d6723a340786b526e9320784f -> 
  custom:container-demuxer-webm: 4f35f7cbe854078d1ac9338744f61a02 -> 
  custom:scripting/monoscript/fileName/PointProximityField.cs: 0f95fb408e97956db7a3762247f8adc0 -> 
  custom:scripting/monoscript/fileName/SnapAddress.cs: c2a235d307f5033a6468630481616552 -> 
  custom:scripting/monoscript/fileName/InteractorGroupMulti.cs: 6bc778766dfc2f0ec0ad2013ae6c3d21 -> 
  custom:scripting/monoscript/fileName/MicBase.cs: 1ee5e56060961d5fcfcdfe4529504890 -> 47b01f48927768722a8422b4ac545006
  custom:scripting/monoscript/fileName/DropZoneSequentialSlotsProvider.cs: 7cdedd3fff635f926ee01eb94826964d -> 
  custom:scripting/monoscript/fileName/SnapPoint.cs: 75b9e5a0f94c20895cbed2ad0cae1535 -> 
  custom:scripting/monoscript/fileName/WitTrait.cs: 3139215512626b390a96d2cb63ff9eda -> 
  custom:scripting/monoscript/fileName/ChatController.cs: 876d5ccae6e345dd5d9450eb0a748f16 -> 
  custom:scripting/monoscript/fileName/ITransformable.cs: 215a3f4eeb91cb88c54863506271ef62 -> 
  custom:scripting/monoscript/fileName/CoroutineUtility.cs: fab89599511ae356a01c13a28fda4240 -> 821d19c5ac6a7e6baf82a95f7b4d30bf
  custom:scripting/monoscript/fileName/TeleportTurningGate.cs: 575c2ab79bdb37717f3efb10cff4d8ea -> 
  custom:scripting/monoscript/fileName/InputDataProviderUpdateTriggerOVREditor.cs: 296ebd2207288873d91d6a862e3b5272 -> 
  custom:scripting/monoscript/fileName/TextMeshSpawner.cs: 76f28e2ddb031571e6ec62b018f65fa8 -> 
  custom:scripting/monoscript/fileName/ColliderSurface.cs: b1cd8447e0ce952dcc7d7b666e8fca92 -> fc86642c94a9542e787a844561e4e4f2
  custom:scripting/monoscript/fileName/IInteractableRegistry.cs: 90647cc400823b41df847a6cbfc29026 -> 
  custom:scripting/monoscript/fileName/OneEuroFilterPositionHand.cs: 39d5de62c6b9f655efb66d407ad08fff -> 
  custom:scripting/monoscript/fileName/TeleType.cs: 31fa97821c4c70f157ec81d507aa6b62 -> 
  custom:scripting/monoscript/fileName/TTSStreamToggle.cs: 386098d9b6e67cd0a4ee56f3a7972a48 -> 0132d2e4cd28c22eddc3810c7daa80a8
  custom:scripting/monoscript/fileName/HandGrabInteractorVisual.cs: 4e78a3e45d86e390b096cc34598495d6 -> 
  custom:scripting/monoscript/fileName/WitRole.cs: d05ae217608bc7de182f2476f0c8e04d -> 
  custom:scripting/monoscript/fileName/WitIncomingEntity.cs: 78d455e2834b5f65d08838e068a6b637 -> 
  custom:scripting/monoscript/fileName/Benchmark04.cs: 32220b148620e52aa81c13a114862bf4 -> 
  custom:scripting/monoscript/fileName/CylinderProximityField.cs: d46f096ca0f256553da6db049bd8e1f0 -> 
  custom:scripting/monoscript/fileName/OneEuroFilterRotationDataModifier.cs: bbc3acc82de59e5fbec702d8f8197eed -> 
  custom:scripting/monoscript/fileName/WitEntity.cs: f3634f6b005d657d9256924b6ee7724f -> 
  custom:container-muxer-webm: aa71ff27fc2769a1b78a27578f13a17b -> 
  custom:video-decoder-webm-vp8: 9c59270c3fd7afecdb556c50c9e8de78 -> 
  custom:scripting/monoscript/fileName/TMP_PhoneNumberValidator.cs: 7c3049f481e464c6a9a15dee56c3126f -> 
  custom:scripting/monoscript/fileName/Payload.cs: 20bf3ab20e64bae704c38145b44c13ac -> 
  custom:scripting/monoscript/fileName/EnsureWitIntentsStep.cs: b136f8e7ef96058daebe6e4670855769 -> 
  custom:scripting/monoscript/fileName/HandGrabPointEditor.cs: 1de61d722aec3955a0ced3ddd1649237 -> 
  custom:scripting/monoscript/fileName/AimingStabilizedOrigin.cs: 8e9de4ec8ed1eca16b6b5ccdd53afdc0 -> 
  custom:scripting/monoscript/fileName/WitConfigurationData.cs: 1b59f7289bf740e9ef9f2be93d10f3d4 -> 
  custom:scripting/monoscript/fileName/VoiceUnityRequest.cs: e67404959cad22b5a8fdd8bc15940a60 -> 
  custom:scripting/monoscript/fileName/SyncWitEntitiesStep.cs: 2ad573a8b9afd7f1740d493d07a4c0da -> 
  custom:scripting/monoscript/fileName/PointableDelegate.cs: 90647cc400823b41df847a6cbfc29026 -> 
  custom:SearchIndexIgnoredProperties: e643bd26f0fe6173181afceb89e7c659 -> 
  custom:scripting/monoscript/fileName/PointablePlane.cs: 0c63873222e6ee1c4bb906924cab90d1 -> 
  custom:AudioImporter_EditorPlatform: d09bf68614088b80899f8185d706f6e7 -> 
  custom:scripting/monoscript/fileName/SphereEditor.cs: 276cafd8aae7e32d736a0c4daa10ab21 -> 
  custom:scripting/monoscript/fileName/EnvMapAnimator.cs: 1b4f61c17e4b7283c3ac351aacff9d26 -> 
  custom:scripting/monoscript/fileName/ShaderPropAnimator.cs: 55ce425812446482e623ff2695c94cb2 -> 
  custom:scripting/monoscript/fileName/CircleProximityField.cs: 3470d85e5a68b53f46ca8356f6863551 -> 
  custom:scripting/monoscript/fileName/Transformable.cs: 5a246a64658742dc20c886d79003f704 -> 
  custom:scripting/monoscript/fileName/InteractionOVRCameraRig.cs: 19e5e98fb10016c5e6956c7b291d0f17 -> 
  custom:scripting/monoscript/fileName/ObtainIdmData.cs: 93689dcf59e4155113dc068b963c769d -> 
  custom:scripting/monoscript/fileName/HandGrabPoint.cs: f8f9a4aeaae4341c0efe8cc3e2aa5fd8 -> 
  custom:scripting/monoscript/fileName/SimpleScript.cs: 454caab0c6c050f29b39d82e1d66d0fa -> 
  custom:scripting/monoscript/fileName/PointableGroup.cs: aea7bf2c731b6179d62dad93c7f1a961 -> 
  custom:scripting/monoscript/fileName/TransformableUnityEventWrapper.cs: aa0309b765937680c8aa9e4e094215f7 -> 
  custom:scripting/monoscript/fileName/ObjectSpin.cs: 2b96bb2079dd7fa5108d981627a28e1e -> 
  custom:scripting/monoscript/fileName/MicDebug.cs: 0703043cca43f55a99276c84b88d73fb -> 75d2f3a208b34ca2e9e43f6d5775eb91
  custom:scripting/monoscript/fileName/OneHandPhysicsJointTransformer.cs: e946e3b4b5cd8cde3f541291179028e9 -> 
  custom:scripting/monoscript/fileName/WitApplication.cs: 19806fe5aebcf74124ed49d589a7e43e -> 
  custom:scripting/monoscript/fileName/IInteractorDriver.cs: fc0a89f4490fc0584b64c6fc827ee895 -> 
  custom:scripting/monoscript/fileName/GrabbableUnityEventWrapper.cs: 33df70b122ad7f22db2cbfaa0b81510a -> 
  custom:scripting/monoscript/fileName/BezierSurface.cs: da0b185221f59d400e85940f5ce71c91 -> 
  custom:scripting/monoscript/fileName/CameraController.cs: 34b6be4e23ce86dc89786916c5983296 -> 
  custom:scripting/monoscript/fileName/InteractorComparer.cs: 90647cc400823b41df847a6cbfc29026 -> 
  custom:scripting/monoscript/fileName/HandPoseRecorder.cs: d6ebfdaa7663426067642c12a6222914 -> 
  custom:scripting/monoscript/fileName/TMP_TextInfoDebugTool.cs: 3f1709cfb2cc628169113a35b5e9be3f -> 
  custom:scripting/monoscript/fileName/CanvasRenderTextureMesh.cs: ba9623d0f846f302f4c58ca374ea8422 -> 
  custom:scripting/monoscript/fileName/IProximityField.cs: 1b8f3ef3bb8397988a6923ea34f554a3 -> 
  custom:scripting/monoscript/fileName/HandGrabInteractionUtilities.cs: 5e1b87f0c932124d19544f2653fcf382 -> 
  custom:scripting/monoscript/fileName/OneHandFreeTransformer.cs: 80b454bb7a7e54382c3e5a83c645a9b0 -> 
  custom:scripting/monoscript/fileName/TwoHandPlaneTransformer.cs: 82508aadcccc9aaae16a3d02dab1f1dd -> 
  custom:scripting/monoscript/fileName/IWitHttp.cs: 91506f2edcd3bae61fa15b5c8c35b6d5 -> 
  custom:scripting/monoscript/fileName/TMP_TextSelector_A.cs: 347309a09d56e367b188a6978f75b424 -> 
  custom:scripting/monoscript/fileName/JointRotationHistoryModifier.cs: b84eeaa16ce785ca3e0b5335f31473cc -> 
  custom:scripting/monoscript/fileName/TTSWitVoiceData.cs: 879b5b5a667decd113f2ef27fec58193 -> 
  custom:video-encoder-webm-vp8: eb34c28f22e8b96e1ab97ce403110664 -> 
  custom:scripting/monoscript/fileName/FingerGrabAPI.cs: f38129e37b49d6e3a171bd504092712b -> 
  custom:scripting/monoscript/fileName/DummyDataModifier.cs: ebbb5589f565d8685d37bb183b4c3ff4 -> 
  custom:scripting/monoscript/fileName/IDistanceInteractable.cs: c2d2949b74e1e24067c043dc8ee82c5a -> 
  custom:audio-decoder-ogg-vorbis: bf7c407c2cedff20999df2af8eb42d56 -> 
  custom:scripting/monoscript/fileName/SyntheticHandModifier.cs: 873320c031209152e80a3521b7c6e3f2 -> 
  custom:scripting/monoscript/fileName/VertexJitter.cs: d27eb5498e48714a66aece98da065133 -> 
  custom:scripting/monoscript/fileName/ISnapSurface.cs: e613c1039942a8c6f8524e6d36ccbc1b -> 
  custom:scripting/monoscript/fileName/HandGrab.cs: 50288240abd576346d83074011541b5b -> 
  custom:scripting/monoscript/fileName/TTSSpeakerInput.cs: 827d47b543f4663c13881e200e539afd -> 9224de466064073281bc72c5b8b2748c
  custom:scripting/monoscript/fileName/OneEuroFilterPositionDataModifier.cs: da29522a4b6eb1cb5f6511bdbdd27a95 -> 
  custom:scripting/monoscript/fileName/WitTrainingEntity.cs: f6d2096c03af45821ae473c66af255f2 -> 
  custom:scripting/monoscript/fileName/WitEntityKeyword.cs: b5b67313fa30a40635477940a31ddbde -> 
  custom:scripting/monoscript/fileName/PointableGrabbableConnection.cs: 35ac7dedcc44186f6f6c7bf3730e6343 -> 
  custom:scripting/monoscript/fileName/TextConsoleSimulator.cs: 33fc311abb20b5b0ed8f00e4d86b574e -> 
  custom:scripting/monoscript/fileName/VertexColorCycler.cs: 5f984ca91cf3609293aecc6bc5641572 -> 
  custom:scripting/monoscript/fileName/TMP_FrameRateCounter.cs: 46f655df8cb483ac5958307137b1585a -> 
  custom:scripting/monoscript/fileName/VertexShakeB.cs: a6f78c4fcda1a29a1a1c1baefedba9e7 -> 
  custom:scripting/monoscript/fileName/FixedScaleDataModifier.cs: 89e1be89d924ac28373337b3361e61dd -> 
  custom:scripting/monoscript/fileName/TMP_UiFrameRateCounter.cs: b01021aea19247f14a98ab338907956a -> 
  custom:scripting/monoscript/fileName/PointablePlaneEditor.cs: 37a91ecc3d62d378d68629c686a51361 -> 
  custom:scripting/monoscript/fileName/WitTrainer.cs: 5fb3c95ba24e9cf857cd9b4cee94291b -> 
  custom:scripting/monoscript/fileName/IInteractableFilter.cs: 81259a32cb7c13def6a0b70f08c66048 -> 
  custom:scripting/monoscript/fileName/TTSStatusLabel.cs: 17147acb333fe55f1217dee5b341ea9e -> 
  custom:scripting/monoscript/fileName/DropZoneInteractor.cs: 76b4b17e6eac72d8f5a16e87fd0e63b5 -> 
  custom:scripting/monoscript/fileName/IAspectProvider.cs: 9859c5919d893814fee2cdd590f4f949 -> 
  custom:scripting/monoscript/fileName/OnConduitFailedParameterResolutionAttribute.cs: 60901a81960a7c5a81c752381f8034ab -> 
  custom:scripting/monoscript/fileName/Mic.cs: 525051591b471bdbfa16530d37dcb655 -> 5fc48121bdfa6f25d9345006a81f8860
  custom:scripting/monoscript/fileName/TTSCacheToggle.cs: fef530a103c6b74722a7b6f18941e54c -> 410df47b336bde136543845320d773f8
  custom:scripting/monoscript/fileName/TMPro_InstructionOverlay.cs: b626d2270e6ebd5c4311585c18b58d8d -> 
  custom:scripting/monoscript/fileName/TMP_DigitValidator.cs: ac02af96215ae3951a3cce9e1a8c6085 -> 
  custom:scripting/monoscript/fileName/MicPermissionsManager.cs: 81a336319435a61331b696a347e78b9e -> f25de0368c3638f9a3bd7e7f63f0755a
  custom:scripting/monoscript/fileName/StepRunner.cs: 6ab640738f608e4b47206553c39b2c58 -> 
  custom:scripting/monoscript/fileName/WitUnityRequest.cs: 2bd88b304dddeb742392b5d5568e7bf7 -> 156bc76d85c310a98e115eec74a771cd
  custom:audio-encoder-webm-vorbis: bf7c407c2cedff20999df2af8eb42d56 -> 
  custom:scripting/monoscript/fileName/CircleProximityFieldEditor.cs: 55b157de94575afe7fdac58cd51e3b1c -> 
  custom:scripting/monoscript/fileName/TTSErrorText.cs: f03cdbc7b1d745067e8f357414e703b1 -> 21a4d51c9f7822c5dae2e2c7e2605044
  custom:scripting/monoscript/fileName/FingerPinchAPI.cs: 478ca37299a2b7ce3d309683ce89043a -> 
  custom:scripting/monoscript/fileName/Benchmark01_UGUI.cs: 6148cfe2627b7708298f301788144139 -> 
  custom:scripting/monoscript/fileName/IPointableSurface.cs: d7a8e441db2730be64c585bb12bf4db1 -> 
  custom:scripting/monoscript/fileName/PhysicsTransformable.cs: 5811faf37734ce7ec9b28418c4758de1 -> 
  custom:scripting/monoscript/fileName/PitchRemap.cs: 5b7277eeb0a8effc4822cb897b70f197 -> 
  custom:scripting/monoscript/fileName/WitOutgoingEntity.cs: c7126ba0b7fa09ef7a925f4dc186e5b7 -> 
  custom:scripting/precompiled-assembly-types:Assembly-CSharp: 6656b4eabdd7021662a3c2e888d49805 -> 814ac1c33453c30a9ab4084cc68c341e
  custom:scripting/monoscript/fileName/LocomotionGateVisual.cs: e25bbb39051f52b97c3e93bb37ab390d -> 
  custom:scripting/monoscript/fileName/TTSWitVoiceUtility.cs: eee5b9af7f1fc7fc0da148c8bdf0ad4f -> 
  custom:scripting/monoscript/fileName/Benchmark03.cs: 17cc87e0529ac71d909a946afb47a274 -> 
  custom:scripting/monoscript/fileName/HandleEntityResolutionFailureAttribute.cs: c6e2d1dd1bcaba0322547519e0e12ac7 -> 
========================================================================
Received Prepare
Caller must complete domain reload
Begin MonoManager ReloadAssembly
- Loaded All Assemblies, in  1.894 seconds
Native extension for WindowsStandalone target not found
Native extension for WebGL target not found
Mono: successfully reloaded assembly
- Finished resetting the current domain, in  3.194 seconds
Domain Reload Profiling: 5009ms
	BeginReloadAssembly (762ms)
		ExecutionOrderSort (0ms)
		DisableScriptedObjects (3ms)
		BackupInstance (0ms)
		ReleaseScriptingObjects (0ms)
		CreateAndSetChildDomain (29ms)
	RebuildCommonClasses (37ms)
	RebuildNativeTypeToScriptingClass (11ms)
	initialDomainReloadingComplete (165ms)
	LoadAllAssembliesAndSetupDomain (839ms)
		LoadAssemblies (1477ms)
		RebuildTransferFunctionScriptingTraits (0ms)
		AnalyzeDomain (26ms)
			TypeCache.Refresh (7ms)
				TypeCache.ScanAssembly (0ms)
			ScanForSourceGeneratedMonoScriptInfo (0ms)
			ResolveRequiredComponents (17ms)
	FinalizeReload (3195ms)
		ReleaseScriptCaches (0ms)
		RebuildScriptCaches (0ms)
		SetupLoadedEditorAssemblies (941ms)
			LogAssemblyErrors (0ms)
			InitializePlatformSupportModulesInManaged (22ms)
			SetLoadedEditorAssemblies (4ms)
			RefreshPlugins (0ms)
			BeforeProcessingInitializeOnLoad (222ms)
			ProcessInitializeOnLoadAttributes (619ms)
			ProcessInitializeOnLoadMethodAttributes (24ms)
			AfterProcessingInitializeOnLoad (49ms)
			EditorAssembliesLoaded (0ms)
		ExecutionOrderSort2 (0ms)
		AwakeInstancesAfterBackupRestoration (14ms)
Shader 'Oculus/OVRMRCameraFrameLit': fallback shader 'Alpha-Diffuse' not found
Refreshing native plugins compatible for Editor in 72.85 ms, found 8 plugins.
Preloading 2 native plugins for Editor in 0.43 ms.
Unloading 4946 Unused Serialized files (Serialized files now loaded: 0)
Unloading 19 unused Assets / (208.4 KB). Loaded Objects now: 5521.
Memory consumption went from 168.3 MB to 168.1 MB.
Total: 3.790700 ms (FindLiveObjects: 0.292500 ms CreateObjectMapping: 0.143200 ms MarkObjects: 3.161600 ms  DeleteObjects: 0.192300 ms)

Prepare: number of updated asset objects reloaded= 0
AssetImportParameters requested are different than current active one (requested -> active):
  custom:scripting/monoscript/fileName/WitIntent.cs: b16c53bcdd4b02694d33f5fcb8acdf19 -> 
  custom:scripting/monoscript/fileName/GrabPointsPoseFinder.cs: 2ce4e7dd89758cfe15cc84bbdaa5d275 -> 
  custom:scripting/monoscript/fileName/CylinderProximityFieldEditor.cs: 3e379a0d9898211fdf7bd80a30343891 -> 
  custom:scripting/monoscript/fileName/CanvasMeshPointable.cs: c479bafc80e05db87d89b0e734294af3 -> 
  custom:scripting/monoscript/fileName/CylinderEditor.cs: b3e556284986a11c8d6bd82a7d7bef7e -> 
  custom:scripting/monoscript/fileName/SkewTextExample.cs: c142d02d70a129e0533975f7c2f96956 -> 
  custom:scripting/monoscript/fileName/GrabPoint.cs: a19e23b452c1156c6e2d489a5b9f5977 -> 
  custom:container-demuxer-ogg: 62fdf1f143b41e24485cea50d1cbac27 -> 
  custom:scripting/monoscript/fileName/OneHandRotateTransformer.cs: b4ad4fec7dbc0022b27ef2f1444e1086 -> 
  custom:scripting/monoscript/fileName/WitTraitValue.cs: c4fc68c99e4126ea4ce1abd10ab830cf -> 
  custom:scripting/monoscript/fileName/TMP_TextEventHandler.cs: f5cd9d5a43bfefc8f4fec80e6de896a4 -> 
  custom:scripting/monoscript/fileName/IMonoBehaviourFilter.cs: 9cedc3648a1ac103150b8378e75e48c4 -> 
  custom:scripting/monoscript/fileName/BezierSurfaceEditor.cs: 3bfdf637db9318a14fc832066acdc19a -> 
  custom:scripting/monoscript/fileName/SnapSurfaceHelper.cs: 7310cd667c1f6f32da3156d4956a11cb -> 
  custom:scripting/monoscript/fileName/InputDataProviderUpdateTriggerOVR.cs: c642c70bc2d53e104962e39be79e0283 -> 
  custom:scripting/monoscript/fileName/ITween.cs: d765ab2d93516afd5cff5e65cdb523ff -> 
  custom:scripting/monoscript/fileName/TextMeshProFloatingText.cs: 92608fa4a6315cd0786d82205e77b697 -> 
  custom:scripting/monoscript/fileName/DropZoneInteractable.cs: da4c91e5f510c5633065c5ee349670e0 -> 
  custom:scripting/monoscript/fileName/InteractorGroup.cs: 075c37967371ab7213a5d5cca24ff1fc -> 60fe7361e8ecd7ffeba4477da21c55fe
  custom:scripting/monoscript/fileName/WitHttp.cs: 65528eef0357ac8698cea4e277f16a7c -> 
  custom:scripting/monoscript/fileName/VertexZoom.cs: 650ab1e81d40126e3edcf737cce646e4 -> 
  custom:scripting/monoscript/fileName/BoxProximityField.cs: 8381476084cb2eebc09f6205ab260a5f -> 
  custom:scripting/monoscript/fileName/ProcessStep.cs: c70de6d5eef34fc1abe9451b4eb02d17 -> 
  custom:video-codec-MediaFoundation-h265: 746d11721c4dcdbdad8f713fa42b33f4 -> 
  custom:scripting/monoscript/fileName/WitTrainingUtterance.cs: a06d2df3896850626c28c2eee2f3361f -> 
  custom:scripting/monoscript/fileName/IInteractorComparer.cs: 134007cf487fdfbaee924b7d31a3e8ab -> 
  custom:scripting/monoscript/fileName/ITeleportArc.cs: 1ea6eacef0fbe7453ebeaaedd85bf98c -> 
  custom:scripting/monoscript/fileName/CylinderSurface.cs: 06b7f3fe576c2b562f08ad1445def42f -> 5bee5d43e279f1a3b524f87759982fd3
  custom:scripting/monoscript/fileName/VertexShakeA.cs: 63ec564c588058369499638dd899e05b -> 
  custom:scripting/monoscript/fileName/TagMonoBehaviourFilter.cs: 899569d8afa40a8d293811b71b3f0a56 -> 
  custom:scripting/monoscript/fileName/SphereSurface.cs: 6d8b2477044e484ea8579f6f1f45e3a8 -> 
  custom:scripting/monoscript/fileName/LastKnownGoodDataModifier.cs: 0b2c17c40fb2875f055e57a3080d7c9d -> 
  custom:scripting/monoscript/fileName/TMP_ExampleScript_01.cs: a9d4be556104ff54e7d240529b3e01dc -> 
  custom:video-decoder-ogg-theora: a1e56fd34408186e4bbccfd4996cb3dc -> 
  custom:scripting/monoscript/fileName/WitEntityRole.cs: 8b2af296196ddab171c9825f773f77da -> 
  custom:scripting/monoscript/fileName/TMP_TextEventCheck.cs: 13505d917eab5868c435e0c2986dadfa -> 
  custom:scripting/monoscript/fileName/TMP_TextSelector_B.cs: ba2be21a7486d37b1011342977a2e49d -> 
  custom:scripting/monoscript/fileName/Benchmark01.cs: 2d3e2cd961730ab95f139a49a673bace -> 
  custom:scripting/monoscript/fileName/PointableCylinder.cs: 9a62d083874bdd860515054a450ac594 -> 
  custom:scripting/monoscript/fileName/AudioEncoding.cs: f84b3952f084caac261984fbd264acec -> 7f68c8ddbd6875f735f3280c1aa36e92
  custom:scripting/monoscript/fileName/InteractorDriver.cs: 285df5cb75aa79644c75f1cfa1d96ee4 -> 
  custom:framework-win-MediaFoundation: 216162199b28c13a410421893ffa2e32 -> 
  custom:scripting/monoscript/fileName/ISnapPoseProvider.cs: 3ec1f733df4df3213c9abc4abfa84cf1 -> 
  custom:scripting/monoscript/fileName/IDropZoneSlotsProvider.cs: fc82a4709de8cea85e0be7e46ba6942f -> 
  custom:scripting/monoscript/fileName/IAudioInputSource.cs: 9cedc902c969604d8ecab3d4c3d431d7 -> 938d3583ac997fe47e013c96006b1b9d
  custom:scripting/monoscript/fileName/BoxProximityFieldEditor.cs: 3ca172dc25f45b576b1261d9f0fc6a13 -> 
  custom:scripting/monoscript/fileName/ArcRangeModifier.cs: df4e86005874fa14c26dde0e58fe01b3 -> 
  custom:scripting/monoscript/fileName/TrainUtterances.cs: fad5269aa3542e54bceac07b82fa9fb2 -> 
  custom:scripting/monoscript/fileName/OVRSkeletonDataProviders.cs: c9301a8aea506ae86c85f3531883f294 -> 
  custom:scripting/monoscript/fileName/BoxEditor.cs: 6cb10ba4aeba036613100827e384c6dd -> 
  custom:scripting/monoscript/fileName/BoxSurface.cs: 64c4f1d5c8f509e2ebfbbe8cc0454ae3 -> 
  custom:scripting/monoscript/fileName/HandPoseRecordable.cs: be9aebb9e35f1a89cf251d5ebe16b65e -> 
  custom:scripting/monoscript/fileName/Benchmark02.cs: 5640963252ce70910e726415f869ced6 -> 
  custom:scripting/monoscript/fileName/TwoHandFreeTransformer.cs: 5484f45a8b713e7524e309309f536d2e -> 
  custom:scripting/monoscript/fileName/DropdownSample.cs: 0a92251794e5f10400149f96c3c59e5d -> 
  custom:scripting/monoscript/fileName/InteractorDriverGroup.cs: 25a18cbb0a76e7a8f37930efac2dc5e3 -> 
  custom:scripting/monoscript/fileName/WarpTextExample.cs: 2663459c266363641981c7d17b698d7f -> 
  custom:scripting/monoscript/fileName/InteractableTransformableConnection.cs: aa199f160bbadaf2d2b7430adb4b19a9 -> 
  custom:scripting/monoscript/fileName/JointLocking.cs: 04ef49fdef9b40429c44bd8bb4f83933 -> 
  custom:scripting/monoscript/fileName/OneHandTranslateTransformer.cs: e5593db0756115f769defd5b1bc42e7e -> 
  custom:CustomObjectIndexerAttribute: 9a22284fe3817be447336de3de66b15e -> 
  custom:scripting/monoscript/fileName/WitResponse.cs: 85febed2f7a25f57ec48693bd452c142 -> 
  custom:scripting/monoscript/fileName/OneEuroFilterRotationHand.cs: b7c0c166a2ca9babc479709621d65436 -> 
  custom:scripting/monoscript/fileName/TagInteractableFilter.cs: 6c02bfd80ff65fe2d5965298b17e0457 -> 
  custom:scripting/monoscript/fileName/PointableCylinderEditor.cs: 6340733d6723a340786b526e9320784f -> 
  custom:container-demuxer-webm: 4f35f7cbe854078d1ac9338744f61a02 -> 
  custom:scripting/monoscript/fileName/PointProximityField.cs: 0f95fb408e97956db7a3762247f8adc0 -> 
  custom:scripting/monoscript/fileName/SnapAddress.cs: c2a235d307f5033a6468630481616552 -> 
  custom:scripting/monoscript/fileName/InteractorGroupMulti.cs: 6bc778766dfc2f0ec0ad2013ae6c3d21 -> 
  custom:scripting/monoscript/fileName/MicBase.cs: 1ee5e56060961d5fcfcdfe4529504890 -> 47b01f48927768722a8422b4ac545006
  custom:scripting/monoscript/fileName/DropZoneSequentialSlotsProvider.cs: 7cdedd3fff635f926ee01eb94826964d -> 
  custom:scripting/monoscript/fileName/SnapPoint.cs: 75b9e5a0f94c20895cbed2ad0cae1535 -> 
  custom:scripting/monoscript/fileName/WitTrait.cs: 3139215512626b390a96d2cb63ff9eda -> 
  custom:scripting/monoscript/fileName/ChatController.cs: 876d5ccae6e345dd5d9450eb0a748f16 -> 
  custom:scripting/monoscript/fileName/ITransformable.cs: 215a3f4eeb91cb88c54863506271ef62 -> 
  custom:scripting/monoscript/fileName/CoroutineUtility.cs: fab89599511ae356a01c13a28fda4240 -> 821d19c5ac6a7e6baf82a95f7b4d30bf
  custom:scripting/monoscript/fileName/TeleportTurningGate.cs: 575c2ab79bdb37717f3efb10cff4d8ea -> 
  custom:scripting/monoscript/fileName/InputDataProviderUpdateTriggerOVREditor.cs: 296ebd2207288873d91d6a862e3b5272 -> 
  custom:scripting/monoscript/fileName/TextMeshSpawner.cs: 76f28e2ddb031571e6ec62b018f65fa8 -> 
  custom:scripting/monoscript/fileName/ColliderSurface.cs: b1cd8447e0ce952dcc7d7b666e8fca92 -> fc86642c94a9542e787a844561e4e4f2
  custom:scripting/monoscript/fileName/IInteractableRegistry.cs: 90647cc400823b41df847a6cbfc29026 -> 
  custom:scripting/monoscript/fileName/OneEuroFilterPositionHand.cs: 39d5de62c6b9f655efb66d407ad08fff -> 
  custom:scripting/monoscript/fileName/TeleType.cs: 31fa97821c4c70f157ec81d507aa6b62 -> 
  custom:scripting/monoscript/fileName/TTSStreamToggle.cs: 386098d9b6e67cd0a4ee56f3a7972a48 -> 0132d2e4cd28c22eddc3810c7daa80a8
  custom:scripting/monoscript/fileName/HandGrabInteractorVisual.cs: 4e78a3e45d86e390b096cc34598495d6 -> 
  custom:scripting/monoscript/fileName/WitRole.cs: d05ae217608bc7de182f2476f0c8e04d -> 
  custom:scripting/monoscript/fileName/WitIncomingEntity.cs: 78d455e2834b5f65d08838e068a6b637 -> 
  custom:scripting/monoscript/fileName/Benchmark04.cs: 32220b148620e52aa81c13a114862bf4 -> 
  custom:scripting/monoscript/fileName/CylinderProximityField.cs: d46f096ca0f256553da6db049bd8e1f0 -> 
  custom:scripting/monoscript/fileName/OneEuroFilterRotationDataModifier.cs: bbc3acc82de59e5fbec702d8f8197eed -> 
  custom:scripting/monoscript/fileName/WitEntity.cs: f3634f6b005d657d9256924b6ee7724f -> 
  custom:container-muxer-webm: aa71ff27fc2769a1b78a27578f13a17b -> 
  custom:video-decoder-webm-vp8: 9c59270c3fd7afecdb556c50c9e8de78 -> 
  custom:scripting/monoscript/fileName/TMP_PhoneNumberValidator.cs: 7c3049f481e464c6a9a15dee56c3126f -> 
  custom:scripting/monoscript/fileName/Payload.cs: 20bf3ab20e64bae704c38145b44c13ac -> 
  custom:scripting/monoscript/fileName/EnsureWitIntentsStep.cs: b136f8e7ef96058daebe6e4670855769 -> 
  custom:scripting/monoscript/fileName/HandGrabPointEditor.cs: 1de61d722aec3955a0ced3ddd1649237 -> 
  custom:scripting/monoscript/fileName/AimingStabilizedOrigin.cs: 8e9de4ec8ed1eca16b6b5ccdd53afdc0 -> 
  custom:scripting/monoscript/fileName/WitConfigurationData.cs: 1b59f7289bf740e9ef9f2be93d10f3d4 -> 
  custom:scripting/monoscript/fileName/VoiceUnityRequest.cs: e67404959cad22b5a8fdd8bc15940a60 -> 
  custom:scripting/monoscript/fileName/SyncWitEntitiesStep.cs: 2ad573a8b9afd7f1740d493d07a4c0da -> 
  custom:scripting/monoscript/fileName/PointableDelegate.cs: 90647cc400823b41df847a6cbfc29026 -> 
  custom:SearchIndexIgnoredProperties: e643bd26f0fe6173181afceb89e7c659 -> 
  custom:scripting/monoscript/fileName/PointablePlane.cs: 0c63873222e6ee1c4bb906924cab90d1 -> 
  custom:AudioImporter_EditorPlatform: d09bf68614088b80899f8185d706f6e7 -> 
  custom:scripting/monoscript/fileName/SphereEditor.cs: 276cafd8aae7e32d736a0c4daa10ab21 -> 
  custom:scripting/monoscript/fileName/EnvMapAnimator.cs: 1b4f61c17e4b7283c3ac351aacff9d26 -> 
  custom:scripting/monoscript/fileName/ShaderPropAnimator.cs: 55ce425812446482e623ff2695c94cb2 -> 
  custom:scripting/monoscript/fileName/CircleProximityField.cs: 3470d85e5a68b53f46ca8356f6863551 -> 
  custom:scripting/monoscript/fileName/Transformable.cs: 5a246a64658742dc20c886d79003f704 -> 
  custom:scripting/monoscript/fileName/InteractionOVRCameraRig.cs: 19e5e98fb10016c5e6956c7b291d0f17 -> 
  custom:scripting/monoscript/fileName/ObtainIdmData.cs: 93689dcf59e4155113dc068b963c769d -> 
  custom:scripting/monoscript/fileName/HandGrabPoint.cs: f8f9a4aeaae4341c0efe8cc3e2aa5fd8 -> 
  custom:scripting/monoscript/fileName/SimpleScript.cs: 454caab0c6c050f29b39d82e1d66d0fa -> 
  custom:scripting/monoscript/fileName/PointableGroup.cs: aea7bf2c731b6179d62dad93c7f1a961 -> 
  custom:scripting/monoscript/fileName/TransformableUnityEventWrapper.cs: aa0309b765937680c8aa9e4e094215f7 -> 
  custom:scripting/monoscript/fileName/ObjectSpin.cs: 2b96bb2079dd7fa5108d981627a28e1e -> 
  custom:scripting/monoscript/fileName/MicDebug.cs: 0703043cca43f55a99276c84b88d73fb -> 75d2f3a208b34ca2e9e43f6d5775eb91
  custom:scripting/monoscript/fileName/OneHandPhysicsJointTransformer.cs: e946e3b4b5cd8cde3f541291179028e9 -> 
  custom:scripting/monoscript/fileName/WitApplication.cs: 19806fe5aebcf74124ed49d589a7e43e -> 
  custom:scripting/monoscript/fileName/IInteractorDriver.cs: fc0a89f4490fc0584b64c6fc827ee895 -> 
  custom:scripting/monoscript/fileName/GrabbableUnityEventWrapper.cs: 33df70b122ad7f22db2cbfaa0b81510a -> 
  custom:scripting/monoscript/fileName/BezierSurface.cs: da0b185221f59d400e85940f5ce71c91 -> 
  custom:scripting/monoscript/fileName/CameraController.cs: 34b6be4e23ce86dc89786916c5983296 -> 
  custom:scripting/monoscript/fileName/InteractorComparer.cs: 90647cc400823b41df847a6cbfc29026 -> 
  custom:scripting/monoscript/fileName/HandPoseRecorder.cs: d6ebfdaa7663426067642c12a6222914 -> 
  custom:scripting/monoscript/fileName/TMP_TextInfoDebugTool.cs: 3f1709cfb2cc628169113a35b5e9be3f -> 
  custom:scripting/monoscript/fileName/CanvasRenderTextureMesh.cs: ba9623d0f846f302f4c58ca374ea8422 -> 
  custom:scripting/monoscript/fileName/IProximityField.cs: 1b8f3ef3bb8397988a6923ea34f554a3 -> 
  custom:scripting/monoscript/fileName/HandGrabInteractionUtilities.cs: 5e1b87f0c932124d19544f2653fcf382 -> 
  custom:scripting/monoscript/fileName/OneHandFreeTransformer.cs: 80b454bb7a7e54382c3e5a83c645a9b0 -> 
  custom:scripting/monoscript/fileName/TwoHandPlaneTransformer.cs: 82508aadcccc9aaae16a3d02dab1f1dd -> 
  custom:scripting/monoscript/fileName/IWitHttp.cs: 91506f2edcd3bae61fa15b5c8c35b6d5 -> 
  custom:scripting/monoscript/fileName/TMP_TextSelector_A.cs: 347309a09d56e367b188a6978f75b424 -> 
  custom:scripting/monoscript/fileName/JointRotationHistoryModifier.cs: b84eeaa16ce785ca3e0b5335f31473cc -> 
  custom:scripting/monoscript/fileName/TTSWitVoiceData.cs: 879b5b5a667decd113f2ef27fec58193 -> 
  custom:video-encoder-webm-vp8: eb34c28f22e8b96e1ab97ce403110664 -> 
  custom:scripting/monoscript/fileName/FingerGrabAPI.cs: f38129e37b49d6e3a171bd504092712b -> 
  custom:scripting/monoscript/fileName/DummyDataModifier.cs: ebbb5589f565d8685d37bb183b4c3ff4 -> 
  custom:scripting/monoscript/fileName/IDistanceInteractable.cs: c2d2949b74e1e24067c043dc8ee82c5a -> 
  custom:audio-decoder-ogg-vorbis: bf7c407c2cedff20999df2af8eb42d56 -> 
  custom:scripting/monoscript/fileName/SyntheticHandModifier.cs: 873320c031209152e80a3521b7c6e3f2 -> 
  custom:scripting/monoscript/fileName/VertexJitter.cs: d27eb5498e48714a66aece98da065133 -> 
  custom:scripting/monoscript/fileName/ISnapSurface.cs: e613c1039942a8c6f8524e6d36ccbc1b -> 
  custom:scripting/monoscript/fileName/HandGrab.cs: 50288240abd576346d83074011541b5b -> 
  custom:scripting/monoscript/fileName/TTSSpeakerInput.cs: 827d47b543f4663c13881e200e539afd -> 9224de466064073281bc72c5b8b2748c
  custom:scripting/monoscript/fileName/OneEuroFilterPositionDataModifier.cs: da29522a4b6eb1cb5f6511bdbdd27a95 -> 
  custom:scripting/monoscript/fileName/WitTrainingEntity.cs: f6d2096c03af45821ae473c66af255f2 -> 
  custom:scripting/monoscript/fileName/WitEntityKeyword.cs: b5b67313fa30a40635477940a31ddbde -> 
  custom:scripting/monoscript/fileName/PointableGrabbableConnection.cs: 35ac7dedcc44186f6f6c7bf3730e6343 -> 
  custom:scripting/monoscript/fileName/TextConsoleSimulator.cs: 33fc311abb20b5b0ed8f00e4d86b574e -> 
  custom:scripting/monoscript/fileName/VertexColorCycler.cs: 5f984ca91cf3609293aecc6bc5641572 -> 
  custom:scripting/monoscript/fileName/TMP_FrameRateCounter.cs: 46f655df8cb483ac5958307137b1585a -> 
  custom:scripting/monoscript/fileName/VertexShakeB.cs: a6f78c4fcda1a29a1a1c1baefedba9e7 -> 
  custom:scripting/monoscript/fileName/FixedScaleDataModifier.cs: 89e1be89d924ac28373337b3361e61dd -> 
  custom:scripting/monoscript/fileName/TMP_UiFrameRateCounter.cs: b01021aea19247f14a98ab338907956a -> 
  custom:scripting/monoscript/fileName/PointablePlaneEditor.cs: 37a91ecc3d62d378d68629c686a51361 -> 
  custom:scripting/monoscript/fileName/WitTrainer.cs: 5fb3c95ba24e9cf857cd9b4cee94291b -> 
  custom:scripting/monoscript/fileName/IInteractableFilter.cs: 81259a32cb7c13def6a0b70f08c66048 -> 
  custom:scripting/monoscript/fileName/TTSStatusLabel.cs: 17147acb333fe55f1217dee5b341ea9e -> 
  custom:scripting/monoscript/fileName/DropZoneInteractor.cs: 76b4b17e6eac72d8f5a16e87fd0e63b5 -> 
  custom:scripting/monoscript/fileName/IAspectProvider.cs: 9859c5919d893814fee2cdd590f4f949 -> 
  custom:scripting/monoscript/fileName/OnConduitFailedParameterResolutionAttribute.cs: 60901a81960a7c5a81c752381f8034ab -> 
  custom:scripting/monoscript/fileName/Mic.cs: 525051591b471bdbfa16530d37dcb655 -> 5fc48121bdfa6f25d9345006a81f8860
  custom:scripting/monoscript/fileName/TTSCacheToggle.cs: fef530a103c6b74722a7b6f18941e54c -> 410df47b336bde136543845320d773f8
  custom:scripting/monoscript/fileName/TMPro_InstructionOverlay.cs: b626d2270e6ebd5c4311585c18b58d8d -> 
  custom:scripting/monoscript/fileName/TMP_DigitValidator.cs: ac02af96215ae3951a3cce9e1a8c6085 -> 
  custom:scripting/monoscript/fileName/MicPermissionsManager.cs: 81a336319435a61331b696a347e78b9e -> f25de0368c3638f9a3bd7e7f63f0755a
  custom:scripting/monoscript/fileName/StepRunner.cs: 6ab640738f608e4b47206553c39b2c58 -> 
  custom:scripting/monoscript/fileName/WitUnityRequest.cs: 2bd88b304dddeb742392b5d5568e7bf7 -> 156bc76d85c310a98e115eec74a771cd
  custom:audio-encoder-webm-vorbis: bf7c407c2cedff20999df2af8eb42d56 -> 
  custom:scripting/monoscript/fileName/CircleProximityFieldEditor.cs: 55b157de94575afe7fdac58cd51e3b1c -> 
  custom:scripting/monoscript/fileName/TTSErrorText.cs: f03cdbc7b1d745067e8f357414e703b1 -> 21a4d51c9f7822c5dae2e2c7e2605044
  custom:scripting/monoscript/fileName/FingerPinchAPI.cs: 478ca37299a2b7ce3d309683ce89043a -> 
  custom:scripting/monoscript/fileName/Benchmark01_UGUI.cs: 6148cfe2627b7708298f301788144139 -> 
  custom:scripting/monoscript/fileName/IPointableSurface.cs: d7a8e441db2730be64c585bb12bf4db1 -> 
  custom:scripting/monoscript/fileName/PhysicsTransformable.cs: 5811faf37734ce7ec9b28418c4758de1 -> 
  custom:scripting/monoscript/fileName/PitchRemap.cs: 5b7277eeb0a8effc4822cb897b70f197 -> 
  custom:scripting/monoscript/fileName/WitOutgoingEntity.cs: c7126ba0b7fa09ef7a925f4dc186e5b7 -> 
  custom:scripting/precompiled-assembly-types:Assembly-CSharp: 6656b4eabdd7021662a3c2e888d49805 -> 814ac1c33453c30a9ab4084cc68c341e
  custom:scripting/monoscript/fileName/LocomotionGateVisual.cs: e25bbb39051f52b97c3e93bb37ab390d -> 
  custom:scripting/monoscript/fileName/TTSWitVoiceUtility.cs: eee5b9af7f1fc7fc0da148c8bdf0ad4f -> 
  custom:scripting/monoscript/fileName/Benchmark03.cs: 17cc87e0529ac71d909a946afb47a274 -> 
  custom:scripting/monoscript/fileName/HandleEntityResolutionFailureAttribute.cs: c6e2d1dd1bcaba0322547519e0e12ac7 -> 
========================================================================
Received Prepare
Caller must complete domain reload
Begin MonoManager ReloadAssembly
- Loaded All Assemblies, in  0.722 seconds
Native extension for WindowsStandalone target not found
Native extension for WebGL target not found
Mono: successfully reloaded assembly
- Finished resetting the current domain, in  2.191 seconds
Domain Reload Profiling: 2900ms
	BeginReloadAssembly (192ms)
		ExecutionOrderSort (0ms)
		DisableScriptedObjects (3ms)
		BackupInstance (0ms)
		ReleaseScriptingObjects (0ms)
		CreateAndSetChildDomain (23ms)
	RebuildCommonClasses (23ms)
	RebuildNativeTypeToScriptingClass (6ms)
	initialDomainReloadingComplete (52ms)
	LoadAllAssembliesAndSetupDomain (435ms)
		LoadAssemblies (537ms)
		RebuildTransferFunctionScriptingTraits (0ms)
		AnalyzeDomain (23ms)
			TypeCache.Refresh (6ms)
				TypeCache.ScanAssembly (0ms)
			ScanForSourceGeneratedMonoScriptInfo (0ms)
			ResolveRequiredComponents (15ms)
	FinalizeReload (2191ms)
		ReleaseScriptCaches (0ms)
		RebuildScriptCaches (0ms)
		SetupLoadedEditorAssemblies (699ms)
			LogAssemblyErrors (0ms)
			InitializePlatformSupportModulesInManaged (16ms)
			SetLoadedEditorAssemblies (4ms)
			RefreshPlugins (0ms)
			BeforeProcessingInitializeOnLoad (152ms)
			ProcessInitializeOnLoadAttributes (474ms)
			ProcessInitializeOnLoadMethodAttributes (19ms)
			AfterProcessingInitializeOnLoad (33ms)
			EditorAssembliesLoaded (0ms)
		ExecutionOrderSort2 (0ms)
		AwakeInstancesAfterBackupRestoration (10ms)
Shader 'Oculus/OVRMRCameraFrameLit': fallback shader 'Alpha-Diffuse' not found
Refreshing native plugins compatible for Editor in 31.84 ms, found 8 plugins.
Preloading 2 native plugins for Editor in 0.46 ms.
Unloading 4946 Unused Serialized files (Serialized files now loaded: 0)
Unloading 19 unused Assets / (200.3 KB). Loaded Objects now: 5525.
Memory consumption went from 168.3 MB to 168.1 MB.
Total: 2.736300 ms (FindLiveObjects: 0.230900 ms CreateObjectMapping: 0.086900 ms MarkObjects: 2.285600 ms  DeleteObjects: 0.131200 ms)

Prepare: number of updated asset objects reloaded= 0
AssetImportParameters requested are different than current active one (requested -> active):
  custom:scripting/monoscript/fileName/WitIntent.cs: b16c53bcdd4b02694d33f5fcb8acdf19 -> 
  custom:scripting/monoscript/fileName/GrabPointsPoseFinder.cs: 2ce4e7dd89758cfe15cc84bbdaa5d275 -> 
  custom:scripting/monoscript/fileName/CylinderProximityFieldEditor.cs: 3e379a0d9898211fdf7bd80a30343891 -> 
  custom:scripting/monoscript/fileName/CanvasMeshPointable.cs: c479bafc80e05db87d89b0e734294af3 -> 
  custom:scripting/monoscript/fileName/CylinderEditor.cs: b3e556284986a11c8d6bd82a7d7bef7e -> 
  custom:scripting/monoscript/fileName/SkewTextExample.cs: c142d02d70a129e0533975f7c2f96956 -> 
  custom:scripting/monoscript/fileName/GrabPoint.cs: a19e23b452c1156c6e2d489a5b9f5977 -> 
  custom:container-demuxer-ogg: 62fdf1f143b41e24485cea50d1cbac27 -> 
  custom:scripting/monoscript/fileName/OneHandRotateTransformer.cs: b4ad4fec7dbc0022b27ef2f1444e1086 -> 
  custom:scripting/monoscript/fileName/WitTraitValue.cs: c4fc68c99e4126ea4ce1abd10ab830cf -> 
  custom:scripting/monoscript/fileName/TMP_TextEventHandler.cs: f5cd9d5a43bfefc8f4fec80e6de896a4 -> 
  custom:scripting/monoscript/fileName/IMonoBehaviourFilter.cs: 9cedc3648a1ac103150b8378e75e48c4 -> 
  custom:scripting/monoscript/fileName/BezierSurfaceEditor.cs: 3bfdf637db9318a14fc832066acdc19a -> 
  custom:scripting/monoscript/fileName/SnapSurfaceHelper.cs: 7310cd667c1f6f32da3156d4956a11cb -> 
  custom:scripting/monoscript/fileName/InputDataProviderUpdateTriggerOVR.cs: c642c70bc2d53e104962e39be79e0283 -> 
  custom:scripting/monoscript/fileName/ITween.cs: d765ab2d93516afd5cff5e65cdb523ff -> 
  custom:scripting/monoscript/fileName/TextMeshProFloatingText.cs: 92608fa4a6315cd0786d82205e77b697 -> 
  custom:scripting/monoscript/fileName/DropZoneInteractable.cs: da4c91e5f510c5633065c5ee349670e0 -> 
  custom:scripting/monoscript/fileName/InteractorGroup.cs: 075c37967371ab7213a5d5cca24ff1fc -> 60fe7361e8ecd7ffeba4477da21c55fe
  custom:scripting/monoscript/fileName/WitHttp.cs: 65528eef0357ac8698cea4e277f16a7c -> 
  custom:scripting/monoscript/fileName/VertexZoom.cs: 650ab1e81d40126e3edcf737cce646e4 -> 
  custom:scripting/monoscript/fileName/BoxProximityField.cs: 8381476084cb2eebc09f6205ab260a5f -> 
  custom:scripting/monoscript/fileName/ProcessStep.cs: c70de6d5eef34fc1abe9451b4eb02d17 -> 
  custom:video-codec-MediaFoundation-h265: 746d11721c4dcdbdad8f713fa42b33f4 -> 
  custom:scripting/monoscript/fileName/WitTrainingUtterance.cs: a06d2df3896850626c28c2eee2f3361f -> 
  custom:scripting/monoscript/fileName/IInteractorComparer.cs: 134007cf487fdfbaee924b7d31a3e8ab -> 
  custom:scripting/monoscript/fileName/ITeleportArc.cs: 1ea6eacef0fbe7453ebeaaedd85bf98c -> 
  custom:scripting/monoscript/fileName/CylinderSurface.cs: 06b7f3fe576c2b562f08ad1445def42f -> 5bee5d43e279f1a3b524f87759982fd3
  custom:scripting/monoscript/fileName/VertexShakeA.cs: 63ec564c588058369499638dd899e05b -> 
  custom:scripting/monoscript/fileName/TagMonoBehaviourFilter.cs: 899569d8afa40a8d293811b71b3f0a56 -> 
  custom:scripting/monoscript/fileName/SphereSurface.cs: 6d8b2477044e484ea8579f6f1f45e3a8 -> 
  custom:scripting/monoscript/fileName/LastKnownGoodDataModifier.cs: 0b2c17c40fb2875f055e57a3080d7c9d -> 
  custom:scripting/monoscript/fileName/TMP_ExampleScript_01.cs: a9d4be556104ff54e7d240529b3e01dc -> 
  custom:video-decoder-ogg-theora: a1e56fd34408186e4bbccfd4996cb3dc -> 
  custom:scripting/monoscript/fileName/WitEntityRole.cs: 8b2af296196ddab171c9825f773f77da -> 
  custom:scripting/monoscript/fileName/TMP_TextEventCheck.cs: 13505d917eab5868c435e0c2986dadfa -> 
  custom:scripting/monoscript/fileName/TMP_TextSelector_B.cs: ba2be21a7486d37b1011342977a2e49d -> 
  custom:scripting/monoscript/fileName/Benchmark01.cs: 2d3e2cd961730ab95f139a49a673bace -> 
  custom:scripting/monoscript/fileName/PointableCylinder.cs: 9a62d083874bdd860515054a450ac594 -> 
  custom:scripting/monoscript/fileName/AudioEncoding.cs: f84b3952f084caac261984fbd264acec -> 7f68c8ddbd6875f735f3280c1aa36e92
  custom:scripting/monoscript/fileName/InteractorDriver.cs: 285df5cb75aa79644c75f1cfa1d96ee4 -> 
  custom:framework-win-MediaFoundation: 216162199b28c13a410421893ffa2e32 -> 
  custom:scripting/monoscript/fileName/ISnapPoseProvider.cs: 3ec1f733df4df3213c9abc4abfa84cf1 -> 
  custom:scripting/monoscript/fileName/IDropZoneSlotsProvider.cs: fc82a4709de8cea85e0be7e46ba6942f -> 
  custom:scripting/monoscript/fileName/IAudioInputSource.cs: 9cedc902c969604d8ecab3d4c3d431d7 -> 938d3583ac997fe47e013c96006b1b9d
  custom:scripting/monoscript/fileName/BoxProximityFieldEditor.cs: 3ca172dc25f45b576b1261d9f0fc6a13 -> 
  custom:scripting/monoscript/fileName/ArcRangeModifier.cs: df4e86005874fa14c26dde0e58fe01b3 -> 
  custom:scripting/monoscript/fileName/TrainUtterances.cs: fad5269aa3542e54bceac07b82fa9fb2 -> 
  custom:scripting/monoscript/fileName/OVRSkeletonDataProviders.cs: c9301a8aea506ae86c85f3531883f294 -> 
  custom:scripting/monoscript/fileName/BoxEditor.cs: 6cb10ba4aeba036613100827e384c6dd -> 
  custom:scripting/monoscript/fileName/BoxSurface.cs: 64c4f1d5c8f509e2ebfbbe8cc0454ae3 -> 
  custom:scripting/monoscript/fileName/HandPoseRecordable.cs: be9aebb9e35f1a89cf251d5ebe16b65e -> 
  custom:scripting/monoscript/fileName/Benchmark02.cs: 5640963252ce70910e726415f869ced6 -> 
  custom:scripting/monoscript/fileName/TwoHandFreeTransformer.cs: 5484f45a8b713e7524e309309f536d2e -> 
  custom:scripting/monoscript/fileName/DropdownSample.cs: 0a92251794e5f10400149f96c3c59e5d -> 
  custom:scripting/monoscript/fileName/InteractorDriverGroup.cs: 25a18cbb0a76e7a8f37930efac2dc5e3 -> 
  custom:scripting/monoscript/fileName/WarpTextExample.cs: 2663459c266363641981c7d17b698d7f -> 
  custom:scripting/monoscript/fileName/InteractableTransformableConnection.cs: aa199f160bbadaf2d2b7430adb4b19a9 -> 
  custom:scripting/monoscript/fileName/JointLocking.cs: 04ef49fdef9b40429c44bd8bb4f83933 -> 
  custom:scripting/monoscript/fileName/OneHandTranslateTransformer.cs: e5593db0756115f769defd5b1bc42e7e -> 
  custom:CustomObjectIndexerAttribute: 9a22284fe3817be447336de3de66b15e -> 
  custom:scripting/monoscript/fileName/WitResponse.cs: 85febed2f7a25f57ec48693bd452c142 -> 
  custom:scripting/monoscript/fileName/OneEuroFilterRotationHand.cs: b7c0c166a2ca9babc479709621d65436 -> 
  custom:scripting/monoscript/fileName/TagInteractableFilter.cs: 6c02bfd80ff65fe2d5965298b17e0457 -> 
  custom:scripting/monoscript/fileName/PointableCylinderEditor.cs: 6340733d6723a340786b526e9320784f -> 
  custom:container-demuxer-webm: 4f35f7cbe854078d1ac9338744f61a02 -> 
  custom:scripting/monoscript/fileName/PointProximityField.cs: 0f95fb408e97956db7a3762247f8adc0 -> 
  custom:scripting/monoscript/fileName/SnapAddress.cs: c2a235d307f5033a6468630481616552 -> 
  custom:scripting/monoscript/fileName/InteractorGroupMulti.cs: 6bc778766dfc2f0ec0ad2013ae6c3d21 -> 
  custom:scripting/monoscript/fileName/MicBase.cs: 1ee5e56060961d5fcfcdfe4529504890 -> 47b01f48927768722a8422b4ac545006
  custom:scripting/monoscript/fileName/DropZoneSequentialSlotsProvider.cs: 7cdedd3fff635f926ee01eb94826964d -> 
  custom:scripting/monoscript/fileName/SnapPoint.cs: 75b9e5a0f94c20895cbed2ad0cae1535 -> 
  custom:scripting/monoscript/fileName/WitTrait.cs: 3139215512626b390a96d2cb63ff9eda -> 
  custom:scripting/monoscript/fileName/ChatController.cs: 876d5ccae6e345dd5d9450eb0a748f16 -> 
  custom:scripting/monoscript/fileName/ITransformable.cs: 215a3f4eeb91cb88c54863506271ef62 -> 
  custom:scripting/monoscript/fileName/CoroutineUtility.cs: fab89599511ae356a01c13a28fda4240 -> 821d19c5ac6a7e6baf82a95f7b4d30bf
  custom:scripting/monoscript/fileName/TeleportTurningGate.cs: 575c2ab79bdb37717f3efb10cff4d8ea -> 
  custom:scripting/monoscript/fileName/InputDataProviderUpdateTriggerOVREditor.cs: 296ebd2207288873d91d6a862e3b5272 -> 
  custom:scripting/monoscript/fileName/TextMeshSpawner.cs: 76f28e2ddb031571e6ec62b018f65fa8 -> 
  custom:scripting/monoscript/fileName/ColliderSurface.cs: b1cd8447e0ce952dcc7d7b666e8fca92 -> fc86642c94a9542e787a844561e4e4f2
  custom:scripting/monoscript/fileName/IInteractableRegistry.cs: 90647cc400823b41df847a6cbfc29026 -> 
  custom:scripting/monoscript/fileName/OneEuroFilterPositionHand.cs: 39d5de62c6b9f655efb66d407ad08fff -> 
  custom:scripting/monoscript/fileName/TeleType.cs: 31fa97821c4c70f157ec81d507aa6b62 -> 
  custom:scripting/monoscript/fileName/TTSStreamToggle.cs: 386098d9b6e67cd0a4ee56f3a7972a48 -> 0132d2e4cd28c22eddc3810c7daa80a8
  custom:scripting/monoscript/fileName/HandGrabInteractorVisual.cs: 4e78a3e45d86e390b096cc34598495d6 -> 
  custom:scripting/monoscript/fileName/WitRole.cs: d05ae217608bc7de182f2476f0c8e04d -> 
  custom:scripting/monoscript/fileName/WitIncomingEntity.cs: 78d455e2834b5f65d08838e068a6b637 -> 
  custom:scripting/monoscript/fileName/Benchmark04.cs: 32220b148620e52aa81c13a114862bf4 -> 
  custom:scripting/monoscript/fileName/CylinderProximityField.cs: d46f096ca0f256553da6db049bd8e1f0 -> 
  custom:scripting/monoscript/fileName/OneEuroFilterRotationDataModifier.cs: bbc3acc82de59e5fbec702d8f8197eed -> 
  custom:scripting/monoscript/fileName/WitEntity.cs: f3634f6b005d657d9256924b6ee7724f -> 
  custom:container-muxer-webm: aa71ff27fc2769a1b78a27578f13a17b -> 
  custom:video-decoder-webm-vp8: 9c59270c3fd7afecdb556c50c9e8de78 -> 
  custom:scripting/monoscript/fileName/TMP_PhoneNumberValidator.cs: 7c3049f481e464c6a9a15dee56c3126f -> 
  custom:scripting/monoscript/fileName/Payload.cs: 20bf3ab20e64bae704c38145b44c13ac -> 
  custom:scripting/monoscript/fileName/EnsureWitIntentsStep.cs: b136f8e7ef96058daebe6e4670855769 -> 
  custom:scripting/monoscript/fileName/HandGrabPointEditor.cs: 1de61d722aec3955a0ced3ddd1649237 -> 
  custom:scripting/monoscript/fileName/AimingStabilizedOrigin.cs: 8e9de4ec8ed1eca16b6b5ccdd53afdc0 -> 
  custom:scripting/monoscript/fileName/WitConfigurationData.cs: 1b59f7289bf740e9ef9f2be93d10f3d4 -> 
  custom:scripting/monoscript/fileName/VoiceUnityRequest.cs: e67404959cad22b5a8fdd8bc15940a60 -> 
  custom:scripting/monoscript/fileName/SyncWitEntitiesStep.cs: 2ad573a8b9afd7f1740d493d07a4c0da -> 
  custom:scripting/monoscript/fileName/PointableDelegate.cs: 90647cc400823b41df847a6cbfc29026 -> 
  custom:SearchIndexIgnoredProperties: e643bd26f0fe6173181afceb89e7c659 -> 
  custom:scripting/monoscript/fileName/PointablePlane.cs: 0c63873222e6ee1c4bb906924cab90d1 -> 
  custom:AudioImporter_EditorPlatform: d09bf68614088b80899f8185d706f6e7 -> 
  custom:scripting/monoscript/fileName/SphereEditor.cs: 276cafd8aae7e32d736a0c4daa10ab21 -> 
  custom:scripting/monoscript/fileName/EnvMapAnimator.cs: 1b4f61c17e4b7283c3ac351aacff9d26 -> 
  custom:scripting/monoscript/fileName/ShaderPropAnimator.cs: 55ce425812446482e623ff2695c94cb2 -> 
  custom:scripting/monoscript/fileName/CircleProximityField.cs: 3470d85e5a68b53f46ca8356f6863551 -> 
  custom:scripting/monoscript/fileName/Transformable.cs: 5a246a64658742dc20c886d79003f704 -> 
  custom:scripting/monoscript/fileName/InteractionOVRCameraRig.cs: 19e5e98fb10016c5e6956c7b291d0f17 -> 
  custom:scripting/monoscript/fileName/ObtainIdmData.cs: 93689dcf59e4155113dc068b963c769d -> 
  custom:scripting/monoscript/fileName/HandGrabPoint.cs: f8f9a4aeaae4341c0efe8cc3e2aa5fd8 -> 
  custom:scripting/monoscript/fileName/SimpleScript.cs: 454caab0c6c050f29b39d82e1d66d0fa -> 
  custom:scripting/monoscript/fileName/PointableGroup.cs: aea7bf2c731b6179d62dad93c7f1a961 -> 
  custom:scripting/monoscript/fileName/TransformableUnityEventWrapper.cs: aa0309b765937680c8aa9e4e094215f7 -> 
  custom:scripting/monoscript/fileName/ObjectSpin.cs: 2b96bb2079dd7fa5108d981627a28e1e -> 
  custom:scripting/monoscript/fileName/MicDebug.cs: 0703043cca43f55a99276c84b88d73fb -> 75d2f3a208b34ca2e9e43f6d5775eb91
  custom:scripting/monoscript/fileName/OneHandPhysicsJointTransformer.cs: e946e3b4b5cd8cde3f541291179028e9 -> 
  custom:scripting/monoscript/fileName/WitApplication.cs: 19806fe5aebcf74124ed49d589a7e43e -> 
  custom:scripting/monoscript/fileName/IInteractorDriver.cs: fc0a89f4490fc0584b64c6fc827ee895 -> 
  custom:scripting/monoscript/fileName/GrabbableUnityEventWrapper.cs: 33df70b122ad7f22db2cbfaa0b81510a -> 
  custom:scripting/monoscript/fileName/BezierSurface.cs: da0b185221f59d400e85940f5ce71c91 -> 
  custom:scripting/monoscript/fileName/CameraController.cs: 34b6be4e23ce86dc89786916c5983296 -> 
  custom:scripting/monoscript/fileName/InteractorComparer.cs: 90647cc400823b41df847a6cbfc29026 -> 
  custom:scripting/monoscript/fileName/HandPoseRecorder.cs: d6ebfdaa7663426067642c12a6222914 -> 
  custom:scripting/monoscript/fileName/TMP_TextInfoDebugTool.cs: 3f1709cfb2cc628169113a35b5e9be3f -> 
  custom:scripting/monoscript/fileName/CanvasRenderTextureMesh.cs: ba9623d0f846f302f4c58ca374ea8422 -> 
  custom:scripting/monoscript/fileName/IProximityField.cs: 1b8f3ef3bb8397988a6923ea34f554a3 -> 
  custom:scripting/monoscript/fileName/HandGrabInteractionUtilities.cs: 5e1b87f0c932124d19544f2653fcf382 -> 
  custom:scripting/monoscript/fileName/OneHandFreeTransformer.cs: 80b454bb7a7e54382c3e5a83c645a9b0 -> 
  custom:scripting/monoscript/fileName/TwoHandPlaneTransformer.cs: 82508aadcccc9aaae16a3d02dab1f1dd -> 
  custom:scripting/monoscript/fileName/IWitHttp.cs: 91506f2edcd3bae61fa15b5c8c35b6d5 -> 
  custom:scripting/monoscript/fileName/TMP_TextSelector_A.cs: 347309a09d56e367b188a6978f75b424 -> 
  custom:scripting/monoscript/fileName/JointRotationHistoryModifier.cs: b84eeaa16ce785ca3e0b5335f31473cc -> 
  custom:scripting/monoscript/fileName/TTSWitVoiceData.cs: 879b5b5a667decd113f2ef27fec58193 -> 
  custom:video-encoder-webm-vp8: eb34c28f22e8b96e1ab97ce403110664 -> 
  custom:scripting/monoscript/fileName/FingerGrabAPI.cs: f38129e37b49d6e3a171bd504092712b -> 
  custom:scripting/monoscript/fileName/DummyDataModifier.cs: ebbb5589f565d8685d37bb183b4c3ff4 -> 
  custom:scripting/monoscript/fileName/IDistanceInteractable.cs: c2d2949b74e1e24067c043dc8ee82c5a -> 
  custom:audio-decoder-ogg-vorbis: bf7c407c2cedff20999df2af8eb42d56 -> 
  custom:scripting/monoscript/fileName/SyntheticHandModifier.cs: 873320c031209152e80a3521b7c6e3f2 -> 
  custom:scripting/monoscript/fileName/VertexJitter.cs: d27eb5498e48714a66aece98da065133 -> 
  custom:scripting/monoscript/fileName/ISnapSurface.cs: e613c1039942a8c6f8524e6d36ccbc1b -> 
  custom:scripting/monoscript/fileName/HandGrab.cs: 50288240abd576346d83074011541b5b -> 
  custom:scripting/monoscript/fileName/TTSSpeakerInput.cs: 827d47b543f4663c13881e200e539afd -> 9224de466064073281bc72c5b8b2748c
  custom:scripting/monoscript/fileName/OneEuroFilterPositionDataModifier.cs: da29522a4b6eb1cb5f6511bdbdd27a95 -> 
  custom:scripting/monoscript/fileName/WitTrainingEntity.cs: f6d2096c03af45821ae473c66af255f2 -> 
  custom:scripting/monoscript/fileName/WitEntityKeyword.cs: b5b67313fa30a40635477940a31ddbde -> 
  custom:scripting/monoscript/fileName/PointableGrabbableConnection.cs: 35ac7dedcc44186f6f6c7bf3730e6343 -> 
  custom:scripting/monoscript/fileName/TextConsoleSimulator.cs: 33fc311abb20b5b0ed8f00e4d86b574e -> 
  custom:scripting/monoscript/fileName/VertexColorCycler.cs: 5f984ca91cf3609293aecc6bc5641572 -> 
  custom:scripting/monoscript/fileName/TMP_FrameRateCounter.cs: 46f655df8cb483ac5958307137b1585a -> 
  custom:scripting/monoscript/fileName/VertexShakeB.cs: a6f78c4fcda1a29a1a1c1baefedba9e7 -> 
  custom:scripting/monoscript/fileName/FixedScaleDataModifier.cs: 89e1be89d924ac28373337b3361e61dd -> 
  custom:scripting/monoscript/fileName/TMP_UiFrameRateCounter.cs: b01021aea19247f14a98ab338907956a -> 
  custom:scripting/monoscript/fileName/PointablePlaneEditor.cs: 37a91ecc3d62d378d68629c686a51361 -> 
  custom:scripting/monoscript/fileName/WitTrainer.cs: 5fb3c95ba24e9cf857cd9b4cee94291b -> 
  custom:scripting/monoscript/fileName/IInteractableFilter.cs: 81259a32cb7c13def6a0b70f08c66048 -> 
  custom:scripting/monoscript/fileName/TTSStatusLabel.cs: 17147acb333fe55f1217dee5b341ea9e -> 
  custom:scripting/monoscript/fileName/DropZoneInteractor.cs: 76b4b17e6eac72d8f5a16e87fd0e63b5 -> 
  custom:scripting/monoscript/fileName/IAspectProvider.cs: 9859c5919d893814fee2cdd590f4f949 -> 
  custom:scripting/monoscript/fileName/OnConduitFailedParameterResolutionAttribute.cs: 60901a81960a7c5a81c752381f8034ab -> 
  custom:scripting/monoscript/fileName/Mic.cs: 525051591b471bdbfa16530d37dcb655 -> 5fc48121bdfa6f25d9345006a81f8860
  custom:scripting/monoscript/fileName/TTSCacheToggle.cs: fef530a103c6b74722a7b6f18941e54c -> 410df47b336bde136543845320d773f8
  custom:scripting/monoscript/fileName/TMPro_InstructionOverlay.cs: b626d2270e6ebd5c4311585c18b58d8d -> 
  custom:scripting/monoscript/fileName/TMP_DigitValidator.cs: ac02af96215ae3951a3cce9e1a8c6085 -> 
  custom:scripting/monoscript/fileName/MicPermissionsManager.cs: 81a336319435a61331b696a347e78b9e -> f25de0368c3638f9a3bd7e7f63f0755a
  custom:scripting/monoscript/fileName/StepRunner.cs: 6ab640738f608e4b47206553c39b2c58 -> 
  custom:scripting/monoscript/fileName/WitUnityRequest.cs: 2bd88b304dddeb742392b5d5568e7bf7 -> 156bc76d85c310a98e115eec74a771cd
  custom:audio-encoder-webm-vorbis: bf7c407c2cedff20999df2af8eb42d56 -> 
  custom:scripting/monoscript/fileName/CircleProximityFieldEditor.cs: 55b157de94575afe7fdac58cd51e3b1c -> 
  custom:scripting/monoscript/fileName/TTSErrorText.cs: f03cdbc7b1d745067e8f357414e703b1 -> 21a4d51c9f7822c5dae2e2c7e2605044
  custom:scripting/monoscript/fileName/FingerPinchAPI.cs: 478ca37299a2b7ce3d309683ce89043a -> 
  custom:scripting/monoscript/fileName/Benchmark01_UGUI.cs: 6148cfe2627b7708298f301788144139 -> 
  custom:scripting/monoscript/fileName/IPointableSurface.cs: d7a8e441db2730be64c585bb12bf4db1 -> 
  custom:scripting/monoscript/fileName/PhysicsTransformable.cs: 5811faf37734ce7ec9b28418c4758de1 -> 
  custom:scripting/monoscript/fileName/PitchRemap.cs: 5b7277eeb0a8effc4822cb897b70f197 -> 
  custom:scripting/monoscript/fileName/WitOutgoingEntity.cs: c7126ba0b7fa09ef7a925f4dc186e5b7 -> 
  custom:scripting/precompiled-assembly-types:Assembly-CSharp: 6656b4eabdd7021662a3c2e888d49805 -> 814ac1c33453c30a9ab4084cc68c341e
  custom:scripting/monoscript/fileName/LocomotionGateVisual.cs: e25bbb39051f52b97c3e93bb37ab390d -> 
  custom:scripting/monoscript/fileName/TTSWitVoiceUtility.cs: eee5b9af7f1fc7fc0da148c8bdf0ad4f -> 
  custom:scripting/monoscript/fileName/Benchmark03.cs: 17cc87e0529ac71d909a946afb47a274 -> 
  custom:scripting/monoscript/fileName/HandleEntityResolutionFailureAttribute.cs: c6e2d1dd1bcaba0322547519e0e12ac7 -> 
========================================================================
Received Prepare
Caller must complete domain reload
Begin MonoManager ReloadAssembly
- Loaded All Assemblies, in  0.822 seconds
Native extension for WindowsStandalone target not found
Native extension for WebGL target not found
Mono: successfully reloaded assembly
- Finished resetting the current domain, in  2.289 seconds
Domain Reload Profiling: 3093ms
	BeginReloadAssembly (210ms)
		ExecutionOrderSort (0ms)
		DisableScriptedObjects (3ms)
		BackupInstance (0ms)
		ReleaseScriptingObjects (0ms)
		CreateAndSetChildDomain (23ms)
	RebuildCommonClasses (29ms)
	RebuildNativeTypeToScriptingClass (7ms)
	initialDomainReloadingComplete (47ms)
	LoadAllAssembliesAndSetupDomain (511ms)
		LoadAssemblies (626ms)
		RebuildTransferFunctionScriptingTraits (0ms)
		AnalyzeDomain (24ms)
			TypeCache.Refresh (6ms)
				TypeCache.ScanAssembly (0ms)
			ScanForSourceGeneratedMonoScriptInfo (0ms)
			ResolveRequiredComponents (15ms)
	FinalizeReload (2290ms)
		ReleaseScriptCaches (0ms)
		RebuildScriptCaches (0ms)
		SetupLoadedEditorAssemblies (730ms)
			LogAssemblyErrors (0ms)
			InitializePlatformSupportModulesInManaged (16ms)
			SetLoadedEditorAssemblies (4ms)
			RefreshPlugins (0ms)
			BeforeProcessingInitializeOnLoad (160ms)
			ProcessInitializeOnLoadAttributes (493ms)
			ProcessInitializeOnLoadMethodAttributes (21ms)
			AfterProcessingInitializeOnLoad (37ms)
			EditorAssembliesLoaded (0ms)
		ExecutionOrderSort2 (0ms)
		AwakeInstancesAfterBackupRestoration (13ms)
Shader 'Oculus/OVRMRCameraFrameLit': fallback shader 'Alpha-Diffuse' not found
Refreshing native plugins compatible for Editor in 38.60 ms, found 8 plugins.
Preloading 2 native plugins for Editor in 0.44 ms.
Unloading 4946 Unused Serialized files (Serialized files now loaded: 0)
Unloading 19 unused Assets / (200.4 KB). Loaded Objects now: 5529.
Memory consumption went from 168.3 MB to 168.1 MB.
Total: 3.988800 ms (FindLiveObjects: 0.258600 ms CreateObjectMapping: 0.105000 ms MarkObjects: 3.474200 ms  DeleteObjects: 0.150200 ms)

Prepare: number of updated asset objects reloaded= 0
AssetImportParameters requested are different than current active one (requested -> active):
  custom:scripting/monoscript/fileName/WitIntent.cs: b16c53bcdd4b02694d33f5fcb8acdf19 -> 
  custom:scripting/monoscript/fileName/GrabPointsPoseFinder.cs: 2ce4e7dd89758cfe15cc84bbdaa5d275 -> 
  custom:scripting/monoscript/fileName/CylinderProximityFieldEditor.cs: 3e379a0d9898211fdf7bd80a30343891 -> 
  custom:scripting/monoscript/fileName/CanvasMeshPointable.cs: c479bafc80e05db87d89b0e734294af3 -> 
  custom:scripting/monoscript/fileName/CylinderEditor.cs: b3e556284986a11c8d6bd82a7d7bef7e -> 
  custom:scripting/monoscript/fileName/SkewTextExample.cs: c142d02d70a129e0533975f7c2f96956 -> 
  custom:scripting/monoscript/fileName/GrabPoint.cs: a19e23b452c1156c6e2d489a5b9f5977 -> 
  custom:container-demuxer-ogg: 62fdf1f143b41e24485cea50d1cbac27 -> 
  custom:scripting/monoscript/fileName/OneHandRotateTransformer.cs: b4ad4fec7dbc0022b27ef2f1444e1086 -> 
  custom:scripting/monoscript/fileName/WitTraitValue.cs: c4fc68c99e4126ea4ce1abd10ab830cf -> 
  custom:scripting/monoscript/fileName/TMP_TextEventHandler.cs: f5cd9d5a43bfefc8f4fec80e6de896a4 -> 
  custom:scripting/monoscript/fileName/IMonoBehaviourFilter.cs: 9cedc3648a1ac103150b8378e75e48c4 -> 
  custom:scripting/monoscript/fileName/BezierSurfaceEditor.cs: 3bfdf637db9318a14fc832066acdc19a -> 
  custom:scripting/monoscript/fileName/SnapSurfaceHelper.cs: 7310cd667c1f6f32da3156d4956a11cb -> 
  custom:scripting/monoscript/fileName/InputDataProviderUpdateTriggerOVR.cs: c642c70bc2d53e104962e39be79e0283 -> 
  custom:scripting/monoscript/fileName/ITween.cs: d765ab2d93516afd5cff5e65cdb523ff -> 
  custom:scripting/monoscript/fileName/TextMeshProFloatingText.cs: 92608fa4a6315cd0786d82205e77b697 -> 
  custom:scripting/monoscript/fileName/DropZoneInteractable.cs: da4c91e5f510c5633065c5ee349670e0 -> 
  custom:scripting/monoscript/fileName/InteractorGroup.cs: 075c37967371ab7213a5d5cca24ff1fc -> 60fe7361e8ecd7ffeba4477da21c55fe
  custom:scripting/monoscript/fileName/WitHttp.cs: 65528eef0357ac8698cea4e277f16a7c -> 
  custom:scripting/monoscript/fileName/VertexZoom.cs: 650ab1e81d40126e3edcf737cce646e4 -> 
  custom:scripting/monoscript/fileName/BoxProximityField.cs: 8381476084cb2eebc09f6205ab260a5f -> 
  custom:scripting/monoscript/fileName/ProcessStep.cs: c70de6d5eef34fc1abe9451b4eb02d17 -> 
  custom:video-codec-MediaFoundation-h265: 746d11721c4dcdbdad8f713fa42b33f4 -> 
  custom:scripting/monoscript/fileName/WitTrainingUtterance.cs: a06d2df3896850626c28c2eee2f3361f -> 
  custom:scripting/monoscript/fileName/IInteractorComparer.cs: 134007cf487fdfbaee924b7d31a3e8ab -> 
  custom:scripting/monoscript/fileName/ITeleportArc.cs: 1ea6eacef0fbe7453ebeaaedd85bf98c -> 
  custom:scripting/monoscript/fileName/CylinderSurface.cs: 06b7f3fe576c2b562f08ad1445def42f -> 5bee5d43e279f1a3b524f87759982fd3
  custom:scripting/monoscript/fileName/VertexShakeA.cs: 63ec564c588058369499638dd899e05b -> 
  custom:scripting/monoscript/fileName/TagMonoBehaviourFilter.cs: 899569d8afa40a8d293811b71b3f0a56 -> 
  custom:scripting/monoscript/fileName/SphereSurface.cs: 6d8b2477044e484ea8579f6f1f45e3a8 -> 
  custom:scripting/monoscript/fileName/LastKnownGoodDataModifier.cs: 0b2c17c40fb2875f055e57a3080d7c9d -> 
  custom:scripting/monoscript/fileName/TMP_ExampleScript_01.cs: a9d4be556104ff54e7d240529b3e01dc -> 
  custom:video-decoder-ogg-theora: a1e56fd34408186e4bbccfd4996cb3dc -> 
  custom:scripting/monoscript/fileName/WitEntityRole.cs: 8b2af296196ddab171c9825f773f77da -> 
  custom:scripting/monoscript/fileName/TMP_TextEventCheck.cs: 13505d917eab5868c435e0c2986dadfa -> 
  custom:scripting/monoscript/fileName/TMP_TextSelector_B.cs: ba2be21a7486d37b1011342977a2e49d -> 
  custom:scripting/monoscript/fileName/Benchmark01.cs: 2d3e2cd961730ab95f139a49a673bace -> 
  custom:scripting/monoscript/fileName/PointableCylinder.cs: 9a62d083874bdd860515054a450ac594 -> 
  custom:scripting/monoscript/fileName/AudioEncoding.cs: f84b3952f084caac261984fbd264acec -> 7f68c8ddbd6875f735f3280c1aa36e92
  custom:scripting/monoscript/fileName/InteractorDriver.cs: 285df5cb75aa79644c75f1cfa1d96ee4 -> 
  custom:framework-win-MediaFoundation: 216162199b28c13a410421893ffa2e32 -> 
  custom:scripting/monoscript/fileName/ISnapPoseProvider.cs: 3ec1f733df4df3213c9abc4abfa84cf1 -> 
  custom:scripting/monoscript/fileName/IDropZoneSlotsProvider.cs: fc82a4709de8cea85e0be7e46ba6942f -> 
  custom:scripting/monoscript/fileName/IAudioInputSource.cs: 9cedc902c969604d8ecab3d4c3d431d7 -> 938d3583ac997fe47e013c96006b1b9d
  custom:scripting/monoscript/fileName/BoxProximityFieldEditor.cs: 3ca172dc25f45b576b1261d9f0fc6a13 -> 
  custom:scripting/monoscript/fileName/ArcRangeModifier.cs: df4e86005874fa14c26dde0e58fe01b3 -> 
  custom:scripting/monoscript/fileName/TrainUtterances.cs: fad5269aa3542e54bceac07b82fa9fb2 -> 
  custom:scripting/monoscript/fileName/OVRSkeletonDataProviders.cs: c9301a8aea506ae86c85f3531883f294 -> 
  custom:scripting/monoscript/fileName/BoxEditor.cs: 6cb10ba4aeba036613100827e384c6dd -> 
  custom:scripting/monoscript/fileName/BoxSurface.cs: 64c4f1d5c8f509e2ebfbbe8cc0454ae3 -> 
  custom:scripting/monoscript/fileName/HandPoseRecordable.cs: be9aebb9e35f1a89cf251d5ebe16b65e -> 
  custom:scripting/monoscript/fileName/Benchmark02.cs: 5640963252ce70910e726415f869ced6 -> 
  custom:scripting/monoscript/fileName/TwoHandFreeTransformer.cs: 5484f45a8b713e7524e309309f536d2e -> 
  custom:scripting/monoscript/fileName/DropdownSample.cs: 0a92251794e5f10400149f96c3c59e5d -> 
  custom:scripting/monoscript/fileName/InteractorDriverGroup.cs: 25a18cbb0a76e7a8f37930efac2dc5e3 -> 
  custom:scripting/monoscript/fileName/WarpTextExample.cs: 2663459c266363641981c7d17b698d7f -> 
  custom:scripting/monoscript/fileName/InteractableTransformableConnection.cs: aa199f160bbadaf2d2b7430adb4b19a9 -> 
  custom:scripting/monoscript/fileName/JointLocking.cs: 04ef49fdef9b40429c44bd8bb4f83933 -> 
  custom:scripting/monoscript/fileName/OneHandTranslateTransformer.cs: e5593db0756115f769defd5b1bc42e7e -> 
  custom:CustomObjectIndexerAttribute: 9a22284fe3817be447336de3de66b15e -> 
  custom:scripting/monoscript/fileName/WitResponse.cs: 85febed2f7a25f57ec48693bd452c142 -> 
  custom:scripting/monoscript/fileName/OneEuroFilterRotationHand.cs: b7c0c166a2ca9babc479709621d65436 -> 
  custom:scripting/monoscript/fileName/TagInteractableFilter.cs: 6c02bfd80ff65fe2d5965298b17e0457 -> 
  custom:scripting/monoscript/fileName/PointableCylinderEditor.cs: 6340733d6723a340786b526e9320784f -> 
  custom:container-demuxer-webm: 4f35f7cbe854078d1ac9338744f61a02 -> 
  custom:scripting/monoscript/fileName/PointProximityField.cs: 0f95fb408e97956db7a3762247f8adc0 -> 
  custom:scripting/monoscript/fileName/SnapAddress.cs: c2a235d307f5033a6468630481616552 -> 
  custom:scripting/monoscript/fileName/InteractorGroupMulti.cs: 6bc778766dfc2f0ec0ad2013ae6c3d21 -> 
  custom:scripting/monoscript/fileName/MicBase.cs: 1ee5e56060961d5fcfcdfe4529504890 -> 47b01f48927768722a8422b4ac545006
  custom:scripting/monoscript/fileName/DropZoneSequentialSlotsProvider.cs: 7cdedd3fff635f926ee01eb94826964d -> 
  custom:scripting/monoscript/fileName/SnapPoint.cs: 75b9e5a0f94c20895cbed2ad0cae1535 -> 
  custom:scripting/monoscript/fileName/WitTrait.cs: 3139215512626b390a96d2cb63ff9eda -> 
  custom:scripting/monoscript/fileName/ChatController.cs: 876d5ccae6e345dd5d9450eb0a748f16 -> 
  custom:scripting/monoscript/fileName/ITransformable.cs: 215a3f4eeb91cb88c54863506271ef62 -> 
  custom:scripting/monoscript/fileName/CoroutineUtility.cs: fab89599511ae356a01c13a28fda4240 -> 821d19c5ac6a7e6baf82a95f7b4d30bf
  custom:scripting/monoscript/fileName/TeleportTurningGate.cs: 575c2ab79bdb37717f3efb10cff4d8ea -> 
  custom:scripting/monoscript/fileName/InputDataProviderUpdateTriggerOVREditor.cs: 296ebd2207288873d91d6a862e3b5272 -> 
  custom:scripting/monoscript/fileName/TextMeshSpawner.cs: 76f28e2ddb031571e6ec62b018f65fa8 -> 
  custom:scripting/monoscript/fileName/ColliderSurface.cs: b1cd8447e0ce952dcc7d7b666e8fca92 -> fc86642c94a9542e787a844561e4e4f2
  custom:scripting/monoscript/fileName/IInteractableRegistry.cs: 90647cc400823b41df847a6cbfc29026 -> 
  custom:scripting/monoscript/fileName/OneEuroFilterPositionHand.cs: 39d5de62c6b9f655efb66d407ad08fff -> 
  custom:scripting/monoscript/fileName/TeleType.cs: 31fa97821c4c70f157ec81d507aa6b62 -> 
  custom:scripting/monoscript/fileName/TTSStreamToggle.cs: 386098d9b6e67cd0a4ee56f3a7972a48 -> 0132d2e4cd28c22eddc3810c7daa80a8
  custom:scripting/monoscript/fileName/HandGrabInteractorVisual.cs: 4e78a3e45d86e390b096cc34598495d6 -> 
  custom:scripting/monoscript/fileName/WitRole.cs: d05ae217608bc7de182f2476f0c8e04d -> 
  custom:scripting/monoscript/fileName/WitIncomingEntity.cs: 78d455e2834b5f65d08838e068a6b637 -> 
  custom:scripting/monoscript/fileName/Benchmark04.cs: 32220b148620e52aa81c13a114862bf4 -> 
  custom:scripting/monoscript/fileName/CylinderProximityField.cs: d46f096ca0f256553da6db049bd8e1f0 -> 
  custom:scripting/monoscript/fileName/OneEuroFilterRotationDataModifier.cs: bbc3acc82de59e5fbec702d8f8197eed -> 
  custom:scripting/monoscript/fileName/WitEntity.cs: f3634f6b005d657d9256924b6ee7724f -> 
  custom:container-muxer-webm: aa71ff27fc2769a1b78a27578f13a17b -> 
  custom:video-decoder-webm-vp8: 9c59270c3fd7afecdb556c50c9e8de78 -> 
  custom:scripting/monoscript/fileName/TMP_PhoneNumberValidator.cs: 7c3049f481e464c6a9a15dee56c3126f -> 
  custom:scripting/monoscript/fileName/Payload.cs: 20bf3ab20e64bae704c38145b44c13ac -> 
  custom:scripting/monoscript/fileName/EnsureWitIntentsStep.cs: b136f8e7ef96058daebe6e4670855769 -> 
  custom:scripting/monoscript/fileName/HandGrabPointEditor.cs: 1de61d722aec3955a0ced3ddd1649237 -> 
  custom:scripting/monoscript/fileName/AimingStabilizedOrigin.cs: 8e9de4ec8ed1eca16b6b5ccdd53afdc0 -> 
  custom:scripting/monoscript/fileName/WitConfigurationData.cs: 1b59f7289bf740e9ef9f2be93d10f3d4 -> 
  custom:scripting/monoscript/fileName/VoiceUnityRequest.cs: e67404959cad22b5a8fdd8bc15940a60 -> 
  custom:scripting/monoscript/fileName/SyncWitEntitiesStep.cs: 2ad573a8b9afd7f1740d493d07a4c0da -> 
  custom:scripting/monoscript/fileName/PointableDelegate.cs: 90647cc400823b41df847a6cbfc29026 -> 
  custom:SearchIndexIgnoredProperties: e643bd26f0fe6173181afceb89e7c659 -> 
  custom:scripting/monoscript/fileName/PointablePlane.cs: 0c63873222e6ee1c4bb906924cab90d1 -> 
  custom:AudioImporter_EditorPlatform: d09bf68614088b80899f8185d706f6e7 -> 
  custom:scripting/monoscript/fileName/SphereEditor.cs: 276cafd8aae7e32d736a0c4daa10ab21 -> 
  custom:scripting/monoscript/fileName/EnvMapAnimator.cs: 1b4f61c17e4b7283c3ac351aacff9d26 -> 
  custom:scripting/monoscript/fileName/ShaderPropAnimator.cs: 55ce425812446482e623ff2695c94cb2 -> 
  custom:scripting/monoscript/fileName/CircleProximityField.cs: 3470d85e5a68b53f46ca8356f6863551 -> 
  custom:scripting/monoscript/fileName/Transformable.cs: 5a246a64658742dc20c886d79003f704 -> 
  custom:scripting/monoscript/fileName/InteractionOVRCameraRig.cs: 19e5e98fb10016c5e6956c7b291d0f17 -> 
  custom:scripting/monoscript/fileName/ObtainIdmData.cs: 93689dcf59e4155113dc068b963c769d -> 
  custom:scripting/monoscript/fileName/HandGrabPoint.cs: f8f9a4aeaae4341c0efe8cc3e2aa5fd8 -> 
  custom:scripting/monoscript/fileName/SimpleScript.cs: 454caab0c6c050f29b39d82e1d66d0fa -> 
  custom:scripting/monoscript/fileName/PointableGroup.cs: aea7bf2c731b6179d62dad93c7f1a961 -> 
  custom:scripting/monoscript/fileName/TransformableUnityEventWrapper.cs: aa0309b765937680c8aa9e4e094215f7 -> 
  custom:scripting/monoscript/fileName/ObjectSpin.cs: 2b96bb2079dd7fa5108d981627a28e1e -> 
  custom:scripting/monoscript/fileName/MicDebug.cs: 0703043cca43f55a99276c84b88d73fb -> 75d2f3a208b34ca2e9e43f6d5775eb91
  custom:scripting/monoscript/fileName/OneHandPhysicsJointTransformer.cs: e946e3b4b5cd8cde3f541291179028e9 -> 
  custom:scripting/monoscript/fileName/WitApplication.cs: 19806fe5aebcf74124ed49d589a7e43e -> 
  custom:scripting/monoscript/fileName/IInteractorDriver.cs: fc0a89f4490fc0584b64c6fc827ee895 -> 
  custom:scripting/monoscript/fileName/GrabbableUnityEventWrapper.cs: 33df70b122ad7f22db2cbfaa0b81510a -> 
  custom:scripting/monoscript/fileName/BezierSurface.cs: da0b185221f59d400e85940f5ce71c91 -> 
  custom:scripting/monoscript/fileName/CameraController.cs: 34b6be4e23ce86dc89786916c5983296 -> 
  custom:scripting/monoscript/fileName/InteractorComparer.cs: 90647cc400823b41df847a6cbfc29026 -> 
  custom:scripting/monoscript/fileName/HandPoseRecorder.cs: d6ebfdaa7663426067642c12a6222914 -> 
  custom:scripting/monoscript/fileName/TMP_TextInfoDebugTool.cs: 3f1709cfb2cc628169113a35b5e9be3f -> 
  custom:scripting/monoscript/fileName/CanvasRenderTextureMesh.cs: ba9623d0f846f302f4c58ca374ea8422 -> 
  custom:scripting/monoscript/fileName/IProximityField.cs: 1b8f3ef3bb8397988a6923ea34f554a3 -> 
  custom:scripting/monoscript/fileName/HandGrabInteractionUtilities.cs: 5e1b87f0c932124d19544f2653fcf382 -> 
  custom:scripting/monoscript/fileName/OneHandFreeTransformer.cs: 80b454bb7a7e54382c3e5a83c645a9b0 -> 
  custom:scripting/monoscript/fileName/TwoHandPlaneTransformer.cs: 82508aadcccc9aaae16a3d02dab1f1dd -> 
  custom:scripting/monoscript/fileName/IWitHttp.cs: 91506f2edcd3bae61fa15b5c8c35b6d5 -> 
  custom:scripting/monoscript/fileName/TMP_TextSelector_A.cs: 347309a09d56e367b188a6978f75b424 -> 
  custom:scripting/monoscript/fileName/JointRotationHistoryModifier.cs: b84eeaa16ce785ca3e0b5335f31473cc -> 
  custom:scripting/monoscript/fileName/TTSWitVoiceData.cs: 879b5b5a667decd113f2ef27fec58193 -> 
  custom:video-encoder-webm-vp8: eb34c28f22e8b96e1ab97ce403110664 -> 
  custom:scripting/monoscript/fileName/FingerGrabAPI.cs: f38129e37b49d6e3a171bd504092712b -> 
  custom:scripting/monoscript/fileName/DummyDataModifier.cs: ebbb5589f565d8685d37bb183b4c3ff4 -> 
  custom:scripting/monoscript/fileName/IDistanceInteractable.cs: c2d2949b74e1e24067c043dc8ee82c5a -> 
  custom:audio-decoder-ogg-vorbis: bf7c407c2cedff20999df2af8eb42d56 -> 
  custom:scripting/monoscript/fileName/SyntheticHandModifier.cs: 873320c031209152e80a3521b7c6e3f2 -> 
  custom:scripting/monoscript/fileName/VertexJitter.cs: d27eb5498e48714a66aece98da065133 -> 
  custom:scripting/monoscript/fileName/ISnapSurface.cs: e613c1039942a8c6f8524e6d36ccbc1b -> 
  custom:scripting/monoscript/fileName/HandGrab.cs: 50288240abd576346d83074011541b5b -> 
  custom:scripting/monoscript/fileName/TTSSpeakerInput.cs: 827d47b543f4663c13881e200e539afd -> 9224de466064073281bc72c5b8b2748c
  custom:scripting/monoscript/fileName/OneEuroFilterPositionDataModifier.cs: da29522a4b6eb1cb5f6511bdbdd27a95 -> 
  custom:scripting/monoscript/fileName/WitTrainingEntity.cs: f6d2096c03af45821ae473c66af255f2 -> 
  custom:scripting/monoscript/fileName/WitEntityKeyword.cs: b5b67313fa30a40635477940a31ddbde -> 
  custom:scripting/monoscript/fileName/PointableGrabbableConnection.cs: 35ac7dedcc44186f6f6c7bf3730e6343 -> 
  custom:scripting/monoscript/fileName/TextConsoleSimulator.cs: 33fc311abb20b5b0ed8f00e4d86b574e -> 
  custom:scripting/monoscript/fileName/VertexColorCycler.cs: 5f984ca91cf3609293aecc6bc5641572 -> 
  custom:scripting/monoscript/fileName/TMP_FrameRateCounter.cs: 46f655df8cb483ac5958307137b1585a -> 
  custom:scripting/monoscript/fileName/VertexShakeB.cs: a6f78c4fcda1a29a1a1c1baefedba9e7 -> 
  custom:scripting/monoscript/fileName/FixedScaleDataModifier.cs: 89e1be89d924ac28373337b3361e61dd -> 
  custom:scripting/monoscript/fileName/TMP_UiFrameRateCounter.cs: b01021aea19247f14a98ab338907956a -> 
  custom:scripting/monoscript/fileName/PointablePlaneEditor.cs: 37a91ecc3d62d378d68629c686a51361 -> 
  custom:scripting/monoscript/fileName/WitTrainer.cs: 5fb3c95ba24e9cf857cd9b4cee94291b -> 
  custom:scripting/monoscript/fileName/IInteractableFilter.cs: 81259a32cb7c13def6a0b70f08c66048 -> 
  custom:scripting/monoscript/fileName/TTSStatusLabel.cs: 17147acb333fe55f1217dee5b341ea9e -> 
  custom:scripting/monoscript/fileName/DropZoneInteractor.cs: 76b4b17e6eac72d8f5a16e87fd0e63b5 -> 
  custom:scripting/monoscript/fileName/IAspectProvider.cs: 9859c5919d893814fee2cdd590f4f949 -> 
  custom:scripting/monoscript/fileName/OnConduitFailedParameterResolutionAttribute.cs: 60901a81960a7c5a81c752381f8034ab -> 
  custom:scripting/monoscript/fileName/Mic.cs: 525051591b471bdbfa16530d37dcb655 -> 5fc48121bdfa6f25d9345006a81f8860
  custom:scripting/monoscript/fileName/TTSCacheToggle.cs: fef530a103c6b74722a7b6f18941e54c -> 410df47b336bde136543845320d773f8
  custom:scripting/monoscript/fileName/TMPro_InstructionOverlay.cs: b626d2270e6ebd5c4311585c18b58d8d -> 
  custom:scripting/monoscript/fileName/TMP_DigitValidator.cs: ac02af96215ae3951a3cce9e1a8c6085 -> 
  custom:scripting/monoscript/fileName/MicPermissionsManager.cs: 81a336319435a61331b696a347e78b9e -> f25de0368c3638f9a3bd7e7f63f0755a
  custom:scripting/monoscript/fileName/StepRunner.cs: 6ab640738f608e4b47206553c39b2c58 -> 
  custom:scripting/monoscript/fileName/WitUnityRequest.cs: 2bd88b304dddeb742392b5d5568e7bf7 -> 156bc76d85c310a98e115eec74a771cd
  custom:audio-encoder-webm-vorbis: bf7c407c2cedff20999df2af8eb42d56 -> 
  custom:scripting/monoscript/fileName/CircleProximityFieldEditor.cs: 55b157de94575afe7fdac58cd51e3b1c -> 
  custom:scripting/monoscript/fileName/TTSErrorText.cs: f03cdbc7b1d745067e8f357414e703b1 -> 21a4d51c9f7822c5dae2e2c7e2605044
  custom:scripting/monoscript/fileName/FingerPinchAPI.cs: 478ca37299a2b7ce3d309683ce89043a -> 
  custom:scripting/monoscript/fileName/Benchmark01_UGUI.cs: 6148cfe2627b7708298f301788144139 -> 
  custom:scripting/monoscript/fileName/IPointableSurface.cs: d7a8e441db2730be64c585bb12bf4db1 -> 
  custom:scripting/monoscript/fileName/PhysicsTransformable.cs: 5811faf37734ce7ec9b28418c4758de1 -> 
  custom:scripting/monoscript/fileName/PitchRemap.cs: 5b7277eeb0a8effc4822cb897b70f197 -> 
  custom:scripting/monoscript/fileName/WitOutgoingEntity.cs: c7126ba0b7fa09ef7a925f4dc186e5b7 -> 
  custom:scripting/precompiled-assembly-types:Assembly-CSharp: 6656b4eabdd7021662a3c2e888d49805 -> 814ac1c33453c30a9ab4084cc68c341e
  custom:scripting/monoscript/fileName/LocomotionGateVisual.cs: e25bbb39051f52b97c3e93bb37ab390d -> 
  custom:scripting/monoscript/fileName/TTSWitVoiceUtility.cs: eee5b9af7f1fc7fc0da148c8bdf0ad4f -> 
  custom:scripting/monoscript/fileName/Benchmark03.cs: 17cc87e0529ac71d909a946afb47a274 -> 
  custom:scripting/monoscript/fileName/HandleEntityResolutionFailureAttribute.cs: c6e2d1dd1bcaba0322547519e0e12ac7 -> 
========================================================================
Received Prepare
Caller must complete domain reload
Begin MonoManager ReloadAssembly
- Loaded All Assemblies, in  0.824 seconds
Native extension for WindowsStandalone target not found
Native extension for WebGL target not found
Mono: successfully reloaded assembly
- Finished resetting the current domain, in  2.321 seconds
Domain Reload Profiling: 3124ms
	BeginReloadAssembly (225ms)
		ExecutionOrderSort (0ms)
		DisableScriptedObjects (3ms)
		BackupInstance (0ms)
		ReleaseScriptingObjects (0ms)
		CreateAndSetChildDomain (25ms)
	RebuildCommonClasses (25ms)
	RebuildNativeTypeToScriptingClass (6ms)
	initialDomainReloadingComplete (47ms)
	LoadAllAssembliesAndSetupDomain (499ms)
		LoadAssemblies (625ms)
		RebuildTransferFunctionScriptingTraits (0ms)
		AnalyzeDomain (23ms)
			TypeCache.Refresh (5ms)
				TypeCache.ScanAssembly (0ms)
			ScanForSourceGeneratedMonoScriptInfo (0ms)
			ResolveRequiredComponents (15ms)
	FinalizeReload (2321ms)
		ReleaseScriptCaches (0ms)
		RebuildScriptCaches (0ms)
		SetupLoadedEditorAssemblies (790ms)
			LogAssemblyErrors (0ms)
			InitializePlatformSupportModulesInManaged (18ms)
			SetLoadedEditorAssemblies (3ms)
			RefreshPlugins (0ms)
			BeforeProcessingInitializeOnLoad (182ms)
			ProcessInitializeOnLoadAttributes (523ms)
			ProcessInitializeOnLoadMethodAttributes (25ms)
			AfterProcessingInitializeOnLoad (39ms)
			EditorAssembliesLoaded (0ms)
		ExecutionOrderSort2 (0ms)
		AwakeInstancesAfterBackupRestoration (15ms)
Shader 'Oculus/OVRMRCameraFrameLit': fallback shader 'Alpha-Diffuse' not found
Refreshing native plugins compatible for Editor in 35.90 ms, found 8 plugins.
Preloading 2 native plugins for Editor in 0.42 ms.
Unloading 4946 Unused Serialized files (Serialized files now loaded: 0)
Unloading 19 unused Assets / (200.3 KB). Loaded Objects now: 5533.
Memory consumption went from 168.3 MB to 168.1 MB.
Total: 5.190400 ms (FindLiveObjects: 0.275800 ms CreateObjectMapping: 0.122900 ms MarkObjects: 4.550200 ms  DeleteObjects: 0.240400 ms)

Prepare: number of updated asset objects reloaded= 0
AssetImportParameters requested are different than current active one (requested -> active):
  custom:scripting/monoscript/fileName/WitIntent.cs: b16c53bcdd4b02694d33f5fcb8acdf19 -> 
  custom:scripting/monoscript/fileName/GrabPointsPoseFinder.cs: 2ce4e7dd89758cfe15cc84bbdaa5d275 -> 
  custom:scripting/monoscript/fileName/CylinderProximityFieldEditor.cs: 3e379a0d9898211fdf7bd80a30343891 -> 
  custom:scripting/monoscript/fileName/CanvasMeshPointable.cs: c479bafc80e05db87d89b0e734294af3 -> 
  custom:scripting/monoscript/fileName/CylinderEditor.cs: b3e556284986a11c8d6bd82a7d7bef7e -> 
  custom:scripting/monoscript/fileName/SkewTextExample.cs: c142d02d70a129e0533975f7c2f96956 -> 
  custom:scripting/monoscript/fileName/GrabPoint.cs: a19e23b452c1156c6e2d489a5b9f5977 -> 
  custom:container-demuxer-ogg: 62fdf1f143b41e24485cea50d1cbac27 -> 
  custom:scripting/monoscript/fileName/OneHandRotateTransformer.cs: b4ad4fec7dbc0022b27ef2f1444e1086 -> 
  custom:scripting/monoscript/fileName/WitTraitValue.cs: c4fc68c99e4126ea4ce1abd10ab830cf -> 
  custom:scripting/monoscript/fileName/TMP_TextEventHandler.cs: f5cd9d5a43bfefc8f4fec80e6de896a4 -> 
  custom:scripting/monoscript/fileName/IMonoBehaviourFilter.cs: 9cedc3648a1ac103150b8378e75e48c4 -> 
  custom:scripting/monoscript/fileName/BezierSurfaceEditor.cs: 3bfdf637db9318a14fc832066acdc19a -> 
  custom:scripting/monoscript/fileName/SnapSurfaceHelper.cs: 7310cd667c1f6f32da3156d4956a11cb -> 
  custom:scripting/monoscript/fileName/InputDataProviderUpdateTriggerOVR.cs: c642c70bc2d53e104962e39be79e0283 -> 
  custom:scripting/monoscript/fileName/ITween.cs: d765ab2d93516afd5cff5e65cdb523ff -> 
  custom:scripting/monoscript/fileName/TextMeshProFloatingText.cs: 92608fa4a6315cd0786d82205e77b697 -> 
  custom:scripting/monoscript/fileName/DropZoneInteractable.cs: da4c91e5f510c5633065c5ee349670e0 -> 
  custom:scripting/monoscript/fileName/InteractorGroup.cs: 075c37967371ab7213a5d5cca24ff1fc -> 60fe7361e8ecd7ffeba4477da21c55fe
  custom:scripting/monoscript/fileName/WitHttp.cs: 65528eef0357ac8698cea4e277f16a7c -> 
  custom:scripting/monoscript/fileName/VertexZoom.cs: 650ab1e81d40126e3edcf737cce646e4 -> 
  custom:scripting/monoscript/fileName/BoxProximityField.cs: 8381476084cb2eebc09f6205ab260a5f -> 
  custom:scripting/monoscript/fileName/ProcessStep.cs: c70de6d5eef34fc1abe9451b4eb02d17 -> 
  custom:video-codec-MediaFoundation-h265: 746d11721c4dcdbdad8f713fa42b33f4 -> 
  custom:scripting/monoscript/fileName/WitTrainingUtterance.cs: a06d2df3896850626c28c2eee2f3361f -> 
  custom:scripting/monoscript/fileName/IInteractorComparer.cs: 134007cf487fdfbaee924b7d31a3e8ab -> 
  custom:scripting/monoscript/fileName/ITeleportArc.cs: 1ea6eacef0fbe7453ebeaaedd85bf98c -> 
  custom:scripting/monoscript/fileName/CylinderSurface.cs: 06b7f3fe576c2b562f08ad1445def42f -> 5bee5d43e279f1a3b524f87759982fd3
  custom:scripting/monoscript/fileName/VertexShakeA.cs: 63ec564c588058369499638dd899e05b -> 
  custom:scripting/monoscript/fileName/TagMonoBehaviourFilter.cs: 899569d8afa40a8d293811b71b3f0a56 -> 
  custom:scripting/monoscript/fileName/SphereSurface.cs: 6d8b2477044e484ea8579f6f1f45e3a8 -> 
  custom:scripting/monoscript/fileName/LastKnownGoodDataModifier.cs: 0b2c17c40fb2875f055e57a3080d7c9d -> 
  custom:scripting/monoscript/fileName/TMP_ExampleScript_01.cs: a9d4be556104ff54e7d240529b3e01dc -> 
  custom:video-decoder-ogg-theora: a1e56fd34408186e4bbccfd4996cb3dc -> 
  custom:scripting/monoscript/fileName/WitEntityRole.cs: 8b2af296196ddab171c9825f773f77da -> 
  custom:scripting/monoscript/fileName/TMP_TextEventCheck.cs: 13505d917eab5868c435e0c2986dadfa -> 
  custom:scripting/monoscript/fileName/TMP_TextSelector_B.cs: ba2be21a7486d37b1011342977a2e49d -> 
  custom:scripting/monoscript/fileName/Benchmark01.cs: 2d3e2cd961730ab95f139a49a673bace -> 
  custom:scripting/monoscript/fileName/PointableCylinder.cs: 9a62d083874bdd860515054a450ac594 -> 
  custom:scripting/monoscript/fileName/AudioEncoding.cs: f84b3952f084caac261984fbd264acec -> 7f68c8ddbd6875f735f3280c1aa36e92
  custom:scripting/monoscript/fileName/InteractorDriver.cs: 285df5cb75aa79644c75f1cfa1d96ee4 -> 
  custom:framework-win-MediaFoundation: 216162199b28c13a410421893ffa2e32 -> 
  custom:scripting/monoscript/fileName/ISnapPoseProvider.cs: 3ec1f733df4df3213c9abc4abfa84cf1 -> 
  custom:scripting/monoscript/fileName/IDropZoneSlotsProvider.cs: fc82a4709de8cea85e0be7e46ba6942f -> 
  custom:scripting/monoscript/fileName/IAudioInputSource.cs: 9cedc902c969604d8ecab3d4c3d431d7 -> 938d3583ac997fe47e013c96006b1b9d
  custom:scripting/monoscript/fileName/BoxProximityFieldEditor.cs: 3ca172dc25f45b576b1261d9f0fc6a13 -> 
  custom:scripting/monoscript/fileName/ArcRangeModifier.cs: df4e86005874fa14c26dde0e58fe01b3 -> 
  custom:scripting/monoscript/fileName/TrainUtterances.cs: fad5269aa3542e54bceac07b82fa9fb2 -> 
  custom:scripting/monoscript/fileName/OVRSkeletonDataProviders.cs: c9301a8aea506ae86c85f3531883f294 -> 
  custom:scripting/monoscript/fileName/BoxEditor.cs: 6cb10ba4aeba036613100827e384c6dd -> 
  custom:scripting/monoscript/fileName/BoxSurface.cs: 64c4f1d5c8f509e2ebfbbe8cc0454ae3 -> 
  custom:scripting/monoscript/fileName/HandPoseRecordable.cs: be9aebb9e35f1a89cf251d5ebe16b65e -> 
  custom:scripting/monoscript/fileName/Benchmark02.cs: 5640963252ce70910e726415f869ced6 -> 
  custom:scripting/monoscript/fileName/TwoHandFreeTransformer.cs: 5484f45a8b713e7524e309309f536d2e -> 
  custom:scripting/monoscript/fileName/DropdownSample.cs: 0a92251794e5f10400149f96c3c59e5d -> 
  custom:scripting/monoscript/fileName/InteractorDriverGroup.cs: 25a18cbb0a76e7a8f37930efac2dc5e3 -> 
  custom:scripting/monoscript/fileName/WarpTextExample.cs: 2663459c266363641981c7d17b698d7f -> 
  custom:scripting/monoscript/fileName/InteractableTransformableConnection.cs: aa199f160bbadaf2d2b7430adb4b19a9 -> 
  custom:scripting/monoscript/fileName/JointLocking.cs: 04ef49fdef9b40429c44bd8bb4f83933 -> 
  custom:scripting/monoscript/fileName/OneHandTranslateTransformer.cs: e5593db0756115f769defd5b1bc42e7e -> 
  custom:CustomObjectIndexerAttribute: 9a22284fe3817be447336de3de66b15e -> 
  custom:scripting/monoscript/fileName/WitResponse.cs: 85febed2f7a25f57ec48693bd452c142 -> 
  custom:scripting/monoscript/fileName/OneEuroFilterRotationHand.cs: b7c0c166a2ca9babc479709621d65436 -> 
  custom:scripting/monoscript/fileName/TagInteractableFilter.cs: 6c02bfd80ff65fe2d5965298b17e0457 -> 
  custom:scripting/monoscript/fileName/PointableCylinderEditor.cs: 6340733d6723a340786b526e9320784f -> 
  custom:container-demuxer-webm: 4f35f7cbe854078d1ac9338744f61a02 -> 
  custom:scripting/monoscript/fileName/PointProximityField.cs: 0f95fb408e97956db7a3762247f8adc0 -> 
  custom:scripting/monoscript/fileName/SnapAddress.cs: c2a235d307f5033a6468630481616552 -> 
  custom:scripting/monoscript/fileName/InteractorGroupMulti.cs: 6bc778766dfc2f0ec0ad2013ae6c3d21 -> 
  custom:scripting/monoscript/fileName/MicBase.cs: 1ee5e56060961d5fcfcdfe4529504890 -> 47b01f48927768722a8422b4ac545006
  custom:scripting/monoscript/fileName/DropZoneSequentialSlotsProvider.cs: 7cdedd3fff635f926ee01eb94826964d -> 
  custom:scripting/monoscript/fileName/SnapPoint.cs: 75b9e5a0f94c20895cbed2ad0cae1535 -> 
  custom:scripting/monoscript/fileName/WitTrait.cs: 3139215512626b390a96d2cb63ff9eda -> 
  custom:scripting/monoscript/fileName/ChatController.cs: 876d5ccae6e345dd5d9450eb0a748f16 -> 
  custom:scripting/monoscript/fileName/ITransformable.cs: 215a3f4eeb91cb88c54863506271ef62 -> 
  custom:scripting/monoscript/fileName/CoroutineUtility.cs: fab89599511ae356a01c13a28fda4240 -> 821d19c5ac6a7e6baf82a95f7b4d30bf
  custom:scripting/monoscript/fileName/TeleportTurningGate.cs: 575c2ab79bdb37717f3efb10cff4d8ea -> 
  custom:scripting/monoscript/fileName/InputDataProviderUpdateTriggerOVREditor.cs: 296ebd2207288873d91d6a862e3b5272 -> 
  custom:scripting/monoscript/fileName/TextMeshSpawner.cs: 76f28e2ddb031571e6ec62b018f65fa8 -> 
  custom:scripting/monoscript/fileName/ColliderSurface.cs: b1cd8447e0ce952dcc7d7b666e8fca92 -> fc86642c94a9542e787a844561e4e4f2
  custom:scripting/monoscript/fileName/IInteractableRegistry.cs: 90647cc400823b41df847a6cbfc29026 -> 
  custom:scripting/monoscript/fileName/OneEuroFilterPositionHand.cs: 39d5de62c6b9f655efb66d407ad08fff -> 
  custom:scripting/monoscript/fileName/TeleType.cs: 31fa97821c4c70f157ec81d507aa6b62 -> 
  custom:scripting/monoscript/fileName/TTSStreamToggle.cs: 386098d9b6e67cd0a4ee56f3a7972a48 -> 0132d2e4cd28c22eddc3810c7daa80a8
  custom:scripting/monoscript/fileName/HandGrabInteractorVisual.cs: 4e78a3e45d86e390b096cc34598495d6 -> 
  custom:scripting/monoscript/fileName/WitRole.cs: d05ae217608bc7de182f2476f0c8e04d -> 
  custom:scripting/monoscript/fileName/WitIncomingEntity.cs: 78d455e2834b5f65d08838e068a6b637 -> 
  custom:scripting/monoscript/fileName/Benchmark04.cs: 32220b148620e52aa81c13a114862bf4 -> 
  custom:scripting/monoscript/fileName/CylinderProximityField.cs: d46f096ca0f256553da6db049bd8e1f0 -> 
  custom:scripting/monoscript/fileName/OneEuroFilterRotationDataModifier.cs: bbc3acc82de59e5fbec702d8f8197eed -> 
  custom:scripting/monoscript/fileName/WitEntity.cs: f3634f6b005d657d9256924b6ee7724f -> 
  custom:container-muxer-webm: aa71ff27fc2769a1b78a27578f13a17b -> 
  custom:video-decoder-webm-vp8: 9c59270c3fd7afecdb556c50c9e8de78 -> 
  custom:scripting/monoscript/fileName/TMP_PhoneNumberValidator.cs: 7c3049f481e464c6a9a15dee56c3126f -> 
  custom:scripting/monoscript/fileName/Payload.cs: 20bf3ab20e64bae704c38145b44c13ac -> 
  custom:scripting/monoscript/fileName/EnsureWitIntentsStep.cs: b136f8e7ef96058daebe6e4670855769 -> 
  custom:scripting/monoscript/fileName/HandGrabPointEditor.cs: 1de61d722aec3955a0ced3ddd1649237 -> 
  custom:scripting/monoscript/fileName/AimingStabilizedOrigin.cs: 8e9de4ec8ed1eca16b6b5ccdd53afdc0 -> 
  custom:scripting/monoscript/fileName/WitConfigurationData.cs: 1b59f7289bf740e9ef9f2be93d10f3d4 -> 
  custom:scripting/monoscript/fileName/VoiceUnityRequest.cs: e67404959cad22b5a8fdd8bc15940a60 -> 
  custom:scripting/monoscript/fileName/SyncWitEntitiesStep.cs: 2ad573a8b9afd7f1740d493d07a4c0da -> 
  custom:scripting/monoscript/fileName/PointableDelegate.cs: 90647cc400823b41df847a6cbfc29026 -> 
  custom:SearchIndexIgnoredProperties: e643bd26f0fe6173181afceb89e7c659 -> 
  custom:scripting/monoscript/fileName/PointablePlane.cs: 0c63873222e6ee1c4bb906924cab90d1 -> 
  custom:AudioImporter_EditorPlatform: d09bf68614088b80899f8185d706f6e7 -> 
  custom:scripting/monoscript/fileName/SphereEditor.cs: 276cafd8aae7e32d736a0c4daa10ab21 -> 
  custom:scripting/monoscript/fileName/EnvMapAnimator.cs: 1b4f61c17e4b7283c3ac351aacff9d26 -> 
  custom:scripting/monoscript/fileName/ShaderPropAnimator.cs: 55ce425812446482e623ff2695c94cb2 -> 
  custom:scripting/monoscript/fileName/CircleProximityField.cs: 3470d85e5a68b53f46ca8356f6863551 -> 
  custom:scripting/monoscript/fileName/Transformable.cs: 5a246a64658742dc20c886d79003f704 -> 
  custom:scripting/monoscript/fileName/InteractionOVRCameraRig.cs: 19e5e98fb10016c5e6956c7b291d0f17 -> 
  custom:scripting/monoscript/fileName/ObtainIdmData.cs: 93689dcf59e4155113dc068b963c769d -> 
  custom:scripting/monoscript/fileName/HandGrabPoint.cs: f8f9a4aeaae4341c0efe8cc3e2aa5fd8 -> 
  custom:scripting/monoscript/fileName/SimpleScript.cs: 454caab0c6c050f29b39d82e1d66d0fa -> 
  custom:scripting/monoscript/fileName/PointableGroup.cs: aea7bf2c731b6179d62dad93c7f1a961 -> 
  custom:scripting/monoscript/fileName/TransformableUnityEventWrapper.cs: aa0309b765937680c8aa9e4e094215f7 -> 
  custom:scripting/monoscript/fileName/ObjectSpin.cs: 2b96bb2079dd7fa5108d981627a28e1e -> 
  custom:scripting/monoscript/fileName/MicDebug.cs: 0703043cca43f55a99276c84b88d73fb -> 75d2f3a208b34ca2e9e43f6d5775eb91
  custom:scripting/monoscript/fileName/OneHandPhysicsJointTransformer.cs: e946e3b4b5cd8cde3f541291179028e9 -> 
  custom:scripting/monoscript/fileName/WitApplication.cs: 19806fe5aebcf74124ed49d589a7e43e -> 
  custom:scripting/monoscript/fileName/IInteractorDriver.cs: fc0a89f4490fc0584b64c6fc827ee895 -> 
  custom:scripting/monoscript/fileName/GrabbableUnityEventWrapper.cs: 33df70b122ad7f22db2cbfaa0b81510a -> 
  custom:scripting/monoscript/fileName/BezierSurface.cs: da0b185221f59d400e85940f5ce71c91 -> 
  custom:scripting/monoscript/fileName/CameraController.cs: 34b6be4e23ce86dc89786916c5983296 -> 
  custom:scripting/monoscript/fileName/InteractorComparer.cs: 90647cc400823b41df847a6cbfc29026 -> 
  custom:scripting/monoscript/fileName/HandPoseRecorder.cs: d6ebfdaa7663426067642c12a6222914 -> 
  custom:scripting/monoscript/fileName/TMP_TextInfoDebugTool.cs: 3f1709cfb2cc628169113a35b5e9be3f -> 
  custom:scripting/monoscript/fileName/CanvasRenderTextureMesh.cs: ba9623d0f846f302f4c58ca374ea8422 -> 
  custom:scripting/monoscript/fileName/IProximityField.cs: 1b8f3ef3bb8397988a6923ea34f554a3 -> 
  custom:scripting/monoscript/fileName/HandGrabInteractionUtilities.cs: 5e1b87f0c932124d19544f2653fcf382 -> 
  custom:scripting/monoscript/fileName/OneHandFreeTransformer.cs: 80b454bb7a7e54382c3e5a83c645a9b0 -> 
  custom:scripting/monoscript/fileName/TwoHandPlaneTransformer.cs: 82508aadcccc9aaae16a3d02dab1f1dd -> 
  custom:scripting/monoscript/fileName/IWitHttp.cs: 91506f2edcd3bae61fa15b5c8c35b6d5 -> 
  custom:scripting/monoscript/fileName/TMP_TextSelector_A.cs: 347309a09d56e367b188a6978f75b424 -> 
  custom:scripting/monoscript/fileName/JointRotationHistoryModifier.cs: b84eeaa16ce785ca3e0b5335f31473cc -> 
  custom:scripting/monoscript/fileName/TTSWitVoiceData.cs: 879b5b5a667decd113f2ef27fec58193 -> 
  custom:video-encoder-webm-vp8: eb34c28f22e8b96e1ab97ce403110664 -> 
  custom:scripting/monoscript/fileName/FingerGrabAPI.cs: f38129e37b49d6e3a171bd504092712b -> 
  custom:scripting/monoscript/fileName/DummyDataModifier.cs: ebbb5589f565d8685d37bb183b4c3ff4 -> 
  custom:scripting/monoscript/fileName/IDistanceInteractable.cs: c2d2949b74e1e24067c043dc8ee82c5a -> 
  custom:audio-decoder-ogg-vorbis: bf7c407c2cedff20999df2af8eb42d56 -> 
  custom:scripting/monoscript/fileName/SyntheticHandModifier.cs: 873320c031209152e80a3521b7c6e3f2 -> 
  custom:scripting/monoscript/fileName/VertexJitter.cs: d27eb5498e48714a66aece98da065133 -> 
  custom:scripting/monoscript/fileName/ISnapSurface.cs: e613c1039942a8c6f8524e6d36ccbc1b -> 
  custom:scripting/monoscript/fileName/HandGrab.cs: 50288240abd576346d83074011541b5b -> 
  custom:scripting/monoscript/fileName/TTSSpeakerInput.cs: 827d47b543f4663c13881e200e539afd -> 9224de466064073281bc72c5b8b2748c
  custom:scripting/monoscript/fileName/OneEuroFilterPositionDataModifier.cs: da29522a4b6eb1cb5f6511bdbdd27a95 -> 
  custom:scripting/monoscript/fileName/WitTrainingEntity.cs: f6d2096c03af45821ae473c66af255f2 -> 
  custom:scripting/monoscript/fileName/WitEntityKeyword.cs: b5b67313fa30a40635477940a31ddbde -> 
  custom:scripting/monoscript/fileName/PointableGrabbableConnection.cs: 35ac7dedcc44186f6f6c7bf3730e6343 -> 
  custom:scripting/monoscript/fileName/TextConsoleSimulator.cs: 33fc311abb20b5b0ed8f00e4d86b574e -> 
  custom:scripting/monoscript/fileName/VertexColorCycler.cs: 5f984ca91cf3609293aecc6bc5641572 -> 
  custom:scripting/monoscript/fileName/TMP_FrameRateCounter.cs: 46f655df8cb483ac5958307137b1585a -> 
  custom:scripting/monoscript/fileName/VertexShakeB.cs: a6f78c4fcda1a29a1a1c1baefedba9e7 -> 
  custom:scripting/monoscript/fileName/FixedScaleDataModifier.cs: 89e1be89d924ac28373337b3361e61dd -> 
  custom:scripting/monoscript/fileName/TMP_UiFrameRateCounter.cs: b01021aea19247f14a98ab338907956a -> 
  custom:scripting/monoscript/fileName/PointablePlaneEditor.cs: 37a91ecc3d62d378d68629c686a51361 -> 
  custom:scripting/monoscript/fileName/WitTrainer.cs: 5fb3c95ba24e9cf857cd9b4cee94291b -> 
  custom:scripting/monoscript/fileName/IInteractableFilter.cs: 81259a32cb7c13def6a0b70f08c66048 -> 
  custom:scripting/monoscript/fileName/TTSStatusLabel.cs: 17147acb333fe55f1217dee5b341ea9e -> 
  custom:scripting/monoscript/fileName/DropZoneInteractor.cs: 76b4b17e6eac72d8f5a16e87fd0e63b5 -> 
  custom:scripting/monoscript/fileName/IAspectProvider.cs: 9859c5919d893814fee2cdd590f4f949 -> 
  custom:scripting/monoscript/fileName/OnConduitFailedParameterResolutionAttribute.cs: 60901a81960a7c5a81c752381f8034ab -> 
  custom:scripting/monoscript/fileName/Mic.cs: 525051591b471bdbfa16530d37dcb655 -> 5fc48121bdfa6f25d9345006a81f8860
  custom:scripting/monoscript/fileName/TTSCacheToggle.cs: fef530a103c6b74722a7b6f18941e54c -> 410df47b336bde136543845320d773f8
  custom:scripting/monoscript/fileName/TMPro_InstructionOverlay.cs: b626d2270e6ebd5c4311585c18b58d8d -> 
  custom:scripting/monoscript/fileName/TMP_DigitValidator.cs: ac02af96215ae3951a3cce9e1a8c6085 -> 
  custom:scripting/monoscript/fileName/MicPermissionsManager.cs: 81a336319435a61331b696a347e78b9e -> f25de0368c3638f9a3bd7e7f63f0755a
  custom:scripting/monoscript/fileName/StepRunner.cs: 6ab640738f608e4b47206553c39b2c58 -> 
  custom:scripting/monoscript/fileName/WitUnityRequest.cs: 2bd88b304dddeb742392b5d5568e7bf7 -> 156bc76d85c310a98e115eec74a771cd
  custom:audio-encoder-webm-vorbis: bf7c407c2cedff20999df2af8eb42d56 -> 
  custom:scripting/monoscript/fileName/CircleProximityFieldEditor.cs: 55b157de94575afe7fdac58cd51e3b1c -> 
  custom:scripting/monoscript/fileName/TTSErrorText.cs: f03cdbc7b1d745067e8f357414e703b1 -> 21a4d51c9f7822c5dae2e2c7e2605044
  custom:scripting/monoscript/fileName/FingerPinchAPI.cs: 478ca37299a2b7ce3d309683ce89043a -> 
  custom:scripting/monoscript/fileName/Benchmark01_UGUI.cs: 6148cfe2627b7708298f301788144139 -> 
  custom:scripting/monoscript/fileName/IPointableSurface.cs: d7a8e441db2730be64c585bb12bf4db1 -> 
  custom:scripting/monoscript/fileName/PhysicsTransformable.cs: 5811faf37734ce7ec9b28418c4758de1 -> 
  custom:scripting/monoscript/fileName/PitchRemap.cs: 5b7277eeb0a8effc4822cb897b70f197 -> 
  custom:scripting/monoscript/fileName/WitOutgoingEntity.cs: c7126ba0b7fa09ef7a925f4dc186e5b7 -> 
  custom:scripting/precompiled-assembly-types:Assembly-CSharp: 6656b4eabdd7021662a3c2e888d49805 -> 814ac1c33453c30a9ab4084cc68c341e
  custom:scripting/monoscript/fileName/LocomotionGateVisual.cs: e25bbb39051f52b97c3e93bb37ab390d -> 
  custom:scripting/monoscript/fileName/TTSWitVoiceUtility.cs: eee5b9af7f1fc7fc0da148c8bdf0ad4f -> 
  custom:scripting/monoscript/fileName/Benchmark03.cs: 17cc87e0529ac71d909a946afb47a274 -> 
  custom:scripting/monoscript/fileName/HandleEntityResolutionFailureAttribute.cs: c6e2d1dd1bcaba0322547519e0e12ac7 -> 
========================================================================
Received Prepare
Caller must complete domain reload
Begin MonoManager ReloadAssembly
- Loaded All Assemblies, in  0.832 seconds
Native extension for WindowsStandalone target not found
Native extension for WebGL target not found
Mono: successfully reloaded assembly
- Finished resetting the current domain, in  2.234 seconds
Domain Reload Profiling: 3044ms
	BeginReloadAssembly (226ms)
		ExecutionOrderSort (0ms)
		DisableScriptedObjects (3ms)
		BackupInstance (0ms)
		ReleaseScriptingObjects (0ms)
		CreateAndSetChildDomain (26ms)
	RebuildCommonClasses (32ms)
	RebuildNativeTypeToScriptingClass (7ms)
	initialDomainReloadingComplete (55ms)
	LoadAllAssembliesAndSetupDomain (490ms)
		LoadAssemblies (617ms)
		RebuildTransferFunctionScriptingTraits (0ms)
		AnalyzeDomain (24ms)
			TypeCache.Refresh (6ms)
				TypeCache.ScanAssembly (0ms)
			ScanForSourceGeneratedMonoScriptInfo (0ms)
			ResolveRequiredComponents (15ms)
	FinalizeReload (2234ms)
		ReleaseScriptCaches (0ms)
		RebuildScriptCaches (0ms)
		SetupLoadedEditorAssemblies (678ms)
			LogAssemblyErrors (0ms)
			InitializePlatformSupportModulesInManaged (18ms)
			SetLoadedEditorAssemblies (4ms)
			RefreshPlugins (0ms)
			BeforeProcessingInitializeOnLoad (166ms)
			ProcessInitializeOnLoadAttributes (443ms)
			ProcessInitializeOnLoadMethodAttributes (15ms)
			AfterProcessingInitializeOnLoad (31ms)
			EditorAssembliesLoaded (0ms)
		ExecutionOrderSort2 (0ms)
		AwakeInstancesAfterBackupRestoration (11ms)
Shader 'Oculus/OVRMRCameraFrameLit': fallback shader 'Alpha-Diffuse' not found
Refreshing native plugins compatible for Editor in 35.24 ms, found 8 plugins.
Preloading 2 native plugins for Editor in 0.43 ms.
Unloading 4946 Unused Serialized files (Serialized files now loaded: 0)
Unloading 19 unused Assets / (200.6 KB). Loaded Objects now: 5537.
Memory consumption went from 168.3 MB to 168.1 MB.
Total: 3.905200 ms (FindLiveObjects: 0.319800 ms CreateObjectMapping: 0.132300 ms MarkObjects: 3.285400 ms  DeleteObjects: 0.166100 ms)

Prepare: number of updated asset objects reloaded= 0
AssetImportParameters requested are different than current active one (requested -> active):
  custom:scripting/monoscript/fileName/WitIntent.cs: b16c53bcdd4b02694d33f5fcb8acdf19 -> 
  custom:scripting/monoscript/fileName/GrabPointsPoseFinder.cs: 2ce4e7dd89758cfe15cc84bbdaa5d275 -> 
  custom:scripting/monoscript/fileName/CylinderProximityFieldEditor.cs: 3e379a0d9898211fdf7bd80a30343891 -> 
  custom:scripting/monoscript/fileName/CanvasMeshPointable.cs: c479bafc80e05db87d89b0e734294af3 -> 
  custom:scripting/monoscript/fileName/CylinderEditor.cs: b3e556284986a11c8d6bd82a7d7bef7e -> 
  custom:scripting/monoscript/fileName/SkewTextExample.cs: c142d02d70a129e0533975f7c2f96956 -> 
  custom:scripting/monoscript/fileName/GrabPoint.cs: a19e23b452c1156c6e2d489a5b9f5977 -> 
  custom:container-demuxer-ogg: 62fdf1f143b41e24485cea50d1cbac27 -> 
  custom:scripting/monoscript/fileName/OneHandRotateTransformer.cs: b4ad4fec7dbc0022b27ef2f1444e1086 -> 
  custom:scripting/monoscript/fileName/WitTraitValue.cs: c4fc68c99e4126ea4ce1abd10ab830cf -> 
  custom:scripting/monoscript/fileName/TMP_TextEventHandler.cs: f5cd9d5a43bfefc8f4fec80e6de896a4 -> 
  custom:scripting/monoscript/fileName/IMonoBehaviourFilter.cs: 9cedc3648a1ac103150b8378e75e48c4 -> 
  custom:scripting/monoscript/fileName/BezierSurfaceEditor.cs: 3bfdf637db9318a14fc832066acdc19a -> 
  custom:scripting/monoscript/fileName/SnapSurfaceHelper.cs: 7310cd667c1f6f32da3156d4956a11cb -> 
  custom:scripting/monoscript/fileName/InputDataProviderUpdateTriggerOVR.cs: c642c70bc2d53e104962e39be79e0283 -> 
  custom:scripting/monoscript/fileName/ITween.cs: d765ab2d93516afd5cff5e65cdb523ff -> 
  custom:scripting/monoscript/fileName/TextMeshProFloatingText.cs: 92608fa4a6315cd0786d82205e77b697 -> 
  custom:scripting/monoscript/fileName/DropZoneInteractable.cs: da4c91e5f510c5633065c5ee349670e0 -> 
  custom:scripting/monoscript/fileName/InteractorGroup.cs: 075c37967371ab7213a5d5cca24ff1fc -> 60fe7361e8ecd7ffeba4477da21c55fe
  custom:scripting/monoscript/fileName/WitHttp.cs: 65528eef0357ac8698cea4e277f16a7c -> 
  custom:scripting/monoscript/fileName/VertexZoom.cs: 650ab1e81d40126e3edcf737cce646e4 -> 
  custom:scripting/monoscript/fileName/BoxProximityField.cs: 8381476084cb2eebc09f6205ab260a5f -> 
  custom:scripting/monoscript/fileName/ProcessStep.cs: c70de6d5eef34fc1abe9451b4eb02d17 -> 
  custom:video-codec-MediaFoundation-h265: 746d11721c4dcdbdad8f713fa42b33f4 -> 
  custom:scripting/monoscript/fileName/WitTrainingUtterance.cs: a06d2df3896850626c28c2eee2f3361f -> 
  custom:scripting/monoscript/fileName/IInteractorComparer.cs: 134007cf487fdfbaee924b7d31a3e8ab -> 
  custom:scripting/monoscript/fileName/ITeleportArc.cs: 1ea6eacef0fbe7453ebeaaedd85bf98c -> 
  custom:scripting/monoscript/fileName/CylinderSurface.cs: 06b7f3fe576c2b562f08ad1445def42f -> 5bee5d43e279f1a3b524f87759982fd3
  custom:scripting/monoscript/fileName/VertexShakeA.cs: 63ec564c588058369499638dd899e05b -> 
  custom:scripting/monoscript/fileName/TagMonoBehaviourFilter.cs: 899569d8afa40a8d293811b71b3f0a56 -> 
  custom:scripting/monoscript/fileName/SphereSurface.cs: 6d8b2477044e484ea8579f6f1f45e3a8 -> 
  custom:scripting/monoscript/fileName/LastKnownGoodDataModifier.cs: 0b2c17c40fb2875f055e57a3080d7c9d -> 
  custom:scripting/monoscript/fileName/TMP_ExampleScript_01.cs: a9d4be556104ff54e7d240529b3e01dc -> 
  custom:video-decoder-ogg-theora: a1e56fd34408186e4bbccfd4996cb3dc -> 
  custom:scripting/monoscript/fileName/WitEntityRole.cs: 8b2af296196ddab171c9825f773f77da -> 
  custom:scripting/monoscript/fileName/TMP_TextEventCheck.cs: 13505d917eab5868c435e0c2986dadfa -> 
  custom:scripting/monoscript/fileName/TMP_TextSelector_B.cs: ba2be21a7486d37b1011342977a2e49d -> 
  custom:scripting/monoscript/fileName/Benchmark01.cs: 2d3e2cd961730ab95f139a49a673bace -> 
  custom:scripting/monoscript/fileName/PointableCylinder.cs: 9a62d083874bdd860515054a450ac594 -> 
  custom:scripting/monoscript/fileName/AudioEncoding.cs: f84b3952f084caac261984fbd264acec -> 7f68c8ddbd6875f735f3280c1aa36e92
  custom:scripting/monoscript/fileName/InteractorDriver.cs: 285df5cb75aa79644c75f1cfa1d96ee4 -> 
  custom:framework-win-MediaFoundation: 216162199b28c13a410421893ffa2e32 -> 
  custom:scripting/monoscript/fileName/ISnapPoseProvider.cs: 3ec1f733df4df3213c9abc4abfa84cf1 -> 
  custom:scripting/monoscript/fileName/IDropZoneSlotsProvider.cs: fc82a4709de8cea85e0be7e46ba6942f -> 
  custom:scripting/monoscript/fileName/IAudioInputSource.cs: 9cedc902c969604d8ecab3d4c3d431d7 -> 938d3583ac997fe47e013c96006b1b9d
  custom:scripting/monoscript/fileName/BoxProximityFieldEditor.cs: 3ca172dc25f45b576b1261d9f0fc6a13 -> 
  custom:scripting/monoscript/fileName/ArcRangeModifier.cs: df4e86005874fa14c26dde0e58fe01b3 -> 
  custom:scripting/monoscript/fileName/TrainUtterances.cs: fad5269aa3542e54bceac07b82fa9fb2 -> 
  custom:scripting/monoscript/fileName/OVRSkeletonDataProviders.cs: c9301a8aea506ae86c85f3531883f294 -> 
  custom:scripting/monoscript/fileName/BoxEditor.cs: 6cb10ba4aeba036613100827e384c6dd -> 
  custom:scripting/monoscript/fileName/BoxSurface.cs: 64c4f1d5c8f509e2ebfbbe8cc0454ae3 -> 
  custom:scripting/monoscript/fileName/HandPoseRecordable.cs: be9aebb9e35f1a89cf251d5ebe16b65e -> 
  custom:scripting/monoscript/fileName/Benchmark02.cs: 5640963252ce70910e726415f869ced6 -> 
  custom:scripting/monoscript/fileName/TwoHandFreeTransformer.cs: 5484f45a8b713e7524e309309f536d2e -> 
  custom:scripting/monoscript/fileName/DropdownSample.cs: 0a92251794e5f10400149f96c3c59e5d -> 
  custom:scripting/monoscript/fileName/InteractorDriverGroup.cs: 25a18cbb0a76e7a8f37930efac2dc5e3 -> 
  custom:scripting/monoscript/fileName/WarpTextExample.cs: 2663459c266363641981c7d17b698d7f -> 
  custom:scripting/monoscript/fileName/InteractableTransformableConnection.cs: aa199f160bbadaf2d2b7430adb4b19a9 -> 
  custom:scripting/monoscript/fileName/JointLocking.cs: 04ef49fdef9b40429c44bd8bb4f83933 -> 
  custom:scripting/monoscript/fileName/OneHandTranslateTransformer.cs: e5593db0756115f769defd5b1bc42e7e -> 
  custom:CustomObjectIndexerAttribute: 9a22284fe3817be447336de3de66b15e -> 
  custom:scripting/monoscript/fileName/WitResponse.cs: 85febed2f7a25f57ec48693bd452c142 -> 
  custom:scripting/monoscript/fileName/OneEuroFilterRotationHand.cs: b7c0c166a2ca9babc479709621d65436 -> 
  custom:scripting/monoscript/fileName/TagInteractableFilter.cs: 6c02bfd80ff65fe2d5965298b17e0457 -> 
  custom:scripting/monoscript/fileName/PointableCylinderEditor.cs: 6340733d6723a340786b526e9320784f -> 
  custom:container-demuxer-webm: 4f35f7cbe854078d1ac9338744f61a02 -> 
  custom:scripting/monoscript/fileName/PointProximityField.cs: 0f95fb408e97956db7a3762247f8adc0 -> 
  custom:scripting/monoscript/fileName/SnapAddress.cs: c2a235d307f5033a6468630481616552 -> 
  custom:scripting/monoscript/fileName/InteractorGroupMulti.cs: 6bc778766dfc2f0ec0ad2013ae6c3d21 -> 
  custom:scripting/monoscript/fileName/MicBase.cs: 1ee5e56060961d5fcfcdfe4529504890 -> 47b01f48927768722a8422b4ac545006
  custom:scripting/monoscript/fileName/DropZoneSequentialSlotsProvider.cs: 7cdedd3fff635f926ee01eb94826964d -> 
  custom:scripting/monoscript/fileName/SnapPoint.cs: 75b9e5a0f94c20895cbed2ad0cae1535 -> 
  custom:scripting/monoscript/fileName/WitTrait.cs: 3139215512626b390a96d2cb63ff9eda -> 
  custom:scripting/monoscript/fileName/ChatController.cs: 876d5ccae6e345dd5d9450eb0a748f16 -> 
  custom:scripting/monoscript/fileName/ITransformable.cs: 215a3f4eeb91cb88c54863506271ef62 -> 
  custom:scripting/monoscript/fileName/CoroutineUtility.cs: fab89599511ae356a01c13a28fda4240 -> 821d19c5ac6a7e6baf82a95f7b4d30bf
  custom:scripting/monoscript/fileName/TeleportTurningGate.cs: 575c2ab79bdb37717f3efb10cff4d8ea -> 
  custom:scripting/monoscript/fileName/InputDataProviderUpdateTriggerOVREditor.cs: 296ebd2207288873d91d6a862e3b5272 -> 
  custom:scripting/monoscript/fileName/TextMeshSpawner.cs: 76f28e2ddb031571e6ec62b018f65fa8 -> 
  custom:scripting/monoscript/fileName/ColliderSurface.cs: b1cd8447e0ce952dcc7d7b666e8fca92 -> fc86642c94a9542e787a844561e4e4f2
  custom:scripting/monoscript/fileName/IInteractableRegistry.cs: 90647cc400823b41df847a6cbfc29026 -> 
  custom:scripting/monoscript/fileName/OneEuroFilterPositionHand.cs: 39d5de62c6b9f655efb66d407ad08fff -> 
  custom:scripting/monoscript/fileName/TeleType.cs: 31fa97821c4c70f157ec81d507aa6b62 -> 
  custom:scripting/monoscript/fileName/TTSStreamToggle.cs: 386098d9b6e67cd0a4ee56f3a7972a48 -> 0132d2e4cd28c22eddc3810c7daa80a8
  custom:scripting/monoscript/fileName/HandGrabInteractorVisual.cs: 4e78a3e45d86e390b096cc34598495d6 -> 
  custom:scripting/monoscript/fileName/WitRole.cs: d05ae217608bc7de182f2476f0c8e04d -> 
  custom:scripting/monoscript/fileName/WitIncomingEntity.cs: 78d455e2834b5f65d08838e068a6b637 -> 
  custom:scripting/monoscript/fileName/Benchmark04.cs: 32220b148620e52aa81c13a114862bf4 -> 
  custom:scripting/monoscript/fileName/CylinderProximityField.cs: d46f096ca0f256553da6db049bd8e1f0 -> 
  custom:scripting/monoscript/fileName/OneEuroFilterRotationDataModifier.cs: bbc3acc82de59e5fbec702d8f8197eed -> 
  custom:scripting/monoscript/fileName/WitEntity.cs: f3634f6b005d657d9256924b6ee7724f -> 
  custom:container-muxer-webm: aa71ff27fc2769a1b78a27578f13a17b -> 
  custom:video-decoder-webm-vp8: 9c59270c3fd7afecdb556c50c9e8de78 -> 
  custom:scripting/monoscript/fileName/TMP_PhoneNumberValidator.cs: 7c3049f481e464c6a9a15dee56c3126f -> 
  custom:scripting/monoscript/fileName/Payload.cs: 20bf3ab20e64bae704c38145b44c13ac -> 
  custom:scripting/monoscript/fileName/EnsureWitIntentsStep.cs: b136f8e7ef96058daebe6e4670855769 -> 
  custom:scripting/monoscript/fileName/HandGrabPointEditor.cs: 1de61d722aec3955a0ced3ddd1649237 -> 
  custom:scripting/monoscript/fileName/AimingStabilizedOrigin.cs: 8e9de4ec8ed1eca16b6b5ccdd53afdc0 -> 
  custom:scripting/monoscript/fileName/WitConfigurationData.cs: 1b59f7289bf740e9ef9f2be93d10f3d4 -> 
  custom:scripting/monoscript/fileName/VoiceUnityRequest.cs: e67404959cad22b5a8fdd8bc15940a60 -> 
  custom:scripting/monoscript/fileName/SyncWitEntitiesStep.cs: 2ad573a8b9afd7f1740d493d07a4c0da -> 
  custom:scripting/monoscript/fileName/PointableDelegate.cs: 90647cc400823b41df847a6cbfc29026 -> 
  custom:SearchIndexIgnoredProperties: e643bd26f0fe6173181afceb89e7c659 -> 
  custom:scripting/monoscript/fileName/PointablePlane.cs: 0c63873222e6ee1c4bb906924cab90d1 -> 
  custom:AudioImporter_EditorPlatform: d09bf68614088b80899f8185d706f6e7 -> 
  custom:scripting/monoscript/fileName/SphereEditor.cs: 276cafd8aae7e32d736a0c4daa10ab21 -> 
  custom:scripting/monoscript/fileName/EnvMapAnimator.cs: 1b4f61c17e4b7283c3ac351aacff9d26 -> 
  custom:scripting/monoscript/fileName/ShaderPropAnimator.cs: 55ce425812446482e623ff2695c94cb2 -> 
  custom:scripting/monoscript/fileName/CircleProximityField.cs: 3470d85e5a68b53f46ca8356f6863551 -> 
  custom:scripting/monoscript/fileName/Transformable.cs: 5a246a64658742dc20c886d79003f704 -> 
  custom:scripting/monoscript/fileName/InteractionOVRCameraRig.cs: 19e5e98fb10016c5e6956c7b291d0f17 -> 
  custom:scripting/monoscript/fileName/ObtainIdmData.cs: 93689dcf59e4155113dc068b963c769d -> 
  custom:scripting/monoscript/fileName/HandGrabPoint.cs: f8f9a4aeaae4341c0efe8cc3e2aa5fd8 -> 
  custom:scripting/monoscript/fileName/SimpleScript.cs: 454caab0c6c050f29b39d82e1d66d0fa -> 
  custom:scripting/monoscript/fileName/PointableGroup.cs: aea7bf2c731b6179d62dad93c7f1a961 -> 
  custom:scripting/monoscript/fileName/TransformableUnityEventWrapper.cs: aa0309b765937680c8aa9e4e094215f7 -> 
  custom:scripting/monoscript/fileName/ObjectSpin.cs: 2b96bb2079dd7fa5108d981627a28e1e -> 
  custom:scripting/monoscript/fileName/MicDebug.cs: 0703043cca43f55a99276c84b88d73fb -> 75d2f3a208b34ca2e9e43f6d5775eb91
  custom:scripting/monoscript/fileName/OneHandPhysicsJointTransformer.cs: e946e3b4b5cd8cde3f541291179028e9 -> 
  custom:scripting/monoscript/fileName/WitApplication.cs: 19806fe5aebcf74124ed49d589a7e43e -> 
  custom:scripting/monoscript/fileName/IInteractorDriver.cs: fc0a89f4490fc0584b64c6fc827ee895 -> 
  custom:scripting/monoscript/fileName/GrabbableUnityEventWrapper.cs: 33df70b122ad7f22db2cbfaa0b81510a -> 
  custom:scripting/monoscript/fileName/BezierSurface.cs: da0b185221f59d400e85940f5ce71c91 -> 
  custom:scripting/monoscript/fileName/CameraController.cs: 34b6be4e23ce86dc89786916c5983296 -> 
  custom:scripting/monoscript/fileName/InteractorComparer.cs: 90647cc400823b41df847a6cbfc29026 -> 
  custom:scripting/monoscript/fileName/HandPoseRecorder.cs: d6ebfdaa7663426067642c12a6222914 -> 
  custom:scripting/monoscript/fileName/TMP_TextInfoDebugTool.cs: 3f1709cfb2cc628169113a35b5e9be3f -> 
  custom:scripting/monoscript/fileName/CanvasRenderTextureMesh.cs: ba9623d0f846f302f4c58ca374ea8422 -> 
  custom:scripting/monoscript/fileName/IProximityField.cs: 1b8f3ef3bb8397988a6923ea34f554a3 -> 
  custom:scripting/monoscript/fileName/HandGrabInteractionUtilities.cs: 5e1b87f0c932124d19544f2653fcf382 -> 
  custom:scripting/monoscript/fileName/OneHandFreeTransformer.cs: 80b454bb7a7e54382c3e5a83c645a9b0 -> 
  custom:scripting/monoscript/fileName/TwoHandPlaneTransformer.cs: 82508aadcccc9aaae16a3d02dab1f1dd -> 
  custom:scripting/monoscript/fileName/IWitHttp.cs: 91506f2edcd3bae61fa15b5c8c35b6d5 -> 
  custom:scripting/monoscript/fileName/TMP_TextSelector_A.cs: 347309a09d56e367b188a6978f75b424 -> 
  custom:scripting/monoscript/fileName/JointRotationHistoryModifier.cs: b84eeaa16ce785ca3e0b5335f31473cc -> 
  custom:scripting/monoscript/fileName/TTSWitVoiceData.cs: 879b5b5a667decd113f2ef27fec58193 -> 
  custom:video-encoder-webm-vp8: eb34c28f22e8b96e1ab97ce403110664 -> 
  custom:scripting/monoscript/fileName/FingerGrabAPI.cs: f38129e37b49d6e3a171bd504092712b -> 
  custom:scripting/monoscript/fileName/DummyDataModifier.cs: ebbb5589f565d8685d37bb183b4c3ff4 -> 
  custom:scripting/monoscript/fileName/IDistanceInteractable.cs: c2d2949b74e1e24067c043dc8ee82c5a -> 
  custom:audio-decoder-ogg-vorbis: bf7c407c2cedff20999df2af8eb42d56 -> 
  custom:scripting/monoscript/fileName/SyntheticHandModifier.cs: 873320c031209152e80a3521b7c6e3f2 -> 
  custom:scripting/monoscript/fileName/VertexJitter.cs: d27eb5498e48714a66aece98da065133 -> 
  custom:scripting/monoscript/fileName/ISnapSurface.cs: e613c1039942a8c6f8524e6d36ccbc1b -> 
  custom:scripting/monoscript/fileName/HandGrab.cs: 50288240abd576346d83074011541b5b -> 
  custom:scripting/monoscript/fileName/TTSSpeakerInput.cs: 827d47b543f4663c13881e200e539afd -> 9224de466064073281bc72c5b8b2748c
  custom:scripting/monoscript/fileName/OneEuroFilterPositionDataModifier.cs: da29522a4b6eb1cb5f6511bdbdd27a95 -> 
  custom:scripting/monoscript/fileName/WitTrainingEntity.cs: f6d2096c03af45821ae473c66af255f2 -> 
  custom:scripting/monoscript/fileName/WitEntityKeyword.cs: b5b67313fa30a40635477940a31ddbde -> 
  custom:scripting/monoscript/fileName/PointableGrabbableConnection.cs: 35ac7dedcc44186f6f6c7bf3730e6343 -> 
  custom:scripting/monoscript/fileName/TextConsoleSimulator.cs: 33fc311abb20b5b0ed8f00e4d86b574e -> 
  custom:scripting/monoscript/fileName/VertexColorCycler.cs: 5f984ca91cf3609293aecc6bc5641572 -> 
  custom:scripting/monoscript/fileName/TMP_FrameRateCounter.cs: 46f655df8cb483ac5958307137b1585a -> 
  custom:scripting/monoscript/fileName/VertexShakeB.cs: a6f78c4fcda1a29a1a1c1baefedba9e7 -> 
  custom:scripting/monoscript/fileName/FixedScaleDataModifier.cs: 89e1be89d924ac28373337b3361e61dd -> 
  custom:scripting/monoscript/fileName/TMP_UiFrameRateCounter.cs: b01021aea19247f14a98ab338907956a -> 
  custom:scripting/monoscript/fileName/PointablePlaneEditor.cs: 37a91ecc3d62d378d68629c686a51361 -> 
  custom:scripting/monoscript/fileName/WitTrainer.cs: 5fb3c95ba24e9cf857cd9b4cee94291b -> 
  custom:scripting/monoscript/fileName/IInteractableFilter.cs: 81259a32cb7c13def6a0b70f08c66048 -> 
  custom:scripting/monoscript/fileName/TTSStatusLabel.cs: 17147acb333fe55f1217dee5b341ea9e -> 
  custom:scripting/monoscript/fileName/DropZoneInteractor.cs: 76b4b17e6eac72d8f5a16e87fd0e63b5 -> 
  custom:scripting/monoscript/fileName/IAspectProvider.cs: 9859c5919d893814fee2cdd590f4f949 -> 
  custom:scripting/monoscript/fileName/OnConduitFailedParameterResolutionAttribute.cs: 60901a81960a7c5a81c752381f8034ab -> 
  custom:scripting/monoscript/fileName/Mic.cs: 525051591b471bdbfa16530d37dcb655 -> 5fc48121bdfa6f25d9345006a81f8860
  custom:scripting/monoscript/fileName/TTSCacheToggle.cs: fef530a103c6b74722a7b6f18941e54c -> 410df47b336bde136543845320d773f8
  custom:scripting/monoscript/fileName/TMPro_InstructionOverlay.cs: b626d2270e6ebd5c4311585c18b58d8d -> 
  custom:scripting/monoscript/fileName/TMP_DigitValidator.cs: ac02af96215ae3951a3cce9e1a8c6085 -> 
  custom:scripting/monoscript/fileName/MicPermissionsManager.cs: 81a336319435a61331b696a347e78b9e -> f25de0368c3638f9a3bd7e7f63f0755a
  custom:scripting/monoscript/fileName/StepRunner.cs: 6ab640738f608e4b47206553c39b2c58 -> 
  custom:scripting/monoscript/fileName/WitUnityRequest.cs: 2bd88b304dddeb742392b5d5568e7bf7 -> 156bc76d85c310a98e115eec74a771cd
  custom:audio-encoder-webm-vorbis: bf7c407c2cedff20999df2af8eb42d56 -> 
  custom:scripting/monoscript/fileName/CircleProximityFieldEditor.cs: 55b157de94575afe7fdac58cd51e3b1c -> 
  custom:scripting/monoscript/fileName/TTSErrorText.cs: f03cdbc7b1d745067e8f357414e703b1 -> 21a4d51c9f7822c5dae2e2c7e2605044
  custom:scripting/monoscript/fileName/FingerPinchAPI.cs: 478ca37299a2b7ce3d309683ce89043a -> 
  custom:scripting/monoscript/fileName/Benchmark01_UGUI.cs: 6148cfe2627b7708298f301788144139 -> 
  custom:scripting/monoscript/fileName/IPointableSurface.cs: d7a8e441db2730be64c585bb12bf4db1 -> 
  custom:scripting/monoscript/fileName/PhysicsTransformable.cs: 5811faf37734ce7ec9b28418c4758de1 -> 
  custom:scripting/monoscript/fileName/PitchRemap.cs: 5b7277eeb0a8effc4822cb897b70f197 -> 
  custom:scripting/monoscript/fileName/WitOutgoingEntity.cs: c7126ba0b7fa09ef7a925f4dc186e5b7 -> 
  custom:scripting/precompiled-assembly-types:Assembly-CSharp: 6656b4eabdd7021662a3c2e888d49805 -> 814ac1c33453c30a9ab4084cc68c341e
  custom:scripting/monoscript/fileName/LocomotionGateVisual.cs: e25bbb39051f52b97c3e93bb37ab390d -> 
  custom:scripting/monoscript/fileName/TTSWitVoiceUtility.cs: eee5b9af7f1fc7fc0da148c8bdf0ad4f -> 
  custom:scripting/monoscript/fileName/Benchmark03.cs: 17cc87e0529ac71d909a946afb47a274 -> 
  custom:scripting/monoscript/fileName/HandleEntityResolutionFailureAttribute.cs: c6e2d1dd1bcaba0322547519e0e12ac7 -> 
========================================================================
Received Prepare
Shader 'Oculus/OVRMRCameraFrameLit': fallback shader 'Alpha-Diffuse' not found
Refreshing native plugins compatible for Editor in 22.70 ms, found 8 plugins.
Preloading 2 native plugins for Editor in 0.26 ms.
Unloading 5 Unused Serialized files (Serialized files now loaded: 0)
Unloading 5 unused Assets / (183.3 KB). Loaded Objects now: 5537.
Memory consumption went from 91.9 MB to 91.7 MB.
Total: 4.487100 ms (FindLiveObjects: 0.285200 ms CreateObjectMapping: 0.084500 ms MarkObjects: 3.973600 ms  DeleteObjects: 0.143200 ms)

Prepare: number of updated asset objects reloaded= 0
AssetImportParameters requested are different than current active one (requested -> active):
  custom:scripting/monoscript/fileName/WitIntent.cs: b16c53bcdd4b02694d33f5fcb8acdf19 -> 
  custom:scripting/monoscript/fileName/GrabPointsPoseFinder.cs: 2ce4e7dd89758cfe15cc84bbdaa5d275 -> 
  custom:scripting/monoscript/fileName/CylinderProximityFieldEditor.cs: 3e379a0d9898211fdf7bd80a30343891 -> 
  custom:scripting/monoscript/fileName/CanvasMeshPointable.cs: c479bafc80e05db87d89b0e734294af3 -> 
  custom:scripting/monoscript/fileName/CylinderEditor.cs: b3e556284986a11c8d6bd82a7d7bef7e -> 
  custom:scripting/monoscript/fileName/SkewTextExample.cs: c142d02d70a129e0533975f7c2f96956 -> 
  custom:scripting/monoscript/fileName/GrabPoint.cs: a19e23b452c1156c6e2d489a5b9f5977 -> 
  custom:container-demuxer-ogg: 62fdf1f143b41e24485cea50d1cbac27 -> 
  custom:scripting/monoscript/fileName/OneHandRotateTransformer.cs: b4ad4fec7dbc0022b27ef2f1444e1086 -> 
  custom:scripting/monoscript/fileName/WitTraitValue.cs: c4fc68c99e4126ea4ce1abd10ab830cf -> 
  custom:scripting/monoscript/fileName/TMP_TextEventHandler.cs: f5cd9d5a43bfefc8f4fec80e6de896a4 -> 
  custom:scripting/monoscript/fileName/IMonoBehaviourFilter.cs: 9cedc3648a1ac103150b8378e75e48c4 -> 
  custom:scripting/monoscript/fileName/BezierSurfaceEditor.cs: 3bfdf637db9318a14fc832066acdc19a -> 
  custom:scripting/monoscript/fileName/SnapSurfaceHelper.cs: 7310cd667c1f6f32da3156d4956a11cb -> 
  custom:scripting/monoscript/fileName/InputDataProviderUpdateTriggerOVR.cs: c642c70bc2d53e104962e39be79e0283 -> 
  custom:scripting/monoscript/fileName/ITween.cs: d765ab2d93516afd5cff5e65cdb523ff -> 
  custom:scripting/monoscript/fileName/TextMeshProFloatingText.cs: 92608fa4a6315cd0786d82205e77b697 -> 
  custom:scripting/monoscript/fileName/DropZoneInteractable.cs: da4c91e5f510c5633065c5ee349670e0 -> 
  custom:scripting/monoscript/fileName/InteractorGroup.cs: 075c37967371ab7213a5d5cca24ff1fc -> 60fe7361e8ecd7ffeba4477da21c55fe
  custom:scripting/monoscript/fileName/WitHttp.cs: 65528eef0357ac8698cea4e277f16a7c -> 
  custom:scripting/monoscript/fileName/VertexZoom.cs: 650ab1e81d40126e3edcf737cce646e4 -> 
  custom:scripting/monoscript/fileName/BoxProximityField.cs: 8381476084cb2eebc09f6205ab260a5f -> 
  custom:scripting/monoscript/fileName/ProcessStep.cs: c70de6d5eef34fc1abe9451b4eb02d17 -> 
  custom:video-codec-MediaFoundation-h265: 746d11721c4dcdbdad8f713fa42b33f4 -> 
  custom:scripting/monoscript/fileName/WitTrainingUtterance.cs: a06d2df3896850626c28c2eee2f3361f -> 
  custom:scripting/monoscript/fileName/IInteractorComparer.cs: 134007cf487fdfbaee924b7d31a3e8ab -> 
  custom:scripting/monoscript/fileName/ITeleportArc.cs: 1ea6eacef0fbe7453ebeaaedd85bf98c -> 
  custom:scripting/monoscript/fileName/CylinderSurface.cs: 06b7f3fe576c2b562f08ad1445def42f -> 5bee5d43e279f1a3b524f87759982fd3
  custom:scripting/monoscript/fileName/VertexShakeA.cs: 63ec564c588058369499638dd899e05b -> 
  custom:scripting/monoscript/fileName/TagMonoBehaviourFilter.cs: 899569d8afa40a8d293811b71b3f0a56 -> 
  custom:scripting/monoscript/fileName/SphereSurface.cs: 6d8b2477044e484ea8579f6f1f45e3a8 -> 
  custom:scripting/monoscript/fileName/LastKnownGoodDataModifier.cs: 0b2c17c40fb2875f055e57a3080d7c9d -> 
  custom:scripting/monoscript/fileName/TMP_ExampleScript_01.cs: a9d4be556104ff54e7d240529b3e01dc -> 
  custom:video-decoder-ogg-theora: a1e56fd34408186e4bbccfd4996cb3dc -> 
  custom:scripting/monoscript/fileName/WitEntityRole.cs: 8b2af296196ddab171c9825f773f77da -> 
  custom:scripting/monoscript/fileName/TMP_TextEventCheck.cs: 13505d917eab5868c435e0c2986dadfa -> 
  custom:scripting/monoscript/fileName/TMP_TextSelector_B.cs: ba2be21a7486d37b1011342977a2e49d -> 
  custom:scripting/monoscript/fileName/Benchmark01.cs: 2d3e2cd961730ab95f139a49a673bace -> 
  custom:scripting/monoscript/fileName/PointableCylinder.cs: 9a62d083874bdd860515054a450ac594 -> 
  custom:scripting/monoscript/fileName/AudioEncoding.cs: f84b3952f084caac261984fbd264acec -> 7f68c8ddbd6875f735f3280c1aa36e92
  custom:scripting/monoscript/fileName/InteractorDriver.cs: 285df5cb75aa79644c75f1cfa1d96ee4 -> 
  custom:framework-win-MediaFoundation: 216162199b28c13a410421893ffa2e32 -> 
  custom:scripting/monoscript/fileName/ISnapPoseProvider.cs: 3ec1f733df4df3213c9abc4abfa84cf1 -> 
  custom:scripting/monoscript/fileName/IDropZoneSlotsProvider.cs: fc82a4709de8cea85e0be7e46ba6942f -> 
  custom:scripting/monoscript/fileName/IAudioInputSource.cs: 9cedc902c969604d8ecab3d4c3d431d7 -> 938d3583ac997fe47e013c96006b1b9d
  custom:scripting/monoscript/fileName/BoxProximityFieldEditor.cs: 3ca172dc25f45b576b1261d9f0fc6a13 -> 
  custom:scripting/monoscript/fileName/ArcRangeModifier.cs: df4e86005874fa14c26dde0e58fe01b3 -> 
  custom:scripting/monoscript/fileName/TrainUtterances.cs: fad5269aa3542e54bceac07b82fa9fb2 -> 
  custom:scripting/monoscript/fileName/OVRSkeletonDataProviders.cs: c9301a8aea506ae86c85f3531883f294 -> 
  custom:scripting/monoscript/fileName/BoxEditor.cs: 6cb10ba4aeba036613100827e384c6dd -> 
  custom:scripting/monoscript/fileName/BoxSurface.cs: 64c4f1d5c8f509e2ebfbbe8cc0454ae3 -> 
  custom:scripting/monoscript/fileName/HandPoseRecordable.cs: be9aebb9e35f1a89cf251d5ebe16b65e -> 
  custom:scripting/monoscript/fileName/Benchmark02.cs: 5640963252ce70910e726415f869ced6 -> 
  custom:scripting/monoscript/fileName/TwoHandFreeTransformer.cs: 5484f45a8b713e7524e309309f536d2e -> 
  custom:scripting/monoscript/fileName/DropdownSample.cs: 0a92251794e5f10400149f96c3c59e5d -> 
  custom:scripting/monoscript/fileName/InteractorDriverGroup.cs: 25a18cbb0a76e7a8f37930efac2dc5e3 -> 
  custom:scripting/monoscript/fileName/WarpTextExample.cs: 2663459c266363641981c7d17b698d7f -> 
  custom:scripting/monoscript/fileName/InteractableTransformableConnection.cs: aa199f160bbadaf2d2b7430adb4b19a9 -> 
  custom:scripting/monoscript/fileName/JointLocking.cs: 04ef49fdef9b40429c44bd8bb4f83933 -> 
  custom:scripting/monoscript/fileName/OneHandTranslateTransformer.cs: e5593db0756115f769defd5b1bc42e7e -> 
  custom:CustomObjectIndexerAttribute: 9a22284fe3817be447336de3de66b15e -> 
  custom:scripting/monoscript/fileName/WitResponse.cs: 85febed2f7a25f57ec48693bd452c142 -> 
  custom:scripting/monoscript/fileName/OneEuroFilterRotationHand.cs: b7c0c166a2ca9babc479709621d65436 -> 
  custom:scripting/monoscript/fileName/TagInteractableFilter.cs: 6c02bfd80ff65fe2d5965298b17e0457 -> 
  custom:scripting/monoscript/fileName/PointableCylinderEditor.cs: 6340733d6723a340786b526e9320784f -> 
  custom:container-demuxer-webm: 4f35f7cbe854078d1ac9338744f61a02 -> 
  custom:scripting/monoscript/fileName/PointProximityField.cs: 0f95fb408e97956db7a3762247f8adc0 -> 
  custom:scripting/monoscript/fileName/SnapAddress.cs: c2a235d307f5033a6468630481616552 -> 
  custom:scripting/monoscript/fileName/InteractorGroupMulti.cs: 6bc778766dfc2f0ec0ad2013ae6c3d21 -> 
  custom:scripting/monoscript/fileName/MicBase.cs: 1ee5e56060961d5fcfcdfe4529504890 -> 47b01f48927768722a8422b4ac545006
  custom:scripting/monoscript/fileName/DropZoneSequentialSlotsProvider.cs: 7cdedd3fff635f926ee01eb94826964d -> 
  custom:scripting/monoscript/fileName/SnapPoint.cs: 75b9e5a0f94c20895cbed2ad0cae1535 -> 
  custom:scripting/monoscript/fileName/WitTrait.cs: 3139215512626b390a96d2cb63ff9eda -> 
  custom:scripting/monoscript/fileName/ChatController.cs: 876d5ccae6e345dd5d9450eb0a748f16 -> 
  custom:scripting/monoscript/fileName/ITransformable.cs: 215a3f4eeb91cb88c54863506271ef62 -> 
  custom:scripting/monoscript/fileName/CoroutineUtility.cs: fab89599511ae356a01c13a28fda4240 -> 821d19c5ac6a7e6baf82a95f7b4d30bf
  custom:scripting/monoscript/fileName/TeleportTurningGate.cs: 575c2ab79bdb37717f3efb10cff4d8ea -> 
  custom:scripting/monoscript/fileName/InputDataProviderUpdateTriggerOVREditor.cs: 296ebd2207288873d91d6a862e3b5272 -> 
  custom:scripting/monoscript/fileName/TextMeshSpawner.cs: 76f28e2ddb031571e6ec62b018f65fa8 -> 
  custom:scripting/monoscript/fileName/ColliderSurface.cs: b1cd8447e0ce952dcc7d7b666e8fca92 -> fc86642c94a9542e787a844561e4e4f2
  custom:scripting/monoscript/fileName/IInteractableRegistry.cs: 90647cc400823b41df847a6cbfc29026 -> 
  custom:scripting/monoscript/fileName/OneEuroFilterPositionHand.cs: 39d5de62c6b9f655efb66d407ad08fff -> 
  custom:scripting/monoscript/fileName/TeleType.cs: 31fa97821c4c70f157ec81d507aa6b62 -> 
  custom:scripting/monoscript/fileName/TTSStreamToggle.cs: 386098d9b6e67cd0a4ee56f3a7972a48 -> 0132d2e4cd28c22eddc3810c7daa80a8
  custom:scripting/monoscript/fileName/HandGrabInteractorVisual.cs: 4e78a3e45d86e390b096cc34598495d6 -> 
  custom:scripting/monoscript/fileName/WitRole.cs: d05ae217608bc7de182f2476f0c8e04d -> 
  custom:scripting/monoscript/fileName/WitIncomingEntity.cs: 78d455e2834b5f65d08838e068a6b637 -> 
  custom:scripting/monoscript/fileName/Benchmark04.cs: 32220b148620e52aa81c13a114862bf4 -> 
  custom:scripting/monoscript/fileName/CylinderProximityField.cs: d46f096ca0f256553da6db049bd8e1f0 -> 
  custom:scripting/monoscript/fileName/OneEuroFilterRotationDataModifier.cs: bbc3acc82de59e5fbec702d8f8197eed -> 
  custom:scripting/monoscript/fileName/WitEntity.cs: f3634f6b005d657d9256924b6ee7724f -> 
  custom:container-muxer-webm: aa71ff27fc2769a1b78a27578f13a17b -> 
  custom:video-decoder-webm-vp8: 9c59270c3fd7afecdb556c50c9e8de78 -> 
  custom:scripting/monoscript/fileName/TMP_PhoneNumberValidator.cs: 7c3049f481e464c6a9a15dee56c3126f -> 
  custom:scripting/monoscript/fileName/Payload.cs: 20bf3ab20e64bae704c38145b44c13ac -> 
  custom:scripting/monoscript/fileName/EnsureWitIntentsStep.cs: b136f8e7ef96058daebe6e4670855769 -> 
  custom:scripting/monoscript/fileName/HandGrabPointEditor.cs: 1de61d722aec3955a0ced3ddd1649237 -> 
  custom:scripting/monoscript/fileName/AimingStabilizedOrigin.cs: 8e9de4ec8ed1eca16b6b5ccdd53afdc0 -> 
  custom:scripting/monoscript/fileName/WitConfigurationData.cs: 1b59f7289bf740e9ef9f2be93d10f3d4 -> 
  custom:scripting/monoscript/fileName/VoiceUnityRequest.cs: e67404959cad22b5a8fdd8bc15940a60 -> 
  custom:scripting/monoscript/fileName/SyncWitEntitiesStep.cs: 2ad573a8b9afd7f1740d493d07a4c0da -> 
  custom:scripting/monoscript/fileName/PointableDelegate.cs: 90647cc400823b41df847a6cbfc29026 -> 
  custom:SearchIndexIgnoredProperties: e643bd26f0fe6173181afceb89e7c659 -> 
  custom:scripting/monoscript/fileName/PointablePlane.cs: 0c63873222e6ee1c4bb906924cab90d1 -> 
  custom:AudioImporter_EditorPlatform: d09bf68614088b80899f8185d706f6e7 -> 
  custom:scripting/monoscript/fileName/SphereEditor.cs: 276cafd8aae7e32d736a0c4daa10ab21 -> 
  custom:scripting/monoscript/fileName/EnvMapAnimator.cs: 1b4f61c17e4b7283c3ac351aacff9d26 -> 
  custom:scripting/monoscript/fileName/ShaderPropAnimator.cs: 55ce425812446482e623ff2695c94cb2 -> 
  custom:scripting/monoscript/fileName/CircleProximityField.cs: 3470d85e5a68b53f46ca8356f6863551 -> 
  custom:scripting/monoscript/fileName/Transformable.cs: 5a246a64658742dc20c886d79003f704 -> 
  custom:scripting/monoscript/fileName/InteractionOVRCameraRig.cs: 19e5e98fb10016c5e6956c7b291d0f17 -> 
  custom:scripting/monoscript/fileName/ObtainIdmData.cs: 93689dcf59e4155113dc068b963c769d -> 
  custom:scripting/monoscript/fileName/HandGrabPoint.cs: f8f9a4aeaae4341c0efe8cc3e2aa5fd8 -> 
  custom:scripting/monoscript/fileName/SimpleScript.cs: 454caab0c6c050f29b39d82e1d66d0fa -> 
  custom:scripting/monoscript/fileName/PointableGroup.cs: aea7bf2c731b6179d62dad93c7f1a961 -> 
  custom:scripting/monoscript/fileName/TransformableUnityEventWrapper.cs: aa0309b765937680c8aa9e4e094215f7 -> 
  custom:scripting/monoscript/fileName/ObjectSpin.cs: 2b96bb2079dd7fa5108d981627a28e1e -> 
  custom:scripting/monoscript/fileName/MicDebug.cs: 0703043cca43f55a99276c84b88d73fb -> 75d2f3a208b34ca2e9e43f6d5775eb91
  custom:scripting/monoscript/fileName/OneHandPhysicsJointTransformer.cs: e946e3b4b5cd8cde3f541291179028e9 -> 
  custom:scripting/monoscript/fileName/WitApplication.cs: 19806fe5aebcf74124ed49d589a7e43e -> 
  custom:scripting/monoscript/fileName/IInteractorDriver.cs: fc0a89f4490fc0584b64c6fc827ee895 -> 
  custom:scripting/monoscript/fileName/GrabbableUnityEventWrapper.cs: 33df70b122ad7f22db2cbfaa0b81510a -> 
  custom:scripting/monoscript/fileName/BezierSurface.cs: da0b185221f59d400e85940f5ce71c91 -> 
  custom:scripting/monoscript/fileName/CameraController.cs: 34b6be4e23ce86dc89786916c5983296 -> 
  custom:scripting/monoscript/fileName/InteractorComparer.cs: 90647cc400823b41df847a6cbfc29026 -> 
  custom:scripting/monoscript/fileName/HandPoseRecorder.cs: d6ebfdaa7663426067642c12a6222914 -> 
  custom:scripting/monoscript/fileName/TMP_TextInfoDebugTool.cs: 3f1709cfb2cc628169113a35b5e9be3f -> 
  custom:scripting/monoscript/fileName/CanvasRenderTextureMesh.cs: ba9623d0f846f302f4c58ca374ea8422 -> 
  custom:scripting/monoscript/fileName/IProximityField.cs: 1b8f3ef3bb8397988a6923ea34f554a3 -> 
  custom:scripting/monoscript/fileName/HandGrabInteractionUtilities.cs: 5e1b87f0c932124d19544f2653fcf382 -> 
  custom:scripting/monoscript/fileName/OneHandFreeTransformer.cs: 80b454bb7a7e54382c3e5a83c645a9b0 -> 
  custom:scripting/monoscript/fileName/TwoHandPlaneTransformer.cs: 82508aadcccc9aaae16a3d02dab1f1dd -> 
  custom:scripting/monoscript/fileName/IWitHttp.cs: 91506f2edcd3bae61fa15b5c8c35b6d5 -> 
  custom:scripting/monoscript/fileName/TMP_TextSelector_A.cs: 347309a09d56e367b188a6978f75b424 -> 
  custom:scripting/monoscript/fileName/JointRotationHistoryModifier.cs: b84eeaa16ce785ca3e0b5335f31473cc -> 
  custom:scripting/monoscript/fileName/TTSWitVoiceData.cs: 879b5b5a667decd113f2ef27fec58193 -> 
  custom:video-encoder-webm-vp8: eb34c28f22e8b96e1ab97ce403110664 -> 
  custom:scripting/monoscript/fileName/FingerGrabAPI.cs: f38129e37b49d6e3a171bd504092712b -> 
  custom:scripting/monoscript/fileName/DummyDataModifier.cs: ebbb5589f565d8685d37bb183b4c3ff4 -> 
  custom:scripting/monoscript/fileName/IDistanceInteractable.cs: c2d2949b74e1e24067c043dc8ee82c5a -> 
  custom:audio-decoder-ogg-vorbis: bf7c407c2cedff20999df2af8eb42d56 -> 
  custom:scripting/monoscript/fileName/SyntheticHandModifier.cs: 873320c031209152e80a3521b7c6e3f2 -> 
  custom:scripting/monoscript/fileName/VertexJitter.cs: d27eb5498e48714a66aece98da065133 -> 
  custom:scripting/monoscript/fileName/ISnapSurface.cs: e613c1039942a8c6f8524e6d36ccbc1b -> 
  custom:scripting/monoscript/fileName/HandGrab.cs: 50288240abd576346d83074011541b5b -> 
  custom:scripting/monoscript/fileName/TTSSpeakerInput.cs: 827d47b543f4663c13881e200e539afd -> 9224de466064073281bc72c5b8b2748c
  custom:scripting/monoscript/fileName/OneEuroFilterPositionDataModifier.cs: da29522a4b6eb1cb5f6511bdbdd27a95 -> 
  custom:scripting/monoscript/fileName/WitTrainingEntity.cs: f6d2096c03af45821ae473c66af255f2 -> 
  custom:scripting/monoscript/fileName/WitEntityKeyword.cs: b5b67313fa30a40635477940a31ddbde -> 
  custom:scripting/monoscript/fileName/PointableGrabbableConnection.cs: 35ac7dedcc44186f6f6c7bf3730e6343 -> 
  custom:scripting/monoscript/fileName/TextConsoleSimulator.cs: 33fc311abb20b5b0ed8f00e4d86b574e -> 
  custom:scripting/monoscript/fileName/VertexColorCycler.cs: 5f984ca91cf3609293aecc6bc5641572 -> 
  custom:scripting/monoscript/fileName/TMP_FrameRateCounter.cs: 46f655df8cb483ac5958307137b1585a -> 
  custom:scripting/monoscript/fileName/VertexShakeB.cs: a6f78c4fcda1a29a1a1c1baefedba9e7 -> 
  custom:scripting/monoscript/fileName/FixedScaleDataModifier.cs: 89e1be89d924ac28373337b3361e61dd -> 
  custom:scripting/monoscript/fileName/TMP_UiFrameRateCounter.cs: b01021aea19247f14a98ab338907956a -> 
  custom:scripting/monoscript/fileName/PointablePlaneEditor.cs: 37a91ecc3d62d378d68629c686a51361 -> 
  custom:scripting/monoscript/fileName/WitTrainer.cs: 5fb3c95ba24e9cf857cd9b4cee94291b -> 
  custom:scripting/monoscript/fileName/IInteractableFilter.cs: 81259a32cb7c13def6a0b70f08c66048 -> 
  custom:scripting/monoscript/fileName/TTSStatusLabel.cs: 17147acb333fe55f1217dee5b341ea9e -> 
  custom:scripting/monoscript/fileName/DropZoneInteractor.cs: 76b4b17e6eac72d8f5a16e87fd0e63b5 -> 
  custom:scripting/monoscript/fileName/IAspectProvider.cs: 9859c5919d893814fee2cdd590f4f949 -> 
  custom:scripting/monoscript/fileName/OnConduitFailedParameterResolutionAttribute.cs: 60901a81960a7c5a81c752381f8034ab -> 
  custom:scripting/monoscript/fileName/Mic.cs: 525051591b471bdbfa16530d37dcb655 -> 5fc48121bdfa6f25d9345006a81f8860
  custom:scripting/monoscript/fileName/TTSCacheToggle.cs: fef530a103c6b74722a7b6f18941e54c -> 410df47b336bde136543845320d773f8
  custom:scripting/monoscript/fileName/TMPro_InstructionOverlay.cs: b626d2270e6ebd5c4311585c18b58d8d -> 
  custom:scripting/monoscript/fileName/TMP_DigitValidator.cs: ac02af96215ae3951a3cce9e1a8c6085 -> 
  custom:scripting/monoscript/fileName/MicPermissionsManager.cs: 81a336319435a61331b696a347e78b9e -> f25de0368c3638f9a3bd7e7f63f0755a
  custom:scripting/monoscript/fileName/StepRunner.cs: 6ab640738f608e4b47206553c39b2c58 -> 
  custom:scripting/monoscript/fileName/WitUnityRequest.cs: 2bd88b304dddeb742392b5d5568e7bf7 -> 156bc76d85c310a98e115eec74a771cd
  custom:audio-encoder-webm-vorbis: bf7c407c2cedff20999df2af8eb42d56 -> 
  custom:scripting/monoscript/fileName/CircleProximityFieldEditor.cs: 55b157de94575afe7fdac58cd51e3b1c -> 
  custom:scripting/monoscript/fileName/TTSErrorText.cs: f03cdbc7b1d745067e8f357414e703b1 -> 21a4d51c9f7822c5dae2e2c7e2605044
  custom:scripting/monoscript/fileName/FingerPinchAPI.cs: 478ca37299a2b7ce3d309683ce89043a -> 
  custom:scripting/monoscript/fileName/Benchmark01_UGUI.cs: 6148cfe2627b7708298f301788144139 -> 
  custom:scripting/monoscript/fileName/IPointableSurface.cs: d7a8e441db2730be64c585bb12bf4db1 -> 
  custom:scripting/monoscript/fileName/PhysicsTransformable.cs: 5811faf37734ce7ec9b28418c4758de1 -> 
  custom:scripting/monoscript/fileName/PitchRemap.cs: 5b7277eeb0a8effc4822cb897b70f197 -> 
  custom:scripting/monoscript/fileName/WitOutgoingEntity.cs: c7126ba0b7fa09ef7a925f4dc186e5b7 -> 
  custom:scripting/precompiled-assembly-types:Assembly-CSharp: 6656b4eabdd7021662a3c2e888d49805 -> 814ac1c33453c30a9ab4084cc68c341e
  custom:scripting/monoscript/fileName/LocomotionGateVisual.cs: e25bbb39051f52b97c3e93bb37ab390d -> 
  custom:scripting/monoscript/fileName/TTSWitVoiceUtility.cs: eee5b9af7f1fc7fc0da148c8bdf0ad4f -> 
  custom:scripting/monoscript/fileName/Benchmark03.cs: 17cc87e0529ac71d909a946afb47a274 -> 
  custom:scripting/monoscript/fileName/HandleEntityResolutionFailureAttribute.cs: c6e2d1dd1bcaba0322547519e0e12ac7 -> 
========================================================================
Received Prepare
Shader 'Oculus/OVRMRCameraFrameLit': fallback shader 'Alpha-Diffuse' not found
Refreshing native plugins compatible for Editor in 23.19 ms, found 8 plugins.
Preloading 2 native plugins for Editor in 0.24 ms.
Unloading 5 Unused Serialized files (Serialized files now loaded: 0)
Unloading 5 unused Assets / (183.4 KB). Loaded Objects now: 5537.
Memory consumption went from 91.5 MB to 91.4 MB.
Total: 3.472200 ms (FindLiveObjects: 0.250500 ms CreateObjectMapping: 0.092200 ms MarkObjects: 2.968200 ms  DeleteObjects: 0.160500 ms)

Prepare: number of updated asset objects reloaded= 0
AssetImportParameters requested are different than current active one (requested -> active):
  custom:scripting/monoscript/fileName/WitIntent.cs: b16c53bcdd4b02694d33f5fcb8acdf19 -> 
  custom:scripting/monoscript/fileName/GrabPointsPoseFinder.cs: 2ce4e7dd89758cfe15cc84bbdaa5d275 -> 
  custom:scripting/monoscript/fileName/CylinderProximityFieldEditor.cs: 3e379a0d9898211fdf7bd80a30343891 -> 
  custom:scripting/monoscript/fileName/CanvasMeshPointable.cs: c479bafc80e05db87d89b0e734294af3 -> 
  custom:scripting/monoscript/fileName/CylinderEditor.cs: b3e556284986a11c8d6bd82a7d7bef7e -> 
  custom:scripting/monoscript/fileName/SkewTextExample.cs: c142d02d70a129e0533975f7c2f96956 -> 
  custom:scripting/monoscript/fileName/GrabPoint.cs: a19e23b452c1156c6e2d489a5b9f5977 -> 
  custom:container-demuxer-ogg: 62fdf1f143b41e24485cea50d1cbac27 -> 
  custom:scripting/monoscript/fileName/OneHandRotateTransformer.cs: b4ad4fec7dbc0022b27ef2f1444e1086 -> 
  custom:scripting/monoscript/fileName/WitTraitValue.cs: c4fc68c99e4126ea4ce1abd10ab830cf -> 
  custom:scripting/monoscript/fileName/TMP_TextEventHandler.cs: f5cd9d5a43bfefc8f4fec80e6de896a4 -> 
  custom:scripting/monoscript/fileName/IMonoBehaviourFilter.cs: 9cedc3648a1ac103150b8378e75e48c4 -> 
  custom:scripting/monoscript/fileName/BezierSurfaceEditor.cs: 3bfdf637db9318a14fc832066acdc19a -> 
  custom:scripting/monoscript/fileName/SnapSurfaceHelper.cs: 7310cd667c1f6f32da3156d4956a11cb -> 
  custom:scripting/monoscript/fileName/InputDataProviderUpdateTriggerOVR.cs: c642c70bc2d53e104962e39be79e0283 -> 
  custom:scripting/monoscript/fileName/ITween.cs: d765ab2d93516afd5cff5e65cdb523ff -> 
  custom:scripting/monoscript/fileName/TextMeshProFloatingText.cs: 92608fa4a6315cd0786d82205e77b697 -> 
  custom:scripting/monoscript/fileName/DropZoneInteractable.cs: da4c91e5f510c5633065c5ee349670e0 -> 
  custom:scripting/monoscript/fileName/InteractorGroup.cs: 075c37967371ab7213a5d5cca24ff1fc -> 60fe7361e8ecd7ffeba4477da21c55fe
  custom:scripting/monoscript/fileName/WitHttp.cs: 65528eef0357ac8698cea4e277f16a7c -> 
  custom:scripting/monoscript/fileName/VertexZoom.cs: 650ab1e81d40126e3edcf737cce646e4 -> 
  custom:scripting/monoscript/fileName/BoxProximityField.cs: 8381476084cb2eebc09f6205ab260a5f -> 
  custom:scripting/monoscript/fileName/ProcessStep.cs: c70de6d5eef34fc1abe9451b4eb02d17 -> 
  custom:video-codec-MediaFoundation-h265: 746d11721c4dcdbdad8f713fa42b33f4 -> 
  custom:scripting/monoscript/fileName/WitTrainingUtterance.cs: a06d2df3896850626c28c2eee2f3361f -> 
  custom:scripting/monoscript/fileName/IInteractorComparer.cs: 134007cf487fdfbaee924b7d31a3e8ab -> 
  custom:scripting/monoscript/fileName/ITeleportArc.cs: 1ea6eacef0fbe7453ebeaaedd85bf98c -> 
  custom:scripting/monoscript/fileName/CylinderSurface.cs: 06b7f3fe576c2b562f08ad1445def42f -> 5bee5d43e279f1a3b524f87759982fd3
  custom:scripting/monoscript/fileName/VertexShakeA.cs: 63ec564c588058369499638dd899e05b -> 
  custom:scripting/monoscript/fileName/TagMonoBehaviourFilter.cs: 899569d8afa40a8d293811b71b3f0a56 -> 
  custom:scripting/monoscript/fileName/SphereSurface.cs: 6d8b2477044e484ea8579f6f1f45e3a8 -> 
  custom:scripting/monoscript/fileName/LastKnownGoodDataModifier.cs: 0b2c17c40fb2875f055e57a3080d7c9d -> 
  custom:scripting/monoscript/fileName/TMP_ExampleScript_01.cs: a9d4be556104ff54e7d240529b3e01dc -> 
  custom:video-decoder-ogg-theora: a1e56fd34408186e4bbccfd4996cb3dc -> 
  custom:scripting/monoscript/fileName/WitEntityRole.cs: 8b2af296196ddab171c9825f773f77da -> 
  custom:scripting/monoscript/fileName/TMP_TextEventCheck.cs: 13505d917eab5868c435e0c2986dadfa -> 
  custom:scripting/monoscript/fileName/TMP_TextSelector_B.cs: ba2be21a7486d37b1011342977a2e49d -> 
  custom:scripting/monoscript/fileName/Benchmark01.cs: 2d3e2cd961730ab95f139a49a673bace -> 
  custom:scripting/monoscript/fileName/PointableCylinder.cs: 9a62d083874bdd860515054a450ac594 -> 
  custom:scripting/monoscript/fileName/AudioEncoding.cs: f84b3952f084caac261984fbd264acec -> 7f68c8ddbd6875f735f3280c1aa36e92
  custom:scripting/monoscript/fileName/InteractorDriver.cs: 285df5cb75aa79644c75f1cfa1d96ee4 -> 
  custom:framework-win-MediaFoundation: 216162199b28c13a410421893ffa2e32 -> 
  custom:scripting/monoscript/fileName/ISnapPoseProvider.cs: 3ec1f733df4df3213c9abc4abfa84cf1 -> 
  custom:scripting/monoscript/fileName/IDropZoneSlotsProvider.cs: fc82a4709de8cea85e0be7e46ba6942f -> 
  custom:scripting/monoscript/fileName/IAudioInputSource.cs: 9cedc902c969604d8ecab3d4c3d431d7 -> 938d3583ac997fe47e013c96006b1b9d
  custom:scripting/monoscript/fileName/BoxProximityFieldEditor.cs: 3ca172dc25f45b576b1261d9f0fc6a13 -> 
  custom:scripting/monoscript/fileName/ArcRangeModifier.cs: df4e86005874fa14c26dde0e58fe01b3 -> 
  custom:scripting/monoscript/fileName/TrainUtterances.cs: fad5269aa3542e54bceac07b82fa9fb2 -> 
  custom:scripting/monoscript/fileName/OVRSkeletonDataProviders.cs: c9301a8aea506ae86c85f3531883f294 -> 
  custom:scripting/monoscript/fileName/BoxEditor.cs: 6cb10ba4aeba036613100827e384c6dd -> 
  custom:scripting/monoscript/fileName/BoxSurface.cs: 64c4f1d5c8f509e2ebfbbe8cc0454ae3 -> 
  custom:scripting/monoscript/fileName/HandPoseRecordable.cs: be9aebb9e35f1a89cf251d5ebe16b65e -> 
  custom:scripting/monoscript/fileName/Benchmark02.cs: 5640963252ce70910e726415f869ced6 -> 
  custom:scripting/monoscript/fileName/TwoHandFreeTransformer.cs: 5484f45a8b713e7524e309309f536d2e -> 
  custom:scripting/monoscript/fileName/DropdownSample.cs: 0a92251794e5f10400149f96c3c59e5d -> 
  custom:scripting/monoscript/fileName/InteractorDriverGroup.cs: 25a18cbb0a76e7a8f37930efac2dc5e3 -> 
  custom:scripting/monoscript/fileName/WarpTextExample.cs: 2663459c266363641981c7d17b698d7f -> 
  custom:scripting/monoscript/fileName/InteractableTransformableConnection.cs: aa199f160bbadaf2d2b7430adb4b19a9 -> 
  custom:scripting/monoscript/fileName/JointLocking.cs: 04ef49fdef9b40429c44bd8bb4f83933 -> 
  custom:scripting/monoscript/fileName/OneHandTranslateTransformer.cs: e5593db0756115f769defd5b1bc42e7e -> 
  custom:CustomObjectIndexerAttribute: 9a22284fe3817be447336de3de66b15e -> 
  custom:scripting/monoscript/fileName/WitResponse.cs: 85febed2f7a25f57ec48693bd452c142 -> 
  custom:scripting/monoscript/fileName/OneEuroFilterRotationHand.cs: b7c0c166a2ca9babc479709621d65436 -> 
  custom:scripting/monoscript/fileName/TagInteractableFilter.cs: 6c02bfd80ff65fe2d5965298b17e0457 -> 
  custom:scripting/monoscript/fileName/PointableCylinderEditor.cs: 6340733d6723a340786b526e9320784f -> 
  custom:container-demuxer-webm: 4f35f7cbe854078d1ac9338744f61a02 -> 
  custom:scripting/monoscript/fileName/PointProximityField.cs: 0f95fb408e97956db7a3762247f8adc0 -> 
  custom:scripting/monoscript/fileName/SnapAddress.cs: c2a235d307f5033a6468630481616552 -> 
  custom:scripting/monoscript/fileName/InteractorGroupMulti.cs: 6bc778766dfc2f0ec0ad2013ae6c3d21 -> 
  custom:scripting/monoscript/fileName/MicBase.cs: 1ee5e56060961d5fcfcdfe4529504890 -> 47b01f48927768722a8422b4ac545006
  custom:scripting/monoscript/fileName/DropZoneSequentialSlotsProvider.cs: 7cdedd3fff635f926ee01eb94826964d -> 
  custom:scripting/monoscript/fileName/SnapPoint.cs: 75b9e5a0f94c20895cbed2ad0cae1535 -> 
  custom:scripting/monoscript/fileName/WitTrait.cs: 3139215512626b390a96d2cb63ff9eda -> 
  custom:scripting/monoscript/fileName/ChatController.cs: 876d5ccae6e345dd5d9450eb0a748f16 -> 
  custom:scripting/monoscript/fileName/ITransformable.cs: 215a3f4eeb91cb88c54863506271ef62 -> 
  custom:scripting/monoscript/fileName/CoroutineUtility.cs: fab89599511ae356a01c13a28fda4240 -> 821d19c5ac6a7e6baf82a95f7b4d30bf
  custom:scripting/monoscript/fileName/TeleportTurningGate.cs: 575c2ab79bdb37717f3efb10cff4d8ea -> 
  custom:scripting/monoscript/fileName/InputDataProviderUpdateTriggerOVREditor.cs: 296ebd2207288873d91d6a862e3b5272 -> 
  custom:scripting/monoscript/fileName/TextMeshSpawner.cs: 76f28e2ddb031571e6ec62b018f65fa8 -> 
  custom:scripting/monoscript/fileName/ColliderSurface.cs: b1cd8447e0ce952dcc7d7b666e8fca92 -> fc86642c94a9542e787a844561e4e4f2
  custom:scripting/monoscript/fileName/IInteractableRegistry.cs: 90647cc400823b41df847a6cbfc29026 -> 
  custom:scripting/monoscript/fileName/OneEuroFilterPositionHand.cs: 39d5de62c6b9f655efb66d407ad08fff -> 
  custom:scripting/monoscript/fileName/TeleType.cs: 31fa97821c4c70f157ec81d507aa6b62 -> 
  custom:scripting/monoscript/fileName/TTSStreamToggle.cs: 386098d9b6e67cd0a4ee56f3a7972a48 -> 0132d2e4cd28c22eddc3810c7daa80a8
  custom:scripting/monoscript/fileName/HandGrabInteractorVisual.cs: 4e78a3e45d86e390b096cc34598495d6 -> 
  custom:scripting/monoscript/fileName/WitRole.cs: d05ae217608bc7de182f2476f0c8e04d -> 
  custom:scripting/monoscript/fileName/WitIncomingEntity.cs: 78d455e2834b5f65d08838e068a6b637 -> 
  custom:scripting/monoscript/fileName/Benchmark04.cs: 32220b148620e52aa81c13a114862bf4 -> 
  custom:scripting/monoscript/fileName/CylinderProximityField.cs: d46f096ca0f256553da6db049bd8e1f0 -> 
  custom:scripting/monoscript/fileName/OneEuroFilterRotationDataModifier.cs: bbc3acc82de59e5fbec702d8f8197eed -> 
  custom:scripting/monoscript/fileName/WitEntity.cs: f3634f6b005d657d9256924b6ee7724f -> 
  custom:container-muxer-webm: aa71ff27fc2769a1b78a27578f13a17b -> 
  custom:video-decoder-webm-vp8: 9c59270c3fd7afecdb556c50c9e8de78 -> 
  custom:scripting/monoscript/fileName/TMP_PhoneNumberValidator.cs: 7c3049f481e464c6a9a15dee56c3126f -> 
  custom:scripting/monoscript/fileName/Payload.cs: 20bf3ab20e64bae704c38145b44c13ac -> 
  custom:scripting/monoscript/fileName/EnsureWitIntentsStep.cs: b136f8e7ef96058daebe6e4670855769 -> 
  custom:scripting/monoscript/fileName/HandGrabPointEditor.cs: 1de61d722aec3955a0ced3ddd1649237 -> 
  custom:scripting/monoscript/fileName/AimingStabilizedOrigin.cs: 8e9de4ec8ed1eca16b6b5ccdd53afdc0 -> 
  custom:scripting/monoscript/fileName/WitConfigurationData.cs: 1b59f7289bf740e9ef9f2be93d10f3d4 -> 
  custom:scripting/monoscript/fileName/VoiceUnityRequest.cs: e67404959cad22b5a8fdd8bc15940a60 -> 
  custom:scripting/monoscript/fileName/SyncWitEntitiesStep.cs: 2ad573a8b9afd7f1740d493d07a4c0da -> 
  custom:scripting/monoscript/fileName/PointableDelegate.cs: 90647cc400823b41df847a6cbfc29026 -> 
  custom:SearchIndexIgnoredProperties: e643bd26f0fe6173181afceb89e7c659 -> 
  custom:scripting/monoscript/fileName/PointablePlane.cs: 0c63873222e6ee1c4bb906924cab90d1 -> 
  custom:AudioImporter_EditorPlatform: d09bf68614088b80899f8185d706f6e7 -> 
  custom:scripting/monoscript/fileName/SphereEditor.cs: 276cafd8aae7e32d736a0c4daa10ab21 -> 
  custom:scripting/monoscript/fileName/EnvMapAnimator.cs: 1b4f61c17e4b7283c3ac351aacff9d26 -> 
  custom:scripting/monoscript/fileName/ShaderPropAnimator.cs: 55ce425812446482e623ff2695c94cb2 -> 
  custom:scripting/monoscript/fileName/CircleProximityField.cs: 3470d85e5a68b53f46ca8356f6863551 -> 
  custom:scripting/monoscript/fileName/Transformable.cs: 5a246a64658742dc20c886d79003f704 -> 
  custom:scripting/monoscript/fileName/InteractionOVRCameraRig.cs: 19e5e98fb10016c5e6956c7b291d0f17 -> 
  custom:scripting/monoscript/fileName/ObtainIdmData.cs: 93689dcf59e4155113dc068b963c769d -> 
  custom:scripting/monoscript/fileName/HandGrabPoint.cs: f8f9a4aeaae4341c0efe8cc3e2aa5fd8 -> 
  custom:scripting/monoscript/fileName/SimpleScript.cs: 454caab0c6c050f29b39d82e1d66d0fa -> 
  custom:scripting/monoscript/fileName/PointableGroup.cs: aea7bf2c731b6179d62dad93c7f1a961 -> 
  custom:scripting/monoscript/fileName/TransformableUnityEventWrapper.cs: aa0309b765937680c8aa9e4e094215f7 -> 
  custom:scripting/monoscript/fileName/ObjectSpin.cs: 2b96bb2079dd7fa5108d981627a28e1e -> 
  custom:scripting/monoscript/fileName/MicDebug.cs: 0703043cca43f55a99276c84b88d73fb -> 75d2f3a208b34ca2e9e43f6d5775eb91
  custom:scripting/monoscript/fileName/OneHandPhysicsJointTransformer.cs: e946e3b4b5cd8cde3f541291179028e9 -> 
  custom:scripting/monoscript/fileName/WitApplication.cs: 19806fe5aebcf74124ed49d589a7e43e -> 
  custom:scripting/monoscript/fileName/IInteractorDriver.cs: fc0a89f4490fc0584b64c6fc827ee895 -> 
  custom:scripting/monoscript/fileName/GrabbableUnityEventWrapper.cs: 33df70b122ad7f22db2cbfaa0b81510a -> 
  custom:scripting/monoscript/fileName/BezierSurface.cs: da0b185221f59d400e85940f5ce71c91 -> 
  custom:scripting/monoscript/fileName/CameraController.cs: 34b6be4e23ce86dc89786916c5983296 -> 
  custom:scripting/monoscript/fileName/InteractorComparer.cs: 90647cc400823b41df847a6cbfc29026 -> 
  custom:scripting/monoscript/fileName/HandPoseRecorder.cs: d6ebfdaa7663426067642c12a6222914 -> 
  custom:scripting/monoscript/fileName/TMP_TextInfoDebugTool.cs: 3f1709cfb2cc628169113a35b5e9be3f -> 
  custom:scripting/monoscript/fileName/CanvasRenderTextureMesh.cs: ba9623d0f846f302f4c58ca374ea8422 -> 
  custom:scripting/monoscript/fileName/IProximityField.cs: 1b8f3ef3bb8397988a6923ea34f554a3 -> 
  custom:scripting/monoscript/fileName/HandGrabInteractionUtilities.cs: 5e1b87f0c932124d19544f2653fcf382 -> 
  custom:scripting/monoscript/fileName/OneHandFreeTransformer.cs: 80b454bb7a7e54382c3e5a83c645a9b0 -> 
  custom:scripting/monoscript/fileName/TwoHandPlaneTransformer.cs: 82508aadcccc9aaae16a3d02dab1f1dd -> 
  custom:scripting/monoscript/fileName/IWitHttp.cs: 91506f2edcd3bae61fa15b5c8c35b6d5 -> 
  custom:scripting/monoscript/fileName/TMP_TextSelector_A.cs: 347309a09d56e367b188a6978f75b424 -> 
  custom:scripting/monoscript/fileName/JointRotationHistoryModifier.cs: b84eeaa16ce785ca3e0b5335f31473cc -> 
  custom:scripting/monoscript/fileName/TTSWitVoiceData.cs: 879b5b5a667decd113f2ef27fec58193 -> 
  custom:video-encoder-webm-vp8: eb34c28f22e8b96e1ab97ce403110664 -> 
  custom:scripting/monoscript/fileName/FingerGrabAPI.cs: f38129e37b49d6e3a171bd504092712b -> 
  custom:scripting/monoscript/fileName/DummyDataModifier.cs: ebbb5589f565d8685d37bb183b4c3ff4 -> 
  custom:scripting/monoscript/fileName/IDistanceInteractable.cs: c2d2949b74e1e24067c043dc8ee82c5a -> 
  custom:audio-decoder-ogg-vorbis: bf7c407c2cedff20999df2af8eb42d56 -> 
  custom:scripting/monoscript/fileName/SyntheticHandModifier.cs: 873320c031209152e80a3521b7c6e3f2 -> 
  custom:scripting/monoscript/fileName/VertexJitter.cs: d27eb5498e48714a66aece98da065133 -> 
  custom:scripting/monoscript/fileName/ISnapSurface.cs: e613c1039942a8c6f8524e6d36ccbc1b -> 
  custom:scripting/monoscript/fileName/HandGrab.cs: 50288240abd576346d83074011541b5b -> 
  custom:scripting/monoscript/fileName/TTSSpeakerInput.cs: 827d47b543f4663c13881e200e539afd -> 9224de466064073281bc72c5b8b2748c
  custom:scripting/monoscript/fileName/OneEuroFilterPositionDataModifier.cs: da29522a4b6eb1cb5f6511bdbdd27a95 -> 
  custom:scripting/monoscript/fileName/WitTrainingEntity.cs: f6d2096c03af45821ae473c66af255f2 -> 
  custom:scripting/monoscript/fileName/WitEntityKeyword.cs: b5b67313fa30a40635477940a31ddbde -> 
  custom:scripting/monoscript/fileName/PointableGrabbableConnection.cs: 35ac7dedcc44186f6f6c7bf3730e6343 -> 
  custom:scripting/monoscript/fileName/TextConsoleSimulator.cs: 33fc311abb20b5b0ed8f00e4d86b574e -> 
  custom:scripting/monoscript/fileName/VertexColorCycler.cs: 5f984ca91cf3609293aecc6bc5641572 -> 
  custom:scripting/monoscript/fileName/TMP_FrameRateCounter.cs: 46f655df8cb483ac5958307137b1585a -> 
  custom:scripting/monoscript/fileName/VertexShakeB.cs: a6f78c4fcda1a29a1a1c1baefedba9e7 -> 
  custom:scripting/monoscript/fileName/FixedScaleDataModifier.cs: 89e1be89d924ac28373337b3361e61dd -> 
  custom:scripting/monoscript/fileName/TMP_UiFrameRateCounter.cs: b01021aea19247f14a98ab338907956a -> 
  custom:scripting/monoscript/fileName/PointablePlaneEditor.cs: 37a91ecc3d62d378d68629c686a51361 -> 
  custom:scripting/monoscript/fileName/WitTrainer.cs: 5fb3c95ba24e9cf857cd9b4cee94291b -> 
  custom:scripting/monoscript/fileName/IInteractableFilter.cs: 81259a32cb7c13def6a0b70f08c66048 -> 
  custom:scripting/monoscript/fileName/TTSStatusLabel.cs: 17147acb333fe55f1217dee5b341ea9e -> 
  custom:scripting/monoscript/fileName/DropZoneInteractor.cs: 76b4b17e6eac72d8f5a16e87fd0e63b5 -> 
  custom:scripting/monoscript/fileName/IAspectProvider.cs: 9859c5919d893814fee2cdd590f4f949 -> 
  custom:scripting/monoscript/fileName/OnConduitFailedParameterResolutionAttribute.cs: 60901a81960a7c5a81c752381f8034ab -> 
  custom:scripting/monoscript/fileName/Mic.cs: 525051591b471bdbfa16530d37dcb655 -> 5fc48121bdfa6f25d9345006a81f8860
  custom:scripting/monoscript/fileName/TTSCacheToggle.cs: fef530a103c6b74722a7b6f18941e54c -> 410df47b336bde136543845320d773f8
  custom:scripting/monoscript/fileName/TMPro_InstructionOverlay.cs: b626d2270e6ebd5c4311585c18b58d8d -> 
  custom:scripting/monoscript/fileName/TMP_DigitValidator.cs: ac02af96215ae3951a3cce9e1a8c6085 -> 
  custom:scripting/monoscript/fileName/MicPermissionsManager.cs: 81a336319435a61331b696a347e78b9e -> f25de0368c3638f9a3bd7e7f63f0755a
  custom:scripting/monoscript/fileName/StepRunner.cs: 6ab640738f608e4b47206553c39b2c58 -> 
  custom:scripting/monoscript/fileName/WitUnityRequest.cs: 2bd88b304dddeb742392b5d5568e7bf7 -> 156bc76d85c310a98e115eec74a771cd
  custom:audio-encoder-webm-vorbis: bf7c407c2cedff20999df2af8eb42d56 -> 
  custom:scripting/monoscript/fileName/CircleProximityFieldEditor.cs: 55b157de94575afe7fdac58cd51e3b1c -> 
  custom:scripting/monoscript/fileName/TTSErrorText.cs: f03cdbc7b1d745067e8f357414e703b1 -> 21a4d51c9f7822c5dae2e2c7e2605044
  custom:scripting/monoscript/fileName/FingerPinchAPI.cs: 478ca37299a2b7ce3d309683ce89043a -> 
  custom:scripting/monoscript/fileName/Benchmark01_UGUI.cs: 6148cfe2627b7708298f301788144139 -> 
  custom:scripting/monoscript/fileName/IPointableSurface.cs: d7a8e441db2730be64c585bb12bf4db1 -> 
  custom:scripting/monoscript/fileName/PhysicsTransformable.cs: 5811faf37734ce7ec9b28418c4758de1 -> 
  custom:scripting/monoscript/fileName/PitchRemap.cs: 5b7277eeb0a8effc4822cb897b70f197 -> 
  custom:scripting/monoscript/fileName/WitOutgoingEntity.cs: c7126ba0b7fa09ef7a925f4dc186e5b7 -> 
  custom:scripting/precompiled-assembly-types:Assembly-CSharp: 6656b4eabdd7021662a3c2e888d49805 -> 814ac1c33453c30a9ab4084cc68c341e
  custom:scripting/monoscript/fileName/LocomotionGateVisual.cs: e25bbb39051f52b97c3e93bb37ab390d -> 
  custom:scripting/monoscript/fileName/TTSWitVoiceUtility.cs: eee5b9af7f1fc7fc0da148c8bdf0ad4f -> 
  custom:scripting/monoscript/fileName/Benchmark03.cs: 17cc87e0529ac71d909a946afb47a274 -> 
  custom:scripting/monoscript/fileName/HandleEntityResolutionFailureAttribute.cs: c6e2d1dd1bcaba0322547519e0e12ac7 -> 
========================================================================
Received Prepare
Caller must complete domain reload
Begin MonoManager ReloadAssembly
- Loaded All Assemblies, in  0.767 seconds
Native extension for WindowsStandalone target not found
Native extension for WebGL target not found
Package Manager log level set to [2]
[Package Manager] Server::EnsureServerProcessIsRunning -- launch failed, reason: Unity was launched with the -noUpm command-line argument
[Package Manager] UpmClient::Send -- Unable to send message (not connected to UPM process).
[Package Manager] Cannot connect to Unity Package Manager local server
Fallback handler could not load library D:/Unity Hub/editor/2022.3.50f1/Editor/Data/MonoBleedingEdge/lib/OculusXRPlugin
Fallback handler could not load library D:/Unity Hub/editor/2022.3.50f1/Editor/Data/MonoBleedingEdge/lib/OculusXRPlugin.dll
Fallback handler could not load library D:/Unity Hub/editor/2022.3.50f1/Editor/Data/MonoBleedingEdge/lib/OculusXRPlugin.dll
Fallback handler could not load library D:/Unity Hub/editor/2022.3.50f1/Editor/Data/MonoBleedingEdge/lib/OculusXRPlugin
Fallback handler could not load library D:/Unity Hub/editor/2022.3.50f1/Editor/Data/MonoBleedingEdge/lib/libOculusXRPlugin
Fallback handler could not load library D:/Unity Hub/editor/2022.3.50f1/Editor/Data/MonoBleedingEdge/lib/libOculusXRPlugin.dll
Fallback handler could not load library D:/Unity Hub/editor/2022.3.50f1/Editor/Data/MonoBleedingEdge/lib/libOculusXRPlugin.dll
Fallback handler could not load library D:/Unity Hub/editor/2022.3.50f1/Editor/Data/MonoBleedingEdge/lib/libOculusXRPlugin
Fallback handler could not load library D:/Unity Hub/editor/2022.3.50f1/Editor/Data/MonoBleedingEdge/lib/OculusXRPlugin
Fallback handler could not load library D:/Unity Hub/editor/2022.3.50f1/Editor/Data/MonoBleedingEdge/lib/OculusXRPlugin.dll
Fallback handler could not load library D:/Unity Hub/editor/2022.3.50f1/Editor/Data/MonoBleedingEdge/lib/OculusXRPlugin.dll
Fallback handler could not load library D:/Unity Hub/editor/2022.3.50f1/Editor/Data/MonoBleedingEdge/lib/OculusXRPlugin
Fallback handler could not load library D:/Unity Hub/editor/2022.3.50f1/Editor/Data/MonoBleedingEdge/lib/libOculusXRPlugin
Fallback handler could not load library D:/Unity Hub/editor/2022.3.50f1/Editor/Data/MonoBleedingEdge/lib/libOculusXRPlugin.dll
Fallback handler could not load library D:/Unity Hub/editor/2022.3.50f1/Editor/Data/MonoBleedingEdge/lib/libOculusXRPlugin.dll
Fallback handler could not load library D:/Unity Hub/editor/2022.3.50f1/Editor/Data/MonoBleedingEdge/lib/libOculusXRPlugin
System.Reflection.TargetInvocationException: Exception has been thrown by the target of an invocation. ---> System.DllNotFoundException: OculusXRPlugin assembly:<unknown assembly> type:<unknown type> member:(null)
  at (wrapper managed-to-native) Unity.XR.Oculus.NativeMethods+Internal.LoadOVRPlugin(string)
  at Unity.XR.Oculus.NativeMethods.LoadOVRPlugin (System.String ovrpPath) [0x00007] in .\Library\PackageCache\com.unity.xr.oculus@4.5.2\Runtime\OculusPlugin.cs:163 
  at Unity.XR.Oculus.OculusLoader.EditorLoadOVRPlugin () [0x0008c] in .\Library\PackageCache\com.unity.xr.oculus@4.5.2\Runtime\OculusLoader.cs:297 
  at (wrapper managed-to-native) System.Reflection.RuntimeMethodInfo.InternalInvoke(System.Reflection.RuntimeMethodInfo,object,object[],System.Exception&)
  at System.Reflection.RuntimeMethodInfo.Invoke (System.Object obj, System.Reflection.BindingFlags invokeAttr, System.Reflection.Binder binder, System.Object[] parameters, System.Globalization.CultureInfo culture) [0x0006a] in <31687ccd371e4dc6b0c23a1317cf9474>:0 
   --- End of inner exception stack trace ---
  at System.Reflection.RuntimeMethodInfo.Invoke (System.Object obj, System.Reflection.BindingFlags invokeAttr, System.Reflection.Binder binder, System.Object[] parameters, System.Globalization.CultureInfo culture) [0x00083] in <31687ccd371e4dc6b0c23a1317cf9474>:0 
  at System.Reflection.MethodBase.Invoke (System.Object obj, System.Object[] parameters) [0x00000] in <31687ccd371e4dc6b0c23a1317cf9474>:0 
  at UnityEditor.EditorAssemblies.ProcessInitializeOnLoadMethodAttributes () [0x000a5] in <5e53ad466ce74a6082606d7fa046fc9b>:0 
UnityEngine.StackTraceUtility:ExtractStackTrace ()
UnityEngine.DebugLogHandler:LogFormat (UnityEngine.LogType,UnityEngine.Object,string,object[])
UnityEngine.Logger:Log (UnityEngine.LogType,object)
UnityEngine.Debug:LogError (object)
UnityEditor.EditorAssemblies:ProcessInitializeOnLoadMethodAttributes ()

Mono: successfully reloaded assembly
[Package Manager] Server::EnsureServerProcessIsRunning -- launch failed, reason: Unity was launched with the -noUpm command-line argument
[Package Manager] UpmClient::Send -- Unable to send message (not connected to UPM process).
[Package Manager] Cannot connect to Unity Package Manager local server
[Package Manager] Server::EnsureServerProcessIsRunning -- launch failed, reason: Unity was launched with the -noUpm command-line argument
[Package Manager] UpmClient::Send -- Unable to send message (not connected to UPM process).
[Package Manager] Cannot connect to Unity Package Manager local server
- Finished resetting the current domain, in  1.874 seconds
Domain Reload Profiling: 2621ms
	BeginReloadAssembly (211ms)
		ExecutionOrderSort (0ms)
		DisableScriptedObjects (2ms)
		BackupInstance (0ms)
		ReleaseScriptingObjects (0ms)
		CreateAndSetChildDomain (23ms)
	RebuildCommonClasses (26ms)
	RebuildNativeTypeToScriptingClass (6ms)
	initialDomainReloadingComplete (51ms)
	LoadAllAssembliesAndSetupDomain (452ms)
		LoadAssemblies (547ms)
		RebuildTransferFunctionScriptingTraits (0ms)
		AnalyzeDomain (46ms)
			TypeCache.Refresh (25ms)
				TypeCache.ScanAssembly (16ms)
			ScanForSourceGeneratedMonoScriptInfo (10ms)
			ResolveRequiredComponents (10ms)
	FinalizeReload (1875ms)
		ReleaseScriptCaches (0ms)
		RebuildScriptCaches (0ms)
		SetupLoadedEditorAssemblies (604ms)
			LogAssemblyErrors (0ms)
			InitializePlatformSupportModulesInManaged (11ms)
			SetLoadedEditorAssemblies (3ms)
			RefreshPlugins (0ms)
			BeforeProcessingInitializeOnLoad (113ms)
			ProcessInitializeOnLoadAttributes (306ms)
			ProcessInitializeOnLoadMethodAttributes (140ms)
			AfterProcessingInitializeOnLoad (30ms)
			EditorAssembliesLoaded (0ms)
		ExecutionOrderSort2 (0ms)
		AwakeInstancesAfterBackupRestoration (7ms)
Shader 'Oculus/OVRMRCameraFrameLit': fallback shader 'Alpha-Diffuse' not found
Refreshing native plugins compatible for Editor in 41.56 ms, found 9 plugins.
Preloading 2 native plugins for Editor in 0.57 ms.
Unloading 5094 Unused Serialized files (Serialized files now loaded: 0)
Unloading 65 unused Assets / (232.9 KB). Loaded Objects now: 5644.
Memory consumption went from 171.7 MB to 171.5 MB.
Total: 3.994200 ms (FindLiveObjects: 0.298700 ms CreateObjectMapping: 0.106600 ms MarkObjects: 3.377200 ms  DeleteObjects: 0.210400 ms)

Prepare: number of updated asset objects reloaded= 0
AssetImportParameters requested are different than current active one (requested -> active):
  custom:scripting/monoscript/fileName/WitIntent.cs: b16c53bcdd4b02694d33f5fcb8acdf19 -> 
  custom:scripting/monoscript/fileName/GrabPointsPoseFinder.cs: 2ce4e7dd89758cfe15cc84bbdaa5d275 -> 
  custom:scripting/monoscript/fileName/CylinderProximityFieldEditor.cs: 3e379a0d9898211fdf7bd80a30343891 -> 
  custom:scripting/monoscript/fileName/CanvasMeshPointable.cs: c479bafc80e05db87d89b0e734294af3 -> 
  custom:scripting/monoscript/fileName/CylinderEditor.cs: b3e556284986a11c8d6bd82a7d7bef7e -> 
  custom:scripting/monoscript/fileName/SkewTextExample.cs: c142d02d70a129e0533975f7c2f96956 -> 
  custom:scripting/monoscript/fileName/TransitionArmModel.cs: 541081f84a463fbdbaf51de62d6c8587 -> 
  custom:scripting/monoscript/fileName/GrabPoint.cs: a19e23b452c1156c6e2d489a5b9f5977 -> 
  custom:container-demuxer-ogg: 62fdf1f143b41e24485cea50d1cbac27 -> 
  custom:scripting/monoscript/fileName/OneHandRotateTransformer.cs: b4ad4fec7dbc0022b27ef2f1444e1086 -> 
  custom:scripting/monoscript/fileName/WitTraitValue.cs: c4fc68c99e4126ea4ce1abd10ab830cf -> 
  custom:scripting/monoscript/fileName/TMP_TextEventHandler.cs: f5cd9d5a43bfefc8f4fec80e6de896a4 -> 
  custom:scripting/monoscript/fileName/IMonoBehaviourFilter.cs: 9cedc3648a1ac103150b8378e75e48c4 -> 
  custom:scripting/monoscript/fileName/FFR.cs: 8726cf26051bd1b118e5a19691a28e54 -> 
  custom:scripting/monoscript/fileName/BezierSurfaceEditor.cs: 3bfdf637db9318a14fc832066acdc19a -> 
  custom:scripting/monoscript/fileName/SnapSurfaceHelper.cs: 7310cd667c1f6f32da3156d4956a11cb -> 
  custom:scripting/monoscript/fileName/InputDataProviderUpdateTriggerOVR.cs: c642c70bc2d53e104962e39be79e0283 -> 
  custom:scripting/monoscript/fileName/ITween.cs: d765ab2d93516afd5cff5e65cdb523ff -> 
  custom:scripting/monoscript/fileName/OculusRestarter.cs: 086312fed17c23d20644934567c0efa4 -> 
  custom:scripting/monoscript/fileName/TextMeshProFloatingText.cs: 92608fa4a6315cd0786d82205e77b697 -> 
  custom:scripting/monoscript/fileName/DropZoneInteractable.cs: da4c91e5f510c5633065c5ee349670e0 -> 
  custom:scripting/monoscript/fileName/InteractorGroup.cs: 075c37967371ab7213a5d5cca24ff1fc -> 60fe7361e8ecd7ffeba4477da21c55fe
  custom:scripting/monoscript/fileName/WitHttp.cs: 65528eef0357ac8698cea4e277f16a7c -> 
  custom:scripting/monoscript/fileName/OculusLoader.cs: 8cfef69ef6293caf0023b2dc05897501 -> 
  custom:scripting/monoscript/fileName/VertexZoom.cs: 650ab1e81d40126e3edcf737cce646e4 -> 
  custom:scripting/monoscript/fileName/BoxProximityField.cs: 8381476084cb2eebc09f6205ab260a5f -> 
  custom:scripting/monoscript/fileName/ProcessStep.cs: c70de6d5eef34fc1abe9451b4eb02d17 -> 
  custom:video-codec-MediaFoundation-h265: 746d11721c4dcdbdad8f713fa42b33f4 -> 
  custom:scripting/monoscript/fileName/Device.cs: 8726cf26051bd1b118e5a19691a28e54 -> 
  custom:scripting/monoscript/fileName/WitTrainingUtterance.cs: a06d2df3896850626c28c2eee2f3361f -> 
  custom:scripting/monoscript/fileName/IInteractorComparer.cs: 134007cf487fdfbaee924b7d31a3e8ab -> 
  custom:scripting/monoscript/fileName/ITeleportArc.cs: 1ea6eacef0fbe7453ebeaaedd85bf98c -> 
  custom:scripting/precompiled-assembly-types:Unity.XR.Management.Editor: fe28088511f2b9a408ee32089af33792 -> 
  custom:scripting/monoscript/fileName/CylinderSurface.cs: 06b7f3fe576c2b562f08ad1445def42f -> 5bee5d43e279f1a3b524f87759982fd3
  custom:scripting/monoscript/fileName/VertexShakeA.cs: 63ec564c588058369499638dd899e05b -> 
  custom:scripting/monoscript/fileName/TagMonoBehaviourFilter.cs: 899569d8afa40a8d293811b71b3f0a56 -> 
  custom:scripting/monoscript/fileName/SphereSurface.cs: 6d8b2477044e484ea8579f6f1f45e3a8 -> 
  custom:scripting/monoscript/fileName/LastKnownGoodDataModifier.cs: 0b2c17c40fb2875f055e57a3080d7c9d -> 
  custom:scripting/monoscript/fileName/TMP_ExampleScript_01.cs: a9d4be556104ff54e7d240529b3e01dc -> 
  custom:scripting/monoscript/fileName/RegisterUpdateCallback.cs: def73981cdc11dc4478a1a149bac2f7a -> 
  custom:scripting/monoscript/fileName/OculusPlugin.cs: b73c489e2c6e49876321820e139ecb86 -> 
  custom:video-decoder-ogg-theora: a1e56fd34408186e4bbccfd4996cb3dc -> 
  custom:scripting/monoscript/fileName/XRGeneralSettingsPerBuildTarget.cs: 6970e5bff368910038049eb1434facbf -> 
  custom:scripting/monoscript/fileName/WitEntityRole.cs: 8b2af296196ddab171c9825f773f77da -> 
  custom:scripting/monoscript/fileName/TMP_TextEventCheck.cs: 13505d917eab5868c435e0c2986dadfa -> 
  custom:scripting/monoscript/fileName/OculusBoundary.cs: dbabb042f98c4339d5caa957f951bbdf -> 
  custom:scripting/monoscript/fileName/TMP_TextSelector_B.cs: ba2be21a7486d37b1011342977a2e49d -> 
  custom:scripting/precompiled-assembly-types:UnityEngine.SpatialTracking: fe8bd671b41f1462276b731bbb32d826 -> 
  custom:scripting/monoscript/fileName/Benchmark01.cs: 2d3e2cd961730ab95f139a49a673bace -> 
  custom:scripting/monoscript/fileName/PointableCylinder.cs: 9a62d083874bdd860515054a450ac594 -> 
  custom:scripting/monoscript/fileName/AudioEncoding.cs: f84b3952f084caac261984fbd264acec -> 7f68c8ddbd6875f735f3280c1aa36e92
  custom:scripting/monoscript/fileName/InteractorDriver.cs: 285df5cb75aa79644c75f1cfa1d96ee4 -> 
  custom:scripting/monoscript/fileName/XRLoaderInfo.cs: 86fa513bfc04d58509db292069910bf2 -> 
  custom:framework-win-MediaFoundation: 216162199b28c13a410421893ffa2e32 -> 
  custom:scripting/monoscript/fileName/ISnapPoseProvider.cs: 3ec1f733df4df3213c9abc4abfa84cf1 -> 
  custom:scripting/monoscript/fileName/IDropZoneSlotsProvider.cs: fc82a4709de8cea85e0be7e46ba6942f -> 
  custom:scripting/monoscript/fileName/IAudioInputSource.cs: 9cedc902c969604d8ecab3d4c3d431d7 -> 938d3583ac997fe47e013c96006b1b9d
  custom:scripting/monoscript/fileName/BoxProximityFieldEditor.cs: 3ca172dc25f45b576b1261d9f0fc6a13 -> 
  custom:scripting/monoscript/fileName/SeedXRInputBindings.cs: 5b6b70752ca7062d0525af0428bab981 -> 
  custom:scripting/monoscript/fileName/ArcRangeModifier.cs: df4e86005874fa14c26dde0e58fe01b3 -> 
  custom:scripting/monoscript/fileName/TrainUtterances.cs: fad5269aa3542e54bceac07b82fa9fb2 -> 
  custom:scripting/monoscript/fileName/OVRSkeletonDataProviders.cs: c9301a8aea506ae86c85f3531883f294 -> 
  custom:scripting/monoscript/fileName/XRSettingsManager.cs: 701988ef3c16e84d3bc781477493ab34 -> 
  custom:scripting/monoscript/fileName/BoxEditor.cs: 6cb10ba4aeba036613100827e384c6dd -> 
  custom:scripting/monoscript/fileName/BoxSurface.cs: 64c4f1d5c8f509e2ebfbbe8cc0454ae3 -> 
  custom:scripting/monoscript/fileName/IXRLoaderPreInit.cs: 4dbca4fbe4a89e2a18943694f414e3a9 -> 
  custom:scripting/monoscript/fileName/HandPoseRecordable.cs: be9aebb9e35f1a89cf251d5ebe16b65e -> 
  custom:scripting/monoscript/fileName/Benchmark02.cs: 5640963252ce70910e726415f869ced6 -> 
  custom:scripting/monoscript/fileName/TwoHandFreeTransformer.cs: 5484f45a8b713e7524e309309f536d2e -> 
  custom:scripting/monoscript/fileName/XRGeneralBuildProcessor.cs: d52e14652f14fd6e56a66a859653fea9 -> 
  custom:scripting/monoscript/fileName/XRGeneralSettings.cs: 01e68fef49e5cbf622bb7b4ffc622d89 -> 
  custom:scripting/monoscript/fileName/XRManagerEditor.cs: 6847a9ea85cd2d801d895b625e9590ff -> 
  custom:scripting/monoscript/fileName/DropdownSample.cs: 0a92251794e5f10400149f96c3c59e5d -> 
  custom:scripting/monoscript/fileName/InteractorDriverGroup.cs: 25a18cbb0a76e7a8f37930efac2dc5e3 -> 
  custom:scripting/monoscript/fileName/WarpTextExample.cs: 2663459c266363641981c7d17b698d7f -> 
  custom:scripting/monoscript/fileName/XRBuildProcessorHelper.cs: 90647cc400823b41df847a6cbfc29026 -> 
  custom:scripting/monoscript/fileName/InteractableTransformableConnection.cs: aa199f160bbadaf2d2b7430adb4b19a9 -> 
  custom:scripting/monoscript/fileName/TypeLoaderExtensions.cs: ee5d3b5e5d81c98c5d3594e8b9153df0 -> 
  custom:scripting/monoscript/fileName/JointLocking.cs: 04ef49fdef9b40429c44bd8bb4f83933 -> 
  custom:scripting/monoscript/fileName/OneHandTranslateTransformer.cs: e5593db0756115f769defd5b1bc42e7e -> 
  custom:CustomObjectIndexerAttribute: 9a22284fe3817be447336de3de66b15e -> 
  custom:scripting/monoscript/fileName/WitResponse.cs: 85febed2f7a25f57ec48693bd452c142 -> 
  custom:scripting/monoscript/fileName/XRConfigurationProvider.cs: fa91ddd62be7b4c45bfd03890af30249 -> 
  custom:scripting/monoscript/fileName/ManifestElement.cs: c30b57498d373b7476c4d7dfdaee189c -> 
  custom:scripting/monoscript/fileName/XREditorWorkQueue.cs: 8e928039a032f154dc8a86537aaac69a -> 
  custom:scripting/precompiled-assembly-types:Unity.XR.Management: d2c73419a402f326215288c4e1611bce -> 
  custom:scripting/monoscript/fileName/OneEuroFilterRotationHand.cs: b7c0c166a2ca9babc479709621d65436 -> 
  custom:scripting/monoscript/fileName/SwingArmModel.cs: b785e28c94fc60fc17e1daa28892b2dc -> 
  custom:scripting/monoscript/fileName/TagInteractableFilter.cs: 6c02bfd80ff65fe2d5965298b17e0457 -> 
  custom:scripting/monoscript/fileName/ManifestRequirement.cs: d0237042ed94ccc3267a409cde8490a6 -> 
  custom:scripting/monoscript/fileName/PointableCylinderEditor.cs: 6340733d6723a340786b526e9320784f -> 
  custom:container-demuxer-webm: 4f35f7cbe854078d1ac9338744f61a02 -> 
  custom:scripting/monoscript/fileName/PointProximityField.cs: 0f95fb408e97956db7a3762247f8adc0 -> 
  custom:scripting/monoscript/fileName/SnapAddress.cs: c2a235d307f5033a6468630481616552 -> 
  custom:scripting/monoscript/fileName/InteractorGroupMulti.cs: 6bc778766dfc2f0ec0ad2013ae6c3d21 -> 
  custom:scripting/monoscript/fileName/PackageNotificationUtils.cs: e493f521fc1755dec19875ae28a4f621 -> 
  custom:scripting/monoscript/fileName/MicBase.cs: 1ee5e56060961d5fcfcdfe4529504890 -> 47b01f48927768722a8422b4ac545006
  custom:scripting/monoscript/fileName/DropZoneSequentialSlotsProvider.cs: 7cdedd3fff635f926ee01eb94826964d -> 
  custom:scripting/monoscript/fileName/SnapPoint.cs: 75b9e5a0f94c20895cbed2ad0cae1535 -> 
  custom:scripting/monoscript/fileName/WitTrait.cs: 3139215512626b390a96d2cb63ff9eda -> 
  custom:scripting/monoscript/fileName/ChatController.cs: 876d5ccae6e345dd5d9450eb0a748f16 -> 
  custom:scripting/monoscript/fileName/ITransformable.cs: 215a3f4eeb91cb88c54863506271ef62 -> 
  custom:scripting/monoscript/fileName/CoroutineUtility.cs: fab89599511ae356a01c13a28fda4240 -> 821d19c5ac6a7e6baf82a95f7b4d30bf
  custom:scripting/monoscript/fileName/TeleportTurningGate.cs: 575c2ab79bdb37717f3efb10cff4d8ea -> 
  custom:scripting/monoscript/fileName/XRPackageMetadataStore.cs: e06e5e9ffca9529e9db63900dd9caf32 -> 
  custom:scripting/monoscript/fileName/InputDataProviderUpdateTriggerOVREditor.cs: 296ebd2207288873d91d6a862e3b5272 -> 
  custom:scripting/monoscript/fileName/CameraOffsetEditor.cs: 063c409eda0f5d6811c327c4b5c05de0 -> 
  custom:scripting/monoscript/fileName/TextMeshSpawner.cs: 76f28e2ddb031571e6ec62b018f65fa8 -> 
  custom:scripting/monoscript/fileName/ColliderSurface.cs: b1cd8447e0ce952dcc7d7b666e8fca92 -> fc86642c94a9542e787a844561e4e4f2
  custom:scripting/monoscript/fileName/XRLoaderInfoManager.cs: 28efaa63edac30b89ccc35ca2bf149fa -> 
  custom:scripting/monoscript/fileName/XRConfigurationData.cs: 2cf07b13d54bfee2898ed6dc38612fbb -> 
  custom:scripting/monoscript/fileName/IInteractableRegistry.cs: 90647cc400823b41df847a6cbfc29026 -> 
  custom:scripting/monoscript/fileName/OneEuroFilterPositionHand.cs: 39d5de62c6b9f655efb66d407ad08fff -> 
  custom:scripting/monoscript/fileName/TeleType.cs: 31fa97821c4c70f157ec81d507aa6b62 -> 
  custom:scripting/monoscript/fileName/TTSStreamToggle.cs: 386098d9b6e67cd0a4ee56f3a7972a48 -> 0132d2e4cd28c22eddc3810c7daa80a8
  custom:scripting/monoscript/fileName/HandGrabInteractorVisual.cs: 4e78a3e45d86e390b096cc34598495d6 -> 
  custom:scripting/monoscript/fileName/WitRole.cs: d05ae217608bc7de182f2476f0c8e04d -> 
  custom:scripting/monoscript/fileName/WitIncomingEntity.cs: 78d455e2834b5f65d08838e068a6b637 -> 
  custom:scripting/monoscript/fileName/Benchmark04.cs: 32220b148620e52aa81c13a114862bf4 -> 
  custom:scripting/monoscript/fileName/CylinderProximityField.cs: d46f096ca0f256553da6db049bd8e1f0 -> 
  custom:scripting/monoscript/fileName/OculusUsages.cs: 4a9c19d207ebc7087654afe5392144aa -> 
  custom:scripting/monoscript/fileName/XRManagerSettings.cs: 39a1227fa3c478af29a735ec246b6baf -> 
  custom:scripting/monoscript/fileName/XRLegacyUninstaller.cs: b85851af39f83959c5c298effbf32139 -> 
  custom:scripting/monoscript/fileName/OneEuroFilterRotationDataModifier.cs: bbc3acc82de59e5fbec702d8f8197eed -> 
  custom:scripting/monoscript/fileName/XRCustomLoaderUIManager.cs: 4be5a8f671a1d808dd1496961b79b86b -> 
  custom:scripting/monoscript/fileName/WitEntity.cs: f3634f6b005d657d9256924b6ee7724f -> 
  custom:container-muxer-webm: aa71ff27fc2769a1b78a27578f13a17b -> 
  custom:scripting/precompiled-assembly-types:UnityEditor.XR.LegacyInputHelpers: 52acfc53051faf8d3716fd452f740f78 -> 
  custom:video-decoder-webm-vp8: 9c59270c3fd7afecdb556c50c9e8de78 -> 
  custom:scripting/precompiled-assembly-types:Unity.XR.Oculus: 3fdca40aebb8e8a9e32736eec4d2f047 -> 
  custom:scripting/monoscript/fileName/TMP_PhoneNumberValidator.cs: 7c3049f481e464c6a9a15dee56c3126f -> 
  custom:scripting/monoscript/fileName/Payload.cs: 20bf3ab20e64bae704c38145b44c13ac -> 
  custom:scripting/monoscript/fileName/EnsureWitIntentsStep.cs: b136f8e7ef96058daebe6e4670855769 -> 
  custom:scripting/monoscript/fileName/ArmModelEditor.cs: 002f07458c7aefa2a394e7243ccd9325 -> 
  custom:scripting/monoscript/fileName/HandGrabPointEditor.cs: 1de61d722aec3955a0ced3ddd1649237 -> 
  custom:scripting/monoscript/fileName/AimingStabilizedOrigin.cs: 8e9de4ec8ed1eca16b6b5ccdd53afdc0 -> 
  custom:scripting/monoscript/fileName/WitConfigurationData.cs: 1b59f7289bf740e9ef9f2be93d10f3d4 -> 
  custom:scripting/monoscript/fileName/VoiceUnityRequest.cs: e67404959cad22b5a8fdd8bc15940a60 -> 
  custom:scripting/monoscript/fileName/SyncWitEntitiesStep.cs: 2ad573a8b9afd7f1740d493d07a4c0da -> 
  custom:scripting/monoscript/fileName/PointableDelegate.cs: 90647cc400823b41df847a6cbfc29026 -> 
  custom:SearchIndexIgnoredProperties: e643bd26f0fe6173181afceb89e7c659 -> 
  custom:scripting/monoscript/fileName/ColorScale.cs: 8726cf26051bd1b118e5a19691a28e54 -> 
  custom:scripting/monoscript/fileName/PointablePlane.cs: 0c63873222e6ee1c4bb906924cab90d1 -> 
  custom:scripting/monoscript/fileName/XRGeneralSettingsUpgrade.cs: cc8d2e81204b3fd0e662cd38ef4a2d49 -> 
  custom:AudioImporter_EditorPlatform: d09bf68614088b80899f8185d706f6e7 -> 
  custom:scripting/monoscript/fileName/SphereEditor.cs: 276cafd8aae7e32d736a0c4daa10ab21 -> 
  custom:scripting/monoscript/fileName/EnvMapAnimator.cs: 1b4f61c17e4b7283c3ac351aacff9d26 -> 
  custom:scripting/monoscript/fileName/ShaderPropAnimator.cs: 55ce425812446482e623ff2695c94cb2 -> 
  custom:scripting/monoscript/fileName/CircleProximityField.cs: 3470d85e5a68b53f46ca8356f6863551 -> 
  custom:scripting/monoscript/fileName/Transformable.cs: 5a246a64658742dc20c886d79003f704 -> 
  custom:scripting/monoscript/fileName/TrackedPoseDriverEditor.cs: 0b511e14ae4c20f3b8d8e2c82796f595 -> 
  custom:scripting/monoscript/fileName/OculusSettingsEditor.cs: 6ee7634d3eb167b2d53808d937bc1120 -> 
  custom:scripting/monoscript/fileName/InteractionOVRCameraRig.cs: 19e5e98fb10016c5e6956c7b291d0f17 -> 
  custom:scripting/monoscript/fileName/XRCustomLoaderUI.cs: a1b6225426bb5004db8b9d7388fe5771 -> 
  custom:scripting/monoscript/fileName/ObtainIdmData.cs: 93689dcf59e4155113dc068b963c769d -> 
  custom:scripting/monoscript/fileName/HandGrabPoint.cs: f8f9a4aeaae4341c0efe8cc3e2aa5fd8 -> 
  custom:scripting/monoscript/fileName/SimpleScript.cs: 454caab0c6c050f29b39d82e1d66d0fa -> 
  custom:scripting/monoscript/fileName/PointableGroup.cs: aea7bf2c731b6179d62dad93c7f1a961 -> 
  custom:scripting/monoscript/fileName/TrackedPoseDriver.cs: 7c652bf9e4ac4ec3dd58bf53ae85a810 -> 
  custom:scripting/monoscript/fileName/TransformableUnityEventWrapper.cs: aa0309b765937680c8aa9e4e094215f7 -> 
  custom:scripting/monoscript/fileName/ObjectSpin.cs: 2b96bb2079dd7fa5108d981627a28e1e -> 
  custom:scripting/monoscript/fileName/MicDebug.cs: 0703043cca43f55a99276c84b88d73fb -> 75d2f3a208b34ca2e9e43f6d5775eb91
  custom:scripting/monoscript/fileName/EnvironmentDepth.cs: d5b2aa96b4c1b62b2759ec6948b96e47 -> 
  custom:scripting/monoscript/fileName/OneHandPhysicsJointTransformer.cs: e946e3b4b5cd8cde3f541291179028e9 -> 
  custom:scripting/monoscript/fileName/XRLoaderHelper.cs: ae85c4c4a11fcc1ed3393963333e400c -> 
  custom:scripting/monoscript/fileName/XRLoader.cs: d82cec0b87bab7dffe74fb3651887ce3 -> 
  custom:scripting/monoscript/fileName/WitApplication.cs: 19806fe5aebcf74124ed49d589a7e43e -> 
  custom:scripting/monoscript/fileName/IInteractorDriver.cs: fc0a89f4490fc0584b64c6fc827ee895 -> 
  custom:scripting/monoscript/fileName/GrabbableUnityEventWrapper.cs: 33df70b122ad7f22db2cbfaa0b81510a -> 
  custom:scripting/monoscript/fileName/BezierSurface.cs: da0b185221f59d400e85940f5ce71c91 -> 
  custom:scripting/monoscript/fileName/XRSupportedBuildTargetAttribute.cs: f87a91ba911f6030453bea8d921b45d2 -> 
  custom:scripting/monoscript/fileName/CameraController.cs: 34b6be4e23ce86dc89786916c5983296 -> 
  custom:scripting/monoscript/fileName/AndroidManifestProcessor.cs: d8dd4961c18e43fcd707eb950405363a -> 
  custom:scripting/monoscript/fileName/InteractorComparer.cs: 90647cc400823b41df847a6cbfc29026 -> 
  custom:scripting/monoscript/fileName/HandPoseRecorder.cs: d6ebfdaa7663426067642c12a6222914 -> 
  custom:scripting/monoscript/fileName/TMP_TextInfoDebugTool.cs: 3f1709cfb2cc628169113a35b5e9be3f -> 
  custom:scripting/monoscript/fileName/OculusBuildProcessor.cs: 864fc50b78919bd2f9e5313c2ad55570 -> 
  custom:scripting/monoscript/fileName/CanvasRenderTextureMesh.cs: ba9623d0f846f302f4c58ca374ea8422 -> 
  custom:scripting/monoscript/fileName/IProximityField.cs: 1b8f3ef3bb8397988a6923ea34f554a3 -> 
  custom:scripting/precompiled-assembly-types:UnityEditor.SpatialTracking: dd1905b8a8246178a3248fba44980e0b -> 
  custom:scripting/monoscript/fileName/HandGrabInteractionUtilities.cs: 5e1b87f0c932124d19544f2653fcf382 -> 
  custom:scripting/monoscript/fileName/OneHandFreeTransformer.cs: 80b454bb7a7e54382c3e5a83c645a9b0 -> 
  custom:scripting/monoscript/fileName/BuildHelpers.cs: 52ee9552b5cbbfe4eb60d480e36ffff5 -> 
  custom:scripting/monoscript/fileName/TwoHandPlaneTransformer.cs: 82508aadcccc9aaae16a3d02dab1f1dd -> 
  custom:scripting/monoscript/fileName/IWitHttp.cs: 91506f2edcd3bae61fa15b5c8c35b6d5 -> 
  custom:scripting/precompiled-assembly-types:Oculus.VR: d78981845a674ca0a6f6d3449eab5bb1 -> 696bb6caed4f3f52e6590644efdb1270
  custom:scripting/monoscript/fileName/InputFocus.cs: 39e8a2a2240c6ddc65f9c92c1dad803d -> 
  custom:scripting/monoscript/fileName/XRLoaderOrderUI.cs: 7bb0491ac9109774b097f2da80cd0c03 -> 
  custom:scripting/monoscript/fileName/OculusMetadata.cs: b3067b8a7a73630e362aa582d9922603 -> 
  custom:scripting/monoscript/fileName/AndroidManifestBuildEventReceiver.cs: 641c0bff5eb90d0569a809ea302132ee -> 
  custom:scripting/monoscript/fileName/TMP_TextSelector_A.cs: 347309a09d56e367b188a6978f75b424 -> 
  custom:scripting/monoscript/fileName/JointRotationHistoryModifier.cs: b84eeaa16ce785ca3e0b5335f31473cc -> 
  custom:scripting/monoscript/fileName/TTSWitVoiceData.cs: 879b5b5a667decd113f2ef27fec58193 -> 
  custom:scripting/monoscript/fileName/MenuUtils.cs: ef61e56f05605c149332b0b451f694ed -> 
  custom:video-encoder-webm-vp8: eb34c28f22e8b96e1ab97ce403110664 -> 
  custom:scripting/monoscript/fileName/FingerGrabAPI.cs: f38129e37b49d6e3a171bd504092712b -> 
  custom:scripting/monoscript/fileName/DummyDataModifier.cs: ebbb5589f565d8685d37bb183b4c3ff4 -> 
  custom:scripting/monoscript/fileName/IDistanceInteractable.cs: c2d2949b74e1e24067c043dc8ee82c5a -> 
  custom:audio-decoder-ogg-vorbis: bf7c407c2cedff20999df2af8eb42d56 -> 
  custom:scripting/monoscript/fileName/SyntheticHandModifier.cs: 873320c031209152e80a3521b7c6e3f2 -> 
  custom:scripting/monoscript/fileName/VertexJitter.cs: d27eb5498e48714a66aece98da065133 -> 
  custom:scripting/monoscript/fileName/OculusSettings.cs: 5bfda6db89b7a63e2a9f001e908d5483 -> 
  custom:scripting/monoscript/fileName/ISnapSurface.cs: e613c1039942a8c6f8524e6d36ccbc1b -> 
  custom:scripting/monoscript/fileName/HandGrab.cs: 50288240abd576346d83074011541b5b -> 
  custom:scripting/monoscript/fileName/TTSSpeakerInput.cs: 827d47b543f4663c13881e200e539afd -> 9224de466064073281bc72c5b8b2748c
  custom:scripting/monoscript/fileName/OneEuroFilterPositionDataModifier.cs: da29522a4b6eb1cb5f6511bdbdd27a95 -> 
  custom:scripting/monoscript/fileName/IAndroidManifestRequirementProvider.cs: 42bf6f4b06629c812bd73f8ff461fec4 -> 
  custom:scripting/monoscript/fileName/WitTrainingEntity.cs: f6d2096c03af45821ae473c66af255f2 -> 
  custom:scripting/precompiled-assembly-types:UnityEngine.XR.LegacyInputHelpers: da96c0e3ee4a99cfbe3f49c08ef62202 -> 
  custom:scripting/monoscript/fileName/WitEntityKeyword.cs: b5b67313fa30a40635477940a31ddbde -> 
  custom:scripting/monoscript/fileName/EditorUtilities.cs: 219d482e32bf0c01357e773617418955 -> 
  custom:scripting/monoscript/fileName/XRPackageInitialization.cs: 1f095dd277a284b59543541a608de1da -> 
  custom:scripting/monoscript/fileName/PointableGrabbableConnection.cs: 35ac7dedcc44186f6f6c7bf3730e6343 -> 
  custom:scripting/monoscript/fileName/KnownPackages.cs: 5131bbb130bb4652742f626552744ac4 -> 
  custom:scripting/monoscript/fileName/TextConsoleSimulator.cs: 33fc311abb20b5b0ed8f00e4d86b574e -> 
  custom:scripting/monoscript/fileName/VertexColorCycler.cs: 5f984ca91cf3609293aecc6bc5641572 -> 
  custom:scripting/monoscript/fileName/TMP_FrameRateCounter.cs: 46f655df8cb483ac5958307137b1585a -> 
  custom:scripting/monoscript/fileName/VertexShakeB.cs: a6f78c4fcda1a29a1a1c1baefedba9e7 -> 
  custom:scripting/monoscript/fileName/OculusPerformance.cs: d67dc4eee8314bedf0aba14a5a97d3f2 -> 
  custom:scripting/monoscript/fileName/ArmModel.cs: 453296f093348abde426c4384ad89b48 -> 
  custom:scripting/monoscript/fileName/FixedScaleDataModifier.cs: 89e1be89d924ac28373337b3361e61dd -> 
  custom:scripting/monoscript/fileName/TMP_UiFrameRateCounter.cs: b01021aea19247f14a98ab338907956a -> 
  custom:scripting/monoscript/fileName/XRConstants.cs: 1558884a4b0ea94b4910dd640a0e6741 -> 
  custom:scripting/monoscript/fileName/PointablePlaneEditor.cs: 37a91ecc3d62d378d68629c686a51361 -> 
  custom:scripting/monoscript/fileName/WitTrainer.cs: 5fb3c95ba24e9cf857cd9b4cee94291b -> 
  custom:scripting/monoscript/fileName/IInteractableFilter.cs: 81259a32cb7c13def6a0b70f08c66048 -> 
  custom:scripting/monoscript/fileName/SwingArmModelEditor.cs: b9619a265ade6da0cba147c75ce515a7 -> 
  custom:scripting/monoscript/fileName/TTSStatusLabel.cs: 17147acb333fe55f1217dee5b341ea9e -> 
  custom:scripting/monoscript/fileName/DropZoneInteractor.cs: 76b4b17e6eac72d8f5a16e87fd0e63b5 -> 
  custom:scripting/monoscript/fileName/IAspectProvider.cs: 9859c5919d893814fee2cdd590f4f949 -> 
  custom:scripting/precompiled-assembly-types:Unity.XR.Oculus.Editor: febdfaf90df40b88de2754f7f5e5fda3 -> 
  custom:scripting/monoscript/fileName/OnConduitFailedParameterResolutionAttribute.cs: 60901a81960a7c5a81c752381f8034ab -> 
  custom:scripting/monoscript/fileName/OculusSession.cs: 9031c3601223e87600d38a8e63e5c9eb -> 
  custom:scripting/monoscript/fileName/Mic.cs: 525051591b471bdbfa16530d37dcb655 -> 5fc48121bdfa6f25d9345006a81f8860
  custom:scripting/monoscript/fileName/TTSCacheToggle.cs: fef530a103c6b74722a7b6f18941e54c -> 410df47b336bde136543845320d773f8
  custom:scripting/monoscript/fileName/TMPro_InstructionOverlay.cs: b626d2270e6ebd5c4311585c18b58d8d -> 
  custom:scripting/monoscript/fileName/XRManagementAnalytics.cs: 546181baf4c03dbbd57015a6731508f8 -> 
  custom:scripting/monoscript/fileName/TMP_DigitValidator.cs: ac02af96215ae3951a3cce9e1a8c6085 -> 
  custom:scripting/monoscript/fileName/MicPermissionsManager.cs: 81a336319435a61331b696a347e78b9e -> f25de0368c3638f9a3bd7e7f63f0755a
  custom:scripting/monoscript/fileName/StepRunner.cs: 6ab640738f608e4b47206553c39b2c58 -> 
  custom:scripting/monoscript/fileName/WitUnityRequest.cs: 2bd88b304dddeb742392b5d5568e7bf7 -> 156bc76d85c310a98e115eec74a771cd
  custom:scripting/monoscript/fileName/TransitionArmModelEditor.cs: 6f53e2a966c4ba4985525963dcf7d0ab -> 
  custom:scripting/monoscript/fileName/XRPackage.cs: f2edbbf87f9b798abaf2a9f285d155f5 -> 
  custom:audio-encoder-webm-vorbis: bf7c407c2cedff20999df2af8eb42d56 -> 
  custom:scripting/monoscript/fileName/CircleProximityFieldEditor.cs: 55b157de94575afe7fdac58cd51e3b1c -> 
  custom:scripting/monoscript/fileName/TTSErrorText.cs: f03cdbc7b1d745067e8f357414e703b1 -> 21a4d51c9f7822c5dae2e2c7e2605044
  custom:scripting/monoscript/fileName/BasePoseProvider.cs: 9a4470e47f250d9ee83dd1e5b0c8d4fb -> 
  custom:scripting/monoscript/fileName/CameraOffset.cs: 48495ef795ef97b0c04851d617a81ec1 -> 
  custom:scripting/monoscript/fileName/FingerPinchAPI.cs: 478ca37299a2b7ce3d309683ce89043a -> 
  custom:scripting/monoscript/fileName/Benchmark01_UGUI.cs: 6148cfe2627b7708298f301788144139 -> 
  custom:scripting/monoscript/fileName/IPointableSurface.cs: d7a8e441db2730be64c585bb12bf4db1 -> 
  custom:scripting/monoscript/fileName/AndroidManifestDocument.cs: 47b2d5387fe80e2b28f68297243f4883 -> 
  custom:scripting/monoscript/fileName/PhysicsTransformable.cs: 5811faf37734ce7ec9b28418c4758de1 -> 
  custom:scripting/monoscript/fileName/PitchRemap.cs: 5b7277eeb0a8effc4822cb897b70f197 -> 
  custom:scripting/monoscript/fileName/XRPackageInitializationSettings.cs: 2f743437d3b09c9a4a5a33e9be971b1a -> 
  custom:scripting/monoscript/fileName/WitOutgoingEntity.cs: c7126ba0b7fa09ef7a925f4dc186e5b7 -> 
  custom:scripting/precompiled-assembly-types:Assembly-CSharp: 6656b4eabdd7021662a3c2e888d49805 -> 814ac1c33453c30a9ab4084cc68c341e
  custom:scripting/monoscript/fileName/XRPackageMetadata.cs: 16731333f575d8bc31df496aced36ebf -> 
  custom:scripting/monoscript/fileName/LocomotionGateVisual.cs: e25bbb39051f52b97c3e93bb37ab390d -> 
  custom:scripting/monoscript/fileName/OculusDevelopment.cs: dae15a4559baab566dfa4d8b06d5ef35 -> 
  custom:scripting/monoscript/fileName/TTSWitVoiceUtility.cs: eee5b9af7f1fc7fc0da148c8bdf0ad4f -> 
  custom:scripting/monoscript/fileName/Benchmark03.cs: 17cc87e0529ac71d909a946afb47a274 -> 
  custom:scripting/monoscript/fileName/OVRXRSDKNative.cs: 85f79c1374465033459be41f05cec403 -> 
  custom:scripting/monoscript/fileName/HandleEntityResolutionFailureAttribute.cs: c6e2d1dd1bcaba0322547519e0e12ac7 -> 
========================================================================
Received Prepare
Caller must complete domain reload
Begin MonoManager ReloadAssembly
- Loaded All Assemblies, in  0.916 seconds
Native extension for WindowsStandalone target not found
Native extension for WebGL target not found
[Package Manager] Server::EnsureServerProcessIsRunning -- launch failed, reason: Unity was launched with the -noUpm command-line argument
[Package Manager] UpmClient::Send -- Unable to send message (not connected to UPM process).
[Package Manager] Cannot connect to Unity Package Manager local server
[XR] OculusXRPlugin: registering subsystems
[XR] Unable to register display lifecyle provider: [1]
[XR] Oculus Input lifecycle provider registered.
[XR] Unable to register input lifecyle provider: [1]
[XR] OVRP version 1.89.1
Mono: successfully reloaded assembly
[Package Manager] Server::EnsureServerProcessIsRunning -- launch failed, reason: Unity was launched with the -noUpm command-line argument
[Package Manager] UpmClient::Send -- Unable to send message (not connected to UPM process).
[Package Manager] Cannot connect to Unity Package Manager local server
- Finished resetting the current domain, in  2.415 seconds
Domain Reload Profiling: 3307ms
	BeginReloadAssembly (241ms)
		ExecutionOrderSort (0ms)
		DisableScriptedObjects (3ms)
		BackupInstance (0ms)
		ReleaseScriptingObjects (0ms)
		CreateAndSetChildDomain (24ms)
	RebuildCommonClasses (33ms)
	RebuildNativeTypeToScriptingClass (7ms)
	initialDomainReloadingComplete (58ms)
	LoadAllAssembliesAndSetupDomain (552ms)
		LoadAssemblies (689ms)
		RebuildTransferFunctionScriptingTraits (0ms)
		AnalyzeDomain (24ms)
			TypeCache.Refresh (6ms)
				TypeCache.ScanAssembly (0ms)
			ScanForSourceGeneratedMonoScriptInfo (0ms)
			ResolveRequiredComponents (15ms)
	FinalizeReload (2416ms)
		ReleaseScriptCaches (0ms)
		RebuildScriptCaches (0ms)
		SetupLoadedEditorAssemblies (796ms)
			LogAssemblyErrors (0ms)
			InitializePlatformSupportModulesInManaged (17ms)
			SetLoadedEditorAssemblies (4ms)
			RefreshPlugins (0ms)
			BeforeProcessingInitializeOnLoad (172ms)
			ProcessInitializeOnLoadAttributes (490ms)
			ProcessInitializeOnLoadMethodAttributes (73ms)
			AfterProcessingInitializeOnLoad (40ms)
			EditorAssembliesLoaded (0ms)
		ExecutionOrderSort2 (0ms)
		AwakeInstancesAfterBackupRestoration (13ms)
Shader 'Oculus/OVRMRCameraFrameLit': fallback shader 'Alpha-Diffuse' not found
Refreshing native plugins compatible for Editor in 40.77 ms, found 9 plugins.
Preloading 2 native plugins for Editor in 0.43 ms.
Unloading 5094 Unused Serialized files (Serialized files now loaded: 0)
Unloading 66 unused Assets / (225.0 KB). Loaded Objects now: 5649.
Memory consumption went from 171.7 MB to 171.5 MB.
Total: 3.718500 ms (FindLiveObjects: 0.294000 ms CreateObjectMapping: 0.118400 ms MarkObjects: 3.042500 ms  DeleteObjects: 0.262500 ms)

Prepare: number of updated asset objects reloaded= 0
AssetImportParameters requested are different than current active one (requested -> active):
  custom:scripting/monoscript/fileName/WitIntent.cs: b16c53bcdd4b02694d33f5fcb8acdf19 -> 
  custom:scripting/monoscript/fileName/GrabPointsPoseFinder.cs: 2ce4e7dd89758cfe15cc84bbdaa5d275 -> 
  custom:scripting/monoscript/fileName/CylinderProximityFieldEditor.cs: 3e379a0d9898211fdf7bd80a30343891 -> 
  custom:scripting/monoscript/fileName/CanvasMeshPointable.cs: c479bafc80e05db87d89b0e734294af3 -> 
  custom:scripting/monoscript/fileName/CylinderEditor.cs: b3e556284986a11c8d6bd82a7d7bef7e -> 
  custom:scripting/monoscript/fileName/SkewTextExample.cs: c142d02d70a129e0533975f7c2f96956 -> 
  custom:scripting/monoscript/fileName/TransitionArmModel.cs: 541081f84a463fbdbaf51de62d6c8587 -> 
  custom:scripting/monoscript/fileName/GrabPoint.cs: a19e23b452c1156c6e2d489a5b9f5977 -> 
  custom:container-demuxer-ogg: 62fdf1f143b41e24485cea50d1cbac27 -> 
  custom:scripting/monoscript/fileName/OneHandRotateTransformer.cs: b4ad4fec7dbc0022b27ef2f1444e1086 -> 
  custom:scripting/monoscript/fileName/WitTraitValue.cs: c4fc68c99e4126ea4ce1abd10ab830cf -> 
  custom:scripting/monoscript/fileName/TMP_TextEventHandler.cs: f5cd9d5a43bfefc8f4fec80e6de896a4 -> 
  custom:scripting/monoscript/fileName/IMonoBehaviourFilter.cs: 9cedc3648a1ac103150b8378e75e48c4 -> 
  custom:scripting/monoscript/fileName/FFR.cs: 8726cf26051bd1b118e5a19691a28e54 -> 
  custom:scripting/monoscript/fileName/BezierSurfaceEditor.cs: 3bfdf637db9318a14fc832066acdc19a -> 
  custom:scripting/monoscript/fileName/SnapSurfaceHelper.cs: 7310cd667c1f6f32da3156d4956a11cb -> 
  custom:scripting/monoscript/fileName/InputDataProviderUpdateTriggerOVR.cs: c642c70bc2d53e104962e39be79e0283 -> 
  custom:scripting/monoscript/fileName/ITween.cs: d765ab2d93516afd5cff5e65cdb523ff -> 
  custom:scripting/monoscript/fileName/OculusRestarter.cs: 086312fed17c23d20644934567c0efa4 -> 
  custom:scripting/monoscript/fileName/TextMeshProFloatingText.cs: 92608fa4a6315cd0786d82205e77b697 -> 
  custom:scripting/monoscript/fileName/DropZoneInteractable.cs: da4c91e5f510c5633065c5ee349670e0 -> 
  custom:scripting/monoscript/fileName/InteractorGroup.cs: 075c37967371ab7213a5d5cca24ff1fc -> 60fe7361e8ecd7ffeba4477da21c55fe
  custom:scripting/monoscript/fileName/WitHttp.cs: 65528eef0357ac8698cea4e277f16a7c -> 
  custom:scripting/monoscript/fileName/OculusLoader.cs: 8cfef69ef6293caf0023b2dc05897501 -> 
  custom:scripting/monoscript/fileName/VertexZoom.cs: 650ab1e81d40126e3edcf737cce646e4 -> 
  custom:scripting/monoscript/fileName/BoxProximityField.cs: 8381476084cb2eebc09f6205ab260a5f -> 
  custom:scripting/monoscript/fileName/ProcessStep.cs: c70de6d5eef34fc1abe9451b4eb02d17 -> 
  custom:video-codec-MediaFoundation-h265: 746d11721c4dcdbdad8f713fa42b33f4 -> 
  custom:scripting/monoscript/fileName/Device.cs: 8726cf26051bd1b118e5a19691a28e54 -> 
  custom:scripting/monoscript/fileName/WitTrainingUtterance.cs: a06d2df3896850626c28c2eee2f3361f -> 
  custom:scripting/monoscript/fileName/IInteractorComparer.cs: 134007cf487fdfbaee924b7d31a3e8ab -> 
  custom:scripting/monoscript/fileName/ITeleportArc.cs: 1ea6eacef0fbe7453ebeaaedd85bf98c -> 
  custom:scripting/precompiled-assembly-types:Unity.XR.Management.Editor: fe28088511f2b9a408ee32089af33792 -> 
  custom:scripting/monoscript/fileName/CylinderSurface.cs: 06b7f3fe576c2b562f08ad1445def42f -> 5bee5d43e279f1a3b524f87759982fd3
  custom:scripting/monoscript/fileName/VertexShakeA.cs: 63ec564c588058369499638dd899e05b -> 
  custom:scripting/monoscript/fileName/TagMonoBehaviourFilter.cs: 899569d8afa40a8d293811b71b3f0a56 -> 
  custom:scripting/monoscript/fileName/SphereSurface.cs: 6d8b2477044e484ea8579f6f1f45e3a8 -> 
  custom:scripting/monoscript/fileName/LastKnownGoodDataModifier.cs: 0b2c17c40fb2875f055e57a3080d7c9d -> 
  custom:scripting/monoscript/fileName/TMP_ExampleScript_01.cs: a9d4be556104ff54e7d240529b3e01dc -> 
  custom:scripting/monoscript/fileName/RegisterUpdateCallback.cs: def73981cdc11dc4478a1a149bac2f7a -> 
  custom:scripting/monoscript/fileName/OculusPlugin.cs: b73c489e2c6e49876321820e139ecb86 -> 
  custom:video-decoder-ogg-theora: a1e56fd34408186e4bbccfd4996cb3dc -> 
  custom:scripting/monoscript/fileName/XRGeneralSettingsPerBuildTarget.cs: 6970e5bff368910038049eb1434facbf -> 
  custom:scripting/monoscript/fileName/WitEntityRole.cs: 8b2af296196ddab171c9825f773f77da -> 
  custom:scripting/monoscript/fileName/TMP_TextEventCheck.cs: 13505d917eab5868c435e0c2986dadfa -> 
  custom:scripting/monoscript/fileName/OculusBoundary.cs: dbabb042f98c4339d5caa957f951bbdf -> 
  custom:scripting/monoscript/fileName/TMP_TextSelector_B.cs: ba2be21a7486d37b1011342977a2e49d -> 
  custom:scripting/precompiled-assembly-types:UnityEngine.SpatialTracking: fe8bd671b41f1462276b731bbb32d826 -> 
  custom:scripting/monoscript/fileName/Benchmark01.cs: 2d3e2cd961730ab95f139a49a673bace -> 
  custom:scripting/monoscript/fileName/PointableCylinder.cs: 9a62d083874bdd860515054a450ac594 -> 
  custom:scripting/monoscript/fileName/AudioEncoding.cs: f84b3952f084caac261984fbd264acec -> 7f68c8ddbd6875f735f3280c1aa36e92
  custom:scripting/monoscript/fileName/InteractorDriver.cs: 285df5cb75aa79644c75f1cfa1d96ee4 -> 
  custom:scripting/monoscript/fileName/XRLoaderInfo.cs: 86fa513bfc04d58509db292069910bf2 -> 
  custom:framework-win-MediaFoundation: 216162199b28c13a410421893ffa2e32 -> 
  custom:scripting/monoscript/fileName/ISnapPoseProvider.cs: 3ec1f733df4df3213c9abc4abfa84cf1 -> 
  custom:scripting/monoscript/fileName/IDropZoneSlotsProvider.cs: fc82a4709de8cea85e0be7e46ba6942f -> 
  custom:scripting/monoscript/fileName/IAudioInputSource.cs: 9cedc902c969604d8ecab3d4c3d431d7 -> 938d3583ac997fe47e013c96006b1b9d
  custom:scripting/monoscript/fileName/BoxProximityFieldEditor.cs: 3ca172dc25f45b576b1261d9f0fc6a13 -> 
  custom:scripting/monoscript/fileName/SeedXRInputBindings.cs: 5b6b70752ca7062d0525af0428bab981 -> 
  custom:scripting/monoscript/fileName/ArcRangeModifier.cs: df4e86005874fa14c26dde0e58fe01b3 -> 
  custom:scripting/monoscript/fileName/TrainUtterances.cs: fad5269aa3542e54bceac07b82fa9fb2 -> 
  custom:scripting/monoscript/fileName/OVRSkeletonDataProviders.cs: c9301a8aea506ae86c85f3531883f294 -> 
  custom:scripting/monoscript/fileName/XRSettingsManager.cs: 701988ef3c16e84d3bc781477493ab34 -> 
  custom:scripting/monoscript/fileName/BoxEditor.cs: 6cb10ba4aeba036613100827e384c6dd -> 
  custom:scripting/monoscript/fileName/BoxSurface.cs: 64c4f1d5c8f509e2ebfbbe8cc0454ae3 -> 
  custom:scripting/monoscript/fileName/IXRLoaderPreInit.cs: 4dbca4fbe4a89e2a18943694f414e3a9 -> 
  custom:scripting/monoscript/fileName/HandPoseRecordable.cs: be9aebb9e35f1a89cf251d5ebe16b65e -> 
  custom:scripting/monoscript/fileName/Benchmark02.cs: 5640963252ce70910e726415f869ced6 -> 
  custom:scripting/monoscript/fileName/TwoHandFreeTransformer.cs: 5484f45a8b713e7524e309309f536d2e -> 
  custom:scripting/monoscript/fileName/XRGeneralBuildProcessor.cs: d52e14652f14fd6e56a66a859653fea9 -> 
  custom:scripting/monoscript/fileName/XRGeneralSettings.cs: 01e68fef49e5cbf622bb7b4ffc622d89 -> 
  custom:scripting/monoscript/fileName/XRManagerEditor.cs: 6847a9ea85cd2d801d895b625e9590ff -> 
  custom:scripting/monoscript/fileName/DropdownSample.cs: 0a92251794e5f10400149f96c3c59e5d -> 
  custom:scripting/monoscript/fileName/InteractorDriverGroup.cs: 25a18cbb0a76e7a8f37930efac2dc5e3 -> 
  custom:scripting/monoscript/fileName/WarpTextExample.cs: 2663459c266363641981c7d17b698d7f -> 
  custom:scripting/monoscript/fileName/XRBuildProcessorHelper.cs: 90647cc400823b41df847a6cbfc29026 -> 
  custom:scripting/monoscript/fileName/InteractableTransformableConnection.cs: aa199f160bbadaf2d2b7430adb4b19a9 -> 
  custom:scripting/monoscript/fileName/TypeLoaderExtensions.cs: ee5d3b5e5d81c98c5d3594e8b9153df0 -> 
  custom:scripting/monoscript/fileName/JointLocking.cs: 04ef49fdef9b40429c44bd8bb4f83933 -> 
  custom:scripting/monoscript/fileName/OneHandTranslateTransformer.cs: e5593db0756115f769defd5b1bc42e7e -> 
  custom:CustomObjectIndexerAttribute: 9a22284fe3817be447336de3de66b15e -> 
  custom:scripting/monoscript/fileName/WitResponse.cs: 85febed2f7a25f57ec48693bd452c142 -> 
  custom:scripting/monoscript/fileName/XRConfigurationProvider.cs: fa91ddd62be7b4c45bfd03890af30249 -> 
  custom:scripting/monoscript/fileName/ManifestElement.cs: c30b57498d373b7476c4d7dfdaee189c -> 
  custom:scripting/monoscript/fileName/XREditorWorkQueue.cs: 8e928039a032f154dc8a86537aaac69a -> 
  custom:scripting/precompiled-assembly-types:Unity.XR.Management: d2c73419a402f326215288c4e1611bce -> 
  custom:scripting/monoscript/fileName/OneEuroFilterRotationHand.cs: b7c0c166a2ca9babc479709621d65436 -> 
  custom:scripting/monoscript/fileName/SwingArmModel.cs: b785e28c94fc60fc17e1daa28892b2dc -> 
  custom:scripting/monoscript/fileName/TagInteractableFilter.cs: 6c02bfd80ff65fe2d5965298b17e0457 -> 
  custom:scripting/monoscript/fileName/ManifestRequirement.cs: d0237042ed94ccc3267a409cde8490a6 -> 
  custom:scripting/monoscript/fileName/PointableCylinderEditor.cs: 6340733d6723a340786b526e9320784f -> 
  custom:container-demuxer-webm: 4f35f7cbe854078d1ac9338744f61a02 -> 
  custom:scripting/monoscript/fileName/PointProximityField.cs: 0f95fb408e97956db7a3762247f8adc0 -> 
  custom:scripting/monoscript/fileName/SnapAddress.cs: c2a235d307f5033a6468630481616552 -> 
  custom:scripting/monoscript/fileName/InteractorGroupMulti.cs: 6bc778766dfc2f0ec0ad2013ae6c3d21 -> 
  custom:scripting/monoscript/fileName/PackageNotificationUtils.cs: e493f521fc1755dec19875ae28a4f621 -> 
  custom:scripting/monoscript/fileName/MicBase.cs: 1ee5e56060961d5fcfcdfe4529504890 -> 47b01f48927768722a8422b4ac545006
  custom:scripting/monoscript/fileName/DropZoneSequentialSlotsProvider.cs: 7cdedd3fff635f926ee01eb94826964d -> 
  custom:scripting/monoscript/fileName/SnapPoint.cs: 75b9e5a0f94c20895cbed2ad0cae1535 -> 
  custom:scripting/monoscript/fileName/WitTrait.cs: 3139215512626b390a96d2cb63ff9eda -> 
  custom:scripting/monoscript/fileName/ChatController.cs: 876d5ccae6e345dd5d9450eb0a748f16 -> 
  custom:scripting/monoscript/fileName/ITransformable.cs: 215a3f4eeb91cb88c54863506271ef62 -> 
  custom:scripting/monoscript/fileName/CoroutineUtility.cs: fab89599511ae356a01c13a28fda4240 -> 821d19c5ac6a7e6baf82a95f7b4d30bf
  custom:scripting/monoscript/fileName/TeleportTurningGate.cs: 575c2ab79bdb37717f3efb10cff4d8ea -> 
  custom:scripting/monoscript/fileName/XRPackageMetadataStore.cs: e06e5e9ffca9529e9db63900dd9caf32 -> 
  custom:scripting/monoscript/fileName/InputDataProviderUpdateTriggerOVREditor.cs: 296ebd2207288873d91d6a862e3b5272 -> 
  custom:scripting/monoscript/fileName/CameraOffsetEditor.cs: 063c409eda0f5d6811c327c4b5c05de0 -> 
  custom:scripting/monoscript/fileName/TextMeshSpawner.cs: 76f28e2ddb031571e6ec62b018f65fa8 -> 
  custom:scripting/monoscript/fileName/ColliderSurface.cs: b1cd8447e0ce952dcc7d7b666e8fca92 -> fc86642c94a9542e787a844561e4e4f2
  custom:scripting/monoscript/fileName/XRLoaderInfoManager.cs: 28efaa63edac30b89ccc35ca2bf149fa -> 
  custom:scripting/monoscript/fileName/XRConfigurationData.cs: 2cf07b13d54bfee2898ed6dc38612fbb -> 
  custom:scripting/monoscript/fileName/IInteractableRegistry.cs: 90647cc400823b41df847a6cbfc29026 -> 
  custom:scripting/monoscript/fileName/OneEuroFilterPositionHand.cs: 39d5de62c6b9f655efb66d407ad08fff -> 
  custom:scripting/monoscript/fileName/TeleType.cs: 31fa97821c4c70f157ec81d507aa6b62 -> 
  custom:scripting/monoscript/fileName/TTSStreamToggle.cs: 386098d9b6e67cd0a4ee56f3a7972a48 -> 0132d2e4cd28c22eddc3810c7daa80a8
  custom:scripting/monoscript/fileName/HandGrabInteractorVisual.cs: 4e78a3e45d86e390b096cc34598495d6 -> 
  custom:scripting/monoscript/fileName/WitRole.cs: d05ae217608bc7de182f2476f0c8e04d -> 
  custom:scripting/monoscript/fileName/WitIncomingEntity.cs: 78d455e2834b5f65d08838e068a6b637 -> 
  custom:scripting/monoscript/fileName/Benchmark04.cs: 32220b148620e52aa81c13a114862bf4 -> 
  custom:scripting/monoscript/fileName/CylinderProximityField.cs: d46f096ca0f256553da6db049bd8e1f0 -> 
  custom:scripting/monoscript/fileName/OculusUsages.cs: 4a9c19d207ebc7087654afe5392144aa -> 
  custom:scripting/monoscript/fileName/XRManagerSettings.cs: 39a1227fa3c478af29a735ec246b6baf -> 
  custom:scripting/monoscript/fileName/XRLegacyUninstaller.cs: b85851af39f83959c5c298effbf32139 -> 
  custom:scripting/monoscript/fileName/OneEuroFilterRotationDataModifier.cs: bbc3acc82de59e5fbec702d8f8197eed -> 
  custom:scripting/monoscript/fileName/XRCustomLoaderUIManager.cs: 4be5a8f671a1d808dd1496961b79b86b -> 
  custom:scripting/monoscript/fileName/WitEntity.cs: f3634f6b005d657d9256924b6ee7724f -> 
  custom:container-muxer-webm: aa71ff27fc2769a1b78a27578f13a17b -> 
  custom:scripting/precompiled-assembly-types:UnityEditor.XR.LegacyInputHelpers: 52acfc53051faf8d3716fd452f740f78 -> 
  custom:video-decoder-webm-vp8: 9c59270c3fd7afecdb556c50c9e8de78 -> 
  custom:scripting/precompiled-assembly-types:Unity.XR.Oculus: 3fdca40aebb8e8a9e32736eec4d2f047 -> 
  custom:scripting/monoscript/fileName/TMP_PhoneNumberValidator.cs: 7c3049f481e464c6a9a15dee56c3126f -> 
  custom:scripting/monoscript/fileName/Payload.cs: 20bf3ab20e64bae704c38145b44c13ac -> 
  custom:scripting/monoscript/fileName/EnsureWitIntentsStep.cs: b136f8e7ef96058daebe6e4670855769 -> 
  custom:scripting/monoscript/fileName/ArmModelEditor.cs: 002f07458c7aefa2a394e7243ccd9325 -> 
  custom:scripting/monoscript/fileName/HandGrabPointEditor.cs: 1de61d722aec3955a0ced3ddd1649237 -> 
  custom:scripting/monoscript/fileName/AimingStabilizedOrigin.cs: 8e9de4ec8ed1eca16b6b5ccdd53afdc0 -> 
  custom:scripting/monoscript/fileName/WitConfigurationData.cs: 1b59f7289bf740e9ef9f2be93d10f3d4 -> 
  custom:scripting/monoscript/fileName/VoiceUnityRequest.cs: e67404959cad22b5a8fdd8bc15940a60 -> 
  custom:scripting/monoscript/fileName/SyncWitEntitiesStep.cs: 2ad573a8b9afd7f1740d493d07a4c0da -> 
  custom:scripting/monoscript/fileName/PointableDelegate.cs: 90647cc400823b41df847a6cbfc29026 -> 
  custom:SearchIndexIgnoredProperties: e643bd26f0fe6173181afceb89e7c659 -> 
  custom:scripting/monoscript/fileName/ColorScale.cs: 8726cf26051bd1b118e5a19691a28e54 -> 
  custom:scripting/monoscript/fileName/PointablePlane.cs: 0c63873222e6ee1c4bb906924cab90d1 -> 
  custom:scripting/monoscript/fileName/XRGeneralSettingsUpgrade.cs: cc8d2e81204b3fd0e662cd38ef4a2d49 -> 
  custom:AudioImporter_EditorPlatform: d09bf68614088b80899f8185d706f6e7 -> 
  custom:scripting/monoscript/fileName/SphereEditor.cs: 276cafd8aae7e32d736a0c4daa10ab21 -> 
  custom:scripting/monoscript/fileName/EnvMapAnimator.cs: 1b4f61c17e4b7283c3ac351aacff9d26 -> 
  custom:scripting/monoscript/fileName/ShaderPropAnimator.cs: 55ce425812446482e623ff2695c94cb2 -> 
  custom:scripting/monoscript/fileName/CircleProximityField.cs: 3470d85e5a68b53f46ca8356f6863551 -> 
  custom:scripting/monoscript/fileName/Transformable.cs: 5a246a64658742dc20c886d79003f704 -> 
  custom:scripting/monoscript/fileName/TrackedPoseDriverEditor.cs: 0b511e14ae4c20f3b8d8e2c82796f595 -> 
  custom:scripting/monoscript/fileName/OculusSettingsEditor.cs: 6ee7634d3eb167b2d53808d937bc1120 -> 
  custom:scripting/monoscript/fileName/InteractionOVRCameraRig.cs: 19e5e98fb10016c5e6956c7b291d0f17 -> 
  custom:scripting/monoscript/fileName/XRCustomLoaderUI.cs: a1b6225426bb5004db8b9d7388fe5771 -> 
  custom:scripting/monoscript/fileName/ObtainIdmData.cs: 93689dcf59e4155113dc068b963c769d -> 
  custom:scripting/monoscript/fileName/HandGrabPoint.cs: f8f9a4aeaae4341c0efe8cc3e2aa5fd8 -> 
  custom:scripting/monoscript/fileName/SimpleScript.cs: 454caab0c6c050f29b39d82e1d66d0fa -> 
  custom:scripting/monoscript/fileName/PointableGroup.cs: aea7bf2c731b6179d62dad93c7f1a961 -> 
  custom:scripting/monoscript/fileName/TrackedPoseDriver.cs: 7c652bf9e4ac4ec3dd58bf53ae85a810 -> 
  custom:scripting/monoscript/fileName/TransformableUnityEventWrapper.cs: aa0309b765937680c8aa9e4e094215f7 -> 
  custom:scripting/monoscript/fileName/ObjectSpin.cs: 2b96bb2079dd7fa5108d981627a28e1e -> 
  custom:scripting/monoscript/fileName/MicDebug.cs: 0703043cca43f55a99276c84b88d73fb -> 75d2f3a208b34ca2e9e43f6d5775eb91
  custom:scripting/monoscript/fileName/EnvironmentDepth.cs: d5b2aa96b4c1b62b2759ec6948b96e47 -> 
  custom:scripting/monoscript/fileName/OneHandPhysicsJointTransformer.cs: e946e3b4b5cd8cde3f541291179028e9 -> 
  custom:scripting/monoscript/fileName/XRLoaderHelper.cs: ae85c4c4a11fcc1ed3393963333e400c -> 
  custom:scripting/monoscript/fileName/XRLoader.cs: d82cec0b87bab7dffe74fb3651887ce3 -> 
  custom:scripting/monoscript/fileName/WitApplication.cs: 19806fe5aebcf74124ed49d589a7e43e -> 
  custom:scripting/monoscript/fileName/IInteractorDriver.cs: fc0a89f4490fc0584b64c6fc827ee895 -> 
  custom:scripting/monoscript/fileName/GrabbableUnityEventWrapper.cs: 33df70b122ad7f22db2cbfaa0b81510a -> 
  custom:scripting/monoscript/fileName/BezierSurface.cs: da0b185221f59d400e85940f5ce71c91 -> 
  custom:scripting/monoscript/fileName/XRSupportedBuildTargetAttribute.cs: f87a91ba911f6030453bea8d921b45d2 -> 
  custom:scripting/monoscript/fileName/CameraController.cs: 34b6be4e23ce86dc89786916c5983296 -> 
  custom:scripting/monoscript/fileName/AndroidManifestProcessor.cs: d8dd4961c18e43fcd707eb950405363a -> 
  custom:scripting/monoscript/fileName/InteractorComparer.cs: 90647cc400823b41df847a6cbfc29026 -> 
  custom:scripting/monoscript/fileName/HandPoseRecorder.cs: d6ebfdaa7663426067642c12a6222914 -> 
  custom:scripting/monoscript/fileName/TMP_TextInfoDebugTool.cs: 3f1709cfb2cc628169113a35b5e9be3f -> 
  custom:scripting/monoscript/fileName/OculusBuildProcessor.cs: 864fc50b78919bd2f9e5313c2ad55570 -> 
  custom:scripting/monoscript/fileName/CanvasRenderTextureMesh.cs: ba9623d0f846f302f4c58ca374ea8422 -> 
  custom:scripting/monoscript/fileName/IProximityField.cs: 1b8f3ef3bb8397988a6923ea34f554a3 -> 
  custom:scripting/precompiled-assembly-types:UnityEditor.SpatialTracking: dd1905b8a8246178a3248fba44980e0b -> 
  custom:scripting/monoscript/fileName/HandGrabInteractionUtilities.cs: 5e1b87f0c932124d19544f2653fcf382 -> 
  custom:scripting/monoscript/fileName/OneHandFreeTransformer.cs: 80b454bb7a7e54382c3e5a83c645a9b0 -> 
  custom:scripting/monoscript/fileName/BuildHelpers.cs: 52ee9552b5cbbfe4eb60d480e36ffff5 -> 
  custom:scripting/monoscript/fileName/TwoHandPlaneTransformer.cs: 82508aadcccc9aaae16a3d02dab1f1dd -> 
  custom:scripting/monoscript/fileName/IWitHttp.cs: 91506f2edcd3bae61fa15b5c8c35b6d5 -> 
  custom:scripting/precompiled-assembly-types:Oculus.VR: d78981845a674ca0a6f6d3449eab5bb1 -> 696bb6caed4f3f52e6590644efdb1270
  custom:scripting/monoscript/fileName/InputFocus.cs: 39e8a2a2240c6ddc65f9c92c1dad803d -> 
  custom:scripting/monoscript/fileName/XRLoaderOrderUI.cs: 7bb0491ac9109774b097f2da80cd0c03 -> 
  custom:scripting/monoscript/fileName/OculusMetadata.cs: b3067b8a7a73630e362aa582d9922603 -> 
  custom:scripting/monoscript/fileName/AndroidManifestBuildEventReceiver.cs: 641c0bff5eb90d0569a809ea302132ee -> 
  custom:scripting/monoscript/fileName/TMP_TextSelector_A.cs: 347309a09d56e367b188a6978f75b424 -> 
  custom:scripting/monoscript/fileName/JointRotationHistoryModifier.cs: b84eeaa16ce785ca3e0b5335f31473cc -> 
  custom:scripting/monoscript/fileName/TTSWitVoiceData.cs: 879b5b5a667decd113f2ef27fec58193 -> 
  custom:scripting/monoscript/fileName/MenuUtils.cs: ef61e56f05605c149332b0b451f694ed -> 
  custom:video-encoder-webm-vp8: eb34c28f22e8b96e1ab97ce403110664 -> 
  custom:scripting/monoscript/fileName/FingerGrabAPI.cs: f38129e37b49d6e3a171bd504092712b -> 
  custom:scripting/monoscript/fileName/DummyDataModifier.cs: ebbb5589f565d8685d37bb183b4c3ff4 -> 
  custom:scripting/monoscript/fileName/IDistanceInteractable.cs: c2d2949b74e1e24067c043dc8ee82c5a -> 
  custom:audio-decoder-ogg-vorbis: bf7c407c2cedff20999df2af8eb42d56 -> 
  custom:scripting/monoscript/fileName/SyntheticHandModifier.cs: 873320c031209152e80a3521b7c6e3f2 -> 
  custom:scripting/monoscript/fileName/VertexJitter.cs: d27eb5498e48714a66aece98da065133 -> 
  custom:scripting/monoscript/fileName/OculusSettings.cs: 5bfda6db89b7a63e2a9f001e908d5483 -> 
  custom:scripting/monoscript/fileName/ISnapSurface.cs: e613c1039942a8c6f8524e6d36ccbc1b -> 
  custom:scripting/monoscript/fileName/HandGrab.cs: 50288240abd576346d83074011541b5b -> 
  custom:scripting/monoscript/fileName/TTSSpeakerInput.cs: 827d47b543f4663c13881e200e539afd -> 9224de466064073281bc72c5b8b2748c
  custom:scripting/monoscript/fileName/OneEuroFilterPositionDataModifier.cs: da29522a4b6eb1cb5f6511bdbdd27a95 -> 
  custom:scripting/monoscript/fileName/IAndroidManifestRequirementProvider.cs: 42bf6f4b06629c812bd73f8ff461fec4 -> 
  custom:scripting/monoscript/fileName/WitTrainingEntity.cs: f6d2096c03af45821ae473c66af255f2 -> 
  custom:scripting/precompiled-assembly-types:UnityEngine.XR.LegacyInputHelpers: da96c0e3ee4a99cfbe3f49c08ef62202 -> 
  custom:scripting/monoscript/fileName/WitEntityKeyword.cs: b5b67313fa30a40635477940a31ddbde -> 
  custom:scripting/monoscript/fileName/EditorUtilities.cs: 219d482e32bf0c01357e773617418955 -> 
  custom:scripting/monoscript/fileName/XRPackageInitialization.cs: 1f095dd277a284b59543541a608de1da -> 
  custom:scripting/monoscript/fileName/PointableGrabbableConnection.cs: 35ac7dedcc44186f6f6c7bf3730e6343 -> 
  custom:scripting/monoscript/fileName/KnownPackages.cs: 5131bbb130bb4652742f626552744ac4 -> 
  custom:scripting/monoscript/fileName/TextConsoleSimulator.cs: 33fc311abb20b5b0ed8f00e4d86b574e -> 
  custom:scripting/monoscript/fileName/VertexColorCycler.cs: 5f984ca91cf3609293aecc6bc5641572 -> 
  custom:scripting/monoscript/fileName/TMP_FrameRateCounter.cs: 46f655df8cb483ac5958307137b1585a -> 
  custom:scripting/monoscript/fileName/VertexShakeB.cs: a6f78c4fcda1a29a1a1c1baefedba9e7 -> 
  custom:scripting/monoscript/fileName/OculusPerformance.cs: d67dc4eee8314bedf0aba14a5a97d3f2 -> 
  custom:scripting/monoscript/fileName/ArmModel.cs: 453296f093348abde426c4384ad89b48 -> 
  custom:scripting/monoscript/fileName/FixedScaleDataModifier.cs: 89e1be89d924ac28373337b3361e61dd -> 
  custom:scripting/monoscript/fileName/TMP_UiFrameRateCounter.cs: b01021aea19247f14a98ab338907956a -> 
  custom:scripting/monoscript/fileName/XRConstants.cs: 1558884a4b0ea94b4910dd640a0e6741 -> 
  custom:scripting/monoscript/fileName/PointablePlaneEditor.cs: 37a91ecc3d62d378d68629c686a51361 -> 
  custom:scripting/monoscript/fileName/WitTrainer.cs: 5fb3c95ba24e9cf857cd9b4cee94291b -> 
  custom:scripting/monoscript/fileName/IInteractableFilter.cs: 81259a32cb7c13def6a0b70f08c66048 -> 
  custom:scripting/monoscript/fileName/SwingArmModelEditor.cs: b9619a265ade6da0cba147c75ce515a7 -> 
  custom:scripting/monoscript/fileName/TTSStatusLabel.cs: 17147acb333fe55f1217dee5b341ea9e -> 
  custom:scripting/monoscript/fileName/DropZoneInteractor.cs: 76b4b17e6eac72d8f5a16e87fd0e63b5 -> 
  custom:scripting/monoscript/fileName/IAspectProvider.cs: 9859c5919d893814fee2cdd590f4f949 -> 
  custom:scripting/precompiled-assembly-types:Unity.XR.Oculus.Editor: febdfaf90df40b88de2754f7f5e5fda3 -> 
  custom:scripting/monoscript/fileName/OnConduitFailedParameterResolutionAttribute.cs: 60901a81960a7c5a81c752381f8034ab -> 
  custom:scripting/monoscript/fileName/OculusSession.cs: 9031c3601223e87600d38a8e63e5c9eb -> 
  custom:scripting/monoscript/fileName/Mic.cs: 525051591b471bdbfa16530d37dcb655 -> 5fc48121bdfa6f25d9345006a81f8860
  custom:scripting/monoscript/fileName/TTSCacheToggle.cs: fef530a103c6b74722a7b6f18941e54c -> 410df47b336bde136543845320d773f8
  custom:scripting/monoscript/fileName/TMPro_InstructionOverlay.cs: b626d2270e6ebd5c4311585c18b58d8d -> 
  custom:scripting/monoscript/fileName/XRManagementAnalytics.cs: 546181baf4c03dbbd57015a6731508f8 -> 
  custom:scripting/monoscript/fileName/TMP_DigitValidator.cs: ac02af96215ae3951a3cce9e1a8c6085 -> 
  custom:scripting/monoscript/fileName/MicPermissionsManager.cs: 81a336319435a61331b696a347e78b9e -> f25de0368c3638f9a3bd7e7f63f0755a
  custom:scripting/monoscript/fileName/StepRunner.cs: 6ab640738f608e4b47206553c39b2c58 -> 
  custom:scripting/monoscript/fileName/WitUnityRequest.cs: 2bd88b304dddeb742392b5d5568e7bf7 -> 156bc76d85c310a98e115eec74a771cd
  custom:scripting/monoscript/fileName/TransitionArmModelEditor.cs: 6f53e2a966c4ba4985525963dcf7d0ab -> 
  custom:scripting/monoscript/fileName/XRPackage.cs: f2edbbf87f9b798abaf2a9f285d155f5 -> 
  custom:audio-encoder-webm-vorbis: bf7c407c2cedff20999df2af8eb42d56 -> 
  custom:scripting/monoscript/fileName/CircleProximityFieldEditor.cs: 55b157de94575afe7fdac58cd51e3b1c -> 
  custom:scripting/monoscript/fileName/TTSErrorText.cs: f03cdbc7b1d745067e8f357414e703b1 -> 21a4d51c9f7822c5dae2e2c7e2605044
  custom:scripting/monoscript/fileName/BasePoseProvider.cs: 9a4470e47f250d9ee83dd1e5b0c8d4fb -> 
  custom:scripting/monoscript/fileName/CameraOffset.cs: 48495ef795ef97b0c04851d617a81ec1 -> 
  custom:scripting/monoscript/fileName/FingerPinchAPI.cs: 478ca37299a2b7ce3d309683ce89043a -> 
  custom:scripting/monoscript/fileName/Benchmark01_UGUI.cs: 6148cfe2627b7708298f301788144139 -> 
  custom:scripting/monoscript/fileName/IPointableSurface.cs: d7a8e441db2730be64c585bb12bf4db1 -> 
  custom:scripting/monoscript/fileName/AndroidManifestDocument.cs: 47b2d5387fe80e2b28f68297243f4883 -> 
  custom:scripting/monoscript/fileName/PhysicsTransformable.cs: 5811faf37734ce7ec9b28418c4758de1 -> 
  custom:scripting/monoscript/fileName/PitchRemap.cs: 5b7277eeb0a8effc4822cb897b70f197 -> 
  custom:scripting/monoscript/fileName/XRPackageInitializationSettings.cs: 2f743437d3b09c9a4a5a33e9be971b1a -> 
  custom:scripting/monoscript/fileName/WitOutgoingEntity.cs: c7126ba0b7fa09ef7a925f4dc186e5b7 -> 
  custom:scripting/precompiled-assembly-types:Assembly-CSharp: 6656b4eabdd7021662a3c2e888d49805 -> 814ac1c33453c30a9ab4084cc68c341e
  custom:scripting/monoscript/fileName/XRPackageMetadata.cs: 16731333f575d8bc31df496aced36ebf -> 
  custom:scripting/monoscript/fileName/LocomotionGateVisual.cs: e25bbb39051f52b97c3e93bb37ab390d -> 
  custom:scripting/monoscript/fileName/OculusDevelopment.cs: dae15a4559baab566dfa4d8b06d5ef35 -> 
  custom:scripting/monoscript/fileName/TTSWitVoiceUtility.cs: eee5b9af7f1fc7fc0da148c8bdf0ad4f -> 
  custom:scripting/monoscript/fileName/Benchmark03.cs: 17cc87e0529ac71d909a946afb47a274 -> 
  custom:scripting/monoscript/fileName/OVRXRSDKNative.cs: 85f79c1374465033459be41f05cec403 -> 
  custom:scripting/monoscript/fileName/HandleEntityResolutionFailureAttribute.cs: c6e2d1dd1bcaba0322547519e0e12ac7 -> 
